2026-07-05 00:06:24.462 +03:00 [INF] ShelfsService Microsoft.EntityFrameworkCore.Database.Command Executed DbCommand (26ms) [Parameters=[], CommandType='"Text"', CommandTimeout='30']
CREATE SCHEMA IF NOT EXISTS shelf_service;
2026-07-05 00:06:24.534 +03:00 [INF] ShelfsService Microsoft.EntityFrameworkCore.Database.Command Executed DbCommand (5ms) [Parameters=[], CommandType='"Text"', CommandTimeout='30']
SELECT "MigrationId", "ProductVersion"
FROM shelf_service."__EFMigrationsHistory"
ORDER BY "MigrationId";
2026-07-05 00:06:24.808 +03:00 [INF] ShelfsService Microsoft.EntityFrameworkCore.Database.Command Executed DbCommand (8ms) [Parameters=[], CommandType='"Text"', CommandTimeout='30']
DO $EF$
BEGIN
    IF NOT EXISTS(SELECT 1 FROM pg_namespace WHERE nspname = 'shelf_service') THEN
        CREATE SCHEMA shelf_service;
    END IF;
END $EF$;
CREATE TABLE IF NOT EXISTS shelf_service."__EFMigrationsHistory" (
    "MigrationId" character varying(150) NOT NULL,
    "ProductVersion" character varying(32) NOT NULL,
    CONSTRAINT "PK___EFMigrationsHistory" PRIMARY KEY ("MigrationId")
);
2026-07-05 00:06:24.818 +03:00 [INF] ShelfsService Microsoft.EntityFrameworkCore.Migrations Acquiring an exclusive lock for migration application. See https://aka.ms/efcore-docs-migrations-lock for more information if this takes too long.
2026-07-05 00:06:24.820 +03:00 [INF] ShelfsService Microsoft.EntityFrameworkCore.Database.Command Executed DbCommand (2ms) [Parameters=[], CommandType='"Text"', CommandTimeout='30']
LOCK TABLE shelf_service."__EFMigrationsHistory" IN ACCESS EXCLUSIVE MODE
2026-07-05 00:06:24.822 +03:00 [INF] ShelfsService Microsoft.EntityFrameworkCore.Database.Command Executed DbCommand (1ms) [Parameters=[], CommandType='"Text"', CommandTimeout='30']
SELECT "MigrationId", "ProductVersion"
FROM shelf_service."__EFMigrationsHistory"
ORDER BY "MigrationId";
2026-07-05 00:06:24.828 +03:00 [INF] ShelfsService Microsoft.EntityFrameworkCore.Migrations No migrations were applied. The database is already up to date.
2026-07-05 00:06:25.392 +03:00 [INF] ShelfsService Microsoft.EntityFrameworkCore.Database.Command Executed DbCommand (14ms) [Parameters=[], CommandType='"Text"', CommandTimeout='30']
SELECT a."Id", a."AttributeKey", a."Name"
FROM shelf_service."Attributes" AS a
2026-07-05 00:06:25.456 +03:00 [INF] ShelfsService Microsoft.EntityFrameworkCore.Database.Command Executed DbCommand (3ms) [Parameters=[], CommandType='"Text"', CommandTimeout='30']
SELECT a."Id", a."AttributeId", a."AttributeKey", a."AttributeValue"
FROM shelf_service."AttributesValues" AS a
2026-07-05 00:06:25.486 +03:00 [INF] ShelfsService FastEndpoints.StartupTimer Registered 12 endpoints in 2 524 milliseconds.
2026-07-05 00:06:25.561 +03:00 [INF] ShelfsService Microsoft.EntityFrameworkCore.Database.Command Executed DbCommand (5ms) [Parameters=[], CommandType='"Text"', CommandTimeout='30']
CREATE SCHEMA IF NOT EXISTS shelf_service;
2026-07-05 00:06:25.571 +03:00 [INF] ShelfsService Microsoft.EntityFrameworkCore.Database.Command Executed DbCommand (2ms) [Parameters=[], CommandType='"Text"', CommandTimeout='30']
SELECT "MigrationId", "ProductVersion"
FROM shelf_service."__EFMigrationsHistory"
ORDER BY "MigrationId";
2026-07-05 00:06:25.643 +03:00 [INF] ShelfsService Microsoft.EntityFrameworkCore.Database.Command Executed DbCommand (2ms) [Parameters=[], CommandType='"Text"', CommandTimeout='30']
DO $EF$
BEGIN
    IF NOT EXISTS(SELECT 1 FROM pg_namespace WHERE nspname = 'shelf_service') THEN
        CREATE SCHEMA shelf_service;
    END IF;
END $EF$;
CREATE TABLE IF NOT EXISTS shelf_service."__EFMigrationsHistory" (
    "MigrationId" character varying(150) NOT NULL,
    "ProductVersion" character varying(32) NOT NULL,
    CONSTRAINT "PK___EFMigrationsHistory" PRIMARY KEY ("MigrationId")
);
2026-07-05 00:06:25.658 +03:00 [INF] ShelfsService Microsoft.EntityFrameworkCore.Database.Command Executed DbCommand (2ms) [Parameters=[], CommandType='"Text"', CommandTimeout='30']
LOCK TABLE shelf_service."__EFMigrationsHistory" IN ACCESS EXCLUSIVE MODE
2026-07-05 00:06:25.663 +03:00 [INF] ShelfsService Microsoft.EntityFrameworkCore.Database.Command Executed DbCommand (2ms) [Parameters=[], CommandType='"Text"', CommandTimeout='30']
SELECT "MigrationId", "ProductVersion"
FROM shelf_service."__EFMigrationsHistory"
ORDER BY "MigrationId";
2026-07-05 00:06:25.663 +03:00 [INF] ShelfsService Microsoft.EntityFrameworkCore.Migrations No migrations were applied. The database is already up to date.
2026-07-05 00:06:25.680 +03:00 [INF] ShelfsService Microsoft.EntityFrameworkCore.Database.Command Executed DbCommand (2ms) [Parameters=[], CommandType='"Text"', CommandTimeout='30']
SELECT "MigrationId", "ProductVersion"
FROM shelf_service."__EFMigrationsHistory"
ORDER BY "MigrationId";
2026-07-05 00:06:25.708 +03:00 [INF] ShelfsService Microsoft.EntityFrameworkCore.Database.Command Executed DbCommand (2ms) [Parameters=[], CommandType='"Text"', CommandTimeout='30']
DO $EF$
BEGIN
    IF NOT EXISTS(SELECT 1 FROM pg_namespace WHERE nspname = 'shelf_service') THEN
        CREATE SCHEMA shelf_service;
    END IF;
END $EF$;
CREATE TABLE IF NOT EXISTS shelf_service."__EFMigrationsHistory" (
    "MigrationId" character varying(150) NOT NULL,
    "ProductVersion" character varying(32) NOT NULL,
    CONSTRAINT "PK___EFMigrationsHistory" PRIMARY KEY ("MigrationId")
);
2026-07-05 00:06:25.711 +03:00 [INF] ShelfsService Microsoft.EntityFrameworkCore.Database.Command Executed DbCommand (2ms) [Parameters=[], CommandType='"Text"', CommandTimeout='30']
LOCK TABLE shelf_service."__EFMigrationsHistory" IN ACCESS EXCLUSIVE MODE
2026-07-05 00:06:25.714 +03:00 [INF] ShelfsService Microsoft.EntityFrameworkCore.Database.Command Executed DbCommand (2ms) [Parameters=[], CommandType='"Text"', CommandTimeout='30']
SELECT "MigrationId", "ProductVersion"
FROM shelf_service."__EFMigrationsHistory"
ORDER BY "MigrationId";
2026-07-05 00:06:25.714 +03:00 [INF] ShelfsService Microsoft.EntityFrameworkCore.Migrations No migrations were applied. The database is already up to date.
2026-07-05 00:06:25.779 +03:00 [INF] ShelfsService Microsoft.EntityFrameworkCore.Database.Command Executed DbCommand (2ms) [Parameters=[], CommandType='"Text"', CommandTimeout='30']
SELECT EXISTS (
    SELECT 1
    FROM shelf_service."Shelfs" AS s)
2026-07-05 00:06:25.790 +03:00 [INF] ShelfsService Microsoft.EntityFrameworkCore.Database.Command Executed DbCommand (2ms) [Parameters=[], CommandType='"Text"', CommandTimeout='30']
SELECT EXISTS (
    SELECT 1
    FROM shelf_service."Items" AS i)
2026-07-05 00:06:25.798 +03:00 [INF] ShelfsService Microsoft.EntityFrameworkCore.Database.Command Executed DbCommand (3ms) [Parameters=[], CommandType='"Text"', CommandTimeout='30']
SELECT EXISTS (
    SELECT 1
    FROM shelf_service."AttributesValues" AS a)
2026-07-05 00:06:25.806 +03:00 [INF] ShelfsService Microsoft.EntityFrameworkCore.Database.Command Executed DbCommand (3ms) [Parameters=[], CommandType='"Text"', CommandTimeout='30']
SELECT EXISTS (
    SELECT 1
    FROM shelf_service."Attributes" AS a)
2026-07-05 00:06:26.284 +03:00 [INF] ShelfsService Microsoft.Hosting.Lifetime Application started. Press Ctrl+C to shut down.
2026-07-05 00:06:26.285 +03:00 [INF] ShelfsService Microsoft.Hosting.Lifetime Hosting environment: Development
2026-07-05 00:06:26.285 +03:00 [INF] ShelfsService Microsoft.Hosting.Lifetime Content root path: D:\visualStudio\Projects\OnlineShelf\backend\Microservices\ShelfsService
2026-07-05 00:06:26.310 +03:00 [INF] ShelfsService Serilog.AspNetCore.RequestLoggingMiddleware HTTP GET /swagger/index.html responded 200 in 128.1445 ms
2026-07-05 00:06:26.741 +03:00 [INF] ShelfsService Serilog.AspNetCore.RequestLoggingMiddleware HTTP GET /swagger/v1/swagger.json responded 200 in 13.5748 ms
2026-07-05 00:06:30.393 +03:00 [INF] ShelfsService Grpc.Net.Client.Internal.GrpcCall Call failed with gRPC error status. Status code: '"Unavailable"', Message: 'Error connecting to subchannel.'.
System.Net.Sockets.SocketException (11001): No such host is known.
   at System.Net.Sockets.Socket.AwaitableSocketAsyncEventArgs.ThrowException(SocketError error, CancellationToken cancellationToken)
   at System.Net.Sockets.Socket.AwaitableSocketAsyncEventArgs.System.Threading.Tasks.Sources.IValueTaskSource.GetResult(Int16 token)
   at System.Net.Sockets.Socket.<ConnectAsync>g__WaitForConnectWithCancellation|285_0(AwaitableSocketAsyncEventArgs saea, ValueTask connectTask, CancellationToken cancellationToken)
   at Grpc.Net.Client.Balancer.Internal.SocketConnectivitySubchannelTransport.TryConnectAsync(ConnectContext context, Int32 attempt)
2026-07-05 00:06:30.453 +03:00 [ERR] ShelfsService Serilog.AspNetCore.RequestLoggingMiddleware HTTP GET /shelfs/image/get-image/c611a8e2-5ab5-4670-a665-ea724c6de2a9_big.webp responded 500 in 3041.9525 ms
Grpc.Core.RpcException: Status(StatusCode="Unavailable", Detail="Error connecting to subchannel.", DebugException="System.Net.Sockets.SocketException: No such host is known.")
 ---> System.Net.Sockets.SocketException (11001): No such host is known.
   at System.Net.Sockets.Socket.AwaitableSocketAsyncEventArgs.ThrowException(SocketError error, CancellationToken cancellationToken)
   at System.Net.Sockets.Socket.AwaitableSocketAsyncEventArgs.System.Threading.Tasks.Sources.IValueTaskSource.GetResult(Int16 token)
   at System.Net.Sockets.Socket.<ConnectAsync>g__WaitForConnectWithCancellation|285_0(AwaitableSocketAsyncEventArgs saea, ValueTask connectTask, CancellationToken cancellationToken)
   at Grpc.Net.Client.Balancer.Internal.SocketConnectivitySubchannelTransport.TryConnectAsync(ConnectContext context, Int32 attempt)
   --- End of inner exception stack trace ---
   at Grpc.Net.Client.Internal.HttpContentClientStreamReader`2.MoveNextCore(CancellationToken cancellationToken)
   at Grpc.Core.AsyncStreamReaderExtensions.ReadAllAsyncCore[T](IAsyncStreamReader`1 streamReader, CancellationToken cancellationToken)+MoveNext()
   at Grpc.Core.AsyncStreamReaderExtensions.ReadAllAsyncCore[T](IAsyncStreamReader`1 streamReader, CancellationToken cancellationToken)+System.Threading.Tasks.Sources.IValueTaskSource<System.Boolean>.GetResult()
   at ShelfsService.src.ShelfsService.Host.Features.Items.GetPhotoByName.ExecuteAsync(GetImageByName req, CancellationToken ct) in D:\visualStudio\Projects\OnlineShelf\backend\Microservices\ShelfsService\src\ShelfsService.Host\Features\Images\GetImageByName.cs:line 50
   at ShelfsService.src.ShelfsService.Host.Features.Items.GetPhotoByName.ExecuteAsync(GetImageByName req, CancellationToken ct) in D:\visualStudio\Projects\OnlineShelf\backend\Microservices\ShelfsService\src\ShelfsService.Host\Features\Images\GetImageByName.cs:line 50
   at FastEndpoints.Endpoint`2.ExecAsync(CancellationToken ct)
   at FastEndpoints.Endpoint`2.ExecAsync(CancellationToken ct)
   at Microsoft.AspNetCore.Http.RequestDelegateFactory.ExecuteResultWriteResponse(IResult result, HttpContext httpContext)
   at Microsoft.AspNetCore.Authorization.AuthorizationMiddleware.Invoke(HttpContext context)
   at Microsoft.AspNetCore.Authentication.AuthenticationMiddleware.Invoke(HttpContext context)
   at Swashbuckle.AspNetCore.SwaggerUI.SwaggerUIMiddleware.Invoke(HttpContext httpContext)
   at Swashbuckle.AspNetCore.Swagger.SwaggerMiddleware.Invoke(HttpContext httpContext, ISwaggerProvider swaggerProvider)
   at Serilog.AspNetCore.RequestLoggingMiddleware.Invoke(HttpContext httpContext)
2026-07-05 00:06:30.467 +03:00 [ERR] ShelfsService Microsoft.AspNetCore.Diagnostics.DeveloperExceptionPageMiddleware An unhandled exception has occurred while executing the request.
Grpc.Core.RpcException: Status(StatusCode="Unavailable", Detail="Error connecting to subchannel.", DebugException="System.Net.Sockets.SocketException: No such host is known.")
 ---> System.Net.Sockets.SocketException (11001): No such host is known.
   at System.Net.Sockets.Socket.AwaitableSocketAsyncEventArgs.ThrowException(SocketError error, CancellationToken cancellationToken)
   at System.Net.Sockets.Socket.AwaitableSocketAsyncEventArgs.System.Threading.Tasks.Sources.IValueTaskSource.GetResult(Int16 token)
   at System.Net.Sockets.Socket.<ConnectAsync>g__WaitForConnectWithCancellation|285_0(AwaitableSocketAsyncEventArgs saea, ValueTask connectTask, CancellationToken cancellationToken)
   at Grpc.Net.Client.Balancer.Internal.SocketConnectivitySubchannelTransport.TryConnectAsync(ConnectContext context, Int32 attempt)
   --- End of inner exception stack trace ---
   at Grpc.Net.Client.Internal.HttpContentClientStreamReader`2.MoveNextCore(CancellationToken cancellationToken)
   at Grpc.Core.AsyncStreamReaderExtensions.ReadAllAsyncCore[T](IAsyncStreamReader`1 streamReader, CancellationToken cancellationToken)+MoveNext()
   at Grpc.Core.AsyncStreamReaderExtensions.ReadAllAsyncCore[T](IAsyncStreamReader`1 streamReader, CancellationToken cancellationToken)+System.Threading.Tasks.Sources.IValueTaskSource<System.Boolean>.GetResult()
   at ShelfsService.src.ShelfsService.Host.Features.Items.GetPhotoByName.ExecuteAsync(GetImageByName req, CancellationToken ct) in D:\visualStudio\Projects\OnlineShelf\backend\Microservices\ShelfsService\src\ShelfsService.Host\Features\Images\GetImageByName.cs:line 50
   at ShelfsService.src.ShelfsService.Host.Features.Items.GetPhotoByName.ExecuteAsync(GetImageByName req, CancellationToken ct) in D:\visualStudio\Projects\OnlineShelf\backend\Microservices\ShelfsService\src\ShelfsService.Host\Features\Images\GetImageByName.cs:line 50
   at FastEndpoints.Endpoint`2.ExecAsync(CancellationToken ct)
   at FastEndpoints.Endpoint`2.ExecAsync(CancellationToken ct)
   at Microsoft.AspNetCore.Http.RequestDelegateFactory.ExecuteResultWriteResponse(IResult result, HttpContext httpContext)
   at Microsoft.AspNetCore.Authorization.AuthorizationMiddleware.Invoke(HttpContext context)
   at Microsoft.AspNetCore.Authentication.AuthenticationMiddleware.Invoke(HttpContext context)
   at Swashbuckle.AspNetCore.SwaggerUI.SwaggerUIMiddleware.Invoke(HttpContext httpContext)
   at Swashbuckle.AspNetCore.Swagger.SwaggerMiddleware.Invoke(HttpContext httpContext, ISwaggerProvider swaggerProvider)
   at Serilog.AspNetCore.RequestLoggingMiddleware.Invoke(HttpContext httpContext)
   at Microsoft.AspNetCore.Diagnostics.DeveloperExceptionPageMiddlewareImpl.Invoke(HttpContext context)
2026-07-05 15:04:38.763 +03:00 [INF] ShelfsService Microsoft.EntityFrameworkCore.Database.Command Executed DbCommand (78ms) [Parameters=[], CommandType='"Text"', CommandTimeout='30']
CREATE SCHEMA IF NOT EXISTS shelf_service;
2026-07-05 15:04:38.895 +03:00 [INF] ShelfsService Microsoft.EntityFrameworkCore.Database.Command Executed DbCommand (10ms) [Parameters=[], CommandType='"Text"', CommandTimeout='30']
SELECT "MigrationId", "ProductVersion"
FROM shelf_service."__EFMigrationsHistory"
ORDER BY "MigrationId";
2026-07-05 15:04:39.495 +03:00 [INF] ShelfsService Microsoft.EntityFrameworkCore.Database.Command Executed DbCommand (23ms) [Parameters=[], CommandType='"Text"', CommandTimeout='30']
DO $EF$
BEGIN
    IF NOT EXISTS(SELECT 1 FROM pg_namespace WHERE nspname = 'shelf_service') THEN
        CREATE SCHEMA shelf_service;
    END IF;
END $EF$;
CREATE TABLE IF NOT EXISTS shelf_service."__EFMigrationsHistory" (
    "MigrationId" character varying(150) NOT NULL,
    "ProductVersion" character varying(32) NOT NULL,
    CONSTRAINT "PK___EFMigrationsHistory" PRIMARY KEY ("MigrationId")
);
2026-07-05 15:04:39.525 +03:00 [INF] ShelfsService Microsoft.EntityFrameworkCore.Migrations Acquiring an exclusive lock for migration application. See https://aka.ms/efcore-docs-migrations-lock for more information if this takes too long.
2026-07-05 15:04:39.531 +03:00 [INF] ShelfsService Microsoft.EntityFrameworkCore.Database.Command Executed DbCommand (4ms) [Parameters=[], CommandType='"Text"', CommandTimeout='30']
LOCK TABLE shelf_service."__EFMigrationsHistory" IN ACCESS EXCLUSIVE MODE
2026-07-05 15:04:39.534 +03:00 [INF] ShelfsService Microsoft.EntityFrameworkCore.Database.Command Executed DbCommand (2ms) [Parameters=[], CommandType='"Text"', CommandTimeout='30']
SELECT "MigrationId", "ProductVersion"
FROM shelf_service."__EFMigrationsHistory"
ORDER BY "MigrationId";
2026-07-05 15:04:39.546 +03:00 [INF] ShelfsService Microsoft.EntityFrameworkCore.Migrations No migrations were applied. The database is already up to date.
2026-07-05 15:04:41.020 +03:00 [INF] ShelfsService Microsoft.EntityFrameworkCore.Database.Command Executed DbCommand (29ms) [Parameters=[], CommandType='"Text"', CommandTimeout='30']
SELECT a."Id", a."AttributeKey", a."Name"
FROM shelf_service."Attributes" AS a
2026-07-05 15:04:41.211 +03:00 [INF] ShelfsService Microsoft.EntityFrameworkCore.Database.Command Executed DbCommand (3ms) [Parameters=[], CommandType='"Text"', CommandTimeout='30']
SELECT a."Id", a."AttributeId", a."AttributeKey", a."AttributeValue"
FROM shelf_service."AttributesValues" AS a
2026-07-05 15:04:41.291 +03:00 [INF] ShelfsService FastEndpoints.StartupTimer Registered 12 endpoints in 9 015 milliseconds.
2026-07-05 15:04:41.444 +03:00 [INF] ShelfsService Microsoft.EntityFrameworkCore.Database.Command Executed DbCommand (11ms) [Parameters=[], CommandType='"Text"', CommandTimeout='30']
CREATE SCHEMA IF NOT EXISTS shelf_service;
2026-07-05 15:04:41.465 +03:00 [INF] ShelfsService Microsoft.EntityFrameworkCore.Database.Command Executed DbCommand (2ms) [Parameters=[], CommandType='"Text"', CommandTimeout='30']
SELECT "MigrationId", "ProductVersion"
FROM shelf_service."__EFMigrationsHistory"
ORDER BY "MigrationId";
2026-07-05 15:04:41.579 +03:00 [INF] ShelfsService Microsoft.EntityFrameworkCore.Database.Command Executed DbCommand (3ms) [Parameters=[], CommandType='"Text"', CommandTimeout='30']
DO $EF$
BEGIN
    IF NOT EXISTS(SELECT 1 FROM pg_namespace WHERE nspname = 'shelf_service') THEN
        CREATE SCHEMA shelf_service;
    END IF;
END $EF$;
CREATE TABLE IF NOT EXISTS shelf_service."__EFMigrationsHistory" (
    "MigrationId" character varying(150) NOT NULL,
    "ProductVersion" character varying(32) NOT NULL,
    CONSTRAINT "PK___EFMigrationsHistory" PRIMARY KEY ("MigrationId")
);
2026-07-05 15:04:41.609 +03:00 [INF] ShelfsService Microsoft.EntityFrameworkCore.Database.Command Executed DbCommand (2ms) [Parameters=[], CommandType='"Text"', CommandTimeout='30']
LOCK TABLE shelf_service."__EFMigrationsHistory" IN ACCESS EXCLUSIVE MODE
2026-07-05 15:04:41.616 +03:00 [INF] ShelfsService Microsoft.EntityFrameworkCore.Database.Command Executed DbCommand (2ms) [Parameters=[], CommandType='"Text"', CommandTimeout='30']
SELECT "MigrationId", "ProductVersion"
FROM shelf_service."__EFMigrationsHistory"
ORDER BY "MigrationId";
2026-07-05 15:04:41.618 +03:00 [INF] ShelfsService Microsoft.EntityFrameworkCore.Migrations No migrations were applied. The database is already up to date.
2026-07-05 15:04:41.651 +03:00 [INF] ShelfsService Microsoft.EntityFrameworkCore.Database.Command Executed DbCommand (3ms) [Parameters=[], CommandType='"Text"', CommandTimeout='30']
SELECT "MigrationId", "ProductVersion"
FROM shelf_service."__EFMigrationsHistory"
ORDER BY "MigrationId";
2026-07-05 15:04:41.677 +03:00 [INF] ShelfsService Microsoft.EntityFrameworkCore.Database.Command Executed DbCommand (2ms) [Parameters=[], CommandType='"Text"', CommandTimeout='30']
DO $EF$
BEGIN
    IF NOT EXISTS(SELECT 1 FROM pg_namespace WHERE nspname = 'shelf_service') THEN
        CREATE SCHEMA shelf_service;
    END IF;
END $EF$;
CREATE TABLE IF NOT EXISTS shelf_service."__EFMigrationsHistory" (
    "MigrationId" character varying(150) NOT NULL,
    "ProductVersion" character varying(32) NOT NULL,
    CONSTRAINT "PK___EFMigrationsHistory" PRIMARY KEY ("MigrationId")
);
2026-07-05 15:04:41.682 +03:00 [INF] ShelfsService Microsoft.EntityFrameworkCore.Database.Command Executed DbCommand (2ms) [Parameters=[], CommandType='"Text"', CommandTimeout='30']
LOCK TABLE shelf_service."__EFMigrationsHistory" IN ACCESS EXCLUSIVE MODE
2026-07-05 15:04:41.685 +03:00 [INF] ShelfsService Microsoft.EntityFrameworkCore.Database.Command Executed DbCommand (2ms) [Parameters=[], CommandType='"Text"', CommandTimeout='30']
SELECT "MigrationId", "ProductVersion"
FROM shelf_service."__EFMigrationsHistory"
ORDER BY "MigrationId";
2026-07-05 15:04:41.686 +03:00 [INF] ShelfsService Microsoft.EntityFrameworkCore.Migrations No migrations were applied. The database is already up to date.
2026-07-05 15:04:41.848 +03:00 [INF] ShelfsService Microsoft.EntityFrameworkCore.Database.Command Executed DbCommand (3ms) [Parameters=[], CommandType='"Text"', CommandTimeout='30']
SELECT EXISTS (
    SELECT 1
    FROM shelf_service."Shelfs" AS s)
2026-07-05 15:04:41.868 +03:00 [INF] ShelfsService Microsoft.EntityFrameworkCore.Database.Command Executed DbCommand (2ms) [Parameters=[], CommandType='"Text"', CommandTimeout='30']
SELECT EXISTS (
    SELECT 1
    FROM shelf_service."Items" AS i)
2026-07-05 15:04:41.880 +03:00 [INF] ShelfsService Microsoft.EntityFrameworkCore.Database.Command Executed DbCommand (2ms) [Parameters=[], CommandType='"Text"', CommandTimeout='30']
SELECT EXISTS (
    SELECT 1
    FROM shelf_service."AttributesValues" AS a)
2026-07-05 15:04:41.889 +03:00 [INF] ShelfsService Microsoft.EntityFrameworkCore.Database.Command Executed DbCommand (2ms) [Parameters=[], CommandType='"Text"', CommandTimeout='30']
SELECT EXISTS (
    SELECT 1
    FROM shelf_service."Attributes" AS a)
2026-07-05 15:04:42.265 +03:00 [INF] ShelfsService Microsoft.Hosting.Lifetime Application started. Press Ctrl+C to shut down.
2026-07-05 15:04:42.266 +03:00 [INF] ShelfsService Microsoft.Hosting.Lifetime Hosting environment: Development
2026-07-05 15:04:42.267 +03:00 [INF] ShelfsService Microsoft.Hosting.Lifetime Content root path: D:\visualStudio\Projects\OnlineShelf\backend\Microservices\ShelfsService
2026-07-05 15:04:42.812 +03:00 [INF] ShelfsService Serilog.AspNetCore.RequestLoggingMiddleware HTTP GET /swagger/index.html responded 200 in 432.0085 ms
2026-07-05 15:04:43.365 +03:00 [INF] ShelfsService Serilog.AspNetCore.RequestLoggingMiddleware HTTP GET /swagger/v1/swagger.json responded 200 in 233.3003 ms
2026-07-05 15:13:48.575 +03:00 [INF] ShelfsService Serilog.AspNetCore.RequestLoggingMiddleware HTTP OPTIONS /shelfs/items/bbbbbbbb-bbbb-bbbb-bbbb-bbbbbbbbbbbb responded 204 in 4.6702 ms
2026-07-05 15:13:48.575 +03:00 [INF] ShelfsService Serilog.AspNetCore.RequestLoggingMiddleware HTTP OPTIONS /shelfs/items/attributes responded 204 in 4.6722 ms
2026-07-05 15:13:52.212 +03:00 [INF] ShelfsService Serilog.AspNetCore.RequestLoggingMiddleware HTTP GET /shelfs/items/attributes responded 200 in 3628.5076 ms
2026-07-05 15:13:52.362 +03:00 [INF] ShelfsService Microsoft.EntityFrameworkCore.Database.Command Executed DbCommand (37ms) [Parameters=[@__itemId_0='?' (DbType = Guid)], CommandType='"Text"', CommandTimeout='30']
SELECT i."Id", i."AttributeColorMain", i."AttributeColorSecond", i."AttributeMatterial", i."AttributePattern", i."AttributeSeason", i."AttributeType", i."BigImage", i."DateCreated", i."Name", i."ShelfId", i."SmallImage", i."UpdatedAt", i."UserId", i."isFavorite", i."positionKey"
FROM shelf_service."Items" AS i
WHERE i."Id" = @__itemId_0
LIMIT 1
2026-07-05 15:13:52.480 +03:00 [INF] ShelfsService ShelfsService.src.ShelfsService.Host.Features.Items.GetItemById Item "bbbbbbbb-bbbb-bbbb-bbbb-bbbbbbbbbbbb" was returned
2026-07-05 15:13:52.575 +03:00 [INF] ShelfsService Serilog.AspNetCore.RequestLoggingMiddleware HTTP GET /shelfs/items/bbbbbbbb-bbbb-bbbb-bbbb-bbbbbbbbbbbb responded 200 in 3990.2075 ms
2026-07-05 15:13:52.916 +03:00 [INF] ShelfsService Serilog.AspNetCore.RequestLoggingMiddleware HTTP OPTIONS /shelfs/image/get-image/bad84b8b-b315-4c42-9516-0d979b10c1b6_big.webp responded 204 in 0.1906 ms
2026-07-05 15:13:55.871 +03:00 [INF] ShelfsService Grpc.Net.Client.Internal.GrpcCall Call failed with gRPC error status. Status code: '"Unavailable"', Message: 'Error connecting to subchannel.'.
System.Net.Sockets.SocketException (11001): No such host is known.
   at System.Net.Sockets.Socket.AwaitableSocketAsyncEventArgs.ThrowException(SocketError error, CancellationToken cancellationToken)
   at System.Net.Sockets.Socket.AwaitableSocketAsyncEventArgs.System.Threading.Tasks.Sources.IValueTaskSource.GetResult(Int16 token)
   at System.Net.Sockets.Socket.<ConnectAsync>g__WaitForConnectWithCancellation|285_0(AwaitableSocketAsyncEventArgs saea, ValueTask connectTask, CancellationToken cancellationToken)
   at Grpc.Net.Client.Balancer.Internal.SocketConnectivitySubchannelTransport.TryConnectAsync(ConnectContext context, Int32 attempt)
2026-07-05 15:13:55.887 +03:00 [ERR] ShelfsService Serilog.AspNetCore.RequestLoggingMiddleware HTTP GET /shelfs/image/get-image/bad84b8b-b315-4c42-9516-0d979b10c1b6_big.webp responded 500 in 2962.7690 ms
Grpc.Core.RpcException: Status(StatusCode="Unavailable", Detail="Error connecting to subchannel.", DebugException="System.Net.Sockets.SocketException: No such host is known.")
 ---> System.Net.Sockets.SocketException (11001): No such host is known.
   at System.Net.Sockets.Socket.AwaitableSocketAsyncEventArgs.ThrowException(SocketError error, CancellationToken cancellationToken)
   at System.Net.Sockets.Socket.AwaitableSocketAsyncEventArgs.System.Threading.Tasks.Sources.IValueTaskSource.GetResult(Int16 token)
   at System.Net.Sockets.Socket.<ConnectAsync>g__WaitForConnectWithCancellation|285_0(AwaitableSocketAsyncEventArgs saea, ValueTask connectTask, CancellationToken cancellationToken)
   at Grpc.Net.Client.Balancer.Internal.SocketConnectivitySubchannelTransport.TryConnectAsync(ConnectContext context, Int32 attempt)
   --- End of inner exception stack trace ---
   at Grpc.Net.Client.Internal.HttpContentClientStreamReader`2.MoveNextCore(CancellationToken cancellationToken)
   at Grpc.Core.AsyncStreamReaderExtensions.ReadAllAsyncCore[T](IAsyncStreamReader`1 streamReader, CancellationToken cancellationToken)+MoveNext()
   at Grpc.Core.AsyncStreamReaderExtensions.ReadAllAsyncCore[T](IAsyncStreamReader`1 streamReader, CancellationToken cancellationToken)+System.Threading.Tasks.Sources.IValueTaskSource<System.Boolean>.GetResult()
   at ShelfsService.src.ShelfsService.Host.Features.Items.GetPhotoByName.ExecuteAsync(GetImageByName req, CancellationToken ct) in D:\visualStudio\Projects\OnlineShelf\backend\Microservices\ShelfsService\src\ShelfsService.Host\Features\Images\GetImageByName.cs:line 50
   at ShelfsService.src.ShelfsService.Host.Features.Items.GetPhotoByName.ExecuteAsync(GetImageByName req, CancellationToken ct) in D:\visualStudio\Projects\OnlineShelf\backend\Microservices\ShelfsService\src\ShelfsService.Host\Features\Images\GetImageByName.cs:line 50
   at FastEndpoints.Endpoint`2.ExecAsync(CancellationToken ct)
   at FastEndpoints.Endpoint`2.ExecAsync(CancellationToken ct)
   at Microsoft.AspNetCore.Http.RequestDelegateFactory.ExecuteResultWriteResponse(IResult result, HttpContext httpContext)
   at Microsoft.AspNetCore.Authorization.AuthorizationMiddleware.Invoke(HttpContext context)
   at Microsoft.AspNetCore.Authentication.AuthenticationMiddleware.Invoke(HttpContext context)
   at Swashbuckle.AspNetCore.SwaggerUI.SwaggerUIMiddleware.Invoke(HttpContext httpContext)
   at Swashbuckle.AspNetCore.Swagger.SwaggerMiddleware.Invoke(HttpContext httpContext, ISwaggerProvider swaggerProvider)
   at Serilog.AspNetCore.RequestLoggingMiddleware.Invoke(HttpContext httpContext)
2026-07-05 15:13:55.909 +03:00 [ERR] ShelfsService Microsoft.AspNetCore.Diagnostics.DeveloperExceptionPageMiddleware An unhandled exception has occurred while executing the request.
Grpc.Core.RpcException: Status(StatusCode="Unavailable", Detail="Error connecting to subchannel.", DebugException="System.Net.Sockets.SocketException: No such host is known.")
 ---> System.Net.Sockets.SocketException (11001): No such host is known.
   at System.Net.Sockets.Socket.AwaitableSocketAsyncEventArgs.ThrowException(SocketError error, CancellationToken cancellationToken)
   at System.Net.Sockets.Socket.AwaitableSocketAsyncEventArgs.System.Threading.Tasks.Sources.IValueTaskSource.GetResult(Int16 token)
   at System.Net.Sockets.Socket.<ConnectAsync>g__WaitForConnectWithCancellation|285_0(AwaitableSocketAsyncEventArgs saea, ValueTask connectTask, CancellationToken cancellationToken)
   at Grpc.Net.Client.Balancer.Internal.SocketConnectivitySubchannelTransport.TryConnectAsync(ConnectContext context, Int32 attempt)
   --- End of inner exception stack trace ---
   at Grpc.Net.Client.Internal.HttpContentClientStreamReader`2.MoveNextCore(CancellationToken cancellationToken)
   at Grpc.Core.AsyncStreamReaderExtensions.ReadAllAsyncCore[T](IAsyncStreamReader`1 streamReader, CancellationToken cancellationToken)+MoveNext()
   at Grpc.Core.AsyncStreamReaderExtensions.ReadAllAsyncCore[T](IAsyncStreamReader`1 streamReader, CancellationToken cancellationToken)+System.Threading.Tasks.Sources.IValueTaskSource<System.Boolean>.GetResult()
   at ShelfsService.src.ShelfsService.Host.Features.Items.GetPhotoByName.ExecuteAsync(GetImageByName req, CancellationToken ct) in D:\visualStudio\Projects\OnlineShelf\backend\Microservices\ShelfsService\src\ShelfsService.Host\Features\Images\GetImageByName.cs:line 50
   at ShelfsService.src.ShelfsService.Host.Features.Items.GetPhotoByName.ExecuteAsync(GetImageByName req, CancellationToken ct) in D:\visualStudio\Projects\OnlineShelf\backend\Microservices\ShelfsService\src\ShelfsService.Host\Features\Images\GetImageByName.cs:line 50
   at FastEndpoints.Endpoint`2.ExecAsync(CancellationToken ct)
   at FastEndpoints.Endpoint`2.ExecAsync(CancellationToken ct)
   at Microsoft.AspNetCore.Http.RequestDelegateFactory.ExecuteResultWriteResponse(IResult result, HttpContext httpContext)
   at Microsoft.AspNetCore.Authorization.AuthorizationMiddleware.Invoke(HttpContext context)
   at Microsoft.AspNetCore.Authentication.AuthenticationMiddleware.Invoke(HttpContext context)
   at Swashbuckle.AspNetCore.SwaggerUI.SwaggerUIMiddleware.Invoke(HttpContext httpContext)
   at Swashbuckle.AspNetCore.Swagger.SwaggerMiddleware.Invoke(HttpContext httpContext, ISwaggerProvider swaggerProvider)
   at Serilog.AspNetCore.RequestLoggingMiddleware.Invoke(HttpContext httpContext)
   at Microsoft.AspNetCore.Diagnostics.DeveloperExceptionPageMiddlewareImpl.Invoke(HttpContext context)
2026-07-05 15:13:59.565 +03:00 [INF] ShelfsService Grpc.Net.Client.Internal.GrpcCall Call failed with gRPC error status. Status code: '"Unavailable"', Message: 'Error connecting to subchannel.'.
System.Net.Sockets.SocketException (11001): No such host is known.
   at System.Net.Sockets.Socket.AwaitableSocketAsyncEventArgs.ThrowException(SocketError error, CancellationToken cancellationToken)
   at System.Net.Sockets.Socket.AwaitableSocketAsyncEventArgs.System.Threading.Tasks.Sources.IValueTaskSource.GetResult(Int16 token)
   at System.Net.Sockets.Socket.<ConnectAsync>g__WaitForConnectWithCancellation|285_0(AwaitableSocketAsyncEventArgs saea, ValueTask connectTask, CancellationToken cancellationToken)
   at Grpc.Net.Client.Balancer.Internal.SocketConnectivitySubchannelTransport.TryConnectAsync(ConnectContext context, Int32 attempt)
2026-07-05 15:13:59.567 +03:00 [ERR] ShelfsService Serilog.AspNetCore.RequestLoggingMiddleware HTTP GET /shelfs/image/get-image/bad84b8b-b315-4c42-9516-0d979b10c1b6_big.webp responded 500 in 2623.0979 ms
Grpc.Core.RpcException: Status(StatusCode="Unavailable", Detail="Error connecting to subchannel.", DebugException="System.Net.Sockets.SocketException: No such host is known.")
 ---> System.Net.Sockets.SocketException (11001): No such host is known.
   at System.Net.Sockets.Socket.AwaitableSocketAsyncEventArgs.ThrowException(SocketError error, CancellationToken cancellationToken)
   at System.Net.Sockets.Socket.AwaitableSocketAsyncEventArgs.System.Threading.Tasks.Sources.IValueTaskSource.GetResult(Int16 token)
   at System.Net.Sockets.Socket.<ConnectAsync>g__WaitForConnectWithCancellation|285_0(AwaitableSocketAsyncEventArgs saea, ValueTask connectTask, CancellationToken cancellationToken)
   at Grpc.Net.Client.Balancer.Internal.SocketConnectivitySubchannelTransport.TryConnectAsync(ConnectContext context, Int32 attempt)
   --- End of inner exception stack trace ---
   at Grpc.Net.Client.Internal.HttpContentClientStreamReader`2.MoveNextCore(CancellationToken cancellationToken)
   at Grpc.Core.AsyncStreamReaderExtensions.ReadAllAsyncCore[T](IAsyncStreamReader`1 streamReader, CancellationToken cancellationToken)+MoveNext()
   at Grpc.Core.AsyncStreamReaderExtensions.ReadAllAsyncCore[T](IAsyncStreamReader`1 streamReader, CancellationToken cancellationToken)+System.Threading.Tasks.Sources.IValueTaskSource<System.Boolean>.GetResult()
   at ShelfsService.src.ShelfsService.Host.Features.Items.GetPhotoByName.ExecuteAsync(GetImageByName req, CancellationToken ct) in D:\visualStudio\Projects\OnlineShelf\backend\Microservices\ShelfsService\src\ShelfsService.Host\Features\Images\GetImageByName.cs:line 50
   at ShelfsService.src.ShelfsService.Host.Features.Items.GetPhotoByName.ExecuteAsync(GetImageByName req, CancellationToken ct) in D:\visualStudio\Projects\OnlineShelf\backend\Microservices\ShelfsService\src\ShelfsService.Host\Features\Images\GetImageByName.cs:line 50
   at FastEndpoints.Endpoint`2.ExecAsync(CancellationToken ct)
   at FastEndpoints.Endpoint`2.ExecAsync(CancellationToken ct)
   at Microsoft.AspNetCore.Http.RequestDelegateFactory.ExecuteResultWriteResponse(IResult result, HttpContext httpContext)
   at Microsoft.AspNetCore.Authorization.AuthorizationMiddleware.Invoke(HttpContext context)
   at Microsoft.AspNetCore.Authentication.AuthenticationMiddleware.Invoke(HttpContext context)
   at Swashbuckle.AspNetCore.SwaggerUI.SwaggerUIMiddleware.Invoke(HttpContext httpContext)
   at Swashbuckle.AspNetCore.Swagger.SwaggerMiddleware.Invoke(HttpContext httpContext, ISwaggerProvider swaggerProvider)
   at Serilog.AspNetCore.RequestLoggingMiddleware.Invoke(HttpContext httpContext)
2026-07-05 15:13:59.571 +03:00 [ERR] ShelfsService Microsoft.AspNetCore.Diagnostics.DeveloperExceptionPageMiddleware An unhandled exception has occurred while executing the request.
Grpc.Core.RpcException: Status(StatusCode="Unavailable", Detail="Error connecting to subchannel.", DebugException="System.Net.Sockets.SocketException: No such host is known.")
 ---> System.Net.Sockets.SocketException (11001): No such host is known.
   at System.Net.Sockets.Socket.AwaitableSocketAsyncEventArgs.ThrowException(SocketError error, CancellationToken cancellationToken)
   at System.Net.Sockets.Socket.AwaitableSocketAsyncEventArgs.System.Threading.Tasks.Sources.IValueTaskSource.GetResult(Int16 token)
   at System.Net.Sockets.Socket.<ConnectAsync>g__WaitForConnectWithCancellation|285_0(AwaitableSocketAsyncEventArgs saea, ValueTask connectTask, CancellationToken cancellationToken)
   at Grpc.Net.Client.Balancer.Internal.SocketConnectivitySubchannelTransport.TryConnectAsync(ConnectContext context, Int32 attempt)
   --- End of inner exception stack trace ---
   at Grpc.Net.Client.Internal.HttpContentClientStreamReader`2.MoveNextCore(CancellationToken cancellationToken)
   at Grpc.Core.AsyncStreamReaderExtensions.ReadAllAsyncCore[T](IAsyncStreamReader`1 streamReader, CancellationToken cancellationToken)+MoveNext()
   at Grpc.Core.AsyncStreamReaderExtensions.ReadAllAsyncCore[T](IAsyncStreamReader`1 streamReader, CancellationToken cancellationToken)+System.Threading.Tasks.Sources.IValueTaskSource<System.Boolean>.GetResult()
   at ShelfsService.src.ShelfsService.Host.Features.Items.GetPhotoByName.ExecuteAsync(GetImageByName req, CancellationToken ct) in D:\visualStudio\Projects\OnlineShelf\backend\Microservices\ShelfsService\src\ShelfsService.Host\Features\Images\GetImageByName.cs:line 50
   at ShelfsService.src.ShelfsService.Host.Features.Items.GetPhotoByName.ExecuteAsync(GetImageByName req, CancellationToken ct) in D:\visualStudio\Projects\OnlineShelf\backend\Microservices\ShelfsService\src\ShelfsService.Host\Features\Images\GetImageByName.cs:line 50
   at FastEndpoints.Endpoint`2.ExecAsync(CancellationToken ct)
   at FastEndpoints.Endpoint`2.ExecAsync(CancellationToken ct)
   at Microsoft.AspNetCore.Http.RequestDelegateFactory.ExecuteResultWriteResponse(IResult result, HttpContext httpContext)
   at Microsoft.AspNetCore.Authorization.AuthorizationMiddleware.Invoke(HttpContext context)
   at Microsoft.AspNetCore.Authentication.AuthenticationMiddleware.Invoke(HttpContext context)
   at Swashbuckle.AspNetCore.SwaggerUI.SwaggerUIMiddleware.Invoke(HttpContext httpContext)
   at Swashbuckle.AspNetCore.Swagger.SwaggerMiddleware.Invoke(HttpContext httpContext, ISwaggerProvider swaggerProvider)
   at Serilog.AspNetCore.RequestLoggingMiddleware.Invoke(HttpContext httpContext)
   at Microsoft.AspNetCore.Diagnostics.DeveloperExceptionPageMiddlewareImpl.Invoke(HttpContext context)
2026-07-05 15:14:01.592 +03:00 [INF] ShelfsService Serilog.AspNetCore.RequestLoggingMiddleware HTTP OPTIONS /shelfs/image/get-image/bad84b8b-b315-4c42-9516-0d979b10c1b6_big.webp responded 204 in 0.1394 ms
2026-07-05 15:14:03.616 +03:00 [INF] ShelfsService Grpc.Net.Client.Internal.GrpcCall Call failed with gRPC error status. Status code: '"Unavailable"', Message: 'Error connecting to subchannel.'.
System.Net.Sockets.SocketException (11001): No such host is known.
   at System.Net.Sockets.Socket.AwaitableSocketAsyncEventArgs.ThrowException(SocketError error, CancellationToken cancellationToken)
   at System.Net.Sockets.Socket.AwaitableSocketAsyncEventArgs.System.Threading.Tasks.Sources.IValueTaskSource.GetResult(Int16 token)
   at System.Net.Sockets.Socket.<ConnectAsync>g__WaitForConnectWithCancellation|285_0(AwaitableSocketAsyncEventArgs saea, ValueTask connectTask, CancellationToken cancellationToken)
   at Grpc.Net.Client.Balancer.Internal.SocketConnectivitySubchannelTransport.TryConnectAsync(ConnectContext context, Int32 attempt)
2026-07-05 15:14:03.618 +03:00 [ERR] ShelfsService Serilog.AspNetCore.RequestLoggingMiddleware HTTP GET /shelfs/image/get-image/bad84b8b-b315-4c42-9516-0d979b10c1b6_big.webp responded 500 in 2021.2322 ms
Grpc.Core.RpcException: Status(StatusCode="Unavailable", Detail="Error connecting to subchannel.", DebugException="System.Net.Sockets.SocketException: No such host is known.")
 ---> System.Net.Sockets.SocketException (11001): No such host is known.
   at System.Net.Sockets.Socket.AwaitableSocketAsyncEventArgs.ThrowException(SocketError error, CancellationToken cancellationToken)
   at System.Net.Sockets.Socket.AwaitableSocketAsyncEventArgs.System.Threading.Tasks.Sources.IValueTaskSource.GetResult(Int16 token)
   at System.Net.Sockets.Socket.<ConnectAsync>g__WaitForConnectWithCancellation|285_0(AwaitableSocketAsyncEventArgs saea, ValueTask connectTask, CancellationToken cancellationToken)
   at Grpc.Net.Client.Balancer.Internal.SocketConnectivitySubchannelTransport.TryConnectAsync(ConnectContext context, Int32 attempt)
   --- End of inner exception stack trace ---
   at Grpc.Net.Client.Internal.HttpContentClientStreamReader`2.MoveNextCore(CancellationToken cancellationToken)
   at Grpc.Core.AsyncStreamReaderExtensions.ReadAllAsyncCore[T](IAsyncStreamReader`1 streamReader, CancellationToken cancellationToken)+MoveNext()
   at Grpc.Core.AsyncStreamReaderExtensions.ReadAllAsyncCore[T](IAsyncStreamReader`1 streamReader, CancellationToken cancellationToken)+System.Threading.Tasks.Sources.IValueTaskSource<System.Boolean>.GetResult()
   at ShelfsService.src.ShelfsService.Host.Features.Items.GetPhotoByName.ExecuteAsync(GetImageByName req, CancellationToken ct) in D:\visualStudio\Projects\OnlineShelf\backend\Microservices\ShelfsService\src\ShelfsService.Host\Features\Images\GetImageByName.cs:line 50
   at ShelfsService.src.ShelfsService.Host.Features.Items.GetPhotoByName.ExecuteAsync(GetImageByName req, CancellationToken ct) in D:\visualStudio\Projects\OnlineShelf\backend\Microservices\ShelfsService\src\ShelfsService.Host\Features\Images\GetImageByName.cs:line 50
   at FastEndpoints.Endpoint`2.ExecAsync(CancellationToken ct)
   at FastEndpoints.Endpoint`2.ExecAsync(CancellationToken ct)
   at Microsoft.AspNetCore.Http.RequestDelegateFactory.ExecuteResultWriteResponse(IResult result, HttpContext httpContext)
   at Microsoft.AspNetCore.Authorization.AuthorizationMiddleware.Invoke(HttpContext context)
   at Microsoft.AspNetCore.Authentication.AuthenticationMiddleware.Invoke(HttpContext context)
   at Swashbuckle.AspNetCore.SwaggerUI.SwaggerUIMiddleware.Invoke(HttpContext httpContext)
   at Swashbuckle.AspNetCore.Swagger.SwaggerMiddleware.Invoke(HttpContext httpContext, ISwaggerProvider swaggerProvider)
   at Serilog.AspNetCore.RequestLoggingMiddleware.Invoke(HttpContext httpContext)
2026-07-05 15:14:03.621 +03:00 [ERR] ShelfsService Microsoft.AspNetCore.Diagnostics.DeveloperExceptionPageMiddleware An unhandled exception has occurred while executing the request.
Grpc.Core.RpcException: Status(StatusCode="Unavailable", Detail="Error connecting to subchannel.", DebugException="System.Net.Sockets.SocketException: No such host is known.")
 ---> System.Net.Sockets.SocketException (11001): No such host is known.
   at System.Net.Sockets.Socket.AwaitableSocketAsyncEventArgs.ThrowException(SocketError error, CancellationToken cancellationToken)
   at System.Net.Sockets.Socket.AwaitableSocketAsyncEventArgs.System.Threading.Tasks.Sources.IValueTaskSource.GetResult(Int16 token)
   at System.Net.Sockets.Socket.<ConnectAsync>g__WaitForConnectWithCancellation|285_0(AwaitableSocketAsyncEventArgs saea, ValueTask connectTask, CancellationToken cancellationToken)
   at Grpc.Net.Client.Balancer.Internal.SocketConnectivitySubchannelTransport.TryConnectAsync(ConnectContext context, Int32 attempt)
   --- End of inner exception stack trace ---
   at Grpc.Net.Client.Internal.HttpContentClientStreamReader`2.MoveNextCore(CancellationToken cancellationToken)
   at Grpc.Core.AsyncStreamReaderExtensions.ReadAllAsyncCore[T](IAsyncStreamReader`1 streamReader, CancellationToken cancellationToken)+MoveNext()
   at Grpc.Core.AsyncStreamReaderExtensions.ReadAllAsyncCore[T](IAsyncStreamReader`1 streamReader, CancellationToken cancellationToken)+System.Threading.Tasks.Sources.IValueTaskSource<System.Boolean>.GetResult()
   at ShelfsService.src.ShelfsService.Host.Features.Items.GetPhotoByName.ExecuteAsync(GetImageByName req, CancellationToken ct) in D:\visualStudio\Projects\OnlineShelf\backend\Microservices\ShelfsService\src\ShelfsService.Host\Features\Images\GetImageByName.cs:line 50
   at ShelfsService.src.ShelfsService.Host.Features.Items.GetPhotoByName.ExecuteAsync(GetImageByName req, CancellationToken ct) in D:\visualStudio\Projects\OnlineShelf\backend\Microservices\ShelfsService\src\ShelfsService.Host\Features\Images\GetImageByName.cs:line 50
   at FastEndpoints.Endpoint`2.ExecAsync(CancellationToken ct)
   at FastEndpoints.Endpoint`2.ExecAsync(CancellationToken ct)
   at Microsoft.AspNetCore.Http.RequestDelegateFactory.ExecuteResultWriteResponse(IResult result, HttpContext httpContext)
   at Microsoft.AspNetCore.Authorization.AuthorizationMiddleware.Invoke(HttpContext context)
   at Microsoft.AspNetCore.Authentication.AuthenticationMiddleware.Invoke(HttpContext context)
   at Swashbuckle.AspNetCore.SwaggerUI.SwaggerUIMiddleware.Invoke(HttpContext httpContext)
   at Swashbuckle.AspNetCore.Swagger.SwaggerMiddleware.Invoke(HttpContext httpContext, ISwaggerProvider swaggerProvider)
   at Serilog.AspNetCore.RequestLoggingMiddleware.Invoke(HttpContext httpContext)
   at Microsoft.AspNetCore.Diagnostics.DeveloperExceptionPageMiddlewareImpl.Invoke(HttpContext context)
2026-07-05 15:15:06.221 +03:00 [INF] ShelfsService Serilog.AspNetCore.RequestLoggingMiddleware HTTP OPTIONS /shelfs/items/bbbbbbbb-bbbb-bbbb-bbbb-bbbbbbbbbbbb responded 204 in 0.2279 ms
2026-07-05 15:15:06.228 +03:00 [INF] ShelfsService Serilog.AspNetCore.RequestLoggingMiddleware HTTP OPTIONS /shelfs/image/get-image/bad84b8b-b315-4c42-9516-0d979b10c1b6_big.webp responded 204 in 0.2970 ms
2026-07-05 15:15:06.237 +03:00 [INF] ShelfsService Grpc.Net.Client.Internal.GrpcCall Call failed with gRPC error status. Status code: '"Unavailable"', Message: 'Error connecting to subchannel.'.
System.Net.Sockets.SocketException (11001): No such host is known.
   at System.Net.Sockets.Socket.AwaitableSocketAsyncEventArgs.ThrowException(SocketError error, CancellationToken cancellationToken)
   at System.Net.Sockets.Socket.AwaitableSocketAsyncEventArgs.System.Threading.Tasks.Sources.IValueTaskSource.GetResult(Int16 token)
   at System.Net.Sockets.Socket.<ConnectAsync>g__WaitForConnectWithCancellation|285_0(AwaitableSocketAsyncEventArgs saea, ValueTask connectTask, CancellationToken cancellationToken)
   at Grpc.Net.Client.Balancer.Internal.SocketConnectivitySubchannelTransport.TryConnectAsync(ConnectContext context, Int32 attempt)
2026-07-05 15:15:06.239 +03:00 [ERR] ShelfsService Serilog.AspNetCore.RequestLoggingMiddleware HTTP GET /shelfs/image/get-image/bad84b8b-b315-4c42-9516-0d979b10c1b6_big.webp responded 500 in 3.1226 ms
Grpc.Core.RpcException: Status(StatusCode="Unavailable", Detail="Error connecting to subchannel.", DebugException="System.Net.Sockets.SocketException: No such host is known.")
 ---> System.Net.Sockets.SocketException (11001): No such host is known.
   at System.Net.Sockets.Socket.AwaitableSocketAsyncEventArgs.ThrowException(SocketError error, CancellationToken cancellationToken)
   at System.Net.Sockets.Socket.AwaitableSocketAsyncEventArgs.System.Threading.Tasks.Sources.IValueTaskSource.GetResult(Int16 token)
   at System.Net.Sockets.Socket.<ConnectAsync>g__WaitForConnectWithCancellation|285_0(AwaitableSocketAsyncEventArgs saea, ValueTask connectTask, CancellationToken cancellationToken)
   at Grpc.Net.Client.Balancer.Internal.SocketConnectivitySubchannelTransport.TryConnectAsync(ConnectContext context, Int32 attempt)
   --- End of inner exception stack trace ---
   at Grpc.Core.AsyncStreamReaderExtensions.ReadAllAsyncCore[T](IAsyncStreamReader`1 streamReader, CancellationToken cancellationToken)+MoveNext()
   at Grpc.Core.AsyncStreamReaderExtensions.ReadAllAsyncCore[T](IAsyncStreamReader`1 streamReader, CancellationToken cancellationToken)+System.Threading.Tasks.Sources.IValueTaskSource<System.Boolean>.GetResult()
   at ShelfsService.src.ShelfsService.Host.Features.Items.GetPhotoByName.ExecuteAsync(GetImageByName req, CancellationToken ct) in D:\visualStudio\Projects\OnlineShelf\backend\Microservices\ShelfsService\src\ShelfsService.Host\Features\Images\GetImageByName.cs:line 50
   at ShelfsService.src.ShelfsService.Host.Features.Items.GetPhotoByName.ExecuteAsync(GetImageByName req, CancellationToken ct) in D:\visualStudio\Projects\OnlineShelf\backend\Microservices\ShelfsService\src\ShelfsService.Host\Features\Images\GetImageByName.cs:line 50
   at FastEndpoints.Endpoint`2.ExecAsync(CancellationToken ct)
   at FastEndpoints.Endpoint`2.ExecAsync(CancellationToken ct)
   at Microsoft.AspNetCore.Http.RequestDelegateFactory.ExecuteResultWriteResponse(IResult result, HttpContext httpContext)
   at Microsoft.AspNetCore.Authorization.AuthorizationMiddleware.Invoke(HttpContext context)
   at Microsoft.AspNetCore.Authentication.AuthenticationMiddleware.Invoke(HttpContext context)
   at Swashbuckle.AspNetCore.SwaggerUI.SwaggerUIMiddleware.Invoke(HttpContext httpContext)
   at Swashbuckle.AspNetCore.Swagger.SwaggerMiddleware.Invoke(HttpContext httpContext, ISwaggerProvider swaggerProvider)
   at Serilog.AspNetCore.RequestLoggingMiddleware.Invoke(HttpContext httpContext)
2026-07-05 15:15:06.243 +03:00 [ERR] ShelfsService Microsoft.AspNetCore.Diagnostics.DeveloperExceptionPageMiddleware An unhandled exception has occurred while executing the request.
Grpc.Core.RpcException: Status(StatusCode="Unavailable", Detail="Error connecting to subchannel.", DebugException="System.Net.Sockets.SocketException: No such host is known.")
 ---> System.Net.Sockets.SocketException (11001): No such host is known.
   at System.Net.Sockets.Socket.AwaitableSocketAsyncEventArgs.ThrowException(SocketError error, CancellationToken cancellationToken)
   at System.Net.Sockets.Socket.AwaitableSocketAsyncEventArgs.System.Threading.Tasks.Sources.IValueTaskSource.GetResult(Int16 token)
   at System.Net.Sockets.Socket.<ConnectAsync>g__WaitForConnectWithCancellation|285_0(AwaitableSocketAsyncEventArgs saea, ValueTask connectTask, CancellationToken cancellationToken)
   at Grpc.Net.Client.Balancer.Internal.SocketConnectivitySubchannelTransport.TryConnectAsync(ConnectContext context, Int32 attempt)
   --- End of inner exception stack trace ---
   at Grpc.Core.AsyncStreamReaderExtensions.ReadAllAsyncCore[T](IAsyncStreamReader`1 streamReader, CancellationToken cancellationToken)+MoveNext()
   at Grpc.Core.AsyncStreamReaderExtensions.ReadAllAsyncCore[T](IAsyncStreamReader`1 streamReader, CancellationToken cancellationToken)+System.Threading.Tasks.Sources.IValueTaskSource<System.Boolean>.GetResult()
   at ShelfsService.src.ShelfsService.Host.Features.Items.GetPhotoByName.ExecuteAsync(GetImageByName req, CancellationToken ct) in D:\visualStudio\Projects\OnlineShelf\backend\Microservices\ShelfsService\src\ShelfsService.Host\Features\Images\GetImageByName.cs:line 50
   at ShelfsService.src.ShelfsService.Host.Features.Items.GetPhotoByName.ExecuteAsync(GetImageByName req, CancellationToken ct) in D:\visualStudio\Projects\OnlineShelf\backend\Microservices\ShelfsService\src\ShelfsService.Host\Features\Images\GetImageByName.cs:line 50
   at FastEndpoints.Endpoint`2.ExecAsync(CancellationToken ct)
   at FastEndpoints.Endpoint`2.ExecAsync(CancellationToken ct)
   at Microsoft.AspNetCore.Http.RequestDelegateFactory.ExecuteResultWriteResponse(IResult result, HttpContext httpContext)
   at Microsoft.AspNetCore.Authorization.AuthorizationMiddleware.Invoke(HttpContext context)
   at Microsoft.AspNetCore.Authentication.AuthenticationMiddleware.Invoke(HttpContext context)
   at Swashbuckle.AspNetCore.SwaggerUI.SwaggerUIMiddleware.Invoke(HttpContext httpContext)
   at Swashbuckle.AspNetCore.Swagger.SwaggerMiddleware.Invoke(HttpContext httpContext, ISwaggerProvider swaggerProvider)
   at Serilog.AspNetCore.RequestLoggingMiddleware.Invoke(HttpContext httpContext)
   at Microsoft.AspNetCore.Diagnostics.DeveloperExceptionPageMiddlewareImpl.Invoke(HttpContext context)
2026-07-05 15:15:06.247 +03:00 [INF] ShelfsService Microsoft.EntityFrameworkCore.Database.Command Executed DbCommand (4ms) [Parameters=[@__itemId_0='?' (DbType = Guid)], CommandType='"Text"', CommandTimeout='30']
SELECT i."Id", i."AttributeColorMain", i."AttributeColorSecond", i."AttributeMatterial", i."AttributePattern", i."AttributeSeason", i."AttributeType", i."BigImage", i."DateCreated", i."Name", i."ShelfId", i."SmallImage", i."UpdatedAt", i."UserId", i."isFavorite", i."positionKey"
FROM shelf_service."Items" AS i
WHERE i."Id" = @__itemId_0
LIMIT 1
2026-07-05 15:15:06.249 +03:00 [INF] ShelfsService ShelfsService.src.ShelfsService.Host.Features.Items.GetItemById Item "bbbbbbbb-bbbb-bbbb-bbbb-bbbbbbbbbbbb" was returned
2026-07-05 15:15:06.263 +03:00 [INF] ShelfsService Serilog.AspNetCore.RequestLoggingMiddleware HTTP GET /shelfs/items/bbbbbbbb-bbbb-bbbb-bbbb-bbbbbbbbbbbb responded 200 in 29.0912 ms
2026-07-05 15:15:14.591 +03:00 [INF] ShelfsService Serilog.AspNetCore.RequestLoggingMiddleware HTTP OPTIONS /shelfs/items/aaaaaaaa-aaaa-aaaa-aaaa-aaaaaaaaaaaa responded 204 in 0.4518 ms
2026-07-05 15:15:14.600 +03:00 [INF] ShelfsService Microsoft.EntityFrameworkCore.Database.Command Executed DbCommand (2ms) [Parameters=[@__itemId_0='?' (DbType = Guid)], CommandType='"Text"', CommandTimeout='30']
SELECT i."Id", i."AttributeColorMain", i."AttributeColorSecond", i."AttributeMatterial", i."AttributePattern", i."AttributeSeason", i."AttributeType", i."BigImage", i."DateCreated", i."Name", i."ShelfId", i."SmallImage", i."UpdatedAt", i."UserId", i."isFavorite", i."positionKey"
FROM shelf_service."Items" AS i
WHERE i."Id" = @__itemId_0
LIMIT 1
2026-07-05 15:15:14.600 +03:00 [INF] ShelfsService ShelfsService.src.ShelfsService.Host.Features.Items.GetItemById Item "aaaaaaaa-aaaa-aaaa-aaaa-aaaaaaaaaaaa" was returned
2026-07-05 15:15:14.603 +03:00 [INF] ShelfsService Serilog.AspNetCore.RequestLoggingMiddleware HTTP GET /shelfs/items/aaaaaaaa-aaaa-aaaa-aaaa-aaaaaaaaaaaa responded 200 in 7.7005 ms
2026-07-05 15:15:21.467 +03:00 [INF] ShelfsService Serilog.AspNetCore.RequestLoggingMiddleware HTTP OPTIONS /shelfs/items responded 204 in 0.1188 ms
2026-07-05 15:15:21.520 +03:00 [INF] ShelfsService Microsoft.EntityFrameworkCore.Database.Command Executed DbCommand (2ms) [Parameters=[@__itemId_0='?' (DbType = Guid)], CommandType='"Text"', CommandTimeout='30']
SELECT i."Id", i."AttributeColorMain", i."AttributeColorSecond", i."AttributeMatterial", i."AttributePattern", i."AttributeSeason", i."AttributeType", i."BigImage", i."DateCreated", i."Name", i."ShelfId", i."SmallImage", i."UpdatedAt", i."UserId", i."isFavorite", i."positionKey"
FROM shelf_service."Items" AS i
WHERE i."Id" = @__itemId_0
LIMIT 1
2026-07-05 15:15:21.813 +03:00 [INF] ShelfsService Microsoft.EntityFrameworkCore.Database.Command Executed DbCommand (21ms) [Parameters=[@p15='?' (DbType = Guid), @p0='?', @p1='?', @p2='?' (DbType = Int32), @p3='?' (DbType = Int32), @p4='?' (DbType = Int32), @p5='?' (DbType = Int32), @p6='?', @p7='?' (DbType = DateTime), @p8='?', @p9='?' (DbType = Guid), @p10='?', @p11='?' (DbType = DateTime), @p12='?' (DbType = Guid), @p13='?' (DbType = Boolean), @p14='?'], CommandType='"Text"', CommandTimeout='30']
UPDATE shelf_service."Items" SET "AttributeColorMain" = @p0, "AttributeColorSecond" = @p1, "AttributeMatterial" = @p2, "AttributePattern" = @p3, "AttributeSeason" = @p4, "AttributeType" = @p5, "BigImage" = @p6, "DateCreated" = @p7, "Name" = @p8, "ShelfId" = @p9, "SmallImage" = @p10, "UpdatedAt" = @p11, "UserId" = @p12, "isFavorite" = @p13, "positionKey" = @p14
WHERE "Id" = @p15;
2026-07-05 15:15:21.849 +03:00 [INF] ShelfsService Serilog.AspNetCore.RequestLoggingMiddleware HTTP PUT /shelfs/items responded 200 in 376.0943 ms
2026-07-05 15:15:21.856 +03:00 [INF] ShelfsService Serilog.AspNetCore.RequestLoggingMiddleware HTTP OPTIONS /shelfs/items/aaaaaaaa-aaaa-aaaa-aaaa-aaaaaaaaaaaa responded 204 in 0.1347 ms
2026-07-05 15:15:21.880 +03:00 [INF] ShelfsService Microsoft.EntityFrameworkCore.Database.Command Executed DbCommand (3ms) [Parameters=[@__itemId_0='?' (DbType = Guid)], CommandType='"Text"', CommandTimeout='30']
SELECT i."Id", i."AttributeColorMain", i."AttributeColorSecond", i."AttributeMatterial", i."AttributePattern", i."AttributeSeason", i."AttributeType", i."BigImage", i."DateCreated", i."Name", i."ShelfId", i."SmallImage", i."UpdatedAt", i."UserId", i."isFavorite", i."positionKey"
FROM shelf_service."Items" AS i
WHERE i."Id" = @__itemId_0
LIMIT 1
2026-07-05 15:15:21.881 +03:00 [INF] ShelfsService ShelfsService.src.ShelfsService.Host.Features.Items.GetItemById Item "aaaaaaaa-aaaa-aaaa-aaaa-aaaaaaaaaaaa" was returned
2026-07-05 15:15:21.882 +03:00 [INF] ShelfsService Serilog.AspNetCore.RequestLoggingMiddleware HTTP GET /shelfs/items/aaaaaaaa-aaaa-aaaa-aaaa-aaaaaaaaaaaa responded 200 in 10.1608 ms
2026-07-05 15:15:34.510 +03:00 [INF] ShelfsService Microsoft.Hosting.Lifetime Application is shutting down...
2026-07-05 15:16:12.112 +03:00 [INF] ShelfsService Microsoft.EntityFrameworkCore.Database.Command Executed DbCommand (35ms) [Parameters=[], CommandType='"Text"', CommandTimeout='30']
CREATE SCHEMA IF NOT EXISTS shelf_service;
2026-07-05 15:16:12.185 +03:00 [INF] ShelfsService Microsoft.EntityFrameworkCore.Database.Command Executed DbCommand (6ms) [Parameters=[], CommandType='"Text"', CommandTimeout='30']
SELECT "MigrationId", "ProductVersion"
FROM shelf_service."__EFMigrationsHistory"
ORDER BY "MigrationId";
2026-07-05 15:16:12.523 +03:00 [INF] ShelfsService Microsoft.EntityFrameworkCore.Database.Command Executed DbCommand (9ms) [Parameters=[], CommandType='"Text"', CommandTimeout='30']
DO $EF$
BEGIN
    IF NOT EXISTS(SELECT 1 FROM pg_namespace WHERE nspname = 'shelf_service') THEN
        CREATE SCHEMA shelf_service;
    END IF;
END $EF$;
CREATE TABLE IF NOT EXISTS shelf_service."__EFMigrationsHistory" (
    "MigrationId" character varying(150) NOT NULL,
    "ProductVersion" character varying(32) NOT NULL,
    CONSTRAINT "PK___EFMigrationsHistory" PRIMARY KEY ("MigrationId")
);
2026-07-05 15:16:12.539 +03:00 [INF] ShelfsService Microsoft.EntityFrameworkCore.Migrations Acquiring an exclusive lock for migration application. See https://aka.ms/efcore-docs-migrations-lock for more information if this takes too long.
2026-07-05 15:16:12.542 +03:00 [INF] ShelfsService Microsoft.EntityFrameworkCore.Database.Command Executed DbCommand (2ms) [Parameters=[], CommandType='"Text"', CommandTimeout='30']
LOCK TABLE shelf_service."__EFMigrationsHistory" IN ACCESS EXCLUSIVE MODE
2026-07-05 15:16:12.545 +03:00 [INF] ShelfsService Microsoft.EntityFrameworkCore.Database.Command Executed DbCommand (2ms) [Parameters=[], CommandType='"Text"', CommandTimeout='30']
SELECT "MigrationId", "ProductVersion"
FROM shelf_service."__EFMigrationsHistory"
ORDER BY "MigrationId";
2026-07-05 15:16:12.551 +03:00 [INF] ShelfsService Microsoft.EntityFrameworkCore.Migrations No migrations were applied. The database is already up to date.
2026-07-05 15:16:13.115 +03:00 [INF] ShelfsService Microsoft.EntityFrameworkCore.Database.Command Executed DbCommand (16ms) [Parameters=[], CommandType='"Text"', CommandTimeout='30']
SELECT a."Id", a."AttributeKey", a."Name"
FROM shelf_service."Attributes" AS a
2026-07-05 15:16:13.215 +03:00 [INF] ShelfsService Microsoft.EntityFrameworkCore.Database.Command Executed DbCommand (4ms) [Parameters=[], CommandType='"Text"', CommandTimeout='30']
SELECT a."Id", a."AttributeId", a."AttributeKey", a."AttributeValue"
FROM shelf_service."AttributesValues" AS a
2026-07-05 15:16:13.258 +03:00 [INF] ShelfsService FastEndpoints.StartupTimer Registered 12 endpoints in 2 896 milliseconds.
2026-07-05 15:16:13.341 +03:00 [INF] ShelfsService Microsoft.EntityFrameworkCore.Database.Command Executed DbCommand (6ms) [Parameters=[], CommandType='"Text"', CommandTimeout='30']
CREATE SCHEMA IF NOT EXISTS shelf_service;
2026-07-05 15:16:13.353 +03:00 [INF] ShelfsService Microsoft.EntityFrameworkCore.Database.Command Executed DbCommand (3ms) [Parameters=[], CommandType='"Text"', CommandTimeout='30']
SELECT "MigrationId", "ProductVersion"
FROM shelf_service."__EFMigrationsHistory"
ORDER BY "MigrationId";
2026-07-05 15:16:13.419 +03:00 [INF] ShelfsService Microsoft.EntityFrameworkCore.Database.Command Executed DbCommand (3ms) [Parameters=[], CommandType='"Text"', CommandTimeout='30']
DO $EF$
BEGIN
    IF NOT EXISTS(SELECT 1 FROM pg_namespace WHERE nspname = 'shelf_service') THEN
        CREATE SCHEMA shelf_service;
    END IF;
END $EF$;
CREATE TABLE IF NOT EXISTS shelf_service."__EFMigrationsHistory" (
    "MigrationId" character varying(150) NOT NULL,
    "ProductVersion" character varying(32) NOT NULL,
    CONSTRAINT "PK___EFMigrationsHistory" PRIMARY KEY ("MigrationId")
);
2026-07-05 15:16:13.436 +03:00 [INF] ShelfsService Microsoft.EntityFrameworkCore.Database.Command Executed DbCommand (2ms) [Parameters=[], CommandType='"Text"', CommandTimeout='30']
LOCK TABLE shelf_service."__EFMigrationsHistory" IN ACCESS EXCLUSIVE MODE
2026-07-05 15:16:13.440 +03:00 [INF] ShelfsService Microsoft.EntityFrameworkCore.Database.Command Executed DbCommand (2ms) [Parameters=[], CommandType='"Text"', CommandTimeout='30']
SELECT "MigrationId", "ProductVersion"
FROM shelf_service."__EFMigrationsHistory"
ORDER BY "MigrationId";
2026-07-05 15:16:13.441 +03:00 [INF] ShelfsService Microsoft.EntityFrameworkCore.Migrations No migrations were applied. The database is already up to date.
2026-07-05 15:16:13.460 +03:00 [INF] ShelfsService Microsoft.EntityFrameworkCore.Database.Command Executed DbCommand (2ms) [Parameters=[], CommandType='"Text"', CommandTimeout='30']
SELECT "MigrationId", "ProductVersion"
FROM shelf_service."__EFMigrationsHistory"
ORDER BY "MigrationId";
2026-07-05 15:16:13.484 +03:00 [INF] ShelfsService Microsoft.EntityFrameworkCore.Database.Command Executed DbCommand (2ms) [Parameters=[], CommandType='"Text"', CommandTimeout='30']
DO $EF$
BEGIN
    IF NOT EXISTS(SELECT 1 FROM pg_namespace WHERE nspname = 'shelf_service') THEN
        CREATE SCHEMA shelf_service;
    END IF;
END $EF$;
CREATE TABLE IF NOT EXISTS shelf_service."__EFMigrationsHistory" (
    "MigrationId" character varying(150) NOT NULL,
    "ProductVersion" character varying(32) NOT NULL,
    CONSTRAINT "PK___EFMigrationsHistory" PRIMARY KEY ("MigrationId")
);
2026-07-05 15:16:13.486 +03:00 [INF] ShelfsService Microsoft.EntityFrameworkCore.Database.Command Executed DbCommand (2ms) [Parameters=[], CommandType='"Text"', CommandTimeout='30']
LOCK TABLE shelf_service."__EFMigrationsHistory" IN ACCESS EXCLUSIVE MODE
2026-07-05 15:16:13.488 +03:00 [INF] ShelfsService Microsoft.EntityFrameworkCore.Database.Command Executed DbCommand (1ms) [Parameters=[], CommandType='"Text"', CommandTimeout='30']
SELECT "MigrationId", "ProductVersion"
FROM shelf_service."__EFMigrationsHistory"
ORDER BY "MigrationId";
2026-07-05 15:16:13.488 +03:00 [INF] ShelfsService Microsoft.EntityFrameworkCore.Migrations No migrations were applied. The database is already up to date.
2026-07-05 15:16:13.575 +03:00 [INF] ShelfsService Microsoft.EntityFrameworkCore.Database.Command Executed DbCommand (2ms) [Parameters=[], CommandType='"Text"', CommandTimeout='30']
SELECT EXISTS (
    SELECT 1
    FROM shelf_service."Shelfs" AS s)
2026-07-05 15:16:13.588 +03:00 [INF] ShelfsService Microsoft.EntityFrameworkCore.Database.Command Executed DbCommand (3ms) [Parameters=[], CommandType='"Text"', CommandTimeout='30']
SELECT EXISTS (
    SELECT 1
    FROM shelf_service."Items" AS i)
2026-07-05 15:16:13.596 +03:00 [INF] ShelfsService Microsoft.EntityFrameworkCore.Database.Command Executed DbCommand (2ms) [Parameters=[], CommandType='"Text"', CommandTimeout='30']
SELECT EXISTS (
    SELECT 1
    FROM shelf_service."AttributesValues" AS a)
2026-07-05 15:16:13.603 +03:00 [INF] ShelfsService Microsoft.EntityFrameworkCore.Database.Command Executed DbCommand (2ms) [Parameters=[], CommandType='"Text"', CommandTimeout='30']
SELECT EXISTS (
    SELECT 1
    FROM shelf_service."Attributes" AS a)
2026-07-05 15:16:13.699 +03:00 [INF] ShelfsService Microsoft.Hosting.Lifetime Application started. Press Ctrl+C to shut down.
2026-07-05 15:16:13.700 +03:00 [INF] ShelfsService Microsoft.Hosting.Lifetime Hosting environment: Development
2026-07-05 15:16:13.700 +03:00 [INF] ShelfsService Microsoft.Hosting.Lifetime Content root path: D:\visualStudio\Projects\OnlineShelf\backend\Microservices\ShelfsService
2026-07-05 15:16:13.967 +03:00 [INF] ShelfsService Serilog.AspNetCore.RequestLoggingMiddleware HTTP GET /swagger/index.html responded 200 in 209.8135 ms
2026-07-05 15:16:14.560 +03:00 [INF] ShelfsService Serilog.AspNetCore.RequestLoggingMiddleware HTTP GET /swagger/v1/swagger.json responded 200 in 132.5566 ms
2026-07-05 15:16:21.830 +03:00 [INF] ShelfsService Serilog.AspNetCore.RequestLoggingMiddleware HTTP OPTIONS /shelfs/items/attributes responded 204 in 6.3850 ms
2026-07-05 15:16:21.830 +03:00 [INF] ShelfsService Serilog.AspNetCore.RequestLoggingMiddleware HTTP OPTIONS /shelfs/items/bc540d10-cc61-41a6-8d42-5afdac6a0b1b responded 204 in 8.2940 ms
2026-07-05 15:16:22.284 +03:00 [INF] ShelfsService Serilog.AspNetCore.RequestLoggingMiddleware HTTP GET /shelfs/items/attributes responded 200 in 442.6984 ms
2026-07-05 15:16:22.412 +03:00 [INF] ShelfsService Microsoft.EntityFrameworkCore.Database.Command Executed DbCommand (30ms) [Parameters=[@__itemId_0='?' (DbType = Guid)], CommandType='"Text"', CommandTimeout='30']
SELECT i."Id", i."AttributeColorMain", i."AttributeColorSecond", i."AttributeMatterial", i."AttributePattern", i."AttributeSeason", i."AttributeType", i."BigImage", i."DateCreated", i."Name", i."ShelfId", i."SmallImage", i."UpdatedAt", i."UserId", i."isFavorite", i."positionKey"
FROM shelf_service."Items" AS i
WHERE i."Id" = @__itemId_0
LIMIT 1
2026-07-05 15:16:22.528 +03:00 [INF] ShelfsService ShelfsService.src.ShelfsService.Host.Features.Items.GetItemById Item "bc540d10-cc61-41a6-8d42-5afdac6a0b1b" was returned
2026-07-05 15:16:22.606 +03:00 [INF] ShelfsService Serilog.AspNetCore.RequestLoggingMiddleware HTTP GET /shelfs/items/bc540d10-cc61-41a6-8d42-5afdac6a0b1b responded 200 in 763.4123 ms
2026-07-05 15:16:22.962 +03:00 [INF] ShelfsService Serilog.AspNetCore.RequestLoggingMiddleware HTTP OPTIONS /shelfs/image/get-image/4b1f3cdf-fa97-4744-a677-47c0969b6af8_big.webp responded 204 in 0.6334 ms
2026-07-05 15:16:23.649 +03:00 [INF] ShelfsService Serilog.AspNetCore.RequestLoggingMiddleware HTTP OPTIONS /shelfs/items/aaaaaaaa-aaaa-aaaa-aaaa-aaaaaaaaaaaa responded 204 in 0.1856 ms
2026-07-05 15:16:23.665 +03:00 [INF] ShelfsService Microsoft.EntityFrameworkCore.Database.Command Executed DbCommand (2ms) [Parameters=[@__itemId_0='?' (DbType = Guid)], CommandType='"Text"', CommandTimeout='30']
SELECT i."Id", i."AttributeColorMain", i."AttributeColorSecond", i."AttributeMatterial", i."AttributePattern", i."AttributeSeason", i."AttributeType", i."BigImage", i."DateCreated", i."Name", i."ShelfId", i."SmallImage", i."UpdatedAt", i."UserId", i."isFavorite", i."positionKey"
FROM shelf_service."Items" AS i
WHERE i."Id" = @__itemId_0
LIMIT 1
2026-07-05 15:16:23.666 +03:00 [INF] ShelfsService ShelfsService.src.ShelfsService.Host.Features.Items.GetItemById Item "aaaaaaaa-aaaa-aaaa-aaaa-aaaaaaaaaaaa" was returned
2026-07-05 15:16:23.679 +03:00 [INF] ShelfsService Serilog.AspNetCore.RequestLoggingMiddleware HTTP GET /shelfs/items/aaaaaaaa-aaaa-aaaa-aaaa-aaaaaaaaaaaa responded 200 in 24.6702 ms
2026-07-05 15:16:25.932 +03:00 [INF] ShelfsService Grpc.Net.Client.Internal.GrpcCall Call failed with gRPC error status. Status code: '"Unavailable"', Message: 'Error connecting to subchannel.'.
System.Net.Sockets.SocketException (11001): No such host is known.
   at System.Net.Sockets.Socket.AwaitableSocketAsyncEventArgs.ThrowException(SocketError error, CancellationToken cancellationToken)
   at System.Net.Sockets.Socket.AwaitableSocketAsyncEventArgs.System.Threading.Tasks.Sources.IValueTaskSource.GetResult(Int16 token)
   at System.Net.Sockets.Socket.<ConnectAsync>g__WaitForConnectWithCancellation|285_0(AwaitableSocketAsyncEventArgs saea, ValueTask connectTask, CancellationToken cancellationToken)
   at Grpc.Net.Client.Balancer.Internal.SocketConnectivitySubchannelTransport.TryConnectAsync(ConnectContext context, Int32 attempt)
2026-07-05 15:16:25.950 +03:00 [ERR] ShelfsService Serilog.AspNetCore.RequestLoggingMiddleware HTTP GET /shelfs/image/get-image/4b1f3cdf-fa97-4744-a677-47c0969b6af8_big.webp responded 500 in 2975.5986 ms
Grpc.Core.RpcException: Status(StatusCode="Unavailable", Detail="Error connecting to subchannel.", DebugException="System.Net.Sockets.SocketException: No such host is known.")
 ---> System.Net.Sockets.SocketException (11001): No such host is known.
   at System.Net.Sockets.Socket.AwaitableSocketAsyncEventArgs.ThrowException(SocketError error, CancellationToken cancellationToken)
   at System.Net.Sockets.Socket.AwaitableSocketAsyncEventArgs.System.Threading.Tasks.Sources.IValueTaskSource.GetResult(Int16 token)
   at System.Net.Sockets.Socket.<ConnectAsync>g__WaitForConnectWithCancellation|285_0(AwaitableSocketAsyncEventArgs saea, ValueTask connectTask, CancellationToken cancellationToken)
   at Grpc.Net.Client.Balancer.Internal.SocketConnectivitySubchannelTransport.TryConnectAsync(ConnectContext context, Int32 attempt)
   --- End of inner exception stack trace ---
   at Grpc.Net.Client.Internal.HttpContentClientStreamReader`2.MoveNextCore(CancellationToken cancellationToken)
   at Grpc.Core.AsyncStreamReaderExtensions.ReadAllAsyncCore[T](IAsyncStreamReader`1 streamReader, CancellationToken cancellationToken)+MoveNext()
   at Grpc.Core.AsyncStreamReaderExtensions.ReadAllAsyncCore[T](IAsyncStreamReader`1 streamReader, CancellationToken cancellationToken)+System.Threading.Tasks.Sources.IValueTaskSource<System.Boolean>.GetResult()
   at ShelfsService.src.ShelfsService.Host.Features.Items.GetPhotoByName.ExecuteAsync(GetImageByName req, CancellationToken ct) in D:\visualStudio\Projects\OnlineShelf\backend\Microservices\ShelfsService\src\ShelfsService.Host\Features\Images\GetImageByName.cs:line 50
   at ShelfsService.src.ShelfsService.Host.Features.Items.GetPhotoByName.ExecuteAsync(GetImageByName req, CancellationToken ct) in D:\visualStudio\Projects\OnlineShelf\backend\Microservices\ShelfsService\src\ShelfsService.Host\Features\Images\GetImageByName.cs:line 50
   at FastEndpoints.Endpoint`2.ExecAsync(CancellationToken ct)
   at FastEndpoints.Endpoint`2.ExecAsync(CancellationToken ct)
   at Microsoft.AspNetCore.Http.RequestDelegateFactory.ExecuteResultWriteResponse(IResult result, HttpContext httpContext)
   at Microsoft.AspNetCore.Authorization.AuthorizationMiddleware.Invoke(HttpContext context)
   at Microsoft.AspNetCore.Authentication.AuthenticationMiddleware.Invoke(HttpContext context)
   at Swashbuckle.AspNetCore.SwaggerUI.SwaggerUIMiddleware.Invoke(HttpContext httpContext)
   at Swashbuckle.AspNetCore.Swagger.SwaggerMiddleware.Invoke(HttpContext httpContext, ISwaggerProvider swaggerProvider)
   at Serilog.AspNetCore.RequestLoggingMiddleware.Invoke(HttpContext httpContext)
2026-07-05 15:16:25.968 +03:00 [ERR] ShelfsService Microsoft.AspNetCore.Diagnostics.DeveloperExceptionPageMiddleware An unhandled exception has occurred while executing the request.
Grpc.Core.RpcException: Status(StatusCode="Unavailable", Detail="Error connecting to subchannel.", DebugException="System.Net.Sockets.SocketException: No such host is known.")
 ---> System.Net.Sockets.SocketException (11001): No such host is known.
   at System.Net.Sockets.Socket.AwaitableSocketAsyncEventArgs.ThrowException(SocketError error, CancellationToken cancellationToken)
   at System.Net.Sockets.Socket.AwaitableSocketAsyncEventArgs.System.Threading.Tasks.Sources.IValueTaskSource.GetResult(Int16 token)
   at System.Net.Sockets.Socket.<ConnectAsync>g__WaitForConnectWithCancellation|285_0(AwaitableSocketAsyncEventArgs saea, ValueTask connectTask, CancellationToken cancellationToken)
   at Grpc.Net.Client.Balancer.Internal.SocketConnectivitySubchannelTransport.TryConnectAsync(ConnectContext context, Int32 attempt)
   --- End of inner exception stack trace ---
   at Grpc.Net.Client.Internal.HttpContentClientStreamReader`2.MoveNextCore(CancellationToken cancellationToken)
   at Grpc.Core.AsyncStreamReaderExtensions.ReadAllAsyncCore[T](IAsyncStreamReader`1 streamReader, CancellationToken cancellationToken)+MoveNext()
   at Grpc.Core.AsyncStreamReaderExtensions.ReadAllAsyncCore[T](IAsyncStreamReader`1 streamReader, CancellationToken cancellationToken)+System.Threading.Tasks.Sources.IValueTaskSource<System.Boolean>.GetResult()
   at ShelfsService.src.ShelfsService.Host.Features.Items.GetPhotoByName.ExecuteAsync(GetImageByName req, CancellationToken ct) in D:\visualStudio\Projects\OnlineShelf\backend\Microservices\ShelfsService\src\ShelfsService.Host\Features\Images\GetImageByName.cs:line 50
   at ShelfsService.src.ShelfsService.Host.Features.Items.GetPhotoByName.ExecuteAsync(GetImageByName req, CancellationToken ct) in D:\visualStudio\Projects\OnlineShelf\backend\Microservices\ShelfsService\src\ShelfsService.Host\Features\Images\GetImageByName.cs:line 50
   at FastEndpoints.Endpoint`2.ExecAsync(CancellationToken ct)
   at FastEndpoints.Endpoint`2.ExecAsync(CancellationToken ct)
   at Microsoft.AspNetCore.Http.RequestDelegateFactory.ExecuteResultWriteResponse(IResult result, HttpContext httpContext)
   at Microsoft.AspNetCore.Authorization.AuthorizationMiddleware.Invoke(HttpContext context)
   at Microsoft.AspNetCore.Authentication.AuthenticationMiddleware.Invoke(HttpContext context)
   at Swashbuckle.AspNetCore.SwaggerUI.SwaggerUIMiddleware.Invoke(HttpContext httpContext)
   at Swashbuckle.AspNetCore.Swagger.SwaggerMiddleware.Invoke(HttpContext httpContext, ISwaggerProvider swaggerProvider)
   at Serilog.AspNetCore.RequestLoggingMiddleware.Invoke(HttpContext httpContext)
   at Microsoft.AspNetCore.Diagnostics.DeveloperExceptionPageMiddlewareImpl.Invoke(HttpContext context)
2026-07-05 15:16:35.797 +03:00 [INF] ShelfsService Serilog.AspNetCore.RequestLoggingMiddleware HTTP OPTIONS /shelfs/items responded 204 in 0.1780 ms
2026-07-05 15:16:35.869 +03:00 [INF] ShelfsService Microsoft.EntityFrameworkCore.Database.Command Executed DbCommand (3ms) [Parameters=[@__itemId_0='?' (DbType = Guid)], CommandType='"Text"', CommandTimeout='30']
SELECT i."Id", i."AttributeColorMain", i."AttributeColorSecond", i."AttributeMatterial", i."AttributePattern", i."AttributeSeason", i."AttributeType", i."BigImage", i."DateCreated", i."Name", i."ShelfId", i."SmallImage", i."UpdatedAt", i."UserId", i."isFavorite", i."positionKey"
FROM shelf_service."Items" AS i
WHERE i."Id" = @__itemId_0
LIMIT 1
2026-07-05 15:16:36.130 +03:00 [INF] ShelfsService Microsoft.EntityFrameworkCore.Database.Command Executed DbCommand (19ms) [Parameters=[@p15='?' (DbType = Guid), @p0='?', @p1='?', @p2='?' (DbType = Int32), @p3='?' (DbType = Int32), @p4='?' (DbType = Int32), @p5='?' (DbType = Int32), @p6='?', @p7='?' (DbType = DateTime), @p8='?', @p9='?' (DbType = Guid), @p10='?', @p11='?' (DbType = DateTime), @p12='?' (DbType = Guid), @p13='?' (DbType = Boolean), @p14='?'], CommandType='"Text"', CommandTimeout='30']
UPDATE shelf_service."Items" SET "AttributeColorMain" = @p0, "AttributeColorSecond" = @p1, "AttributeMatterial" = @p2, "AttributePattern" = @p3, "AttributeSeason" = @p4, "AttributeType" = @p5, "BigImage" = @p6, "DateCreated" = @p7, "Name" = @p8, "ShelfId" = @p9, "SmallImage" = @p10, "UpdatedAt" = @p11, "UserId" = @p12, "isFavorite" = @p13, "positionKey" = @p14
WHERE "Id" = @p15;
2026-07-05 15:16:36.162 +03:00 [INF] ShelfsService Serilog.AspNetCore.RequestLoggingMiddleware HTTP PUT /shelfs/items responded 200 in 359.3364 ms
2026-07-05 15:16:36.175 +03:00 [INF] ShelfsService Serilog.AspNetCore.RequestLoggingMiddleware HTTP OPTIONS /shelfs/items/aaaaaaaa-aaaa-aaaa-aaaa-aaaaaaaaaaaa responded 204 in 0.1263 ms
2026-07-05 15:16:36.189 +03:00 [INF] ShelfsService Microsoft.EntityFrameworkCore.Database.Command Executed DbCommand (2ms) [Parameters=[@__itemId_0='?' (DbType = Guid)], CommandType='"Text"', CommandTimeout='30']
SELECT i."Id", i."AttributeColorMain", i."AttributeColorSecond", i."AttributeMatterial", i."AttributePattern", i."AttributeSeason", i."AttributeType", i."BigImage", i."DateCreated", i."Name", i."ShelfId", i."SmallImage", i."UpdatedAt", i."UserId", i."isFavorite", i."positionKey"
FROM shelf_service."Items" AS i
WHERE i."Id" = @__itemId_0
LIMIT 1
2026-07-05 15:16:36.190 +03:00 [INF] ShelfsService ShelfsService.src.ShelfsService.Host.Features.Items.GetItemById Item "aaaaaaaa-aaaa-aaaa-aaaa-aaaaaaaaaaaa" was returned
2026-07-05 15:16:36.191 +03:00 [INF] ShelfsService Serilog.AspNetCore.RequestLoggingMiddleware HTTP GET /shelfs/items/aaaaaaaa-aaaa-aaaa-aaaa-aaaaaaaaaaaa responded 200 in 6.6774 ms
2026-07-05 15:16:39.051 +03:00 [INF] ShelfsService Microsoft.Hosting.Lifetime Application is shutting down...
2026-07-05 15:17:14.656 +03:00 [INF] ShelfsService Microsoft.EntityFrameworkCore.Database.Command Executed DbCommand (48ms) [Parameters=[], CommandType='"Text"', CommandTimeout='30']
CREATE SCHEMA IF NOT EXISTS shelf_service;
2026-07-05 15:17:14.764 +03:00 [INF] ShelfsService Microsoft.EntityFrameworkCore.Database.Command Executed DbCommand (10ms) [Parameters=[], CommandType='"Text"', CommandTimeout='30']
SELECT "MigrationId", "ProductVersion"
FROM shelf_service."__EFMigrationsHistory"
ORDER BY "MigrationId";
2026-07-05 15:17:15.221 +03:00 [INF] ShelfsService Microsoft.EntityFrameworkCore.Database.Command Executed DbCommand (14ms) [Parameters=[], CommandType='"Text"', CommandTimeout='30']
DO $EF$
BEGIN
    IF NOT EXISTS(SELECT 1 FROM pg_namespace WHERE nspname = 'shelf_service') THEN
        CREATE SCHEMA shelf_service;
    END IF;
END $EF$;
CREATE TABLE IF NOT EXISTS shelf_service."__EFMigrationsHistory" (
    "MigrationId" character varying(150) NOT NULL,
    "ProductVersion" character varying(32) NOT NULL,
    CONSTRAINT "PK___EFMigrationsHistory" PRIMARY KEY ("MigrationId")
);
2026-07-05 15:17:15.240 +03:00 [INF] ShelfsService Microsoft.EntityFrameworkCore.Migrations Acquiring an exclusive lock for migration application. See https://aka.ms/efcore-docs-migrations-lock for more information if this takes too long.
2026-07-05 15:17:15.244 +03:00 [INF] ShelfsService Microsoft.EntityFrameworkCore.Database.Command Executed DbCommand (2ms) [Parameters=[], CommandType='"Text"', CommandTimeout='30']
LOCK TABLE shelf_service."__EFMigrationsHistory" IN ACCESS EXCLUSIVE MODE
2026-07-05 15:17:15.247 +03:00 [INF] ShelfsService Microsoft.EntityFrameworkCore.Database.Command Executed DbCommand (2ms) [Parameters=[], CommandType='"Text"', CommandTimeout='30']
SELECT "MigrationId", "ProductVersion"
FROM shelf_service."__EFMigrationsHistory"
ORDER BY "MigrationId";
2026-07-05 15:17:15.254 +03:00 [INF] ShelfsService Microsoft.EntityFrameworkCore.Migrations No migrations were applied. The database is already up to date.
2026-07-05 15:17:16.076 +03:00 [INF] ShelfsService Microsoft.EntityFrameworkCore.Database.Command Executed DbCommand (25ms) [Parameters=[], CommandType='"Text"', CommandTimeout='30']
SELECT a."Id", a."AttributeKey", a."Name"
FROM shelf_service."Attributes" AS a
2026-07-05 15:17:16.214 +03:00 [INF] ShelfsService Microsoft.EntityFrameworkCore.Database.Command Executed DbCommand (3ms) [Parameters=[], CommandType='"Text"', CommandTimeout='30']
SELECT a."Id", a."AttributeId", a."AttributeKey", a."AttributeValue"
FROM shelf_service."AttributesValues" AS a
2026-07-05 15:17:16.265 +03:00 [INF] ShelfsService FastEndpoints.StartupTimer Registered 12 endpoints in 4 532 milliseconds.
2026-07-05 15:17:16.334 +03:00 [INF] ShelfsService Microsoft.EntityFrameworkCore.Database.Command Executed DbCommand (13ms) [Parameters=[], CommandType='"Text"', CommandTimeout='30']
CREATE SCHEMA IF NOT EXISTS shelf_service;
2026-07-05 15:17:16.349 +03:00 [INF] ShelfsService Microsoft.EntityFrameworkCore.Database.Command Executed DbCommand (2ms) [Parameters=[], CommandType='"Text"', CommandTimeout='30']
SELECT "MigrationId", "ProductVersion"
FROM shelf_service."__EFMigrationsHistory"
ORDER BY "MigrationId";
2026-07-05 15:17:16.445 +03:00 [INF] ShelfsService Microsoft.EntityFrameworkCore.Database.Command Executed DbCommand (3ms) [Parameters=[], CommandType='"Text"', CommandTimeout='30']
DO $EF$
BEGIN
    IF NOT EXISTS(SELECT 1 FROM pg_namespace WHERE nspname = 'shelf_service') THEN
        CREATE SCHEMA shelf_service;
    END IF;
END $EF$;
CREATE TABLE IF NOT EXISTS shelf_service."__EFMigrationsHistory" (
    "MigrationId" character varying(150) NOT NULL,
    "ProductVersion" character varying(32) NOT NULL,
    CONSTRAINT "PK___EFMigrationsHistory" PRIMARY KEY ("MigrationId")
);
2026-07-05 15:17:16.467 +03:00 [INF] ShelfsService Microsoft.EntityFrameworkCore.Database.Command Executed DbCommand (2ms) [Parameters=[], CommandType='"Text"', CommandTimeout='30']
LOCK TABLE shelf_service."__EFMigrationsHistory" IN ACCESS EXCLUSIVE MODE
2026-07-05 15:17:16.474 +03:00 [INF] ShelfsService Microsoft.EntityFrameworkCore.Database.Command Executed DbCommand (2ms) [Parameters=[], CommandType='"Text"', CommandTimeout='30']
SELECT "MigrationId", "ProductVersion"
FROM shelf_service."__EFMigrationsHistory"
ORDER BY "MigrationId";
2026-07-05 15:17:16.476 +03:00 [INF] ShelfsService Microsoft.EntityFrameworkCore.Migrations No migrations were applied. The database is already up to date.
2026-07-05 15:17:16.496 +03:00 [INF] ShelfsService Microsoft.EntityFrameworkCore.Database.Command Executed DbCommand (3ms) [Parameters=[], CommandType='"Text"', CommandTimeout='30']
SELECT "MigrationId", "ProductVersion"
FROM shelf_service."__EFMigrationsHistory"
ORDER BY "MigrationId";
2026-07-05 15:17:16.525 +03:00 [INF] ShelfsService Microsoft.EntityFrameworkCore.Database.Command Executed DbCommand (2ms) [Parameters=[], CommandType='"Text"', CommandTimeout='30']
DO $EF$
BEGIN
    IF NOT EXISTS(SELECT 1 FROM pg_namespace WHERE nspname = 'shelf_service') THEN
        CREATE SCHEMA shelf_service;
    END IF;
END $EF$;
CREATE TABLE IF NOT EXISTS shelf_service."__EFMigrationsHistory" (
    "MigrationId" character varying(150) NOT NULL,
    "ProductVersion" character varying(32) NOT NULL,
    CONSTRAINT "PK___EFMigrationsHistory" PRIMARY KEY ("MigrationId")
);
2026-07-05 15:17:16.530 +03:00 [INF] ShelfsService Microsoft.EntityFrameworkCore.Database.Command Executed DbCommand (3ms) [Parameters=[], CommandType='"Text"', CommandTimeout='30']
LOCK TABLE shelf_service."__EFMigrationsHistory" IN ACCESS EXCLUSIVE MODE
2026-07-05 15:17:16.533 +03:00 [INF] ShelfsService Microsoft.EntityFrameworkCore.Database.Command Executed DbCommand (2ms) [Parameters=[], CommandType='"Text"', CommandTimeout='30']
SELECT "MigrationId", "ProductVersion"
FROM shelf_service."__EFMigrationsHistory"
ORDER BY "MigrationId";
2026-07-05 15:17:16.533 +03:00 [INF] ShelfsService Microsoft.EntityFrameworkCore.Migrations No migrations were applied. The database is already up to date.
2026-07-05 15:17:16.645 +03:00 [INF] ShelfsService Microsoft.EntityFrameworkCore.Database.Command Executed DbCommand (5ms) [Parameters=[], CommandType='"Text"', CommandTimeout='30']
SELECT EXISTS (
    SELECT 1
    FROM shelf_service."Shelfs" AS s)
2026-07-05 15:17:16.662 +03:00 [INF] ShelfsService Microsoft.EntityFrameworkCore.Database.Command Executed DbCommand (3ms) [Parameters=[], CommandType='"Text"', CommandTimeout='30']
SELECT EXISTS (
    SELECT 1
    FROM shelf_service."Items" AS i)
2026-07-05 15:17:16.670 +03:00 [INF] ShelfsService Microsoft.EntityFrameworkCore.Database.Command Executed DbCommand (2ms) [Parameters=[], CommandType='"Text"', CommandTimeout='30']
SELECT EXISTS (
    SELECT 1
    FROM shelf_service."AttributesValues" AS a)
2026-07-05 15:17:16.676 +03:00 [INF] ShelfsService Microsoft.EntityFrameworkCore.Database.Command Executed DbCommand (3ms) [Parameters=[], CommandType='"Text"', CommandTimeout='30']
SELECT EXISTS (
    SELECT 1
    FROM shelf_service."Attributes" AS a)
2026-07-05 15:17:16.887 +03:00 [INF] ShelfsService Microsoft.Hosting.Lifetime Application started. Press Ctrl+C to shut down.
2026-07-05 15:17:16.888 +03:00 [INF] ShelfsService Microsoft.Hosting.Lifetime Hosting environment: Development
2026-07-05 15:17:16.889 +03:00 [INF] ShelfsService Microsoft.Hosting.Lifetime Content root path: D:\visualStudio\Projects\OnlineShelf\backend\Microservices\ShelfsService
2026-07-05 15:17:17.285 +03:00 [INF] ShelfsService Serilog.AspNetCore.RequestLoggingMiddleware HTTP GET /swagger/index.html responded 200 in 291.3933 ms
2026-07-05 15:17:18.004 +03:00 [INF] ShelfsService Serilog.AspNetCore.RequestLoggingMiddleware HTTP GET /swagger/v1/swagger.json responded 200 in 165.9097 ms
2026-07-05 15:17:26.263 +03:00 [INF] ShelfsService Serilog.AspNetCore.RequestLoggingMiddleware HTTP OPTIONS /shelfs/items responded 204 in 5.8296 ms
2026-07-05 15:17:33.933 +03:00 [INF] ShelfsService Microsoft.EntityFrameworkCore.Database.Command Executed DbCommand (23ms) [Parameters=[@__itemId_0='?' (DbType = Guid)], CommandType='"Text"', CommandTimeout='30']
SELECT i."Id", i."AttributeColorMain", i."AttributeColorSecond", i."AttributeMatterial", i."AttributePattern", i."AttributeSeason", i."AttributeType", i."BigImage", i."DateCreated", i."Name", i."ShelfId", i."SmallImage", i."UpdatedAt", i."UserId", i."isFavorite", i."positionKey"
FROM shelf_service."Items" AS i
WHERE i."Id" = @__itemId_0
LIMIT 1
2026-07-05 15:18:16.126 +03:00 [INF] ShelfsService Serilog.AspNetCore.RequestLoggingMiddleware HTTP OPTIONS /shelfs/items/aaaaaaaa-aaaa-aaaa-aaaa-aaaaaaaaaaaa responded 204 in 3.1247 ms
2026-07-05 15:18:16.128 +03:00 [INF] ShelfsService Serilog.AspNetCore.RequestLoggingMiddleware HTTP OPTIONS /shelfs/items responded 204 in 1.1450 ms
2026-07-05 15:18:16.131 +03:00 [INF] ShelfsService Serilog.AspNetCore.RequestLoggingMiddleware HTTP OPTIONS /shelfs/image/get-image/4b1f3cdf-fa97-4744-a677-47c0969b6af8_big.webp responded 204 in 0.9986 ms
2026-07-05 15:18:16.131 +03:00 [INF] ShelfsService Serilog.AspNetCore.RequestLoggingMiddleware HTTP OPTIONS /shelfs/items/bc540d10-cc61-41a6-8d42-5afdac6a0b1b responded 204 in 0.0587 ms
2026-07-05 15:18:16.179 +03:00 [INF] ShelfsService Microsoft.EntityFrameworkCore.Database.Command Executed DbCommand (3ms) [Parameters=[@__itemId_0='?' (DbType = Guid)], CommandType='"Text"', CommandTimeout='30']
SELECT i."Id", i."AttributeColorMain", i."AttributeColorSecond", i."AttributeMatterial", i."AttributePattern", i."AttributeSeason", i."AttributeType", i."BigImage", i."DateCreated", i."Name", i."ShelfId", i."SmallImage", i."UpdatedAt", i."UserId", i."isFavorite", i."positionKey"
FROM shelf_service."Items" AS i
WHERE i."Id" = @__itemId_0
LIMIT 1
2026-07-05 15:18:16.185 +03:00 [INF] ShelfsService ShelfsService.src.ShelfsService.Host.Features.Items.GetItemById Item "aaaaaaaa-aaaa-aaaa-aaaa-aaaaaaaaaaaa" was returned
2026-07-05 15:18:16.232 +03:00 [INF] ShelfsService Microsoft.EntityFrameworkCore.Database.Command Executed DbCommand (4ms) [Parameters=[@__itemId_0='?' (DbType = Guid)], CommandType='"Text"', CommandTimeout='30']
SELECT i."Id", i."AttributeColorMain", i."AttributeColorSecond", i."AttributeMatterial", i."AttributePattern", i."AttributeSeason", i."AttributeType", i."BigImage", i."DateCreated", i."Name", i."ShelfId", i."SmallImage", i."UpdatedAt", i."UserId", i."isFavorite", i."positionKey"
FROM shelf_service."Items" AS i
WHERE i."Id" = @__itemId_0
LIMIT 1
2026-07-05 15:18:16.234 +03:00 [INF] ShelfsService ShelfsService.src.ShelfsService.Host.Features.Items.GetItemById Item "bc540d10-cc61-41a6-8d42-5afdac6a0b1b" was returned
2026-07-05 15:18:16.243 +03:00 [INF] ShelfsService Microsoft.EntityFrameworkCore.Database.Command Executed DbCommand (4ms) [Parameters=[@__itemId_0='?' (DbType = Guid)], CommandType='"Text"', CommandTimeout='30']
SELECT i."Id", i."AttributeColorMain", i."AttributeColorSecond", i."AttributeMatterial", i."AttributePattern", i."AttributeSeason", i."AttributeType", i."BigImage", i."DateCreated", i."Name", i."ShelfId", i."SmallImage", i."UpdatedAt", i."UserId", i."isFavorite", i."positionKey"
FROM shelf_service."Items" AS i
WHERE i."Id" = @__itemId_0
LIMIT 1
2026-07-05 15:18:17.630 +03:00 [INF] ShelfsService Serilog.AspNetCore.RequestLoggingMiddleware HTTP GET /shelfs/items/aaaaaaaa-aaaa-aaaa-aaaa-aaaaaaaaaaaa responded 200 in 1484.0292 ms
2026-07-05 15:18:17.641 +03:00 [INF] ShelfsService Serilog.AspNetCore.RequestLoggingMiddleware HTTP GET /shelfs/items/bc540d10-cc61-41a6-8d42-5afdac6a0b1b responded 200 in 1497.2195 ms
2026-07-05 15:18:17.774 +03:00 [INF] ShelfsService Microsoft.EntityFrameworkCore.Database.Command Executed DbCommand (13ms) [Parameters=[@p15='?' (DbType = Guid), @p0='?', @p1='?', @p2='?' (DbType = Int32), @p3='?' (DbType = Int32), @p4='?' (DbType = Int32), @p5='?' (DbType = Int32), @p6='?', @p7='?' (DbType = DateTime), @p8='?', @p9='?' (DbType = Guid), @p10='?', @p11='?' (DbType = DateTime), @p12='?' (DbType = Guid), @p13='?' (DbType = Boolean), @p14='?'], CommandType='"Text"', CommandTimeout='30']
UPDATE shelf_service."Items" SET "AttributeColorMain" = @p0, "AttributeColorSecond" = @p1, "AttributeMatterial" = @p2, "AttributePattern" = @p3, "AttributeSeason" = @p4, "AttributeType" = @p5, "BigImage" = @p6, "DateCreated" = @p7, "Name" = @p8, "ShelfId" = @p9, "SmallImage" = @p10, "UpdatedAt" = @p11, "UserId" = @p12, "isFavorite" = @p13, "positionKey" = @p14
WHERE "Id" = @p15;
2026-07-05 15:18:17.801 +03:00 [INF] ShelfsService Serilog.AspNetCore.RequestLoggingMiddleware HTTP PUT /shelfs/items responded 200 in 51530.5975 ms
2026-07-05 15:18:17.815 +03:00 [INF] ShelfsService Microsoft.EntityFrameworkCore.Database.Command Executed DbCommand (3ms) [Parameters=[@__itemId_0='?' (DbType = Guid)], CommandType='"Text"', CommandTimeout='30']
SELECT i."Id", i."AttributeColorMain", i."AttributeColorSecond", i."AttributeMatterial", i."AttributePattern", i."AttributeSeason", i."AttributeType", i."BigImage", i."DateCreated", i."Name", i."ShelfId", i."SmallImage", i."UpdatedAt", i."UserId", i."isFavorite", i."positionKey"
FROM shelf_service."Items" AS i
WHERE i."Id" = @__itemId_0
LIMIT 1
2026-07-05 15:18:17.817 +03:00 [INF] ShelfsService ShelfsService.src.ShelfsService.Host.Features.Items.GetItemById Item "bc540d10-cc61-41a6-8d42-5afdac6a0b1b" was returned
2026-07-05 15:18:17.818 +03:00 [INF] ShelfsService Serilog.AspNetCore.RequestLoggingMiddleware HTTP GET /shelfs/items/bc540d10-cc61-41a6-8d42-5afdac6a0b1b responded 200 in 10.1516 ms
2026-07-05 15:18:28.365 +03:00 [INF] ShelfsService Grpc.Net.Client.Internal.GrpcCall Call failed with gRPC error status. Status code: '"Unavailable"', Message: 'Error connecting to subchannel.'.
System.Net.Sockets.SocketException (11001): No such host is known.
   at System.Net.Sockets.Socket.AwaitableSocketAsyncEventArgs.ThrowException(SocketError error, CancellationToken cancellationToken)
   at System.Net.Sockets.Socket.AwaitableSocketAsyncEventArgs.System.Threading.Tasks.Sources.IValueTaskSource.GetResult(Int16 token)
   at System.Net.Sockets.Socket.<ConnectAsync>g__WaitForConnectWithCancellation|285_0(AwaitableSocketAsyncEventArgs saea, ValueTask connectTask, CancellationToken cancellationToken)
   at Grpc.Net.Client.Balancer.Internal.SocketConnectivitySubchannelTransport.TryConnectAsync(ConnectContext context, Int32 attempt)
2026-07-05 15:18:28.365 +03:00 [INF] ShelfsService Grpc.Net.Client.Internal.GrpcCall Call failed with gRPC error status. Status code: '"Unavailable"', Message: 'Error connecting to subchannel.'.
System.Net.Sockets.SocketException (11001): No such host is known.
   at System.Net.Sockets.Socket.AwaitableSocketAsyncEventArgs.ThrowException(SocketError error, CancellationToken cancellationToken)
   at System.Net.Sockets.Socket.AwaitableSocketAsyncEventArgs.System.Threading.Tasks.Sources.IValueTaskSource.GetResult(Int16 token)
   at System.Net.Sockets.Socket.<ConnectAsync>g__WaitForConnectWithCancellation|285_0(AwaitableSocketAsyncEventArgs saea, ValueTask connectTask, CancellationToken cancellationToken)
   at Grpc.Net.Client.Balancer.Internal.SocketConnectivitySubchannelTransport.TryConnectAsync(ConnectContext context, Int32 attempt)
2026-07-05 15:18:28.490 +03:00 [ERR] ShelfsService Serilog.AspNetCore.RequestLoggingMiddleware HTTP GET /shelfs/image/get-image/4b1f3cdf-fa97-4744-a677-47c0969b6af8_big.webp responded 500 in 12343.2512 ms
Grpc.Core.RpcException: Status(StatusCode="Unavailable", Detail="Error connecting to subchannel.", DebugException="System.Net.Sockets.SocketException: No such host is known.")
 ---> System.Net.Sockets.SocketException (11001): No such host is known.
   at System.Net.Sockets.Socket.AwaitableSocketAsyncEventArgs.ThrowException(SocketError error, CancellationToken cancellationToken)
   at System.Net.Sockets.Socket.AwaitableSocketAsyncEventArgs.System.Threading.Tasks.Sources.IValueTaskSource.GetResult(Int16 token)
   at System.Net.Sockets.Socket.<ConnectAsync>g__WaitForConnectWithCancellation|285_0(AwaitableSocketAsyncEventArgs saea, ValueTask connectTask, CancellationToken cancellationToken)
   at Grpc.Net.Client.Balancer.Internal.SocketConnectivitySubchannelTransport.TryConnectAsync(ConnectContext context, Int32 attempt)
   --- End of inner exception stack trace ---
   at Grpc.Net.Client.Internal.HttpContentClientStreamReader`2.MoveNextCore(CancellationToken cancellationToken)
   at Grpc.Core.AsyncStreamReaderExtensions.ReadAllAsyncCore[T](IAsyncStreamReader`1 streamReader, CancellationToken cancellationToken)+MoveNext()
   at Grpc.Core.AsyncStreamReaderExtensions.ReadAllAsyncCore[T](IAsyncStreamReader`1 streamReader, CancellationToken cancellationToken)+System.Threading.Tasks.Sources.IValueTaskSource<System.Boolean>.GetResult()
   at ShelfsService.src.ShelfsService.Host.Features.Items.GetPhotoByName.ExecuteAsync(GetImageByName req, CancellationToken ct) in D:\visualStudio\Projects\OnlineShelf\backend\Microservices\ShelfsService\src\ShelfsService.Host\Features\Images\GetImageByName.cs:line 50
   at ShelfsService.src.ShelfsService.Host.Features.Items.GetPhotoByName.ExecuteAsync(GetImageByName req, CancellationToken ct) in D:\visualStudio\Projects\OnlineShelf\backend\Microservices\ShelfsService\src\ShelfsService.Host\Features\Images\GetImageByName.cs:line 50
   at FastEndpoints.Endpoint`2.ExecAsync(CancellationToken ct)
   at FastEndpoints.Endpoint`2.ExecAsync(CancellationToken ct)
   at Microsoft.AspNetCore.Http.RequestDelegateFactory.ExecuteResultWriteResponse(IResult result, HttpContext httpContext)
   at Microsoft.AspNetCore.Authorization.AuthorizationMiddleware.Invoke(HttpContext context)
   at Microsoft.AspNetCore.Authentication.AuthenticationMiddleware.Invoke(HttpContext context)
   at Swashbuckle.AspNetCore.SwaggerUI.SwaggerUIMiddleware.Invoke(HttpContext httpContext)
   at Swashbuckle.AspNetCore.Swagger.SwaggerMiddleware.Invoke(HttpContext httpContext, ISwaggerProvider swaggerProvider)
   at Serilog.AspNetCore.RequestLoggingMiddleware.Invoke(HttpContext httpContext)
2026-07-05 15:18:28.466 +03:00 [ERR] ShelfsService Serilog.AspNetCore.RequestLoggingMiddleware HTTP PUT /shelfs/items responded 500 in 12319.0053 ms
Grpc.Core.RpcException: Status(StatusCode="Unavailable", Detail="Error connecting to subchannel.", DebugException="System.Net.Sockets.SocketException: No such host is known.")
 ---> System.Net.Sockets.SocketException (11001): No such host is known.
   at System.Net.Sockets.Socket.AwaitableSocketAsyncEventArgs.ThrowException(SocketError error, CancellationToken cancellationToken)
   at System.Net.Sockets.Socket.AwaitableSocketAsyncEventArgs.System.Threading.Tasks.Sources.IValueTaskSource.GetResult(Int16 token)
   at System.Net.Sockets.Socket.<ConnectAsync>g__WaitForConnectWithCancellation|285_0(AwaitableSocketAsyncEventArgs saea, ValueTask connectTask, CancellationToken cancellationToken)
   at Grpc.Net.Client.Balancer.Internal.SocketConnectivitySubchannelTransport.TryConnectAsync(ConnectContext context, Int32 attempt)
   --- End of inner exception stack trace ---
   at Grpc.Net.Client.Balancer.Internal.ConnectionManager.PickAsync(PickContext context, Boolean waitForReady, CancellationToken cancellationToken)
   at Grpc.Net.Client.Balancer.Internal.BalancerHttpHandler.SendAsync(HttpRequestMessage request, CancellationToken cancellationToken)
   at Grpc.Net.Client.Internal.GrpcCall`2.RunCall(HttpRequestMessage request, Nullable`1 timeout)
   at Grpc.Net.Client.Internal.GrpcCall`2.GetResponseHeadersCoreAsync()
   at ShelfsService.src.ShelfsService.Host.Features.Items.UpdateItemCommandHandler.HandleAsync(UpdateItemCommand request, CancellationToken ct) in D:\visualStudio\Projects\OnlineShelf\backend\Microservices\ShelfsService\src\ShelfsService.Host\Features\Items\UpdateItem.cs:line 86
   at FastEndpoints.Endpoint`2.ExecAsync(CancellationToken ct)
   at FastEndpoints.Endpoint`2.ExecAsync(CancellationToken ct)
   at Microsoft.AspNetCore.Http.RequestDelegateFactory.ExecuteResultWriteResponse(IResult result, HttpContext httpContext)
   at Microsoft.AspNetCore.Authorization.AuthorizationMiddleware.Invoke(HttpContext context)
   at Microsoft.AspNetCore.Authentication.AuthenticationMiddleware.Invoke(HttpContext context)
   at Swashbuckle.AspNetCore.SwaggerUI.SwaggerUIMiddleware.Invoke(HttpContext httpContext)
   at Swashbuckle.AspNetCore.Swagger.SwaggerMiddleware.Invoke(HttpContext httpContext, ISwaggerProvider swaggerProvider)
   at Serilog.AspNetCore.RequestLoggingMiddleware.Invoke(HttpContext httpContext)
2026-07-05 15:18:28.499 +03:00 [ERR] ShelfsService Microsoft.AspNetCore.Diagnostics.DeveloperExceptionPageMiddleware An unhandled exception has occurred while executing the request.
Grpc.Core.RpcException: Status(StatusCode="Unavailable", Detail="Error connecting to subchannel.", DebugException="System.Net.Sockets.SocketException: No such host is known.")
 ---> System.Net.Sockets.SocketException (11001): No such host is known.
   at System.Net.Sockets.Socket.AwaitableSocketAsyncEventArgs.ThrowException(SocketError error, CancellationToken cancellationToken)
   at System.Net.Sockets.Socket.AwaitableSocketAsyncEventArgs.System.Threading.Tasks.Sources.IValueTaskSource.GetResult(Int16 token)
   at System.Net.Sockets.Socket.<ConnectAsync>g__WaitForConnectWithCancellation|285_0(AwaitableSocketAsyncEventArgs saea, ValueTask connectTask, CancellationToken cancellationToken)
   at Grpc.Net.Client.Balancer.Internal.SocketConnectivitySubchannelTransport.TryConnectAsync(ConnectContext context, Int32 attempt)
   --- End of inner exception stack trace ---
   at Grpc.Net.Client.Internal.HttpContentClientStreamReader`2.MoveNextCore(CancellationToken cancellationToken)
   at Grpc.Core.AsyncStreamReaderExtensions.ReadAllAsyncCore[T](IAsyncStreamReader`1 streamReader, CancellationToken cancellationToken)+MoveNext()
   at Grpc.Core.AsyncStreamReaderExtensions.ReadAllAsyncCore[T](IAsyncStreamReader`1 streamReader, CancellationToken cancellationToken)+System.Threading.Tasks.Sources.IValueTaskSource<System.Boolean>.GetResult()
   at ShelfsService.src.ShelfsService.Host.Features.Items.GetPhotoByName.ExecuteAsync(GetImageByName req, CancellationToken ct) in D:\visualStudio\Projects\OnlineShelf\backend\Microservices\ShelfsService\src\ShelfsService.Host\Features\Images\GetImageByName.cs:line 50
   at ShelfsService.src.ShelfsService.Host.Features.Items.GetPhotoByName.ExecuteAsync(GetImageByName req, CancellationToken ct) in D:\visualStudio\Projects\OnlineShelf\backend\Microservices\ShelfsService\src\ShelfsService.Host\Features\Images\GetImageByName.cs:line 50
   at FastEndpoints.Endpoint`2.ExecAsync(CancellationToken ct)
   at FastEndpoints.Endpoint`2.ExecAsync(CancellationToken ct)
   at Microsoft.AspNetCore.Http.RequestDelegateFactory.ExecuteResultWriteResponse(IResult result, HttpContext httpContext)
   at Microsoft.AspNetCore.Authorization.AuthorizationMiddleware.Invoke(HttpContext context)
   at Microsoft.AspNetCore.Authentication.AuthenticationMiddleware.Invoke(HttpContext context)
   at Swashbuckle.AspNetCore.SwaggerUI.SwaggerUIMiddleware.Invoke(HttpContext httpContext)
   at Swashbuckle.AspNetCore.Swagger.SwaggerMiddleware.Invoke(HttpContext httpContext, ISwaggerProvider swaggerProvider)
   at Serilog.AspNetCore.RequestLoggingMiddleware.Invoke(HttpContext httpContext)
   at Microsoft.AspNetCore.Diagnostics.DeveloperExceptionPageMiddlewareImpl.Invoke(HttpContext context)
2026-07-05 15:18:28.499 +03:00 [ERR] ShelfsService Microsoft.AspNetCore.Diagnostics.DeveloperExceptionPageMiddleware An unhandled exception has occurred while executing the request.
Grpc.Core.RpcException: Status(StatusCode="Unavailable", Detail="Error connecting to subchannel.", DebugException="System.Net.Sockets.SocketException: No such host is known.")
 ---> System.Net.Sockets.SocketException (11001): No such host is known.
   at System.Net.Sockets.Socket.AwaitableSocketAsyncEventArgs.ThrowException(SocketError error, CancellationToken cancellationToken)
   at System.Net.Sockets.Socket.AwaitableSocketAsyncEventArgs.System.Threading.Tasks.Sources.IValueTaskSource.GetResult(Int16 token)
   at System.Net.Sockets.Socket.<ConnectAsync>g__WaitForConnectWithCancellation|285_0(AwaitableSocketAsyncEventArgs saea, ValueTask connectTask, CancellationToken cancellationToken)
   at Grpc.Net.Client.Balancer.Internal.SocketConnectivitySubchannelTransport.TryConnectAsync(ConnectContext context, Int32 attempt)
   --- End of inner exception stack trace ---
   at Grpc.Net.Client.Balancer.Internal.ConnectionManager.PickAsync(PickContext context, Boolean waitForReady, CancellationToken cancellationToken)
   at Grpc.Net.Client.Balancer.Internal.BalancerHttpHandler.SendAsync(HttpRequestMessage request, CancellationToken cancellationToken)
   at Grpc.Net.Client.Internal.GrpcCall`2.RunCall(HttpRequestMessage request, Nullable`1 timeout)
   at Grpc.Net.Client.Internal.GrpcCall`2.GetResponseHeadersCoreAsync()
   at ShelfsService.src.ShelfsService.Host.Features.Items.UpdateItemCommandHandler.HandleAsync(UpdateItemCommand request, CancellationToken ct) in D:\visualStudio\Projects\OnlineShelf\backend\Microservices\ShelfsService\src\ShelfsService.Host\Features\Items\UpdateItem.cs:line 86
   at FastEndpoints.Endpoint`2.ExecAsync(CancellationToken ct)
   at FastEndpoints.Endpoint`2.ExecAsync(CancellationToken ct)
   at Microsoft.AspNetCore.Http.RequestDelegateFactory.ExecuteResultWriteResponse(IResult result, HttpContext httpContext)
   at Microsoft.AspNetCore.Authorization.AuthorizationMiddleware.Invoke(HttpContext context)
   at Microsoft.AspNetCore.Authentication.AuthenticationMiddleware.Invoke(HttpContext context)
   at Swashbuckle.AspNetCore.SwaggerUI.SwaggerUIMiddleware.Invoke(HttpContext httpContext)
   at Swashbuckle.AspNetCore.Swagger.SwaggerMiddleware.Invoke(HttpContext httpContext, ISwaggerProvider swaggerProvider)
   at Serilog.AspNetCore.RequestLoggingMiddleware.Invoke(HttpContext httpContext)
   at Microsoft.AspNetCore.Diagnostics.DeveloperExceptionPageMiddlewareImpl.Invoke(HttpContext context)
2026-07-05 15:18:32.953 +03:00 [INF] ShelfsService Serilog.AspNetCore.RequestLoggingMiddleware HTTP OPTIONS /shelfs/image/get-image/4b1f3cdf-fa97-4744-a677-47c0969b6af8_big.webp responded 204 in 0.3006 ms
2026-07-05 15:18:32.962 +03:00 [INF] ShelfsService Grpc.Net.Client.Internal.GrpcCall Call failed with gRPC error status. Status code: '"Unavailable"', Message: 'Error connecting to subchannel.'.
System.Net.Sockets.SocketException (11001): No such host is known.
   at System.Net.Sockets.Socket.AwaitableSocketAsyncEventArgs.ThrowException(SocketError error, CancellationToken cancellationToken)
   at System.Net.Sockets.Socket.AwaitableSocketAsyncEventArgs.System.Threading.Tasks.Sources.IValueTaskSource.GetResult(Int16 token)
   at System.Net.Sockets.Socket.<ConnectAsync>g__WaitForConnectWithCancellation|285_0(AwaitableSocketAsyncEventArgs saea, ValueTask connectTask, CancellationToken cancellationToken)
   at Grpc.Net.Client.Balancer.Internal.SocketConnectivitySubchannelTransport.TryConnectAsync(ConnectContext context, Int32 attempt)
2026-07-05 15:18:33.051 +03:00 [ERR] ShelfsService Serilog.AspNetCore.RequestLoggingMiddleware HTTP GET /shelfs/image/get-image/4b1f3cdf-fa97-4744-a677-47c0969b6af8_big.webp responded 500 in 92.9396 ms
Grpc.Core.RpcException: Status(StatusCode="Unavailable", Detail="Error connecting to subchannel.", DebugException="System.Net.Sockets.SocketException: No such host is known.")
 ---> System.Net.Sockets.SocketException (11001): No such host is known.
   at System.Net.Sockets.Socket.AwaitableSocketAsyncEventArgs.ThrowException(SocketError error, CancellationToken cancellationToken)
   at System.Net.Sockets.Socket.AwaitableSocketAsyncEventArgs.System.Threading.Tasks.Sources.IValueTaskSource.GetResult(Int16 token)
   at System.Net.Sockets.Socket.<ConnectAsync>g__WaitForConnectWithCancellation|285_0(AwaitableSocketAsyncEventArgs saea, ValueTask connectTask, CancellationToken cancellationToken)
   at Grpc.Net.Client.Balancer.Internal.SocketConnectivitySubchannelTransport.TryConnectAsync(ConnectContext context, Int32 attempt)
   --- End of inner exception stack trace ---
   at Grpc.Core.AsyncStreamReaderExtensions.ReadAllAsyncCore[T](IAsyncStreamReader`1 streamReader, CancellationToken cancellationToken)+MoveNext()
   at Grpc.Core.AsyncStreamReaderExtensions.ReadAllAsyncCore[T](IAsyncStreamReader`1 streamReader, CancellationToken cancellationToken)+System.Threading.Tasks.Sources.IValueTaskSource<System.Boolean>.GetResult()
   at ShelfsService.src.ShelfsService.Host.Features.Items.GetPhotoByName.ExecuteAsync(GetImageByName req, CancellationToken ct) in D:\visualStudio\Projects\OnlineShelf\backend\Microservices\ShelfsService\src\ShelfsService.Host\Features\Images\GetImageByName.cs:line 50
   at ShelfsService.src.ShelfsService.Host.Features.Items.GetPhotoByName.ExecuteAsync(GetImageByName req, CancellationToken ct) in D:\visualStudio\Projects\OnlineShelf\backend\Microservices\ShelfsService\src\ShelfsService.Host\Features\Images\GetImageByName.cs:line 50
   at FastEndpoints.Endpoint`2.ExecAsync(CancellationToken ct)
   at FastEndpoints.Endpoint`2.ExecAsync(CancellationToken ct)
   at Microsoft.AspNetCore.Http.RequestDelegateFactory.ExecuteResultWriteResponse(IResult result, HttpContext httpContext)
   at Microsoft.AspNetCore.Authorization.AuthorizationMiddleware.Invoke(HttpContext context)
   at Microsoft.AspNetCore.Authentication.AuthenticationMiddleware.Invoke(HttpContext context)
   at Swashbuckle.AspNetCore.SwaggerUI.SwaggerUIMiddleware.Invoke(HttpContext httpContext)
   at Swashbuckle.AspNetCore.Swagger.SwaggerMiddleware.Invoke(HttpContext httpContext, ISwaggerProvider swaggerProvider)
   at Serilog.AspNetCore.RequestLoggingMiddleware.Invoke(HttpContext httpContext)
2026-07-05 15:18:33.058 +03:00 [ERR] ShelfsService Microsoft.AspNetCore.Diagnostics.DeveloperExceptionPageMiddleware An unhandled exception has occurred while executing the request.
Grpc.Core.RpcException: Status(StatusCode="Unavailable", Detail="Error connecting to subchannel.", DebugException="System.Net.Sockets.SocketException: No such host is known.")
 ---> System.Net.Sockets.SocketException (11001): No such host is known.
   at System.Net.Sockets.Socket.AwaitableSocketAsyncEventArgs.ThrowException(SocketError error, CancellationToken cancellationToken)
   at System.Net.Sockets.Socket.AwaitableSocketAsyncEventArgs.System.Threading.Tasks.Sources.IValueTaskSource.GetResult(Int16 token)
   at System.Net.Sockets.Socket.<ConnectAsync>g__WaitForConnectWithCancellation|285_0(AwaitableSocketAsyncEventArgs saea, ValueTask connectTask, CancellationToken cancellationToken)
   at Grpc.Net.Client.Balancer.Internal.SocketConnectivitySubchannelTransport.TryConnectAsync(ConnectContext context, Int32 attempt)
   --- End of inner exception stack trace ---
   at Grpc.Core.AsyncStreamReaderExtensions.ReadAllAsyncCore[T](IAsyncStreamReader`1 streamReader, CancellationToken cancellationToken)+MoveNext()
   at Grpc.Core.AsyncStreamReaderExtensions.ReadAllAsyncCore[T](IAsyncStreamReader`1 streamReader, CancellationToken cancellationToken)+System.Threading.Tasks.Sources.IValueTaskSource<System.Boolean>.GetResult()
   at ShelfsService.src.ShelfsService.Host.Features.Items.GetPhotoByName.ExecuteAsync(GetImageByName req, CancellationToken ct) in D:\visualStudio\Projects\OnlineShelf\backend\Microservices\ShelfsService\src\ShelfsService.Host\Features\Images\GetImageByName.cs:line 50
   at ShelfsService.src.ShelfsService.Host.Features.Items.GetPhotoByName.ExecuteAsync(GetImageByName req, CancellationToken ct) in D:\visualStudio\Projects\OnlineShelf\backend\Microservices\ShelfsService\src\ShelfsService.Host\Features\Images\GetImageByName.cs:line 50
   at FastEndpoints.Endpoint`2.ExecAsync(CancellationToken ct)
   at FastEndpoints.Endpoint`2.ExecAsync(CancellationToken ct)
   at Microsoft.AspNetCore.Http.RequestDelegateFactory.ExecuteResultWriteResponse(IResult result, HttpContext httpContext)
   at Microsoft.AspNetCore.Authorization.AuthorizationMiddleware.Invoke(HttpContext context)
   at Microsoft.AspNetCore.Authentication.AuthenticationMiddleware.Invoke(HttpContext context)
   at Swashbuckle.AspNetCore.SwaggerUI.SwaggerUIMiddleware.Invoke(HttpContext httpContext)
   at Swashbuckle.AspNetCore.Swagger.SwaggerMiddleware.Invoke(HttpContext httpContext, ISwaggerProvider swaggerProvider)
   at Serilog.AspNetCore.RequestLoggingMiddleware.Invoke(HttpContext httpContext)
   at Microsoft.AspNetCore.Diagnostics.DeveloperExceptionPageMiddlewareImpl.Invoke(HttpContext context)
2026-07-05 15:18:34.793 +03:00 [INF] ShelfsService Serilog.AspNetCore.RequestLoggingMiddleware HTTP OPTIONS /shelfs/items responded 204 in 0.1576 ms
2026-07-05 15:18:34.824 +03:00 [INF] ShelfsService Microsoft.EntityFrameworkCore.Database.Command Executed DbCommand (5ms) [Parameters=[@__itemId_0='?' (DbType = Guid)], CommandType='"Text"', CommandTimeout='30']
SELECT i."Id", i."AttributeColorMain", i."AttributeColorSecond", i."AttributeMatterial", i."AttributePattern", i."AttributeSeason", i."AttributeType", i."BigImage", i."DateCreated", i."Name", i."ShelfId", i."SmallImage", i."UpdatedAt", i."UserId", i."isFavorite", i."positionKey"
FROM shelf_service."Items" AS i
WHERE i."Id" = @__itemId_0
LIMIT 1
2026-07-05 15:25:38.249 +03:00 [INF] ShelfsService Microsoft.EntityFrameworkCore.Database.Command Executed DbCommand (88ms) [Parameters=[], CommandType='"Text"', CommandTimeout='30']
CREATE SCHEMA IF NOT EXISTS shelf_service;
2026-07-05 15:25:38.408 +03:00 [INF] ShelfsService Microsoft.EntityFrameworkCore.Database.Command Executed DbCommand (11ms) [Parameters=[], CommandType='"Text"', CommandTimeout='30']
SELECT "MigrationId", "ProductVersion"
FROM shelf_service."__EFMigrationsHistory"
ORDER BY "MigrationId";
2026-07-05 15:25:39.090 +03:00 [INF] ShelfsService Microsoft.EntityFrameworkCore.Database.Command Executed DbCommand (18ms) [Parameters=[], CommandType='"Text"', CommandTimeout='30']
DO $EF$
BEGIN
    IF NOT EXISTS(SELECT 1 FROM pg_namespace WHERE nspname = 'shelf_service') THEN
        CREATE SCHEMA shelf_service;
    END IF;
END $EF$;
CREATE TABLE IF NOT EXISTS shelf_service."__EFMigrationsHistory" (
    "MigrationId" character varying(150) NOT NULL,
    "ProductVersion" character varying(32) NOT NULL,
    CONSTRAINT "PK___EFMigrationsHistory" PRIMARY KEY ("MigrationId")
);
2026-07-05 15:25:39.114 +03:00 [INF] ShelfsService Microsoft.EntityFrameworkCore.Migrations Acquiring an exclusive lock for migration application. See https://aka.ms/efcore-docs-migrations-lock for more information if this takes too long.
2026-07-05 15:25:39.117 +03:00 [INF] ShelfsService Microsoft.EntityFrameworkCore.Database.Command Executed DbCommand (2ms) [Parameters=[], CommandType='"Text"', CommandTimeout='30']
LOCK TABLE shelf_service."__EFMigrationsHistory" IN ACCESS EXCLUSIVE MODE
2026-07-05 15:25:39.120 +03:00 [INF] ShelfsService Microsoft.EntityFrameworkCore.Database.Command Executed DbCommand (2ms) [Parameters=[], CommandType='"Text"', CommandTimeout='30']
SELECT "MigrationId", "ProductVersion"
FROM shelf_service."__EFMigrationsHistory"
ORDER BY "MigrationId";
2026-07-05 15:25:39.132 +03:00 [INF] ShelfsService Microsoft.EntityFrameworkCore.Migrations No migrations were applied. The database is already up to date.
2026-07-05 15:25:40.542 +03:00 [INF] ShelfsService Microsoft.EntityFrameworkCore.Database.Command Executed DbCommand (30ms) [Parameters=[], CommandType='"Text"', CommandTimeout='30']
SELECT a."Id", a."AttributeKey", a."Name"
FROM shelf_service."Attributes" AS a
2026-07-05 15:25:40.713 +03:00 [INF] ShelfsService Microsoft.EntityFrameworkCore.Database.Command Executed DbCommand (5ms) [Parameters=[], CommandType='"Text"', CommandTimeout='30']
SELECT a."Id", a."AttributeId", a."AttributeKey", a."AttributeValue"
FROM shelf_service."AttributesValues" AS a
2026-07-05 15:25:40.802 +03:00 [INF] ShelfsService FastEndpoints.StartupTimer Registered 12 endpoints in 6 795 milliseconds.
2026-07-05 15:25:40.918 +03:00 [INF] ShelfsService Microsoft.EntityFrameworkCore.Database.Command Executed DbCommand (11ms) [Parameters=[], CommandType='"Text"', CommandTimeout='30']
CREATE SCHEMA IF NOT EXISTS shelf_service;
2026-07-05 15:25:40.939 +03:00 [INF] ShelfsService Microsoft.EntityFrameworkCore.Database.Command Executed DbCommand (3ms) [Parameters=[], CommandType='"Text"', CommandTimeout='30']
SELECT "MigrationId", "ProductVersion"
FROM shelf_service."__EFMigrationsHistory"
ORDER BY "MigrationId";
2026-07-05 15:25:41.074 +03:00 [INF] ShelfsService Microsoft.EntityFrameworkCore.Database.Command Executed DbCommand (3ms) [Parameters=[], CommandType='"Text"', CommandTimeout='30']
DO $EF$
BEGIN
    IF NOT EXISTS(SELECT 1 FROM pg_namespace WHERE nspname = 'shelf_service') THEN
        CREATE SCHEMA shelf_service;
    END IF;
END $EF$;
CREATE TABLE IF NOT EXISTS shelf_service."__EFMigrationsHistory" (
    "MigrationId" character varying(150) NOT NULL,
    "ProductVersion" character varying(32) NOT NULL,
    CONSTRAINT "PK___EFMigrationsHistory" PRIMARY KEY ("MigrationId")
);
2026-07-05 15:25:41.112 +03:00 [INF] ShelfsService Microsoft.EntityFrameworkCore.Database.Command Executed DbCommand (3ms) [Parameters=[], CommandType='"Text"', CommandTimeout='30']
LOCK TABLE shelf_service."__EFMigrationsHistory" IN ACCESS EXCLUSIVE MODE
2026-07-05 15:25:41.123 +03:00 [INF] ShelfsService Microsoft.EntityFrameworkCore.Database.Command Executed DbCommand (3ms) [Parameters=[], CommandType='"Text"', CommandTimeout='30']
SELECT "MigrationId", "ProductVersion"
FROM shelf_service."__EFMigrationsHistory"
ORDER BY "MigrationId";
2026-07-05 15:25:41.125 +03:00 [INF] ShelfsService Microsoft.EntityFrameworkCore.Migrations No migrations were applied. The database is already up to date.
2026-07-05 15:25:41.158 +03:00 [INF] ShelfsService Microsoft.EntityFrameworkCore.Database.Command Executed DbCommand (3ms) [Parameters=[], CommandType='"Text"', CommandTimeout='30']
SELECT "MigrationId", "ProductVersion"
FROM shelf_service."__EFMigrationsHistory"
ORDER BY "MigrationId";
2026-07-05 15:25:41.198 +03:00 [INF] ShelfsService Microsoft.EntityFrameworkCore.Database.Command Executed DbCommand (3ms) [Parameters=[], CommandType='"Text"', CommandTimeout='30']
DO $EF$
BEGIN
    IF NOT EXISTS(SELECT 1 FROM pg_namespace WHERE nspname = 'shelf_service') THEN
        CREATE SCHEMA shelf_service;
    END IF;
END $EF$;
CREATE TABLE IF NOT EXISTS shelf_service."__EFMigrationsHistory" (
    "MigrationId" character varying(150) NOT NULL,
    "ProductVersion" character varying(32) NOT NULL,
    CONSTRAINT "PK___EFMigrationsHistory" PRIMARY KEY ("MigrationId")
);
2026-07-05 15:25:41.204 +03:00 [INF] ShelfsService Microsoft.EntityFrameworkCore.Database.Command Executed DbCommand (4ms) [Parameters=[], CommandType='"Text"', CommandTimeout='30']
LOCK TABLE shelf_service."__EFMigrationsHistory" IN ACCESS EXCLUSIVE MODE
2026-07-05 15:25:41.208 +03:00 [INF] ShelfsService Microsoft.EntityFrameworkCore.Database.Command Executed DbCommand (3ms) [Parameters=[], CommandType='"Text"', CommandTimeout='30']
SELECT "MigrationId", "ProductVersion"
FROM shelf_service."__EFMigrationsHistory"
ORDER BY "MigrationId";
2026-07-05 15:25:41.208 +03:00 [INF] ShelfsService Microsoft.EntityFrameworkCore.Migrations No migrations were applied. The database is already up to date.
2026-07-05 15:25:41.403 +03:00 [INF] ShelfsService Microsoft.EntityFrameworkCore.Database.Command Executed DbCommand (3ms) [Parameters=[], CommandType='"Text"', CommandTimeout='30']
SELECT EXISTS (
    SELECT 1
    FROM shelf_service."Shelfs" AS s)
2026-07-05 15:25:41.428 +03:00 [INF] ShelfsService Microsoft.EntityFrameworkCore.Database.Command Executed DbCommand (4ms) [Parameters=[], CommandType='"Text"', CommandTimeout='30']
SELECT EXISTS (
    SELECT 1
    FROM shelf_service."Items" AS i)
2026-07-05 15:25:41.442 +03:00 [INF] ShelfsService Microsoft.EntityFrameworkCore.Database.Command Executed DbCommand (4ms) [Parameters=[], CommandType='"Text"', CommandTimeout='30']
SELECT EXISTS (
    SELECT 1
    FROM shelf_service."AttributesValues" AS a)
2026-07-05 15:25:41.455 +03:00 [INF] ShelfsService Microsoft.EntityFrameworkCore.Database.Command Executed DbCommand (4ms) [Parameters=[], CommandType='"Text"', CommandTimeout='30']
SELECT EXISTS (
    SELECT 1
    FROM shelf_service."Attributes" AS a)
2026-07-05 15:25:41.818 +03:00 [INF] ShelfsService Microsoft.Hosting.Lifetime Application started. Press Ctrl+C to shut down.
2026-07-05 15:25:41.820 +03:00 [INF] ShelfsService Microsoft.Hosting.Lifetime Hosting environment: Development
2026-07-05 15:25:41.820 +03:00 [INF] ShelfsService Microsoft.Hosting.Lifetime Content root path: D:\visualStudio\Projects\OnlineShelf\backend\Microservices\ShelfsService
2026-07-05 15:25:42.033 +03:00 [INF] ShelfsService Serilog.AspNetCore.RequestLoggingMiddleware HTTP OPTIONS /shelfs/items/attributes responded 204 in 67.5233 ms
2026-07-05 15:25:42.033 +03:00 [INF] ShelfsService Serilog.AspNetCore.RequestLoggingMiddleware HTTP OPTIONS /shelfs/items/aaaaaaaa-aaaa-aaaa-aaaa-aaaaaaaaaaaa responded 204 in 67.5645 ms
2026-07-05 15:25:42.630 +03:00 [INF] ShelfsService Serilog.AspNetCore.RequestLoggingMiddleware HTTP GET /swagger/index.html responded 200 in 672.4239 ms
2026-07-05 15:25:42.742 +03:00 [INF] ShelfsService Serilog.AspNetCore.RequestLoggingMiddleware HTTP GET /shelfs/items/attributes responded 200 in 675.0488 ms
2026-07-05 15:25:42.908 +03:00 [INF] ShelfsService Microsoft.EntityFrameworkCore.Database.Command Executed DbCommand (43ms) [Parameters=[@__itemId_0='?' (DbType = Guid)], CommandType='"Text"', CommandTimeout='30']
SELECT i."Id", i."AttributeColorMain", i."AttributeColorSecond", i."AttributeMatterial", i."AttributePattern", i."AttributeSeason", i."AttributeType", i."BigImage", i."DateCreated", i."Name", i."ShelfId", i."SmallImage", i."UpdatedAt", i."UserId", i."isFavorite", i."positionKey"
FROM shelf_service."Items" AS i
WHERE i."Id" = @__itemId_0
LIMIT 1
2026-07-05 15:25:43.024 +03:00 [INF] ShelfsService ShelfsService.src.ShelfsService.Host.Features.Items.GetItemById Item "aaaaaaaa-aaaa-aaaa-aaaa-aaaaaaaaaaaa" was returned
2026-07-05 15:25:43.140 +03:00 [INF] ShelfsService Serilog.AspNetCore.RequestLoggingMiddleware HTTP GET /shelfs/items/aaaaaaaa-aaaa-aaaa-aaaa-aaaaaaaaaaaa responded 200 in 1070.4137 ms
2026-07-05 15:25:43.442 +03:00 [INF] ShelfsService Serilog.AspNetCore.RequestLoggingMiddleware HTTP GET /swagger/v1/swagger.json responded 200 in 279.9092 ms
2026-07-05 15:25:44.073 +03:00 [INF] ShelfsService Serilog.AspNetCore.RequestLoggingMiddleware HTTP OPTIONS /shelfs/items/bc540d10-cc61-41a6-8d42-5afdac6a0b1b responded 204 in 0.2633 ms
2026-07-05 15:25:44.096 +03:00 [INF] ShelfsService Microsoft.EntityFrameworkCore.Database.Command Executed DbCommand (4ms) [Parameters=[@__itemId_0='?' (DbType = Guid)], CommandType='"Text"', CommandTimeout='30']
SELECT i."Id", i."AttributeColorMain", i."AttributeColorSecond", i."AttributeMatterial", i."AttributePattern", i."AttributeSeason", i."AttributeType", i."BigImage", i."DateCreated", i."Name", i."ShelfId", i."SmallImage", i."UpdatedAt", i."UserId", i."isFavorite", i."positionKey"
FROM shelf_service."Items" AS i
WHERE i."Id" = @__itemId_0
LIMIT 1
2026-07-05 15:25:44.097 +03:00 [INF] ShelfsService ShelfsService.src.ShelfsService.Host.Features.Items.GetItemById Item "bc540d10-cc61-41a6-8d42-5afdac6a0b1b" was returned
2026-07-05 15:25:44.107 +03:00 [INF] ShelfsService Serilog.AspNetCore.RequestLoggingMiddleware HTTP GET /shelfs/items/bc540d10-cc61-41a6-8d42-5afdac6a0b1b responded 200 in 28.2193 ms
2026-07-05 15:25:44.349 +03:00 [INF] ShelfsService Serilog.AspNetCore.RequestLoggingMiddleware HTTP OPTIONS /shelfs/image/get-image/4b1f3cdf-fa97-4744-a677-47c0969b6af8_big.webp responded 204 in 0.1305 ms
2026-07-05 15:25:47.411 +03:00 [INF] ShelfsService Grpc.Net.Client.Internal.GrpcCall Call failed with gRPC error status. Status code: '"Unavailable"', Message: 'Error connecting to subchannel.'.
System.Net.Sockets.SocketException (11001): No such host is known.
   at System.Net.Sockets.Socket.AwaitableSocketAsyncEventArgs.ThrowException(SocketError error, CancellationToken cancellationToken)
   at System.Net.Sockets.Socket.AwaitableSocketAsyncEventArgs.System.Threading.Tasks.Sources.IValueTaskSource.GetResult(Int16 token)
   at System.Net.Sockets.Socket.<ConnectAsync>g__WaitForConnectWithCancellation|285_0(AwaitableSocketAsyncEventArgs saea, ValueTask connectTask, CancellationToken cancellationToken)
   at Grpc.Net.Client.Balancer.Internal.SocketConnectivitySubchannelTransport.TryConnectAsync(ConnectContext context, Int32 attempt)
2026-07-05 15:25:47.795 +03:00 [ERR] ShelfsService Serilog.AspNetCore.RequestLoggingMiddleware HTTP GET /shelfs/image/get-image/4b1f3cdf-fa97-4744-a677-47c0969b6af8_big.webp responded 500 in 3418.6955 ms
Grpc.Core.RpcException: Status(StatusCode="Unavailable", Detail="Error connecting to subchannel.", DebugException="System.Net.Sockets.SocketException: No such host is known.")
 ---> System.Net.Sockets.SocketException (11001): No such host is known.
   at System.Net.Sockets.Socket.AwaitableSocketAsyncEventArgs.ThrowException(SocketError error, CancellationToken cancellationToken)
   at System.Net.Sockets.Socket.AwaitableSocketAsyncEventArgs.System.Threading.Tasks.Sources.IValueTaskSource.GetResult(Int16 token)
   at System.Net.Sockets.Socket.<ConnectAsync>g__WaitForConnectWithCancellation|285_0(AwaitableSocketAsyncEventArgs saea, ValueTask connectTask, CancellationToken cancellationToken)
   at Grpc.Net.Client.Balancer.Internal.SocketConnectivitySubchannelTransport.TryConnectAsync(ConnectContext context, Int32 attempt)
   --- End of inner exception stack trace ---
   at Grpc.Net.Client.Internal.HttpContentClientStreamReader`2.MoveNextCore(CancellationToken cancellationToken)
   at Grpc.Core.AsyncStreamReaderExtensions.ReadAllAsyncCore[T](IAsyncStreamReader`1 streamReader, CancellationToken cancellationToken)+MoveNext()
   at Grpc.Core.AsyncStreamReaderExtensions.ReadAllAsyncCore[T](IAsyncStreamReader`1 streamReader, CancellationToken cancellationToken)+System.Threading.Tasks.Sources.IValueTaskSource<System.Boolean>.GetResult()
   at ShelfsService.src.ShelfsService.Host.Features.Items.GetPhotoByName.ExecuteAsync(GetImageByName req, CancellationToken ct) in D:\visualStudio\Projects\OnlineShelf\backend\Microservices\ShelfsService\src\ShelfsService.Host\Features\Images\GetImageByName.cs:line 50
   at ShelfsService.src.ShelfsService.Host.Features.Items.GetPhotoByName.ExecuteAsync(GetImageByName req, CancellationToken ct) in D:\visualStudio\Projects\OnlineShelf\backend\Microservices\ShelfsService\src\ShelfsService.Host\Features\Images\GetImageByName.cs:line 50
   at FastEndpoints.Endpoint`2.ExecAsync(CancellationToken ct)
   at FastEndpoints.Endpoint`2.ExecAsync(CancellationToken ct)
   at Microsoft.AspNetCore.Http.RequestDelegateFactory.ExecuteResultWriteResponse(IResult result, HttpContext httpContext)
   at Microsoft.AspNetCore.Authorization.AuthorizationMiddleware.Invoke(HttpContext context)
   at Microsoft.AspNetCore.Authentication.AuthenticationMiddleware.Invoke(HttpContext context)
   at Swashbuckle.AspNetCore.SwaggerUI.SwaggerUIMiddleware.Invoke(HttpContext httpContext)
   at Swashbuckle.AspNetCore.Swagger.SwaggerMiddleware.Invoke(HttpContext httpContext, ISwaggerProvider swaggerProvider)
   at Serilog.AspNetCore.RequestLoggingMiddleware.Invoke(HttpContext httpContext)
2026-07-05 15:25:47.812 +03:00 [ERR] ShelfsService Microsoft.AspNetCore.Diagnostics.DeveloperExceptionPageMiddleware An unhandled exception has occurred while executing the request.
Grpc.Core.RpcException: Status(StatusCode="Unavailable", Detail="Error connecting to subchannel.", DebugException="System.Net.Sockets.SocketException: No such host is known.")
 ---> System.Net.Sockets.SocketException (11001): No such host is known.
   at System.Net.Sockets.Socket.AwaitableSocketAsyncEventArgs.ThrowException(SocketError error, CancellationToken cancellationToken)
   at System.Net.Sockets.Socket.AwaitableSocketAsyncEventArgs.System.Threading.Tasks.Sources.IValueTaskSource.GetResult(Int16 token)
   at System.Net.Sockets.Socket.<ConnectAsync>g__WaitForConnectWithCancellation|285_0(AwaitableSocketAsyncEventArgs saea, ValueTask connectTask, CancellationToken cancellationToken)
   at Grpc.Net.Client.Balancer.Internal.SocketConnectivitySubchannelTransport.TryConnectAsync(ConnectContext context, Int32 attempt)
   --- End of inner exception stack trace ---
   at Grpc.Net.Client.Internal.HttpContentClientStreamReader`2.MoveNextCore(CancellationToken cancellationToken)
   at Grpc.Core.AsyncStreamReaderExtensions.ReadAllAsyncCore[T](IAsyncStreamReader`1 streamReader, CancellationToken cancellationToken)+MoveNext()
   at Grpc.Core.AsyncStreamReaderExtensions.ReadAllAsyncCore[T](IAsyncStreamReader`1 streamReader, CancellationToken cancellationToken)+System.Threading.Tasks.Sources.IValueTaskSource<System.Boolean>.GetResult()
   at ShelfsService.src.ShelfsService.Host.Features.Items.GetPhotoByName.ExecuteAsync(GetImageByName req, CancellationToken ct) in D:\visualStudio\Projects\OnlineShelf\backend\Microservices\ShelfsService\src\ShelfsService.Host\Features\Images\GetImageByName.cs:line 50
   at ShelfsService.src.ShelfsService.Host.Features.Items.GetPhotoByName.ExecuteAsync(GetImageByName req, CancellationToken ct) in D:\visualStudio\Projects\OnlineShelf\backend\Microservices\ShelfsService\src\ShelfsService.Host\Features\Images\GetImageByName.cs:line 50
   at FastEndpoints.Endpoint`2.ExecAsync(CancellationToken ct)
   at FastEndpoints.Endpoint`2.ExecAsync(CancellationToken ct)
   at Microsoft.AspNetCore.Http.RequestDelegateFactory.ExecuteResultWriteResponse(IResult result, HttpContext httpContext)
   at Microsoft.AspNetCore.Authorization.AuthorizationMiddleware.Invoke(HttpContext context)
   at Microsoft.AspNetCore.Authentication.AuthenticationMiddleware.Invoke(HttpContext context)
   at Swashbuckle.AspNetCore.SwaggerUI.SwaggerUIMiddleware.Invoke(HttpContext httpContext)
   at Swashbuckle.AspNetCore.Swagger.SwaggerMiddleware.Invoke(HttpContext httpContext, ISwaggerProvider swaggerProvider)
   at Serilog.AspNetCore.RequestLoggingMiddleware.Invoke(HttpContext httpContext)
   at Microsoft.AspNetCore.Diagnostics.DeveloperExceptionPageMiddlewareImpl.Invoke(HttpContext context)
2026-07-05 15:25:50.980 +03:00 [INF] ShelfsService Grpc.Net.Client.Internal.GrpcCall Call failed with gRPC error status. Status code: '"Unavailable"', Message: 'Error connecting to subchannel.'.
System.Net.Sockets.SocketException (11001): No such host is known.
   at System.Net.Sockets.Socket.AwaitableSocketAsyncEventArgs.ThrowException(SocketError error, CancellationToken cancellationToken)
   at System.Net.Sockets.Socket.AwaitableSocketAsyncEventArgs.System.Threading.Tasks.Sources.IValueTaskSource.GetResult(Int16 token)
   at System.Net.Sockets.Socket.<ConnectAsync>g__WaitForConnectWithCancellation|285_0(AwaitableSocketAsyncEventArgs saea, ValueTask connectTask, CancellationToken cancellationToken)
   at Grpc.Net.Client.Balancer.Internal.SocketConnectivitySubchannelTransport.TryConnectAsync(ConnectContext context, Int32 attempt)
2026-07-05 15:25:51.043 +03:00 [ERR] ShelfsService Serilog.AspNetCore.RequestLoggingMiddleware HTTP GET /shelfs/image/get-image/4b1f3cdf-fa97-4744-a677-47c0969b6af8_big.webp responded 500 in 2198.6716 ms
Grpc.Core.RpcException: Status(StatusCode="Unavailable", Detail="Error connecting to subchannel.", DebugException="System.Net.Sockets.SocketException: No such host is known.")
 ---> System.Net.Sockets.SocketException (11001): No such host is known.
   at System.Net.Sockets.Socket.AwaitableSocketAsyncEventArgs.ThrowException(SocketError error, CancellationToken cancellationToken)
   at System.Net.Sockets.Socket.AwaitableSocketAsyncEventArgs.System.Threading.Tasks.Sources.IValueTaskSource.GetResult(Int16 token)
   at System.Net.Sockets.Socket.<ConnectAsync>g__WaitForConnectWithCancellation|285_0(AwaitableSocketAsyncEventArgs saea, ValueTask connectTask, CancellationToken cancellationToken)
   at Grpc.Net.Client.Balancer.Internal.SocketConnectivitySubchannelTransport.TryConnectAsync(ConnectContext context, Int32 attempt)
   --- End of inner exception stack trace ---
   at Grpc.Net.Client.Internal.HttpContentClientStreamReader`2.MoveNextCore(CancellationToken cancellationToken)
   at Grpc.Core.AsyncStreamReaderExtensions.ReadAllAsyncCore[T](IAsyncStreamReader`1 streamReader, CancellationToken cancellationToken)+MoveNext()
   at Grpc.Core.AsyncStreamReaderExtensions.ReadAllAsyncCore[T](IAsyncStreamReader`1 streamReader, CancellationToken cancellationToken)+System.Threading.Tasks.Sources.IValueTaskSource<System.Boolean>.GetResult()
   at ShelfsService.src.ShelfsService.Host.Features.Items.GetPhotoByName.ExecuteAsync(GetImageByName req, CancellationToken ct) in D:\visualStudio\Projects\OnlineShelf\backend\Microservices\ShelfsService\src\ShelfsService.Host\Features\Images\GetImageByName.cs:line 50
   at ShelfsService.src.ShelfsService.Host.Features.Items.GetPhotoByName.ExecuteAsync(GetImageByName req, CancellationToken ct) in D:\visualStudio\Projects\OnlineShelf\backend\Microservices\ShelfsService\src\ShelfsService.Host\Features\Images\GetImageByName.cs:line 50
   at FastEndpoints.Endpoint`2.ExecAsync(CancellationToken ct)
   at FastEndpoints.Endpoint`2.ExecAsync(CancellationToken ct)
   at Microsoft.AspNetCore.Http.RequestDelegateFactory.ExecuteResultWriteResponse(IResult result, HttpContext httpContext)
   at Microsoft.AspNetCore.Authorization.AuthorizationMiddleware.Invoke(HttpContext context)
   at Microsoft.AspNetCore.Authentication.AuthenticationMiddleware.Invoke(HttpContext context)
   at Swashbuckle.AspNetCore.SwaggerUI.SwaggerUIMiddleware.Invoke(HttpContext httpContext)
   at Swashbuckle.AspNetCore.Swagger.SwaggerMiddleware.Invoke(HttpContext httpContext, ISwaggerProvider swaggerProvider)
   at Serilog.AspNetCore.RequestLoggingMiddleware.Invoke(HttpContext httpContext)
2026-07-05 15:25:51.049 +03:00 [ERR] ShelfsService Microsoft.AspNetCore.Diagnostics.DeveloperExceptionPageMiddleware An unhandled exception has occurred while executing the request.
Grpc.Core.RpcException: Status(StatusCode="Unavailable", Detail="Error connecting to subchannel.", DebugException="System.Net.Sockets.SocketException: No such host is known.")
 ---> System.Net.Sockets.SocketException (11001): No such host is known.
   at System.Net.Sockets.Socket.AwaitableSocketAsyncEventArgs.ThrowException(SocketError error, CancellationToken cancellationToken)
   at System.Net.Sockets.Socket.AwaitableSocketAsyncEventArgs.System.Threading.Tasks.Sources.IValueTaskSource.GetResult(Int16 token)
   at System.Net.Sockets.Socket.<ConnectAsync>g__WaitForConnectWithCancellation|285_0(AwaitableSocketAsyncEventArgs saea, ValueTask connectTask, CancellationToken cancellationToken)
   at Grpc.Net.Client.Balancer.Internal.SocketConnectivitySubchannelTransport.TryConnectAsync(ConnectContext context, Int32 attempt)
   --- End of inner exception stack trace ---
   at Grpc.Net.Client.Internal.HttpContentClientStreamReader`2.MoveNextCore(CancellationToken cancellationToken)
   at Grpc.Core.AsyncStreamReaderExtensions.ReadAllAsyncCore[T](IAsyncStreamReader`1 streamReader, CancellationToken cancellationToken)+MoveNext()
   at Grpc.Core.AsyncStreamReaderExtensions.ReadAllAsyncCore[T](IAsyncStreamReader`1 streamReader, CancellationToken cancellationToken)+System.Threading.Tasks.Sources.IValueTaskSource<System.Boolean>.GetResult()
   at ShelfsService.src.ShelfsService.Host.Features.Items.GetPhotoByName.ExecuteAsync(GetImageByName req, CancellationToken ct) in D:\visualStudio\Projects\OnlineShelf\backend\Microservices\ShelfsService\src\ShelfsService.Host\Features\Images\GetImageByName.cs:line 50
   at ShelfsService.src.ShelfsService.Host.Features.Items.GetPhotoByName.ExecuteAsync(GetImageByName req, CancellationToken ct) in D:\visualStudio\Projects\OnlineShelf\backend\Microservices\ShelfsService\src\ShelfsService.Host\Features\Images\GetImageByName.cs:line 50
   at FastEndpoints.Endpoint`2.ExecAsync(CancellationToken ct)
   at FastEndpoints.Endpoint`2.ExecAsync(CancellationToken ct)
   at Microsoft.AspNetCore.Http.RequestDelegateFactory.ExecuteResultWriteResponse(IResult result, HttpContext httpContext)
   at Microsoft.AspNetCore.Authorization.AuthorizationMiddleware.Invoke(HttpContext context)
   at Microsoft.AspNetCore.Authentication.AuthenticationMiddleware.Invoke(HttpContext context)
   at Swashbuckle.AspNetCore.SwaggerUI.SwaggerUIMiddleware.Invoke(HttpContext httpContext)
   at Swashbuckle.AspNetCore.Swagger.SwaggerMiddleware.Invoke(HttpContext httpContext, ISwaggerProvider swaggerProvider)
   at Serilog.AspNetCore.RequestLoggingMiddleware.Invoke(HttpContext httpContext)
   at Microsoft.AspNetCore.Diagnostics.DeveloperExceptionPageMiddlewareImpl.Invoke(HttpContext context)
2026-07-05 15:25:53.069 +03:00 [INF] ShelfsService Serilog.AspNetCore.RequestLoggingMiddleware HTTP OPTIONS /shelfs/image/get-image/4b1f3cdf-fa97-4744-a677-47c0969b6af8_big.webp responded 204 in 0.1083 ms
2026-07-05 15:25:54.337 +03:00 [INF] ShelfsService Serilog.AspNetCore.RequestLoggingMiddleware HTTP OPTIONS /shelfs/items responded 204 in 0.0978 ms
2026-07-05 15:25:54.493 +03:00 [INF] ShelfsService Microsoft.EntityFrameworkCore.Database.Command Executed DbCommand (3ms) [Parameters=[@__itemId_0='?' (DbType = Guid)], CommandType='"Text"', CommandTimeout='30']
SELECT i."Id", i."AttributeColorMain", i."AttributeColorSecond", i."AttributeMatterial", i."AttributePattern", i."AttributeSeason", i."AttributeType", i."BigImage", i."DateCreated", i."Name", i."ShelfId", i."SmallImage", i."UpdatedAt", i."UserId", i."isFavorite", i."positionKey"
FROM shelf_service."Items" AS i
WHERE i."Id" = @__itemId_0
LIMIT 1
2026-07-05 15:25:57.784 +03:00 [INF] ShelfsService Grpc.Net.Client.Internal.GrpcCall Call failed with gRPC error status. Status code: '"Unavailable"', Message: 'Error connecting to subchannel.'.
System.Net.Sockets.SocketException (11001): No such host is known.
   at System.Net.Sockets.Socket.AwaitableSocketAsyncEventArgs.ThrowException(SocketError error, CancellationToken cancellationToken)
   at System.Net.Sockets.Socket.AwaitableSocketAsyncEventArgs.System.Threading.Tasks.Sources.IValueTaskSource.GetResult(Int16 token)
   at System.Net.Sockets.Socket.<ConnectAsync>g__WaitForConnectWithCancellation|285_0(AwaitableSocketAsyncEventArgs saea, ValueTask connectTask, CancellationToken cancellationToken)
   at Grpc.Net.Client.Balancer.Internal.SocketConnectivitySubchannelTransport.TryConnectAsync(ConnectContext context, Int32 attempt)
2026-07-05 15:25:57.831 +03:00 [ERR] ShelfsService Serilog.AspNetCore.RequestLoggingMiddleware HTTP GET /shelfs/image/get-image/4b1f3cdf-fa97-4744-a677-47c0969b6af8_big.webp responded 500 in 4753.7314 ms
Grpc.Core.RpcException: Status(StatusCode="Unavailable", Detail="Error connecting to subchannel.", DebugException="System.Net.Sockets.SocketException: No such host is known.")
 ---> System.Net.Sockets.SocketException (11001): No such host is known.
   at System.Net.Sockets.Socket.AwaitableSocketAsyncEventArgs.ThrowException(SocketError error, CancellationToken cancellationToken)
   at System.Net.Sockets.Socket.AwaitableSocketAsyncEventArgs.System.Threading.Tasks.Sources.IValueTaskSource.GetResult(Int16 token)
   at System.Net.Sockets.Socket.<ConnectAsync>g__WaitForConnectWithCancellation|285_0(AwaitableSocketAsyncEventArgs saea, ValueTask connectTask, CancellationToken cancellationToken)
   at Grpc.Net.Client.Balancer.Internal.SocketConnectivitySubchannelTransport.TryConnectAsync(ConnectContext context, Int32 attempt)
   --- End of inner exception stack trace ---
   at Grpc.Net.Client.Internal.HttpContentClientStreamReader`2.MoveNextCore(CancellationToken cancellationToken)
   at Grpc.Core.AsyncStreamReaderExtensions.ReadAllAsyncCore[T](IAsyncStreamReader`1 streamReader, CancellationToken cancellationToken)+MoveNext()
   at Grpc.Core.AsyncStreamReaderExtensions.ReadAllAsyncCore[T](IAsyncStreamReader`1 streamReader, CancellationToken cancellationToken)+System.Threading.Tasks.Sources.IValueTaskSource<System.Boolean>.GetResult()
   at ShelfsService.src.ShelfsService.Host.Features.Items.GetPhotoByName.ExecuteAsync(GetImageByName req, CancellationToken ct) in D:\visualStudio\Projects\OnlineShelf\backend\Microservices\ShelfsService\src\ShelfsService.Host\Features\Images\GetImageByName.cs:line 50
   at ShelfsService.src.ShelfsService.Host.Features.Items.GetPhotoByName.ExecuteAsync(GetImageByName req, CancellationToken ct) in D:\visualStudio\Projects\OnlineShelf\backend\Microservices\ShelfsService\src\ShelfsService.Host\Features\Images\GetImageByName.cs:line 50
   at FastEndpoints.Endpoint`2.ExecAsync(CancellationToken ct)
   at FastEndpoints.Endpoint`2.ExecAsync(CancellationToken ct)
   at Microsoft.AspNetCore.Http.RequestDelegateFactory.ExecuteResultWriteResponse(IResult result, HttpContext httpContext)
   at Microsoft.AspNetCore.Authorization.AuthorizationMiddleware.Invoke(HttpContext context)
   at Microsoft.AspNetCore.Authentication.AuthenticationMiddleware.Invoke(HttpContext context)
   at Swashbuckle.AspNetCore.SwaggerUI.SwaggerUIMiddleware.Invoke(HttpContext httpContext)
   at Swashbuckle.AspNetCore.Swagger.SwaggerMiddleware.Invoke(HttpContext httpContext, ISwaggerProvider swaggerProvider)
   at Serilog.AspNetCore.RequestLoggingMiddleware.Invoke(HttpContext httpContext)
2026-07-05 15:25:57.838 +03:00 [ERR] ShelfsService Microsoft.AspNetCore.Diagnostics.DeveloperExceptionPageMiddleware An unhandled exception has occurred while executing the request.
Grpc.Core.RpcException: Status(StatusCode="Unavailable", Detail="Error connecting to subchannel.", DebugException="System.Net.Sockets.SocketException: No such host is known.")
 ---> System.Net.Sockets.SocketException (11001): No such host is known.
   at System.Net.Sockets.Socket.AwaitableSocketAsyncEventArgs.ThrowException(SocketError error, CancellationToken cancellationToken)
   at System.Net.Sockets.Socket.AwaitableSocketAsyncEventArgs.System.Threading.Tasks.Sources.IValueTaskSource.GetResult(Int16 token)
   at System.Net.Sockets.Socket.<ConnectAsync>g__WaitForConnectWithCancellation|285_0(AwaitableSocketAsyncEventArgs saea, ValueTask connectTask, CancellationToken cancellationToken)
   at Grpc.Net.Client.Balancer.Internal.SocketConnectivitySubchannelTransport.TryConnectAsync(ConnectContext context, Int32 attempt)
   --- End of inner exception stack trace ---
   at Grpc.Net.Client.Internal.HttpContentClientStreamReader`2.MoveNextCore(CancellationToken cancellationToken)
   at Grpc.Core.AsyncStreamReaderExtensions.ReadAllAsyncCore[T](IAsyncStreamReader`1 streamReader, CancellationToken cancellationToken)+MoveNext()
   at Grpc.Core.AsyncStreamReaderExtensions.ReadAllAsyncCore[T](IAsyncStreamReader`1 streamReader, CancellationToken cancellationToken)+System.Threading.Tasks.Sources.IValueTaskSource<System.Boolean>.GetResult()
   at ShelfsService.src.ShelfsService.Host.Features.Items.GetPhotoByName.ExecuteAsync(GetImageByName req, CancellationToken ct) in D:\visualStudio\Projects\OnlineShelf\backend\Microservices\ShelfsService\src\ShelfsService.Host\Features\Images\GetImageByName.cs:line 50
   at ShelfsService.src.ShelfsService.Host.Features.Items.GetPhotoByName.ExecuteAsync(GetImageByName req, CancellationToken ct) in D:\visualStudio\Projects\OnlineShelf\backend\Microservices\ShelfsService\src\ShelfsService.Host\Features\Images\GetImageByName.cs:line 50
   at FastEndpoints.Endpoint`2.ExecAsync(CancellationToken ct)
   at FastEndpoints.Endpoint`2.ExecAsync(CancellationToken ct)
   at Microsoft.AspNetCore.Http.RequestDelegateFactory.ExecuteResultWriteResponse(IResult result, HttpContext httpContext)
   at Microsoft.AspNetCore.Authorization.AuthorizationMiddleware.Invoke(HttpContext context)
   at Microsoft.AspNetCore.Authentication.AuthenticationMiddleware.Invoke(HttpContext context)
   at Swashbuckle.AspNetCore.SwaggerUI.SwaggerUIMiddleware.Invoke(HttpContext httpContext)
   at Swashbuckle.AspNetCore.Swagger.SwaggerMiddleware.Invoke(HttpContext httpContext, ISwaggerProvider swaggerProvider)
   at Serilog.AspNetCore.RequestLoggingMiddleware.Invoke(HttpContext httpContext)
   at Microsoft.AspNetCore.Diagnostics.DeveloperExceptionPageMiddlewareImpl.Invoke(HttpContext context)
2026-07-05 15:25:57.844 +03:00 [INF] ShelfsService Grpc.Net.Client.Internal.GrpcCall Call failed with gRPC error status. Status code: '"Unavailable"', Message: 'Error connecting to subchannel.'.
System.Net.Sockets.SocketException (11001): No such host is known.
   at System.Net.Sockets.Socket.AwaitableSocketAsyncEventArgs.ThrowException(SocketError error, CancellationToken cancellationToken)
   at System.Net.Sockets.Socket.AwaitableSocketAsyncEventArgs.System.Threading.Tasks.Sources.IValueTaskSource.GetResult(Int16 token)
   at System.Net.Sockets.Socket.<ConnectAsync>g__WaitForConnectWithCancellation|285_0(AwaitableSocketAsyncEventArgs saea, ValueTask connectTask, CancellationToken cancellationToken)
   at Grpc.Net.Client.Balancer.Internal.SocketConnectivitySubchannelTransport.TryConnectAsync(ConnectContext context, Int32 attempt)
2026-07-05 15:25:57.882 +03:00 [ERR] ShelfsService Serilog.AspNetCore.RequestLoggingMiddleware HTTP PUT /shelfs/items responded 500 in 3540.0599 ms
Grpc.Core.RpcException: Status(StatusCode="Unavailable", Detail="Error connecting to subchannel.", DebugException="System.Net.Sockets.SocketException: No such host is known.")
 ---> System.Net.Sockets.SocketException (11001): No such host is known.
   at System.Net.Sockets.Socket.AwaitableSocketAsyncEventArgs.ThrowException(SocketError error, CancellationToken cancellationToken)
   at System.Net.Sockets.Socket.AwaitableSocketAsyncEventArgs.System.Threading.Tasks.Sources.IValueTaskSource.GetResult(Int16 token)
   at System.Net.Sockets.Socket.<ConnectAsync>g__WaitForConnectWithCancellation|285_0(AwaitableSocketAsyncEventArgs saea, ValueTask connectTask, CancellationToken cancellationToken)
   at Grpc.Net.Client.Balancer.Internal.SocketConnectivitySubchannelTransport.TryConnectAsync(ConnectContext context, Int32 attempt)
   --- End of inner exception stack trace ---
   at Grpc.Net.Client.Balancer.Internal.ConnectionManager.PickAsync(PickContext context, Boolean waitForReady, CancellationToken cancellationToken)
   at Grpc.Net.Client.Balancer.Internal.BalancerHttpHandler.SendAsync(HttpRequestMessage request, CancellationToken cancellationToken)
   at Grpc.Net.Client.Internal.GrpcCall`2.RunCall(HttpRequestMessage request, Nullable`1 timeout)
   at ShelfsService.src.ShelfsService.Host.Features.Items.UpdateItemCommandHandler.HandleAsync(UpdateItemCommand request, CancellationToken ct) in D:\visualStudio\Projects\OnlineShelf\backend\Microservices\ShelfsService\src\ShelfsService.Host\Features\Items\UpdateItem.cs:line 94
   at FastEndpoints.Endpoint`2.ExecAsync(CancellationToken ct)
   at FastEndpoints.Endpoint`2.ExecAsync(CancellationToken ct)
   at Microsoft.AspNetCore.Http.RequestDelegateFactory.ExecuteResultWriteResponse(IResult result, HttpContext httpContext)
   at Microsoft.AspNetCore.Authorization.AuthorizationMiddleware.Invoke(HttpContext context)
   at Microsoft.AspNetCore.Authentication.AuthenticationMiddleware.Invoke(HttpContext context)
   at Swashbuckle.AspNetCore.SwaggerUI.SwaggerUIMiddleware.Invoke(HttpContext httpContext)
   at Swashbuckle.AspNetCore.Swagger.SwaggerMiddleware.Invoke(HttpContext httpContext, ISwaggerProvider swaggerProvider)
   at Serilog.AspNetCore.RequestLoggingMiddleware.Invoke(HttpContext httpContext)
2026-07-05 15:25:57.886 +03:00 [ERR] ShelfsService Microsoft.AspNetCore.Diagnostics.DeveloperExceptionPageMiddleware An unhandled exception has occurred while executing the request.
Grpc.Core.RpcException: Status(StatusCode="Unavailable", Detail="Error connecting to subchannel.", DebugException="System.Net.Sockets.SocketException: No such host is known.")
 ---> System.Net.Sockets.SocketException (11001): No such host is known.
   at System.Net.Sockets.Socket.AwaitableSocketAsyncEventArgs.ThrowException(SocketError error, CancellationToken cancellationToken)
   at System.Net.Sockets.Socket.AwaitableSocketAsyncEventArgs.System.Threading.Tasks.Sources.IValueTaskSource.GetResult(Int16 token)
   at System.Net.Sockets.Socket.<ConnectAsync>g__WaitForConnectWithCancellation|285_0(AwaitableSocketAsyncEventArgs saea, ValueTask connectTask, CancellationToken cancellationToken)
   at Grpc.Net.Client.Balancer.Internal.SocketConnectivitySubchannelTransport.TryConnectAsync(ConnectContext context, Int32 attempt)
   --- End of inner exception stack trace ---
   at Grpc.Net.Client.Balancer.Internal.ConnectionManager.PickAsync(PickContext context, Boolean waitForReady, CancellationToken cancellationToken)
   at Grpc.Net.Client.Balancer.Internal.BalancerHttpHandler.SendAsync(HttpRequestMessage request, CancellationToken cancellationToken)
   at Grpc.Net.Client.Internal.GrpcCall`2.RunCall(HttpRequestMessage request, Nullable`1 timeout)
   at ShelfsService.src.ShelfsService.Host.Features.Items.UpdateItemCommandHandler.HandleAsync(UpdateItemCommand request, CancellationToken ct) in D:\visualStudio\Projects\OnlineShelf\backend\Microservices\ShelfsService\src\ShelfsService.Host\Features\Items\UpdateItem.cs:line 94
   at FastEndpoints.Endpoint`2.ExecAsync(CancellationToken ct)
   at FastEndpoints.Endpoint`2.ExecAsync(CancellationToken ct)
   at Microsoft.AspNetCore.Http.RequestDelegateFactory.ExecuteResultWriteResponse(IResult result, HttpContext httpContext)
   at Microsoft.AspNetCore.Authorization.AuthorizationMiddleware.Invoke(HttpContext context)
   at Microsoft.AspNetCore.Authentication.AuthenticationMiddleware.Invoke(HttpContext context)
   at Swashbuckle.AspNetCore.SwaggerUI.SwaggerUIMiddleware.Invoke(HttpContext httpContext)
   at Swashbuckle.AspNetCore.Swagger.SwaggerMiddleware.Invoke(HttpContext httpContext, ISwaggerProvider swaggerProvider)
   at Serilog.AspNetCore.RequestLoggingMiddleware.Invoke(HttpContext httpContext)
   at Microsoft.AspNetCore.Diagnostics.DeveloperExceptionPageMiddlewareImpl.Invoke(HttpContext context)
2026-07-05 15:26:01.856 +03:00 [INF] ShelfsService Serilog.AspNetCore.RequestLoggingMiddleware HTTP OPTIONS /shelfs/image/get-image/4b1f3cdf-fa97-4744-a677-47c0969b6af8_big.webp responded 204 in 0.1322 ms
2026-07-05 15:26:03.253 +03:00 [INF] ShelfsService Grpc.Net.Client.Internal.GrpcCall Call failed with gRPC error status. Status code: '"Unavailable"', Message: 'Error connecting to subchannel.'.
System.Net.Sockets.SocketException (11001): No such host is known.
   at System.Net.Sockets.Socket.AwaitableSocketAsyncEventArgs.ThrowException(SocketError error, CancellationToken cancellationToken)
   at System.Net.Sockets.Socket.AwaitableSocketAsyncEventArgs.System.Threading.Tasks.Sources.IValueTaskSource.GetResult(Int16 token)
   at System.Net.Sockets.Socket.<ConnectAsync>g__WaitForConnectWithCancellation|285_0(AwaitableSocketAsyncEventArgs saea, ValueTask connectTask, CancellationToken cancellationToken)
   at Grpc.Net.Client.Balancer.Internal.SocketConnectivitySubchannelTransport.TryConnectAsync(ConnectContext context, Int32 attempt)
2026-07-05 15:26:03.300 +03:00 [ERR] ShelfsService Serilog.AspNetCore.RequestLoggingMiddleware HTTP GET /shelfs/image/get-image/4b1f3cdf-fa97-4744-a677-47c0969b6af8_big.webp responded 500 in 1416.0636 ms
Grpc.Core.RpcException: Status(StatusCode="Unavailable", Detail="Error connecting to subchannel.", DebugException="System.Net.Sockets.SocketException: No such host is known.")
 ---> System.Net.Sockets.SocketException (11001): No such host is known.
   at System.Net.Sockets.Socket.AwaitableSocketAsyncEventArgs.ThrowException(SocketError error, CancellationToken cancellationToken)
   at System.Net.Sockets.Socket.AwaitableSocketAsyncEventArgs.System.Threading.Tasks.Sources.IValueTaskSource.GetResult(Int16 token)
   at System.Net.Sockets.Socket.<ConnectAsync>g__WaitForConnectWithCancellation|285_0(AwaitableSocketAsyncEventArgs saea, ValueTask connectTask, CancellationToken cancellationToken)
   at Grpc.Net.Client.Balancer.Internal.SocketConnectivitySubchannelTransport.TryConnectAsync(ConnectContext context, Int32 attempt)
   --- End of inner exception stack trace ---
   at Grpc.Net.Client.Internal.HttpContentClientStreamReader`2.MoveNextCore(CancellationToken cancellationToken)
   at Grpc.Core.AsyncStreamReaderExtensions.ReadAllAsyncCore[T](IAsyncStreamReader`1 streamReader, CancellationToken cancellationToken)+MoveNext()
   at Grpc.Core.AsyncStreamReaderExtensions.ReadAllAsyncCore[T](IAsyncStreamReader`1 streamReader, CancellationToken cancellationToken)+System.Threading.Tasks.Sources.IValueTaskSource<System.Boolean>.GetResult()
   at ShelfsService.src.ShelfsService.Host.Features.Items.GetPhotoByName.ExecuteAsync(GetImageByName req, CancellationToken ct) in D:\visualStudio\Projects\OnlineShelf\backend\Microservices\ShelfsService\src\ShelfsService.Host\Features\Images\GetImageByName.cs:line 50
   at ShelfsService.src.ShelfsService.Host.Features.Items.GetPhotoByName.ExecuteAsync(GetImageByName req, CancellationToken ct) in D:\visualStudio\Projects\OnlineShelf\backend\Microservices\ShelfsService\src\ShelfsService.Host\Features\Images\GetImageByName.cs:line 50
   at FastEndpoints.Endpoint`2.ExecAsync(CancellationToken ct)
   at FastEndpoints.Endpoint`2.ExecAsync(CancellationToken ct)
   at Microsoft.AspNetCore.Http.RequestDelegateFactory.ExecuteResultWriteResponse(IResult result, HttpContext httpContext)
   at Microsoft.AspNetCore.Authorization.AuthorizationMiddleware.Invoke(HttpContext context)
   at Microsoft.AspNetCore.Authentication.AuthenticationMiddleware.Invoke(HttpContext context)
   at Swashbuckle.AspNetCore.SwaggerUI.SwaggerUIMiddleware.Invoke(HttpContext httpContext)
   at Swashbuckle.AspNetCore.Swagger.SwaggerMiddleware.Invoke(HttpContext httpContext, ISwaggerProvider swaggerProvider)
   at Serilog.AspNetCore.RequestLoggingMiddleware.Invoke(HttpContext httpContext)
2026-07-05 15:26:03.303 +03:00 [ERR] ShelfsService Microsoft.AspNetCore.Diagnostics.DeveloperExceptionPageMiddleware An unhandled exception has occurred while executing the request.
Grpc.Core.RpcException: Status(StatusCode="Unavailable", Detail="Error connecting to subchannel.", DebugException="System.Net.Sockets.SocketException: No such host is known.")
 ---> System.Net.Sockets.SocketException (11001): No such host is known.
   at System.Net.Sockets.Socket.AwaitableSocketAsyncEventArgs.ThrowException(SocketError error, CancellationToken cancellationToken)
   at System.Net.Sockets.Socket.AwaitableSocketAsyncEventArgs.System.Threading.Tasks.Sources.IValueTaskSource.GetResult(Int16 token)
   at System.Net.Sockets.Socket.<ConnectAsync>g__WaitForConnectWithCancellation|285_0(AwaitableSocketAsyncEventArgs saea, ValueTask connectTask, CancellationToken cancellationToken)
   at Grpc.Net.Client.Balancer.Internal.SocketConnectivitySubchannelTransport.TryConnectAsync(ConnectContext context, Int32 attempt)
   --- End of inner exception stack trace ---
   at Grpc.Net.Client.Internal.HttpContentClientStreamReader`2.MoveNextCore(CancellationToken cancellationToken)
   at Grpc.Core.AsyncStreamReaderExtensions.ReadAllAsyncCore[T](IAsyncStreamReader`1 streamReader, CancellationToken cancellationToken)+MoveNext()
   at Grpc.Core.AsyncStreamReaderExtensions.ReadAllAsyncCore[T](IAsyncStreamReader`1 streamReader, CancellationToken cancellationToken)+System.Threading.Tasks.Sources.IValueTaskSource<System.Boolean>.GetResult()
   at ShelfsService.src.ShelfsService.Host.Features.Items.GetPhotoByName.ExecuteAsync(GetImageByName req, CancellationToken ct) in D:\visualStudio\Projects\OnlineShelf\backend\Microservices\ShelfsService\src\ShelfsService.Host\Features\Images\GetImageByName.cs:line 50
   at ShelfsService.src.ShelfsService.Host.Features.Items.GetPhotoByName.ExecuteAsync(GetImageByName req, CancellationToken ct) in D:\visualStudio\Projects\OnlineShelf\backend\Microservices\ShelfsService\src\ShelfsService.Host\Features\Images\GetImageByName.cs:line 50
   at FastEndpoints.Endpoint`2.ExecAsync(CancellationToken ct)
   at FastEndpoints.Endpoint`2.ExecAsync(CancellationToken ct)
   at Microsoft.AspNetCore.Http.RequestDelegateFactory.ExecuteResultWriteResponse(IResult result, HttpContext httpContext)
   at Microsoft.AspNetCore.Authorization.AuthorizationMiddleware.Invoke(HttpContext context)
   at Microsoft.AspNetCore.Authentication.AuthenticationMiddleware.Invoke(HttpContext context)
   at Swashbuckle.AspNetCore.SwaggerUI.SwaggerUIMiddleware.Invoke(HttpContext httpContext)
   at Swashbuckle.AspNetCore.Swagger.SwaggerMiddleware.Invoke(HttpContext httpContext, ISwaggerProvider swaggerProvider)
   at Serilog.AspNetCore.RequestLoggingMiddleware.Invoke(HttpContext httpContext)
   at Microsoft.AspNetCore.Diagnostics.DeveloperExceptionPageMiddlewareImpl.Invoke(HttpContext context)
2026-07-05 15:26:05.035 +03:00 [INF] ShelfsService Serilog.AspNetCore.RequestLoggingMiddleware HTTP OPTIONS /shelfs/items/attributes responded 204 in 0.2662 ms
2026-07-05 15:26:05.035 +03:00 [INF] ShelfsService Serilog.AspNetCore.RequestLoggingMiddleware HTTP OPTIONS /shelfs/items/bc540d10-cc61-41a6-8d42-5afdac6a0b1b responded 204 in 0.0599 ms
2026-07-05 15:26:05.045 +03:00 [INF] ShelfsService Serilog.AspNetCore.RequestLoggingMiddleware HTTP GET /shelfs/items/attributes responded 200 in 1.8638 ms
2026-07-05 15:26:05.059 +03:00 [INF] ShelfsService Microsoft.EntityFrameworkCore.Database.Command Executed DbCommand (7ms) [Parameters=[@__itemId_0='?' (DbType = Guid)], CommandType='"Text"', CommandTimeout='30']
SELECT i."Id", i."AttributeColorMain", i."AttributeColorSecond", i."AttributeMatterial", i."AttributePattern", i."AttributeSeason", i."AttributeType", i."BigImage", i."DateCreated", i."Name", i."ShelfId", i."SmallImage", i."UpdatedAt", i."UserId", i."isFavorite", i."positionKey"
FROM shelf_service."Items" AS i
WHERE i."Id" = @__itemId_0
LIMIT 1
2026-07-05 15:26:05.060 +03:00 [INF] ShelfsService ShelfsService.src.ShelfsService.Host.Features.Items.GetItemById Item "bc540d10-cc61-41a6-8d42-5afdac6a0b1b" was returned
2026-07-05 15:26:05.061 +03:00 [INF] ShelfsService Serilog.AspNetCore.RequestLoggingMiddleware HTTP GET /shelfs/items/bc540d10-cc61-41a6-8d42-5afdac6a0b1b responded 200 in 17.6292 ms
2026-07-05 15:26:05.438 +03:00 [INF] ShelfsService Grpc.Net.Client.Internal.GrpcCall Call failed with gRPC error status. Status code: '"Unavailable"', Message: 'Error connecting to subchannel.'.
System.Net.Sockets.SocketException (11001): No such host is known.
   at System.Net.Sockets.Socket.AwaitableSocketAsyncEventArgs.ThrowException(SocketError error, CancellationToken cancellationToken)
   at System.Net.Sockets.Socket.AwaitableSocketAsyncEventArgs.System.Threading.Tasks.Sources.IValueTaskSource.GetResult(Int16 token)
   at System.Net.Sockets.Socket.<ConnectAsync>g__WaitForConnectWithCancellation|285_0(AwaitableSocketAsyncEventArgs saea, ValueTask connectTask, CancellationToken cancellationToken)
   at Grpc.Net.Client.Balancer.Internal.SocketConnectivitySubchannelTransport.TryConnectAsync(ConnectContext context, Int32 attempt)
2026-07-05 15:26:05.537 +03:00 [ERR] ShelfsService Serilog.AspNetCore.RequestLoggingMiddleware HTTP GET /shelfs/image/get-image/4b1f3cdf-fa97-4744-a677-47c0969b6af8_big.webp responded 500 in 101.4119 ms
Grpc.Core.RpcException: Status(StatusCode="Unavailable", Detail="Error connecting to subchannel.", DebugException="System.Net.Sockets.SocketException: No such host is known.")
 ---> System.Net.Sockets.SocketException (11001): No such host is known.
   at System.Net.Sockets.Socket.AwaitableSocketAsyncEventArgs.ThrowException(SocketError error, CancellationToken cancellationToken)
   at System.Net.Sockets.Socket.AwaitableSocketAsyncEventArgs.System.Threading.Tasks.Sources.IValueTaskSource.GetResult(Int16 token)
   at System.Net.Sockets.Socket.<ConnectAsync>g__WaitForConnectWithCancellation|285_0(AwaitableSocketAsyncEventArgs saea, ValueTask connectTask, CancellationToken cancellationToken)
   at Grpc.Net.Client.Balancer.Internal.SocketConnectivitySubchannelTransport.TryConnectAsync(ConnectContext context, Int32 attempt)
   --- End of inner exception stack trace ---
   at Grpc.Core.AsyncStreamReaderExtensions.ReadAllAsyncCore[T](IAsyncStreamReader`1 streamReader, CancellationToken cancellationToken)+MoveNext()
   at Grpc.Core.AsyncStreamReaderExtensions.ReadAllAsyncCore[T](IAsyncStreamReader`1 streamReader, CancellationToken cancellationToken)+System.Threading.Tasks.Sources.IValueTaskSource<System.Boolean>.GetResult()
   at ShelfsService.src.ShelfsService.Host.Features.Items.GetPhotoByName.ExecuteAsync(GetImageByName req, CancellationToken ct) in D:\visualStudio\Projects\OnlineShelf\backend\Microservices\ShelfsService\src\ShelfsService.Host\Features\Images\GetImageByName.cs:line 50
   at ShelfsService.src.ShelfsService.Host.Features.Items.GetPhotoByName.ExecuteAsync(GetImageByName req, CancellationToken ct) in D:\visualStudio\Projects\OnlineShelf\backend\Microservices\ShelfsService\src\ShelfsService.Host\Features\Images\GetImageByName.cs:line 50
   at FastEndpoints.Endpoint`2.ExecAsync(CancellationToken ct)
   at FastEndpoints.Endpoint`2.ExecAsync(CancellationToken ct)
   at Microsoft.AspNetCore.Http.RequestDelegateFactory.ExecuteResultWriteResponse(IResult result, HttpContext httpContext)
   at Microsoft.AspNetCore.Authorization.AuthorizationMiddleware.Invoke(HttpContext context)
   at Microsoft.AspNetCore.Authentication.AuthenticationMiddleware.Invoke(HttpContext context)
   at Swashbuckle.AspNetCore.SwaggerUI.SwaggerUIMiddleware.Invoke(HttpContext httpContext)
   at Swashbuckle.AspNetCore.Swagger.SwaggerMiddleware.Invoke(HttpContext httpContext, ISwaggerProvider swaggerProvider)
   at Serilog.AspNetCore.RequestLoggingMiddleware.Invoke(HttpContext httpContext)
2026-07-05 15:26:05.543 +03:00 [ERR] ShelfsService Microsoft.AspNetCore.Diagnostics.DeveloperExceptionPageMiddleware An unhandled exception has occurred while executing the request.
Grpc.Core.RpcException: Status(StatusCode="Unavailable", Detail="Error connecting to subchannel.", DebugException="System.Net.Sockets.SocketException: No such host is known.")
 ---> System.Net.Sockets.SocketException (11001): No such host is known.
   at System.Net.Sockets.Socket.AwaitableSocketAsyncEventArgs.ThrowException(SocketError error, CancellationToken cancellationToken)
   at System.Net.Sockets.Socket.AwaitableSocketAsyncEventArgs.System.Threading.Tasks.Sources.IValueTaskSource.GetResult(Int16 token)
   at System.Net.Sockets.Socket.<ConnectAsync>g__WaitForConnectWithCancellation|285_0(AwaitableSocketAsyncEventArgs saea, ValueTask connectTask, CancellationToken cancellationToken)
   at Grpc.Net.Client.Balancer.Internal.SocketConnectivitySubchannelTransport.TryConnectAsync(ConnectContext context, Int32 attempt)
   --- End of inner exception stack trace ---
   at Grpc.Core.AsyncStreamReaderExtensions.ReadAllAsyncCore[T](IAsyncStreamReader`1 streamReader, CancellationToken cancellationToken)+MoveNext()
   at Grpc.Core.AsyncStreamReaderExtensions.ReadAllAsyncCore[T](IAsyncStreamReader`1 streamReader, CancellationToken cancellationToken)+System.Threading.Tasks.Sources.IValueTaskSource<System.Boolean>.GetResult()
   at ShelfsService.src.ShelfsService.Host.Features.Items.GetPhotoByName.ExecuteAsync(GetImageByName req, CancellationToken ct) in D:\visualStudio\Projects\OnlineShelf\backend\Microservices\ShelfsService\src\ShelfsService.Host\Features\Images\GetImageByName.cs:line 50
   at ShelfsService.src.ShelfsService.Host.Features.Items.GetPhotoByName.ExecuteAsync(GetImageByName req, CancellationToken ct) in D:\visualStudio\Projects\OnlineShelf\backend\Microservices\ShelfsService\src\ShelfsService.Host\Features\Images\GetImageByName.cs:line 50
   at FastEndpoints.Endpoint`2.ExecAsync(CancellationToken ct)
   at FastEndpoints.Endpoint`2.ExecAsync(CancellationToken ct)
   at Microsoft.AspNetCore.Http.RequestDelegateFactory.ExecuteResultWriteResponse(IResult result, HttpContext httpContext)
   at Microsoft.AspNetCore.Authorization.AuthorizationMiddleware.Invoke(HttpContext context)
   at Microsoft.AspNetCore.Authentication.AuthenticationMiddleware.Invoke(HttpContext context)
   at Swashbuckle.AspNetCore.SwaggerUI.SwaggerUIMiddleware.Invoke(HttpContext httpContext)
   at Swashbuckle.AspNetCore.Swagger.SwaggerMiddleware.Invoke(HttpContext httpContext, ISwaggerProvider swaggerProvider)
   at Serilog.AspNetCore.RequestLoggingMiddleware.Invoke(HttpContext httpContext)
   at Microsoft.AspNetCore.Diagnostics.DeveloperExceptionPageMiddlewareImpl.Invoke(HttpContext context)
2026-07-05 15:26:06.580 +03:00 [INF] ShelfsService Grpc.Net.Client.Internal.GrpcCall Call failed with gRPC error status. Status code: '"Unavailable"', Message: 'Error connecting to subchannel.'.
System.Net.Sockets.SocketException (11001): No such host is known.
   at System.Net.Sockets.Socket.AwaitableSocketAsyncEventArgs.ThrowException(SocketError error, CancellationToken cancellationToken)
   at System.Net.Sockets.Socket.AwaitableSocketAsyncEventArgs.System.Threading.Tasks.Sources.IValueTaskSource.GetResult(Int16 token)
   at System.Net.Sockets.Socket.<ConnectAsync>g__WaitForConnectWithCancellation|285_0(AwaitableSocketAsyncEventArgs saea, ValueTask connectTask, CancellationToken cancellationToken)
   at Grpc.Net.Client.Balancer.Internal.SocketConnectivitySubchannelTransport.TryConnectAsync(ConnectContext context, Int32 attempt)
2026-07-05 15:26:06.653 +03:00 [ERR] ShelfsService Serilog.AspNetCore.RequestLoggingMiddleware HTTP GET /shelfs/image/get-image/4b1f3cdf-fa97-4744-a677-47c0969b6af8_big.webp responded 500 in 76.7547 ms
Grpc.Core.RpcException: Status(StatusCode="Unavailable", Detail="Error connecting to subchannel.", DebugException="System.Net.Sockets.SocketException: No such host is known.")
 ---> System.Net.Sockets.SocketException (11001): No such host is known.
   at System.Net.Sockets.Socket.AwaitableSocketAsyncEventArgs.ThrowException(SocketError error, CancellationToken cancellationToken)
   at System.Net.Sockets.Socket.AwaitableSocketAsyncEventArgs.System.Threading.Tasks.Sources.IValueTaskSource.GetResult(Int16 token)
   at System.Net.Sockets.Socket.<ConnectAsync>g__WaitForConnectWithCancellation|285_0(AwaitableSocketAsyncEventArgs saea, ValueTask connectTask, CancellationToken cancellationToken)
   at Grpc.Net.Client.Balancer.Internal.SocketConnectivitySubchannelTransport.TryConnectAsync(ConnectContext context, Int32 attempt)
   --- End of inner exception stack trace ---
   at Grpc.Core.AsyncStreamReaderExtensions.ReadAllAsyncCore[T](IAsyncStreamReader`1 streamReader, CancellationToken cancellationToken)+MoveNext()
   at Grpc.Core.AsyncStreamReaderExtensions.ReadAllAsyncCore[T](IAsyncStreamReader`1 streamReader, CancellationToken cancellationToken)+System.Threading.Tasks.Sources.IValueTaskSource<System.Boolean>.GetResult()
   at ShelfsService.src.ShelfsService.Host.Features.Items.GetPhotoByName.ExecuteAsync(GetImageByName req, CancellationToken ct) in D:\visualStudio\Projects\OnlineShelf\backend\Microservices\ShelfsService\src\ShelfsService.Host\Features\Images\GetImageByName.cs:line 50
   at ShelfsService.src.ShelfsService.Host.Features.Items.GetPhotoByName.ExecuteAsync(GetImageByName req, CancellationToken ct) in D:\visualStudio\Projects\OnlineShelf\backend\Microservices\ShelfsService\src\ShelfsService.Host\Features\Images\GetImageByName.cs:line 50
   at FastEndpoints.Endpoint`2.ExecAsync(CancellationToken ct)
   at FastEndpoints.Endpoint`2.ExecAsync(CancellationToken ct)
   at Microsoft.AspNetCore.Http.RequestDelegateFactory.ExecuteResultWriteResponse(IResult result, HttpContext httpContext)
   at Microsoft.AspNetCore.Authorization.AuthorizationMiddleware.Invoke(HttpContext context)
   at Microsoft.AspNetCore.Authentication.AuthenticationMiddleware.Invoke(HttpContext context)
   at Swashbuckle.AspNetCore.SwaggerUI.SwaggerUIMiddleware.Invoke(HttpContext httpContext)
   at Swashbuckle.AspNetCore.Swagger.SwaggerMiddleware.Invoke(HttpContext httpContext, ISwaggerProvider swaggerProvider)
   at Serilog.AspNetCore.RequestLoggingMiddleware.Invoke(HttpContext httpContext)
2026-07-05 15:26:06.657 +03:00 [ERR] ShelfsService Microsoft.AspNetCore.Diagnostics.DeveloperExceptionPageMiddleware An unhandled exception has occurred while executing the request.
Grpc.Core.RpcException: Status(StatusCode="Unavailable", Detail="Error connecting to subchannel.", DebugException="System.Net.Sockets.SocketException: No such host is known.")
 ---> System.Net.Sockets.SocketException (11001): No such host is known.
   at System.Net.Sockets.Socket.AwaitableSocketAsyncEventArgs.ThrowException(SocketError error, CancellationToken cancellationToken)
   at System.Net.Sockets.Socket.AwaitableSocketAsyncEventArgs.System.Threading.Tasks.Sources.IValueTaskSource.GetResult(Int16 token)
   at System.Net.Sockets.Socket.<ConnectAsync>g__WaitForConnectWithCancellation|285_0(AwaitableSocketAsyncEventArgs saea, ValueTask connectTask, CancellationToken cancellationToken)
   at Grpc.Net.Client.Balancer.Internal.SocketConnectivitySubchannelTransport.TryConnectAsync(ConnectContext context, Int32 attempt)
   --- End of inner exception stack trace ---
   at Grpc.Core.AsyncStreamReaderExtensions.ReadAllAsyncCore[T](IAsyncStreamReader`1 streamReader, CancellationToken cancellationToken)+MoveNext()
   at Grpc.Core.AsyncStreamReaderExtensions.ReadAllAsyncCore[T](IAsyncStreamReader`1 streamReader, CancellationToken cancellationToken)+System.Threading.Tasks.Sources.IValueTaskSource<System.Boolean>.GetResult()
   at ShelfsService.src.ShelfsService.Host.Features.Items.GetPhotoByName.ExecuteAsync(GetImageByName req, CancellationToken ct) in D:\visualStudio\Projects\OnlineShelf\backend\Microservices\ShelfsService\src\ShelfsService.Host\Features\Images\GetImageByName.cs:line 50
   at ShelfsService.src.ShelfsService.Host.Features.Items.GetPhotoByName.ExecuteAsync(GetImageByName req, CancellationToken ct) in D:\visualStudio\Projects\OnlineShelf\backend\Microservices\ShelfsService\src\ShelfsService.Host\Features\Images\GetImageByName.cs:line 50
   at FastEndpoints.Endpoint`2.ExecAsync(CancellationToken ct)
   at FastEndpoints.Endpoint`2.ExecAsync(CancellationToken ct)
   at Microsoft.AspNetCore.Http.RequestDelegateFactory.ExecuteResultWriteResponse(IResult result, HttpContext httpContext)
   at Microsoft.AspNetCore.Authorization.AuthorizationMiddleware.Invoke(HttpContext context)
   at Microsoft.AspNetCore.Authentication.AuthenticationMiddleware.Invoke(HttpContext context)
   at Swashbuckle.AspNetCore.SwaggerUI.SwaggerUIMiddleware.Invoke(HttpContext httpContext)
   at Swashbuckle.AspNetCore.Swagger.SwaggerMiddleware.Invoke(HttpContext httpContext, ISwaggerProvider swaggerProvider)
   at Serilog.AspNetCore.RequestLoggingMiddleware.Invoke(HttpContext httpContext)
   at Microsoft.AspNetCore.Diagnostics.DeveloperExceptionPageMiddlewareImpl.Invoke(HttpContext context)
2026-07-05 15:26:08.676 +03:00 [INF] ShelfsService Serilog.AspNetCore.RequestLoggingMiddleware HTTP OPTIONS /shelfs/image/get-image/4b1f3cdf-fa97-4744-a677-47c0969b6af8_big.webp responded 204 in 0.1377 ms
2026-07-05 15:26:09.772 +03:00 [INF] ShelfsService Grpc.Net.Client.Internal.GrpcCall Call failed with gRPC error status. Status code: '"Unavailable"', Message: 'Error connecting to subchannel.'.
System.Net.Sockets.SocketException (11001): No such host is known.
   at System.Net.Sockets.Socket.AwaitableSocketAsyncEventArgs.ThrowException(SocketError error, CancellationToken cancellationToken)
   at System.Net.Sockets.Socket.AwaitableSocketAsyncEventArgs.System.Threading.Tasks.Sources.IValueTaskSource.GetResult(Int16 token)
   at System.Net.Sockets.Socket.<ConnectAsync>g__WaitForConnectWithCancellation|285_0(AwaitableSocketAsyncEventArgs saea, ValueTask connectTask, CancellationToken cancellationToken)
   at Grpc.Net.Client.Balancer.Internal.SocketConnectivitySubchannelTransport.TryConnectAsync(ConnectContext context, Int32 attempt)
2026-07-05 15:26:09.840 +03:00 [ERR] ShelfsService Serilog.AspNetCore.RequestLoggingMiddleware HTTP GET /shelfs/image/get-image/4b1f3cdf-fa97-4744-a677-47c0969b6af8_big.webp responded 500 in 1160.3245 ms
Grpc.Core.RpcException: Status(StatusCode="Unavailable", Detail="Error connecting to subchannel.", DebugException="System.Net.Sockets.SocketException: No such host is known.")
 ---> System.Net.Sockets.SocketException (11001): No such host is known.
   at System.Net.Sockets.Socket.AwaitableSocketAsyncEventArgs.ThrowException(SocketError error, CancellationToken cancellationToken)
   at System.Net.Sockets.Socket.AwaitableSocketAsyncEventArgs.System.Threading.Tasks.Sources.IValueTaskSource.GetResult(Int16 token)
   at System.Net.Sockets.Socket.<ConnectAsync>g__WaitForConnectWithCancellation|285_0(AwaitableSocketAsyncEventArgs saea, ValueTask connectTask, CancellationToken cancellationToken)
   at Grpc.Net.Client.Balancer.Internal.SocketConnectivitySubchannelTransport.TryConnectAsync(ConnectContext context, Int32 attempt)
   --- End of inner exception stack trace ---
   at Grpc.Net.Client.Internal.HttpContentClientStreamReader`2.MoveNextCore(CancellationToken cancellationToken)
   at Grpc.Core.AsyncStreamReaderExtensions.ReadAllAsyncCore[T](IAsyncStreamReader`1 streamReader, CancellationToken cancellationToken)+MoveNext()
   at Grpc.Core.AsyncStreamReaderExtensions.ReadAllAsyncCore[T](IAsyncStreamReader`1 streamReader, CancellationToken cancellationToken)+System.Threading.Tasks.Sources.IValueTaskSource<System.Boolean>.GetResult()
   at ShelfsService.src.ShelfsService.Host.Features.Items.GetPhotoByName.ExecuteAsync(GetImageByName req, CancellationToken ct) in D:\visualStudio\Projects\OnlineShelf\backend\Microservices\ShelfsService\src\ShelfsService.Host\Features\Images\GetImageByName.cs:line 50
   at ShelfsService.src.ShelfsService.Host.Features.Items.GetPhotoByName.ExecuteAsync(GetImageByName req, CancellationToken ct) in D:\visualStudio\Projects\OnlineShelf\backend\Microservices\ShelfsService\src\ShelfsService.Host\Features\Images\GetImageByName.cs:line 50
   at FastEndpoints.Endpoint`2.ExecAsync(CancellationToken ct)
   at FastEndpoints.Endpoint`2.ExecAsync(CancellationToken ct)
   at Microsoft.AspNetCore.Http.RequestDelegateFactory.ExecuteResultWriteResponse(IResult result, HttpContext httpContext)
   at Microsoft.AspNetCore.Authorization.AuthorizationMiddleware.Invoke(HttpContext context)
   at Microsoft.AspNetCore.Authentication.AuthenticationMiddleware.Invoke(HttpContext context)
   at Swashbuckle.AspNetCore.SwaggerUI.SwaggerUIMiddleware.Invoke(HttpContext httpContext)
   at Swashbuckle.AspNetCore.Swagger.SwaggerMiddleware.Invoke(HttpContext httpContext, ISwaggerProvider swaggerProvider)
   at Serilog.AspNetCore.RequestLoggingMiddleware.Invoke(HttpContext httpContext)
2026-07-05 15:26:09.845 +03:00 [ERR] ShelfsService Microsoft.AspNetCore.Diagnostics.DeveloperExceptionPageMiddleware An unhandled exception has occurred while executing the request.
Grpc.Core.RpcException: Status(StatusCode="Unavailable", Detail="Error connecting to subchannel.", DebugException="System.Net.Sockets.SocketException: No such host is known.")
 ---> System.Net.Sockets.SocketException (11001): No such host is known.
   at System.Net.Sockets.Socket.AwaitableSocketAsyncEventArgs.ThrowException(SocketError error, CancellationToken cancellationToken)
   at System.Net.Sockets.Socket.AwaitableSocketAsyncEventArgs.System.Threading.Tasks.Sources.IValueTaskSource.GetResult(Int16 token)
   at System.Net.Sockets.Socket.<ConnectAsync>g__WaitForConnectWithCancellation|285_0(AwaitableSocketAsyncEventArgs saea, ValueTask connectTask, CancellationToken cancellationToken)
   at Grpc.Net.Client.Balancer.Internal.SocketConnectivitySubchannelTransport.TryConnectAsync(ConnectContext context, Int32 attempt)
   --- End of inner exception stack trace ---
   at Grpc.Net.Client.Internal.HttpContentClientStreamReader`2.MoveNextCore(CancellationToken cancellationToken)
   at Grpc.Core.AsyncStreamReaderExtensions.ReadAllAsyncCore[T](IAsyncStreamReader`1 streamReader, CancellationToken cancellationToken)+MoveNext()
   at Grpc.Core.AsyncStreamReaderExtensions.ReadAllAsyncCore[T](IAsyncStreamReader`1 streamReader, CancellationToken cancellationToken)+System.Threading.Tasks.Sources.IValueTaskSource<System.Boolean>.GetResult()
   at ShelfsService.src.ShelfsService.Host.Features.Items.GetPhotoByName.ExecuteAsync(GetImageByName req, CancellationToken ct) in D:\visualStudio\Projects\OnlineShelf\backend\Microservices\ShelfsService\src\ShelfsService.Host\Features\Images\GetImageByName.cs:line 50
   at ShelfsService.src.ShelfsService.Host.Features.Items.GetPhotoByName.ExecuteAsync(GetImageByName req, CancellationToken ct) in D:\visualStudio\Projects\OnlineShelf\backend\Microservices\ShelfsService\src\ShelfsService.Host\Features\Images\GetImageByName.cs:line 50
   at FastEndpoints.Endpoint`2.ExecAsync(CancellationToken ct)
   at FastEndpoints.Endpoint`2.ExecAsync(CancellationToken ct)
   at Microsoft.AspNetCore.Http.RequestDelegateFactory.ExecuteResultWriteResponse(IResult result, HttpContext httpContext)
   at Microsoft.AspNetCore.Authorization.AuthorizationMiddleware.Invoke(HttpContext context)
   at Microsoft.AspNetCore.Authentication.AuthenticationMiddleware.Invoke(HttpContext context)
   at Swashbuckle.AspNetCore.SwaggerUI.SwaggerUIMiddleware.Invoke(HttpContext httpContext)
   at Swashbuckle.AspNetCore.Swagger.SwaggerMiddleware.Invoke(HttpContext httpContext, ISwaggerProvider swaggerProvider)
   at Serilog.AspNetCore.RequestLoggingMiddleware.Invoke(HttpContext httpContext)
   at Microsoft.AspNetCore.Diagnostics.DeveloperExceptionPageMiddlewareImpl.Invoke(HttpContext context)
2026-07-05 15:26:13.869 +03:00 [INF] ShelfsService Serilog.AspNetCore.RequestLoggingMiddleware HTTP OPTIONS /shelfs/image/get-image/4b1f3cdf-fa97-4744-a677-47c0969b6af8_big.webp responded 204 in 0.2076 ms
2026-07-05 15:26:13.876 +03:00 [INF] ShelfsService Grpc.Net.Client.Internal.GrpcCall Call failed with gRPC error status. Status code: '"Unavailable"', Message: 'Error connecting to subchannel.'.
System.Net.Sockets.SocketException (11001): No such host is known.
   at System.Net.Sockets.Socket.AwaitableSocketAsyncEventArgs.ThrowException(SocketError error, CancellationToken cancellationToken)
   at System.Net.Sockets.Socket.AwaitableSocketAsyncEventArgs.System.Threading.Tasks.Sources.IValueTaskSource.GetResult(Int16 token)
   at System.Net.Sockets.Socket.<ConnectAsync>g__WaitForConnectWithCancellation|285_0(AwaitableSocketAsyncEventArgs saea, ValueTask connectTask, CancellationToken cancellationToken)
   at Grpc.Net.Client.Balancer.Internal.SocketConnectivitySubchannelTransport.TryConnectAsync(ConnectContext context, Int32 attempt)
2026-07-05 15:26:13.943 +03:00 [ERR] ShelfsService Serilog.AspNetCore.RequestLoggingMiddleware HTTP GET /shelfs/image/get-image/4b1f3cdf-fa97-4744-a677-47c0969b6af8_big.webp responded 500 in 70.0313 ms
Grpc.Core.RpcException: Status(StatusCode="Unavailable", Detail="Error connecting to subchannel.", DebugException="System.Net.Sockets.SocketException: No such host is known.")
 ---> System.Net.Sockets.SocketException (11001): No such host is known.
   at System.Net.Sockets.Socket.AwaitableSocketAsyncEventArgs.ThrowException(SocketError error, CancellationToken cancellationToken)
   at System.Net.Sockets.Socket.AwaitableSocketAsyncEventArgs.System.Threading.Tasks.Sources.IValueTaskSource.GetResult(Int16 token)
   at System.Net.Sockets.Socket.<ConnectAsync>g__WaitForConnectWithCancellation|285_0(AwaitableSocketAsyncEventArgs saea, ValueTask connectTask, CancellationToken cancellationToken)
   at Grpc.Net.Client.Balancer.Internal.SocketConnectivitySubchannelTransport.TryConnectAsync(ConnectContext context, Int32 attempt)
   --- End of inner exception stack trace ---
   at Grpc.Core.AsyncStreamReaderExtensions.ReadAllAsyncCore[T](IAsyncStreamReader`1 streamReader, CancellationToken cancellationToken)+MoveNext()
   at Grpc.Core.AsyncStreamReaderExtensions.ReadAllAsyncCore[T](IAsyncStreamReader`1 streamReader, CancellationToken cancellationToken)+System.Threading.Tasks.Sources.IValueTaskSource<System.Boolean>.GetResult()
   at ShelfsService.src.ShelfsService.Host.Features.Items.GetPhotoByName.ExecuteAsync(GetImageByName req, CancellationToken ct) in D:\visualStudio\Projects\OnlineShelf\backend\Microservices\ShelfsService\src\ShelfsService.Host\Features\Images\GetImageByName.cs:line 50
   at ShelfsService.src.ShelfsService.Host.Features.Items.GetPhotoByName.ExecuteAsync(GetImageByName req, CancellationToken ct) in D:\visualStudio\Projects\OnlineShelf\backend\Microservices\ShelfsService\src\ShelfsService.Host\Features\Images\GetImageByName.cs:line 50
   at FastEndpoints.Endpoint`2.ExecAsync(CancellationToken ct)
   at FastEndpoints.Endpoint`2.ExecAsync(CancellationToken ct)
   at Microsoft.AspNetCore.Http.RequestDelegateFactory.ExecuteResultWriteResponse(IResult result, HttpContext httpContext)
   at Microsoft.AspNetCore.Authorization.AuthorizationMiddleware.Invoke(HttpContext context)
   at Microsoft.AspNetCore.Authentication.AuthenticationMiddleware.Invoke(HttpContext context)
   at Swashbuckle.AspNetCore.SwaggerUI.SwaggerUIMiddleware.Invoke(HttpContext httpContext)
   at Swashbuckle.AspNetCore.Swagger.SwaggerMiddleware.Invoke(HttpContext httpContext, ISwaggerProvider swaggerProvider)
   at Serilog.AspNetCore.RequestLoggingMiddleware.Invoke(HttpContext httpContext)
2026-07-05 15:26:13.947 +03:00 [ERR] ShelfsService Microsoft.AspNetCore.Diagnostics.DeveloperExceptionPageMiddleware An unhandled exception has occurred while executing the request.
Grpc.Core.RpcException: Status(StatusCode="Unavailable", Detail="Error connecting to subchannel.", DebugException="System.Net.Sockets.SocketException: No such host is known.")
 ---> System.Net.Sockets.SocketException (11001): No such host is known.
   at System.Net.Sockets.Socket.AwaitableSocketAsyncEventArgs.ThrowException(SocketError error, CancellationToken cancellationToken)
   at System.Net.Sockets.Socket.AwaitableSocketAsyncEventArgs.System.Threading.Tasks.Sources.IValueTaskSource.GetResult(Int16 token)
   at System.Net.Sockets.Socket.<ConnectAsync>g__WaitForConnectWithCancellation|285_0(AwaitableSocketAsyncEventArgs saea, ValueTask connectTask, CancellationToken cancellationToken)
   at Grpc.Net.Client.Balancer.Internal.SocketConnectivitySubchannelTransport.TryConnectAsync(ConnectContext context, Int32 attempt)
   --- End of inner exception stack trace ---
   at Grpc.Core.AsyncStreamReaderExtensions.ReadAllAsyncCore[T](IAsyncStreamReader`1 streamReader, CancellationToken cancellationToken)+MoveNext()
   at Grpc.Core.AsyncStreamReaderExtensions.ReadAllAsyncCore[T](IAsyncStreamReader`1 streamReader, CancellationToken cancellationToken)+System.Threading.Tasks.Sources.IValueTaskSource<System.Boolean>.GetResult()
   at ShelfsService.src.ShelfsService.Host.Features.Items.GetPhotoByName.ExecuteAsync(GetImageByName req, CancellationToken ct) in D:\visualStudio\Projects\OnlineShelf\backend\Microservices\ShelfsService\src\ShelfsService.Host\Features\Images\GetImageByName.cs:line 50
   at ShelfsService.src.ShelfsService.Host.Features.Items.GetPhotoByName.ExecuteAsync(GetImageByName req, CancellationToken ct) in D:\visualStudio\Projects\OnlineShelf\backend\Microservices\ShelfsService\src\ShelfsService.Host\Features\Images\GetImageByName.cs:line 50
   at FastEndpoints.Endpoint`2.ExecAsync(CancellationToken ct)
   at FastEndpoints.Endpoint`2.ExecAsync(CancellationToken ct)
   at Microsoft.AspNetCore.Http.RequestDelegateFactory.ExecuteResultWriteResponse(IResult result, HttpContext httpContext)
   at Microsoft.AspNetCore.Authorization.AuthorizationMiddleware.Invoke(HttpContext context)
   at Microsoft.AspNetCore.Authentication.AuthenticationMiddleware.Invoke(HttpContext context)
   at Swashbuckle.AspNetCore.SwaggerUI.SwaggerUIMiddleware.Invoke(HttpContext httpContext)
   at Swashbuckle.AspNetCore.Swagger.SwaggerMiddleware.Invoke(HttpContext httpContext, ISwaggerProvider swaggerProvider)
   at Serilog.AspNetCore.RequestLoggingMiddleware.Invoke(HttpContext httpContext)
   at Microsoft.AspNetCore.Diagnostics.DeveloperExceptionPageMiddlewareImpl.Invoke(HttpContext context)
2026-07-05 15:26:30.513 +03:00 [INF] ShelfsService Serilog.AspNetCore.RequestLoggingMiddleware HTTP OPTIONS /shelfs/items responded 204 in 0.1287 ms
2026-07-05 15:26:30.530 +03:00 [INF] ShelfsService Microsoft.EntityFrameworkCore.Database.Command Executed DbCommand (6ms) [Parameters=[@__itemId_0='?' (DbType = Guid)], CommandType='"Text"', CommandTimeout='30']
SELECT i."Id", i."AttributeColorMain", i."AttributeColorSecond", i."AttributeMatterial", i."AttributePattern", i."AttributeSeason", i."AttributeType", i."BigImage", i."DateCreated", i."Name", i."ShelfId", i."SmallImage", i."UpdatedAt", i."UserId", i."isFavorite", i."positionKey"
FROM shelf_service."Items" AS i
WHERE i."Id" = @__itemId_0
LIMIT 1
2026-07-05 16:16:18.106 +03:00 [INF] ShelfsService Microsoft.EntityFrameworkCore.Database.Command Executed DbCommand (94ms) [Parameters=[], CommandType='"Text"', CommandTimeout='30']
CREATE SCHEMA IF NOT EXISTS shelf_service;
2026-07-05 16:16:18.266 +03:00 [INF] ShelfsService Microsoft.EntityFrameworkCore.Database.Command Executed DbCommand (11ms) [Parameters=[], CommandType='"Text"', CommandTimeout='30']
SELECT "MigrationId", "ProductVersion"
FROM shelf_service."__EFMigrationsHistory"
ORDER BY "MigrationId";
2026-07-05 16:16:18.990 +03:00 [INF] ShelfsService Microsoft.EntityFrameworkCore.Database.Command Executed DbCommand (24ms) [Parameters=[], CommandType='"Text"', CommandTimeout='30']
DO $EF$
BEGIN
    IF NOT EXISTS(SELECT 1 FROM pg_namespace WHERE nspname = 'shelf_service') THEN
        CREATE SCHEMA shelf_service;
    END IF;
END $EF$;
CREATE TABLE IF NOT EXISTS shelf_service."__EFMigrationsHistory" (
    "MigrationId" character varying(150) NOT NULL,
    "ProductVersion" character varying(32) NOT NULL,
    CONSTRAINT "PK___EFMigrationsHistory" PRIMARY KEY ("MigrationId")
);
2026-07-05 16:16:19.022 +03:00 [INF] ShelfsService Microsoft.EntityFrameworkCore.Migrations Acquiring an exclusive lock for migration application. See https://aka.ms/efcore-docs-migrations-lock for more information if this takes too long.
2026-07-05 16:16:19.028 +03:00 [INF] ShelfsService Microsoft.EntityFrameworkCore.Database.Command Executed DbCommand (4ms) [Parameters=[], CommandType='"Text"', CommandTimeout='30']
LOCK TABLE shelf_service."__EFMigrationsHistory" IN ACCESS EXCLUSIVE MODE
2026-07-05 16:16:19.031 +03:00 [INF] ShelfsService Microsoft.EntityFrameworkCore.Database.Command Executed DbCommand (2ms) [Parameters=[], CommandType='"Text"', CommandTimeout='30']
SELECT "MigrationId", "ProductVersion"
FROM shelf_service."__EFMigrationsHistory"
ORDER BY "MigrationId";
2026-07-05 16:16:19.042 +03:00 [INF] ShelfsService Microsoft.EntityFrameworkCore.Migrations No migrations were applied. The database is already up to date.
2026-07-05 16:16:20.320 +03:00 [INF] ShelfsService Microsoft.EntityFrameworkCore.Database.Command Executed DbCommand (35ms) [Parameters=[], CommandType='"Text"', CommandTimeout='30']
SELECT a."Id", a."AttributeKey", a."Name"
FROM shelf_service."Attributes" AS a
2026-07-05 16:16:20.501 +03:00 [INF] ShelfsService Microsoft.EntityFrameworkCore.Database.Command Executed DbCommand (5ms) [Parameters=[], CommandType='"Text"', CommandTimeout='30']
SELECT a."Id", a."AttributeId", a."AttributeKey", a."AttributeValue"
FROM shelf_service."AttributesValues" AS a
2026-07-05 16:16:20.595 +03:00 [INF] ShelfsService FastEndpoints.StartupTimer Registered 12 endpoints in 6 812 milliseconds.
2026-07-05 16:16:20.704 +03:00 [INF] ShelfsService Microsoft.EntityFrameworkCore.Database.Command Executed DbCommand (11ms) [Parameters=[], CommandType='"Text"', CommandTimeout='30']
CREATE SCHEMA IF NOT EXISTS shelf_service;
2026-07-05 16:16:20.729 +03:00 [INF] ShelfsService Microsoft.EntityFrameworkCore.Database.Command Executed DbCommand (7ms) [Parameters=[], CommandType='"Text"', CommandTimeout='30']
SELECT "MigrationId", "ProductVersion"
FROM shelf_service."__EFMigrationsHistory"
ORDER BY "MigrationId";
2026-07-05 16:16:20.869 +03:00 [INF] ShelfsService Microsoft.EntityFrameworkCore.Database.Command Executed DbCommand (3ms) [Parameters=[], CommandType='"Text"', CommandTimeout='30']
DO $EF$
BEGIN
    IF NOT EXISTS(SELECT 1 FROM pg_namespace WHERE nspname = 'shelf_service') THEN
        CREATE SCHEMA shelf_service;
    END IF;
END $EF$;
CREATE TABLE IF NOT EXISTS shelf_service."__EFMigrationsHistory" (
    "MigrationId" character varying(150) NOT NULL,
    "ProductVersion" character varying(32) NOT NULL,
    CONSTRAINT "PK___EFMigrationsHistory" PRIMARY KEY ("MigrationId")
);
2026-07-05 16:16:20.904 +03:00 [INF] ShelfsService Microsoft.EntityFrameworkCore.Database.Command Executed DbCommand (3ms) [Parameters=[], CommandType='"Text"', CommandTimeout='30']
LOCK TABLE shelf_service."__EFMigrationsHistory" IN ACCESS EXCLUSIVE MODE
2026-07-05 16:16:20.913 +03:00 [INF] ShelfsService Microsoft.EntityFrameworkCore.Database.Command Executed DbCommand (3ms) [Parameters=[], CommandType='"Text"', CommandTimeout='30']
SELECT "MigrationId", "ProductVersion"
FROM shelf_service."__EFMigrationsHistory"
ORDER BY "MigrationId";
2026-07-05 16:16:20.915 +03:00 [INF] ShelfsService Microsoft.EntityFrameworkCore.Migrations No migrations were applied. The database is already up to date.
2026-07-05 16:16:20.945 +03:00 [INF] ShelfsService Microsoft.EntityFrameworkCore.Database.Command Executed DbCommand (3ms) [Parameters=[], CommandType='"Text"', CommandTimeout='30']
SELECT "MigrationId", "ProductVersion"
FROM shelf_service."__EFMigrationsHistory"
ORDER BY "MigrationId";
2026-07-05 16:16:20.984 +03:00 [INF] ShelfsService Microsoft.EntityFrameworkCore.Database.Command Executed DbCommand (6ms) [Parameters=[], CommandType='"Text"', CommandTimeout='30']
DO $EF$
BEGIN
    IF NOT EXISTS(SELECT 1 FROM pg_namespace WHERE nspname = 'shelf_service') THEN
        CREATE SCHEMA shelf_service;
    END IF;
END $EF$;
CREATE TABLE IF NOT EXISTS shelf_service."__EFMigrationsHistory" (
    "MigrationId" character varying(150) NOT NULL,
    "ProductVersion" character varying(32) NOT NULL,
    CONSTRAINT "PK___EFMigrationsHistory" PRIMARY KEY ("MigrationId")
);
2026-07-05 16:16:20.990 +03:00 [INF] ShelfsService Microsoft.EntityFrameworkCore.Database.Command Executed DbCommand (3ms) [Parameters=[], CommandType='"Text"', CommandTimeout='30']
LOCK TABLE shelf_service."__EFMigrationsHistory" IN ACCESS EXCLUSIVE MODE
2026-07-05 16:16:20.994 +03:00 [INF] ShelfsService Microsoft.EntityFrameworkCore.Database.Command Executed DbCommand (2ms) [Parameters=[], CommandType='"Text"', CommandTimeout='30']
SELECT "MigrationId", "ProductVersion"
FROM shelf_service."__EFMigrationsHistory"
ORDER BY "MigrationId";
2026-07-05 16:16:20.994 +03:00 [INF] ShelfsService Microsoft.EntityFrameworkCore.Migrations No migrations were applied. The database is already up to date.
2026-07-05 16:16:21.190 +03:00 [INF] ShelfsService Microsoft.EntityFrameworkCore.Database.Command Executed DbCommand (3ms) [Parameters=[], CommandType='"Text"', CommandTimeout='30']
SELECT EXISTS (
    SELECT 1
    FROM shelf_service."Shelfs" AS s)
2026-07-05 16:16:21.215 +03:00 [INF] ShelfsService Microsoft.EntityFrameworkCore.Database.Command Executed DbCommand (4ms) [Parameters=[], CommandType='"Text"', CommandTimeout='30']
SELECT EXISTS (
    SELECT 1
    FROM shelf_service."Items" AS i)
2026-07-05 16:16:21.226 +03:00 [INF] ShelfsService Microsoft.EntityFrameworkCore.Database.Command Executed DbCommand (2ms) [Parameters=[], CommandType='"Text"', CommandTimeout='30']
SELECT EXISTS (
    SELECT 1
    FROM shelf_service."AttributesValues" AS a)
2026-07-05 16:16:21.238 +03:00 [INF] ShelfsService Microsoft.EntityFrameworkCore.Database.Command Executed DbCommand (4ms) [Parameters=[], CommandType='"Text"', CommandTimeout='30']
SELECT EXISTS (
    SELECT 1
    FROM shelf_service."Attributes" AS a)
2026-07-05 16:16:21.607 +03:00 [INF] ShelfsService Microsoft.Hosting.Lifetime Application started. Press Ctrl+C to shut down.
2026-07-05 16:16:21.608 +03:00 [INF] ShelfsService Microsoft.Hosting.Lifetime Hosting environment: Development
2026-07-05 16:16:21.609 +03:00 [INF] ShelfsService Microsoft.Hosting.Lifetime Content root path: D:\visualStudio\Projects\OnlineShelf\backend\Microservices\ShelfsService
2026-07-05 16:16:21.817 +03:00 [INF] ShelfsService Serilog.AspNetCore.RequestLoggingMiddleware HTTP OPTIONS /shelfs/items/aaaaaaaa-aaaa-aaaa-aaaa-aaaaaaaaaaaa responded 204 in 63.4019 ms
2026-07-05 16:16:21.817 +03:00 [INF] ShelfsService Serilog.AspNetCore.RequestLoggingMiddleware HTTP OPTIONS /shelfs/items/attributes responded 204 in 63.1578 ms
2026-07-05 16:16:21.817 +03:00 [INF] ShelfsService Serilog.AspNetCore.RequestLoggingMiddleware HTTP OPTIONS /shelfs/items/bc540d10-cc61-41a6-8d42-5afdac6a0b1b responded 204 in 63.1285 ms
2026-07-05 16:16:22.492 +03:00 [INF] ShelfsService Serilog.AspNetCore.RequestLoggingMiddleware HTTP GET /swagger/index.html responded 200 in 744.0421 ms
2026-07-05 16:16:22.615 +03:00 [INF] ShelfsService Serilog.AspNetCore.RequestLoggingMiddleware HTTP GET /shelfs/items/attributes responded 200 in 760.0412 ms
2026-07-05 16:16:22.790 +03:00 [INF] ShelfsService Microsoft.EntityFrameworkCore.Database.Command Executed DbCommand (51ms) [Parameters=[@__itemId_0='?' (DbType = Guid)], CommandType='"Text"', CommandTimeout='30']
SELECT i."Id", i."AttributeColorMain", i."AttributeColorSecond", i."AttributeMatterial", i."AttributePattern", i."AttributeSeason", i."AttributeType", i."BigImage", i."DateCreated", i."Name", i."ShelfId", i."SmallImage", i."UpdatedAt", i."UserId", i."isFavorite", i."positionKey"
FROM shelf_service."Items" AS i
WHERE i."Id" = @__itemId_0
LIMIT 1
2026-07-05 16:16:22.790 +03:00 [INF] ShelfsService Microsoft.EntityFrameworkCore.Database.Command Executed DbCommand (49ms) [Parameters=[@__itemId_0='?' (DbType = Guid)], CommandType='"Text"', CommandTimeout='30']
SELECT i."Id", i."AttributeColorMain", i."AttributeColorSecond", i."AttributeMatterial", i."AttributePattern", i."AttributeSeason", i."AttributeType", i."BigImage", i."DateCreated", i."Name", i."ShelfId", i."SmallImage", i."UpdatedAt", i."UserId", i."isFavorite", i."positionKey"
FROM shelf_service."Items" AS i
WHERE i."Id" = @__itemId_0
LIMIT 1
2026-07-05 16:16:22.907 +03:00 [INF] ShelfsService ShelfsService.src.ShelfsService.Host.Features.Items.GetItemById Item "bc540d10-cc61-41a6-8d42-5afdac6a0b1b" was returned
2026-07-05 16:16:22.907 +03:00 [INF] ShelfsService ShelfsService.src.ShelfsService.Host.Features.Items.GetItemById Item "aaaaaaaa-aaaa-aaaa-aaaa-aaaaaaaaaaaa" was returned
2026-07-05 16:16:23.029 +03:00 [INF] ShelfsService Serilog.AspNetCore.RequestLoggingMiddleware HTTP GET /shelfs/items/bc540d10-cc61-41a6-8d42-5afdac6a0b1b responded 200 in 1173.0996 ms
2026-07-05 16:16:23.029 +03:00 [INF] ShelfsService Serilog.AspNetCore.RequestLoggingMiddleware HTTP GET /shelfs/items/aaaaaaaa-aaaa-aaaa-aaaa-aaaaaaaaaaaa responded 200 in 1173.0147 ms
2026-07-05 16:16:23.170 +03:00 [INF] ShelfsService Serilog.AspNetCore.RequestLoggingMiddleware HTTP GET /swagger/v1/swagger.json responded 200 in 321.8570 ms
2026-07-05 16:16:24.697 +03:00 [INF] ShelfsService Serilog.AspNetCore.RequestLoggingMiddleware HTTP OPTIONS /shelfs/image/get-image/4b1f3cdf-fa97-4744-a677-47c0969b6af8_big.webp responded 204 in 0.1685 ms
2026-07-05 16:16:27.738 +03:00 [INF] ShelfsService Grpc.Net.Client.Internal.GrpcCall Call failed with gRPC error status. Status code: '"Unavailable"', Message: 'Error connecting to subchannel.'.
System.Net.Sockets.SocketException (11001): No such host is known.
   at System.Net.Sockets.Socket.AwaitableSocketAsyncEventArgs.ThrowException(SocketError error, CancellationToken cancellationToken)
   at System.Net.Sockets.Socket.AwaitableSocketAsyncEventArgs.System.Threading.Tasks.Sources.IValueTaskSource.GetResult(Int16 token)
   at System.Net.Sockets.Socket.<ConnectAsync>g__WaitForConnectWithCancellation|285_0(AwaitableSocketAsyncEventArgs saea, ValueTask connectTask, CancellationToken cancellationToken)
   at Grpc.Net.Client.Balancer.Internal.SocketConnectivitySubchannelTransport.TryConnectAsync(ConnectContext context, Int32 attempt)
2026-07-05 16:16:28.168 +03:00 [ERR] ShelfsService Serilog.AspNetCore.RequestLoggingMiddleware HTTP GET /shelfs/image/get-image/4b1f3cdf-fa97-4744-a677-47c0969b6af8_big.webp responded 500 in 3465.5452 ms
Grpc.Core.RpcException: Status(StatusCode="Unavailable", Detail="Error connecting to subchannel.", DebugException="System.Net.Sockets.SocketException: No such host is known.")
 ---> System.Net.Sockets.SocketException (11001): No such host is known.
   at System.Net.Sockets.Socket.AwaitableSocketAsyncEventArgs.ThrowException(SocketError error, CancellationToken cancellationToken)
   at System.Net.Sockets.Socket.AwaitableSocketAsyncEventArgs.System.Threading.Tasks.Sources.IValueTaskSource.GetResult(Int16 token)
   at System.Net.Sockets.Socket.<ConnectAsync>g__WaitForConnectWithCancellation|285_0(AwaitableSocketAsyncEventArgs saea, ValueTask connectTask, CancellationToken cancellationToken)
   at Grpc.Net.Client.Balancer.Internal.SocketConnectivitySubchannelTransport.TryConnectAsync(ConnectContext context, Int32 attempt)
   --- End of inner exception stack trace ---
   at Grpc.Net.Client.Internal.HttpContentClientStreamReader`2.MoveNextCore(CancellationToken cancellationToken)
   at Grpc.Core.AsyncStreamReaderExtensions.ReadAllAsyncCore[T](IAsyncStreamReader`1 streamReader, CancellationToken cancellationToken)+MoveNext()
   at Grpc.Core.AsyncStreamReaderExtensions.ReadAllAsyncCore[T](IAsyncStreamReader`1 streamReader, CancellationToken cancellationToken)+System.Threading.Tasks.Sources.IValueTaskSource<System.Boolean>.GetResult()
   at ShelfsService.src.ShelfsService.Host.Features.Items.GetPhotoByName.ExecuteAsync(GetImageByName req, CancellationToken ct) in D:\visualStudio\Projects\OnlineShelf\backend\Microservices\ShelfsService\src\ShelfsService.Host\Features\Images\GetImageByName.cs:line 50
   at ShelfsService.src.ShelfsService.Host.Features.Items.GetPhotoByName.ExecuteAsync(GetImageByName req, CancellationToken ct) in D:\visualStudio\Projects\OnlineShelf\backend\Microservices\ShelfsService\src\ShelfsService.Host\Features\Images\GetImageByName.cs:line 50
   at FastEndpoints.Endpoint`2.ExecAsync(CancellationToken ct)
   at FastEndpoints.Endpoint`2.ExecAsync(CancellationToken ct)
   at Microsoft.AspNetCore.Http.RequestDelegateFactory.ExecuteResultWriteResponse(IResult result, HttpContext httpContext)
   at Microsoft.AspNetCore.Authorization.AuthorizationMiddleware.Invoke(HttpContext context)
   at Microsoft.AspNetCore.Authentication.AuthenticationMiddleware.Invoke(HttpContext context)
   at Swashbuckle.AspNetCore.SwaggerUI.SwaggerUIMiddleware.Invoke(HttpContext httpContext)
   at Swashbuckle.AspNetCore.Swagger.SwaggerMiddleware.Invoke(HttpContext httpContext, ISwaggerProvider swaggerProvider)
   at Serilog.AspNetCore.RequestLoggingMiddleware.Invoke(HttpContext httpContext)
2026-07-05 16:16:28.186 +03:00 [ERR] ShelfsService Microsoft.AspNetCore.Diagnostics.DeveloperExceptionPageMiddleware An unhandled exception has occurred while executing the request.
Grpc.Core.RpcException: Status(StatusCode="Unavailable", Detail="Error connecting to subchannel.", DebugException="System.Net.Sockets.SocketException: No such host is known.")
 ---> System.Net.Sockets.SocketException (11001): No such host is known.
   at System.Net.Sockets.Socket.AwaitableSocketAsyncEventArgs.ThrowException(SocketError error, CancellationToken cancellationToken)
   at System.Net.Sockets.Socket.AwaitableSocketAsyncEventArgs.System.Threading.Tasks.Sources.IValueTaskSource.GetResult(Int16 token)
   at System.Net.Sockets.Socket.<ConnectAsync>g__WaitForConnectWithCancellation|285_0(AwaitableSocketAsyncEventArgs saea, ValueTask connectTask, CancellationToken cancellationToken)
   at Grpc.Net.Client.Balancer.Internal.SocketConnectivitySubchannelTransport.TryConnectAsync(ConnectContext context, Int32 attempt)
   --- End of inner exception stack trace ---
   at Grpc.Net.Client.Internal.HttpContentClientStreamReader`2.MoveNextCore(CancellationToken cancellationToken)
   at Grpc.Core.AsyncStreamReaderExtensions.ReadAllAsyncCore[T](IAsyncStreamReader`1 streamReader, CancellationToken cancellationToken)+MoveNext()
   at Grpc.Core.AsyncStreamReaderExtensions.ReadAllAsyncCore[T](IAsyncStreamReader`1 streamReader, CancellationToken cancellationToken)+System.Threading.Tasks.Sources.IValueTaskSource<System.Boolean>.GetResult()
   at ShelfsService.src.ShelfsService.Host.Features.Items.GetPhotoByName.ExecuteAsync(GetImageByName req, CancellationToken ct) in D:\visualStudio\Projects\OnlineShelf\backend\Microservices\ShelfsService\src\ShelfsService.Host\Features\Images\GetImageByName.cs:line 50
   at ShelfsService.src.ShelfsService.Host.Features.Items.GetPhotoByName.ExecuteAsync(GetImageByName req, CancellationToken ct) in D:\visualStudio\Projects\OnlineShelf\backend\Microservices\ShelfsService\src\ShelfsService.Host\Features\Images\GetImageByName.cs:line 50
   at FastEndpoints.Endpoint`2.ExecAsync(CancellationToken ct)
   at FastEndpoints.Endpoint`2.ExecAsync(CancellationToken ct)
   at Microsoft.AspNetCore.Http.RequestDelegateFactory.ExecuteResultWriteResponse(IResult result, HttpContext httpContext)
   at Microsoft.AspNetCore.Authorization.AuthorizationMiddleware.Invoke(HttpContext context)
   at Microsoft.AspNetCore.Authentication.AuthenticationMiddleware.Invoke(HttpContext context)
   at Swashbuckle.AspNetCore.SwaggerUI.SwaggerUIMiddleware.Invoke(HttpContext httpContext)
   at Swashbuckle.AspNetCore.Swagger.SwaggerMiddleware.Invoke(HttpContext httpContext, ISwaggerProvider swaggerProvider)
   at Serilog.AspNetCore.RequestLoggingMiddleware.Invoke(HttpContext httpContext)
   at Microsoft.AspNetCore.Diagnostics.DeveloperExceptionPageMiddlewareImpl.Invoke(HttpContext context)
2026-07-05 16:16:31.526 +03:00 [INF] ShelfsService Grpc.Net.Client.Internal.GrpcCall Call failed with gRPC error status. Status code: '"Unavailable"', Message: 'Error connecting to subchannel.'.
System.Net.Sockets.SocketException (11001): No such host is known.
   at System.Net.Sockets.Socket.AwaitableSocketAsyncEventArgs.ThrowException(SocketError error, CancellationToken cancellationToken)
   at System.Net.Sockets.Socket.AwaitableSocketAsyncEventArgs.System.Threading.Tasks.Sources.IValueTaskSource.GetResult(Int16 token)
   at System.Net.Sockets.Socket.<ConnectAsync>g__WaitForConnectWithCancellation|285_0(AwaitableSocketAsyncEventArgs saea, ValueTask connectTask, CancellationToken cancellationToken)
   at Grpc.Net.Client.Balancer.Internal.SocketConnectivitySubchannelTransport.TryConnectAsync(ConnectContext context, Int32 attempt)
2026-07-05 16:16:31.590 +03:00 [ERR] ShelfsService Serilog.AspNetCore.RequestLoggingMiddleware HTTP GET /shelfs/image/get-image/4b1f3cdf-fa97-4744-a677-47c0969b6af8_big.webp responded 500 in 2370.0414 ms
Grpc.Core.RpcException: Status(StatusCode="Unavailable", Detail="Error connecting to subchannel.", DebugException="System.Net.Sockets.SocketException: No such host is known.")
 ---> System.Net.Sockets.SocketException (11001): No such host is known.
   at System.Net.Sockets.Socket.AwaitableSocketAsyncEventArgs.ThrowException(SocketError error, CancellationToken cancellationToken)
   at System.Net.Sockets.Socket.AwaitableSocketAsyncEventArgs.System.Threading.Tasks.Sources.IValueTaskSource.GetResult(Int16 token)
   at System.Net.Sockets.Socket.<ConnectAsync>g__WaitForConnectWithCancellation|285_0(AwaitableSocketAsyncEventArgs saea, ValueTask connectTask, CancellationToken cancellationToken)
   at Grpc.Net.Client.Balancer.Internal.SocketConnectivitySubchannelTransport.TryConnectAsync(ConnectContext context, Int32 attempt)
   --- End of inner exception stack trace ---
   at Grpc.Net.Client.Internal.HttpContentClientStreamReader`2.MoveNextCore(CancellationToken cancellationToken)
   at Grpc.Core.AsyncStreamReaderExtensions.ReadAllAsyncCore[T](IAsyncStreamReader`1 streamReader, CancellationToken cancellationToken)+MoveNext()
   at Grpc.Core.AsyncStreamReaderExtensions.ReadAllAsyncCore[T](IAsyncStreamReader`1 streamReader, CancellationToken cancellationToken)+System.Threading.Tasks.Sources.IValueTaskSource<System.Boolean>.GetResult()
   at ShelfsService.src.ShelfsService.Host.Features.Items.GetPhotoByName.ExecuteAsync(GetImageByName req, CancellationToken ct) in D:\visualStudio\Projects\OnlineShelf\backend\Microservices\ShelfsService\src\ShelfsService.Host\Features\Images\GetImageByName.cs:line 50
   at ShelfsService.src.ShelfsService.Host.Features.Items.GetPhotoByName.ExecuteAsync(GetImageByName req, CancellationToken ct) in D:\visualStudio\Projects\OnlineShelf\backend\Microservices\ShelfsService\src\ShelfsService.Host\Features\Images\GetImageByName.cs:line 50
   at FastEndpoints.Endpoint`2.ExecAsync(CancellationToken ct)
   at FastEndpoints.Endpoint`2.ExecAsync(CancellationToken ct)
   at Microsoft.AspNetCore.Http.RequestDelegateFactory.ExecuteResultWriteResponse(IResult result, HttpContext httpContext)
   at Microsoft.AspNetCore.Authorization.AuthorizationMiddleware.Invoke(HttpContext context)
   at Microsoft.AspNetCore.Authentication.AuthenticationMiddleware.Invoke(HttpContext context)
   at Swashbuckle.AspNetCore.SwaggerUI.SwaggerUIMiddleware.Invoke(HttpContext httpContext)
   at Swashbuckle.AspNetCore.Swagger.SwaggerMiddleware.Invoke(HttpContext httpContext, ISwaggerProvider swaggerProvider)
   at Serilog.AspNetCore.RequestLoggingMiddleware.Invoke(HttpContext httpContext)
2026-07-05 16:16:31.596 +03:00 [ERR] ShelfsService Microsoft.AspNetCore.Diagnostics.DeveloperExceptionPageMiddleware An unhandled exception has occurred while executing the request.
Grpc.Core.RpcException: Status(StatusCode="Unavailable", Detail="Error connecting to subchannel.", DebugException="System.Net.Sockets.SocketException: No such host is known.")
 ---> System.Net.Sockets.SocketException (11001): No such host is known.
   at System.Net.Sockets.Socket.AwaitableSocketAsyncEventArgs.ThrowException(SocketError error, CancellationToken cancellationToken)
   at System.Net.Sockets.Socket.AwaitableSocketAsyncEventArgs.System.Threading.Tasks.Sources.IValueTaskSource.GetResult(Int16 token)
   at System.Net.Sockets.Socket.<ConnectAsync>g__WaitForConnectWithCancellation|285_0(AwaitableSocketAsyncEventArgs saea, ValueTask connectTask, CancellationToken cancellationToken)
   at Grpc.Net.Client.Balancer.Internal.SocketConnectivitySubchannelTransport.TryConnectAsync(ConnectContext context, Int32 attempt)
   --- End of inner exception stack trace ---
   at Grpc.Net.Client.Internal.HttpContentClientStreamReader`2.MoveNextCore(CancellationToken cancellationToken)
   at Grpc.Core.AsyncStreamReaderExtensions.ReadAllAsyncCore[T](IAsyncStreamReader`1 streamReader, CancellationToken cancellationToken)+MoveNext()
   at Grpc.Core.AsyncStreamReaderExtensions.ReadAllAsyncCore[T](IAsyncStreamReader`1 streamReader, CancellationToken cancellationToken)+System.Threading.Tasks.Sources.IValueTaskSource<System.Boolean>.GetResult()
   at ShelfsService.src.ShelfsService.Host.Features.Items.GetPhotoByName.ExecuteAsync(GetImageByName req, CancellationToken ct) in D:\visualStudio\Projects\OnlineShelf\backend\Microservices\ShelfsService\src\ShelfsService.Host\Features\Images\GetImageByName.cs:line 50
   at ShelfsService.src.ShelfsService.Host.Features.Items.GetPhotoByName.ExecuteAsync(GetImageByName req, CancellationToken ct) in D:\visualStudio\Projects\OnlineShelf\backend\Microservices\ShelfsService\src\ShelfsService.Host\Features\Images\GetImageByName.cs:line 50
   at FastEndpoints.Endpoint`2.ExecAsync(CancellationToken ct)
   at FastEndpoints.Endpoint`2.ExecAsync(CancellationToken ct)
   at Microsoft.AspNetCore.Http.RequestDelegateFactory.ExecuteResultWriteResponse(IResult result, HttpContext httpContext)
   at Microsoft.AspNetCore.Authorization.AuthorizationMiddleware.Invoke(HttpContext context)
   at Microsoft.AspNetCore.Authentication.AuthenticationMiddleware.Invoke(HttpContext context)
   at Swashbuckle.AspNetCore.SwaggerUI.SwaggerUIMiddleware.Invoke(HttpContext httpContext)
   at Swashbuckle.AspNetCore.Swagger.SwaggerMiddleware.Invoke(HttpContext httpContext, ISwaggerProvider swaggerProvider)
   at Serilog.AspNetCore.RequestLoggingMiddleware.Invoke(HttpContext httpContext)
   at Microsoft.AspNetCore.Diagnostics.DeveloperExceptionPageMiddlewareImpl.Invoke(HttpContext context)
2026-07-05 16:16:33.616 +03:00 [INF] ShelfsService Serilog.AspNetCore.RequestLoggingMiddleware HTTP OPTIONS /shelfs/image/get-image/4b1f3cdf-fa97-4744-a677-47c0969b6af8_big.webp responded 204 in 0.2025 ms
2026-07-05 16:16:34.125 +03:00 [INF] ShelfsService Grpc.Net.Client.Internal.GrpcCall Call failed with gRPC error status. Status code: '"Cancelled"', Message: 'Call canceled by the client.'.
System.OperationCanceledException: The operation was canceled.
2026-07-05 16:16:34.184 +03:00 [ERR] ShelfsService Serilog.AspNetCore.RequestLoggingMiddleware HTTP GET /shelfs/image/get-image/4b1f3cdf-fa97-4744-a677-47c0969b6af8_big.webp responded 500 in 563.6919 ms
Grpc.Core.RpcException: Status(StatusCode="Cancelled", Detail="Call canceled by the client.", DebugException="System.OperationCanceledException: The operation was canceled.")
 ---> System.OperationCanceledException: The operation was canceled.
   --- End of inner exception stack trace ---
   at Grpc.Net.Client.Internal.HttpContentClientStreamReader`2.MoveNextCore(CancellationToken cancellationToken)
   at Grpc.Core.AsyncStreamReaderExtensions.ReadAllAsyncCore[T](IAsyncStreamReader`1 streamReader, CancellationToken cancellationToken)+MoveNext()
   at Grpc.Core.AsyncStreamReaderExtensions.ReadAllAsyncCore[T](IAsyncStreamReader`1 streamReader, CancellationToken cancellationToken)+System.Threading.Tasks.Sources.IValueTaskSource<System.Boolean>.GetResult()
   at ShelfsService.src.ShelfsService.Host.Features.Items.GetPhotoByName.ExecuteAsync(GetImageByName req, CancellationToken ct) in D:\visualStudio\Projects\OnlineShelf\backend\Microservices\ShelfsService\src\ShelfsService.Host\Features\Images\GetImageByName.cs:line 50
   at ShelfsService.src.ShelfsService.Host.Features.Items.GetPhotoByName.ExecuteAsync(GetImageByName req, CancellationToken ct) in D:\visualStudio\Projects\OnlineShelf\backend\Microservices\ShelfsService\src\ShelfsService.Host\Features\Images\GetImageByName.cs:line 50
   at FastEndpoints.Endpoint`2.ExecAsync(CancellationToken ct)
   at FastEndpoints.Endpoint`2.ExecAsync(CancellationToken ct)
   at Microsoft.AspNetCore.Http.RequestDelegateFactory.ExecuteResultWriteResponse(IResult result, HttpContext httpContext)
   at Microsoft.AspNetCore.Authorization.AuthorizationMiddleware.Invoke(HttpContext context)
   at Microsoft.AspNetCore.Authentication.AuthenticationMiddleware.Invoke(HttpContext context)
   at Swashbuckle.AspNetCore.SwaggerUI.SwaggerUIMiddleware.Invoke(HttpContext httpContext)
   at Swashbuckle.AspNetCore.Swagger.SwaggerMiddleware.Invoke(HttpContext httpContext, ISwaggerProvider swaggerProvider)
   at Serilog.AspNetCore.RequestLoggingMiddleware.Invoke(HttpContext httpContext)
2026-07-05 16:16:34.189 +03:00 [ERR] ShelfsService Microsoft.AspNetCore.Diagnostics.DeveloperExceptionPageMiddleware An unhandled exception has occurred while executing the request.
Grpc.Core.RpcException: Status(StatusCode="Cancelled", Detail="Call canceled by the client.", DebugException="System.OperationCanceledException: The operation was canceled.")
 ---> System.OperationCanceledException: The operation was canceled.
   --- End of inner exception stack trace ---
   at Grpc.Net.Client.Internal.HttpContentClientStreamReader`2.MoveNextCore(CancellationToken cancellationToken)
   at Grpc.Core.AsyncStreamReaderExtensions.ReadAllAsyncCore[T](IAsyncStreamReader`1 streamReader, CancellationToken cancellationToken)+MoveNext()
   at Grpc.Core.AsyncStreamReaderExtensions.ReadAllAsyncCore[T](IAsyncStreamReader`1 streamReader, CancellationToken cancellationToken)+System.Threading.Tasks.Sources.IValueTaskSource<System.Boolean>.GetResult()
   at ShelfsService.src.ShelfsService.Host.Features.Items.GetPhotoByName.ExecuteAsync(GetImageByName req, CancellationToken ct) in D:\visualStudio\Projects\OnlineShelf\backend\Microservices\ShelfsService\src\ShelfsService.Host\Features\Images\GetImageByName.cs:line 50
   at ShelfsService.src.ShelfsService.Host.Features.Items.GetPhotoByName.ExecuteAsync(GetImageByName req, CancellationToken ct) in D:\visualStudio\Projects\OnlineShelf\backend\Microservices\ShelfsService\src\ShelfsService.Host\Features\Images\GetImageByName.cs:line 50
   at FastEndpoints.Endpoint`2.ExecAsync(CancellationToken ct)
   at FastEndpoints.Endpoint`2.ExecAsync(CancellationToken ct)
   at Microsoft.AspNetCore.Http.RequestDelegateFactory.ExecuteResultWriteResponse(IResult result, HttpContext httpContext)
   at Microsoft.AspNetCore.Authorization.AuthorizationMiddleware.Invoke(HttpContext context)
   at Microsoft.AspNetCore.Authentication.AuthenticationMiddleware.Invoke(HttpContext context)
   at Swashbuckle.AspNetCore.SwaggerUI.SwaggerUIMiddleware.Invoke(HttpContext httpContext)
   at Swashbuckle.AspNetCore.Swagger.SwaggerMiddleware.Invoke(HttpContext httpContext, ISwaggerProvider swaggerProvider)
   at Serilog.AspNetCore.RequestLoggingMiddleware.Invoke(HttpContext httpContext)
   at Microsoft.AspNetCore.Diagnostics.DeveloperExceptionPageMiddlewareImpl.Invoke(HttpContext context)
2026-07-05 16:16:34.823 +03:00 [INF] ShelfsService Serilog.AspNetCore.RequestLoggingMiddleware HTTP OPTIONS /shelfs/items/attributes responded 204 in 0.1650 ms
2026-07-05 16:16:34.823 +03:00 [INF] ShelfsService Serilog.AspNetCore.RequestLoggingMiddleware HTTP OPTIONS /shelfs/items/bc540d10-cc61-41a6-8d42-5afdac6a0b1b responded 204 in 0.1302 ms
2026-07-05 16:16:34.832 +03:00 [INF] ShelfsService Serilog.AspNetCore.RequestLoggingMiddleware HTTP GET /shelfs/items/attributes responded 200 in 2.8239 ms
2026-07-05 16:16:34.845 +03:00 [INF] ShelfsService Microsoft.EntityFrameworkCore.Database.Command Executed DbCommand (7ms) [Parameters=[@__itemId_0='?' (DbType = Guid)], CommandType='"Text"', CommandTimeout='30']
SELECT i."Id", i."AttributeColorMain", i."AttributeColorSecond", i."AttributeMatterial", i."AttributePattern", i."AttributeSeason", i."AttributeType", i."BigImage", i."DateCreated", i."Name", i."ShelfId", i."SmallImage", i."UpdatedAt", i."UserId", i."isFavorite", i."positionKey"
FROM shelf_service."Items" AS i
WHERE i."Id" = @__itemId_0
LIMIT 1
2026-07-05 16:16:34.853 +03:00 [INF] ShelfsService ShelfsService.src.ShelfsService.Host.Features.Items.GetItemById Item "bc540d10-cc61-41a6-8d42-5afdac6a0b1b" was returned
2026-07-05 16:16:34.861 +03:00 [INF] ShelfsService Serilog.AspNetCore.RequestLoggingMiddleware HTTP GET /shelfs/items/bc540d10-cc61-41a6-8d42-5afdac6a0b1b responded 200 in 30.3204 ms
2026-07-05 16:16:35.736 +03:00 [INF] ShelfsService Grpc.Net.Client.Internal.GrpcCall Call failed with gRPC error status. Status code: '"Unavailable"', Message: 'Error connecting to subchannel.'.
System.Net.Sockets.SocketException (11001): No such host is known.
   at System.Net.Sockets.Socket.AwaitableSocketAsyncEventArgs.ThrowException(SocketError error, CancellationToken cancellationToken)
   at System.Net.Sockets.Socket.AwaitableSocketAsyncEventArgs.System.Threading.Tasks.Sources.IValueTaskSource.GetResult(Int16 token)
   at System.Net.Sockets.Socket.<ConnectAsync>g__WaitForConnectWithCancellation|285_0(AwaitableSocketAsyncEventArgs saea, ValueTask connectTask, CancellationToken cancellationToken)
   at Grpc.Net.Client.Balancer.Internal.SocketConnectivitySubchannelTransport.TryConnectAsync(ConnectContext context, Int32 attempt)
2026-07-05 16:16:35.809 +03:00 [ERR] ShelfsService Serilog.AspNetCore.RequestLoggingMiddleware HTTP GET /shelfs/image/get-image/4b1f3cdf-fa97-4744-a677-47c0969b6af8_big.webp responded 500 in 527.3691 ms
Grpc.Core.RpcException: Status(StatusCode="Unavailable", Detail="Error connecting to subchannel.", DebugException="System.Net.Sockets.SocketException: No such host is known.")
 ---> System.Net.Sockets.SocketException (11001): No such host is known.
   at System.Net.Sockets.Socket.AwaitableSocketAsyncEventArgs.ThrowException(SocketError error, CancellationToken cancellationToken)
   at System.Net.Sockets.Socket.AwaitableSocketAsyncEventArgs.System.Threading.Tasks.Sources.IValueTaskSource.GetResult(Int16 token)
   at System.Net.Sockets.Socket.<ConnectAsync>g__WaitForConnectWithCancellation|285_0(AwaitableSocketAsyncEventArgs saea, ValueTask connectTask, CancellationToken cancellationToken)
   at Grpc.Net.Client.Balancer.Internal.SocketConnectivitySubchannelTransport.TryConnectAsync(ConnectContext context, Int32 attempt)
   --- End of inner exception stack trace ---
   at Grpc.Net.Client.Internal.HttpContentClientStreamReader`2.MoveNextCore(CancellationToken cancellationToken)
   at Grpc.Core.AsyncStreamReaderExtensions.ReadAllAsyncCore[T](IAsyncStreamReader`1 streamReader, CancellationToken cancellationToken)+MoveNext()
   at Grpc.Core.AsyncStreamReaderExtensions.ReadAllAsyncCore[T](IAsyncStreamReader`1 streamReader, CancellationToken cancellationToken)+System.Threading.Tasks.Sources.IValueTaskSource<System.Boolean>.GetResult()
   at ShelfsService.src.ShelfsService.Host.Features.Items.GetPhotoByName.ExecuteAsync(GetImageByName req, CancellationToken ct) in D:\visualStudio\Projects\OnlineShelf\backend\Microservices\ShelfsService\src\ShelfsService.Host\Features\Images\GetImageByName.cs:line 50
   at ShelfsService.src.ShelfsService.Host.Features.Items.GetPhotoByName.ExecuteAsync(GetImageByName req, CancellationToken ct) in D:\visualStudio\Projects\OnlineShelf\backend\Microservices\ShelfsService\src\ShelfsService.Host\Features\Images\GetImageByName.cs:line 50
   at FastEndpoints.Endpoint`2.ExecAsync(CancellationToken ct)
   at FastEndpoints.Endpoint`2.ExecAsync(CancellationToken ct)
   at Microsoft.AspNetCore.Http.RequestDelegateFactory.ExecuteResultWriteResponse(IResult result, HttpContext httpContext)
   at Microsoft.AspNetCore.Authorization.AuthorizationMiddleware.Invoke(HttpContext context)
   at Microsoft.AspNetCore.Authentication.AuthenticationMiddleware.Invoke(HttpContext context)
   at Swashbuckle.AspNetCore.SwaggerUI.SwaggerUIMiddleware.Invoke(HttpContext httpContext)
   at Swashbuckle.AspNetCore.Swagger.SwaggerMiddleware.Invoke(HttpContext httpContext, ISwaggerProvider swaggerProvider)
   at Serilog.AspNetCore.RequestLoggingMiddleware.Invoke(HttpContext httpContext)
2026-07-05 16:16:35.815 +03:00 [ERR] ShelfsService Microsoft.AspNetCore.Diagnostics.DeveloperExceptionPageMiddleware An unhandled exception has occurred while executing the request.
Grpc.Core.RpcException: Status(StatusCode="Unavailable", Detail="Error connecting to subchannel.", DebugException="System.Net.Sockets.SocketException: No such host is known.")
 ---> System.Net.Sockets.SocketException (11001): No such host is known.
   at System.Net.Sockets.Socket.AwaitableSocketAsyncEventArgs.ThrowException(SocketError error, CancellationToken cancellationToken)
   at System.Net.Sockets.Socket.AwaitableSocketAsyncEventArgs.System.Threading.Tasks.Sources.IValueTaskSource.GetResult(Int16 token)
   at System.Net.Sockets.Socket.<ConnectAsync>g__WaitForConnectWithCancellation|285_0(AwaitableSocketAsyncEventArgs saea, ValueTask connectTask, CancellationToken cancellationToken)
   at Grpc.Net.Client.Balancer.Internal.SocketConnectivitySubchannelTransport.TryConnectAsync(ConnectContext context, Int32 attempt)
   --- End of inner exception stack trace ---
   at Grpc.Net.Client.Internal.HttpContentClientStreamReader`2.MoveNextCore(CancellationToken cancellationToken)
   at Grpc.Core.AsyncStreamReaderExtensions.ReadAllAsyncCore[T](IAsyncStreamReader`1 streamReader, CancellationToken cancellationToken)+MoveNext()
   at Grpc.Core.AsyncStreamReaderExtensions.ReadAllAsyncCore[T](IAsyncStreamReader`1 streamReader, CancellationToken cancellationToken)+System.Threading.Tasks.Sources.IValueTaskSource<System.Boolean>.GetResult()
   at ShelfsService.src.ShelfsService.Host.Features.Items.GetPhotoByName.ExecuteAsync(GetImageByName req, CancellationToken ct) in D:\visualStudio\Projects\OnlineShelf\backend\Microservices\ShelfsService\src\ShelfsService.Host\Features\Images\GetImageByName.cs:line 50
   at ShelfsService.src.ShelfsService.Host.Features.Items.GetPhotoByName.ExecuteAsync(GetImageByName req, CancellationToken ct) in D:\visualStudio\Projects\OnlineShelf\backend\Microservices\ShelfsService\src\ShelfsService.Host\Features\Images\GetImageByName.cs:line 50
   at FastEndpoints.Endpoint`2.ExecAsync(CancellationToken ct)
   at FastEndpoints.Endpoint`2.ExecAsync(CancellationToken ct)
   at Microsoft.AspNetCore.Http.RequestDelegateFactory.ExecuteResultWriteResponse(IResult result, HttpContext httpContext)
   at Microsoft.AspNetCore.Authorization.AuthorizationMiddleware.Invoke(HttpContext context)
   at Microsoft.AspNetCore.Authentication.AuthenticationMiddleware.Invoke(HttpContext context)
   at Swashbuckle.AspNetCore.SwaggerUI.SwaggerUIMiddleware.Invoke(HttpContext httpContext)
   at Swashbuckle.AspNetCore.Swagger.SwaggerMiddleware.Invoke(HttpContext httpContext, ISwaggerProvider swaggerProvider)
   at Serilog.AspNetCore.RequestLoggingMiddleware.Invoke(HttpContext httpContext)
   at Microsoft.AspNetCore.Diagnostics.DeveloperExceptionPageMiddlewareImpl.Invoke(HttpContext context)
2026-07-05 16:16:36.843 +03:00 [INF] ShelfsService Grpc.Net.Client.Internal.GrpcCall Call failed with gRPC error status. Status code: '"Unavailable"', Message: 'Error connecting to subchannel.'.
System.Net.Sockets.SocketException (11001): No such host is known.
   at System.Net.Sockets.Socket.AwaitableSocketAsyncEventArgs.ThrowException(SocketError error, CancellationToken cancellationToken)
   at System.Net.Sockets.Socket.AwaitableSocketAsyncEventArgs.System.Threading.Tasks.Sources.IValueTaskSource.GetResult(Int16 token)
   at System.Net.Sockets.Socket.<ConnectAsync>g__WaitForConnectWithCancellation|285_0(AwaitableSocketAsyncEventArgs saea, ValueTask connectTask, CancellationToken cancellationToken)
   at Grpc.Net.Client.Balancer.Internal.SocketConnectivitySubchannelTransport.TryConnectAsync(ConnectContext context, Int32 attempt)
2026-07-05 16:16:36.954 +03:00 [ERR] ShelfsService Serilog.AspNetCore.RequestLoggingMiddleware HTTP GET /shelfs/image/get-image/4b1f3cdf-fa97-4744-a677-47c0969b6af8_big.webp responded 500 in 115.2782 ms
Grpc.Core.RpcException: Status(StatusCode="Unavailable", Detail="Error connecting to subchannel.", DebugException="System.Net.Sockets.SocketException: No such host is known.")
 ---> System.Net.Sockets.SocketException (11001): No such host is known.
   at System.Net.Sockets.Socket.AwaitableSocketAsyncEventArgs.ThrowException(SocketError error, CancellationToken cancellationToken)
   at System.Net.Sockets.Socket.AwaitableSocketAsyncEventArgs.System.Threading.Tasks.Sources.IValueTaskSource.GetResult(Int16 token)
   at System.Net.Sockets.Socket.<ConnectAsync>g__WaitForConnectWithCancellation|285_0(AwaitableSocketAsyncEventArgs saea, ValueTask connectTask, CancellationToken cancellationToken)
   at Grpc.Net.Client.Balancer.Internal.SocketConnectivitySubchannelTransport.TryConnectAsync(ConnectContext context, Int32 attempt)
   --- End of inner exception stack trace ---
   at Grpc.Core.AsyncStreamReaderExtensions.ReadAllAsyncCore[T](IAsyncStreamReader`1 streamReader, CancellationToken cancellationToken)+MoveNext()
   at Grpc.Core.AsyncStreamReaderExtensions.ReadAllAsyncCore[T](IAsyncStreamReader`1 streamReader, CancellationToken cancellationToken)+System.Threading.Tasks.Sources.IValueTaskSource<System.Boolean>.GetResult()
   at ShelfsService.src.ShelfsService.Host.Features.Items.GetPhotoByName.ExecuteAsync(GetImageByName req, CancellationToken ct) in D:\visualStudio\Projects\OnlineShelf\backend\Microservices\ShelfsService\src\ShelfsService.Host\Features\Images\GetImageByName.cs:line 50
   at ShelfsService.src.ShelfsService.Host.Features.Items.GetPhotoByName.ExecuteAsync(GetImageByName req, CancellationToken ct) in D:\visualStudio\Projects\OnlineShelf\backend\Microservices\ShelfsService\src\ShelfsService.Host\Features\Images\GetImageByName.cs:line 50
   at FastEndpoints.Endpoint`2.ExecAsync(CancellationToken ct)
   at FastEndpoints.Endpoint`2.ExecAsync(CancellationToken ct)
   at Microsoft.AspNetCore.Http.RequestDelegateFactory.ExecuteResultWriteResponse(IResult result, HttpContext httpContext)
   at Microsoft.AspNetCore.Authorization.AuthorizationMiddleware.Invoke(HttpContext context)
   at Microsoft.AspNetCore.Authentication.AuthenticationMiddleware.Invoke(HttpContext context)
   at Swashbuckle.AspNetCore.SwaggerUI.SwaggerUIMiddleware.Invoke(HttpContext httpContext)
   at Swashbuckle.AspNetCore.Swagger.SwaggerMiddleware.Invoke(HttpContext httpContext, ISwaggerProvider swaggerProvider)
   at Serilog.AspNetCore.RequestLoggingMiddleware.Invoke(HttpContext httpContext)
2026-07-05 16:16:36.959 +03:00 [ERR] ShelfsService Microsoft.AspNetCore.Diagnostics.DeveloperExceptionPageMiddleware An unhandled exception has occurred while executing the request.
Grpc.Core.RpcException: Status(StatusCode="Unavailable", Detail="Error connecting to subchannel.", DebugException="System.Net.Sockets.SocketException: No such host is known.")
 ---> System.Net.Sockets.SocketException (11001): No such host is known.
   at System.Net.Sockets.Socket.AwaitableSocketAsyncEventArgs.ThrowException(SocketError error, CancellationToken cancellationToken)
   at System.Net.Sockets.Socket.AwaitableSocketAsyncEventArgs.System.Threading.Tasks.Sources.IValueTaskSource.GetResult(Int16 token)
   at System.Net.Sockets.Socket.<ConnectAsync>g__WaitForConnectWithCancellation|285_0(AwaitableSocketAsyncEventArgs saea, ValueTask connectTask, CancellationToken cancellationToken)
   at Grpc.Net.Client.Balancer.Internal.SocketConnectivitySubchannelTransport.TryConnectAsync(ConnectContext context, Int32 attempt)
   --- End of inner exception stack trace ---
   at Grpc.Core.AsyncStreamReaderExtensions.ReadAllAsyncCore[T](IAsyncStreamReader`1 streamReader, CancellationToken cancellationToken)+MoveNext()
   at Grpc.Core.AsyncStreamReaderExtensions.ReadAllAsyncCore[T](IAsyncStreamReader`1 streamReader, CancellationToken cancellationToken)+System.Threading.Tasks.Sources.IValueTaskSource<System.Boolean>.GetResult()
   at ShelfsService.src.ShelfsService.Host.Features.Items.GetPhotoByName.ExecuteAsync(GetImageByName req, CancellationToken ct) in D:\visualStudio\Projects\OnlineShelf\backend\Microservices\ShelfsService\src\ShelfsService.Host\Features\Images\GetImageByName.cs:line 50
   at ShelfsService.src.ShelfsService.Host.Features.Items.GetPhotoByName.ExecuteAsync(GetImageByName req, CancellationToken ct) in D:\visualStudio\Projects\OnlineShelf\backend\Microservices\ShelfsService\src\ShelfsService.Host\Features\Images\GetImageByName.cs:line 50
   at FastEndpoints.Endpoint`2.ExecAsync(CancellationToken ct)
   at FastEndpoints.Endpoint`2.ExecAsync(CancellationToken ct)
   at Microsoft.AspNetCore.Http.RequestDelegateFactory.ExecuteResultWriteResponse(IResult result, HttpContext httpContext)
   at Microsoft.AspNetCore.Authorization.AuthorizationMiddleware.Invoke(HttpContext context)
   at Microsoft.AspNetCore.Authentication.AuthenticationMiddleware.Invoke(HttpContext context)
   at Swashbuckle.AspNetCore.SwaggerUI.SwaggerUIMiddleware.Invoke(HttpContext httpContext)
   at Swashbuckle.AspNetCore.Swagger.SwaggerMiddleware.Invoke(HttpContext httpContext, ISwaggerProvider swaggerProvider)
   at Serilog.AspNetCore.RequestLoggingMiddleware.Invoke(HttpContext httpContext)
   at Microsoft.AspNetCore.Diagnostics.DeveloperExceptionPageMiddlewareImpl.Invoke(HttpContext context)
2026-07-05 16:16:38.977 +03:00 [INF] ShelfsService Serilog.AspNetCore.RequestLoggingMiddleware HTTP OPTIONS /shelfs/image/get-image/4b1f3cdf-fa97-4744-a677-47c0969b6af8_big.webp responded 204 in 0.1039 ms
2026-07-05 16:16:41.165 +03:00 [INF] ShelfsService Grpc.Net.Client.Internal.GrpcCall Call failed with gRPC error status. Status code: '"Unavailable"', Message: 'Error connecting to subchannel.'.
System.Net.Sockets.SocketException (11001): No such host is known.
   at System.Net.Sockets.Socket.AwaitableSocketAsyncEventArgs.ThrowException(SocketError error, CancellationToken cancellationToken)
   at System.Net.Sockets.Socket.AwaitableSocketAsyncEventArgs.System.Threading.Tasks.Sources.IValueTaskSource.GetResult(Int16 token)
   at System.Net.Sockets.Socket.<ConnectAsync>g__WaitForConnectWithCancellation|285_0(AwaitableSocketAsyncEventArgs saea, ValueTask connectTask, CancellationToken cancellationToken)
   at Grpc.Net.Client.Balancer.Internal.SocketConnectivitySubchannelTransport.TryConnectAsync(ConnectContext context, Int32 attempt)
2026-07-05 16:16:41.224 +03:00 [ERR] ShelfsService Serilog.AspNetCore.RequestLoggingMiddleware HTTP GET /shelfs/image/get-image/4b1f3cdf-fa97-4744-a677-47c0969b6af8_big.webp responded 500 in 2243.0861 ms
Grpc.Core.RpcException: Status(StatusCode="Unavailable", Detail="Error connecting to subchannel.", DebugException="System.Net.Sockets.SocketException: No such host is known.")
 ---> System.Net.Sockets.SocketException (11001): No such host is known.
   at System.Net.Sockets.Socket.AwaitableSocketAsyncEventArgs.ThrowException(SocketError error, CancellationToken cancellationToken)
   at System.Net.Sockets.Socket.AwaitableSocketAsyncEventArgs.System.Threading.Tasks.Sources.IValueTaskSource.GetResult(Int16 token)
   at System.Net.Sockets.Socket.<ConnectAsync>g__WaitForConnectWithCancellation|285_0(AwaitableSocketAsyncEventArgs saea, ValueTask connectTask, CancellationToken cancellationToken)
   at Grpc.Net.Client.Balancer.Internal.SocketConnectivitySubchannelTransport.TryConnectAsync(ConnectContext context, Int32 attempt)
   --- End of inner exception stack trace ---
   at Grpc.Net.Client.Internal.HttpContentClientStreamReader`2.MoveNextCore(CancellationToken cancellationToken)
   at Grpc.Core.AsyncStreamReaderExtensions.ReadAllAsyncCore[T](IAsyncStreamReader`1 streamReader, CancellationToken cancellationToken)+MoveNext()
   at Grpc.Core.AsyncStreamReaderExtensions.ReadAllAsyncCore[T](IAsyncStreamReader`1 streamReader, CancellationToken cancellationToken)+System.Threading.Tasks.Sources.IValueTaskSource<System.Boolean>.GetResult()
   at ShelfsService.src.ShelfsService.Host.Features.Items.GetPhotoByName.ExecuteAsync(GetImageByName req, CancellationToken ct) in D:\visualStudio\Projects\OnlineShelf\backend\Microservices\ShelfsService\src\ShelfsService.Host\Features\Images\GetImageByName.cs:line 50
   at ShelfsService.src.ShelfsService.Host.Features.Items.GetPhotoByName.ExecuteAsync(GetImageByName req, CancellationToken ct) in D:\visualStudio\Projects\OnlineShelf\backend\Microservices\ShelfsService\src\ShelfsService.Host\Features\Images\GetImageByName.cs:line 50
   at FastEndpoints.Endpoint`2.ExecAsync(CancellationToken ct)
   at FastEndpoints.Endpoint`2.ExecAsync(CancellationToken ct)
   at Microsoft.AspNetCore.Http.RequestDelegateFactory.ExecuteResultWriteResponse(IResult result, HttpContext httpContext)
   at Microsoft.AspNetCore.Authorization.AuthorizationMiddleware.Invoke(HttpContext context)
   at Microsoft.AspNetCore.Authentication.AuthenticationMiddleware.Invoke(HttpContext context)
   at Swashbuckle.AspNetCore.SwaggerUI.SwaggerUIMiddleware.Invoke(HttpContext httpContext)
   at Swashbuckle.AspNetCore.Swagger.SwaggerMiddleware.Invoke(HttpContext httpContext, ISwaggerProvider swaggerProvider)
   at Serilog.AspNetCore.RequestLoggingMiddleware.Invoke(HttpContext httpContext)
2026-07-05 16:16:41.228 +03:00 [ERR] ShelfsService Microsoft.AspNetCore.Diagnostics.DeveloperExceptionPageMiddleware An unhandled exception has occurred while executing the request.
Grpc.Core.RpcException: Status(StatusCode="Unavailable", Detail="Error connecting to subchannel.", DebugException="System.Net.Sockets.SocketException: No such host is known.")
 ---> System.Net.Sockets.SocketException (11001): No such host is known.
   at System.Net.Sockets.Socket.AwaitableSocketAsyncEventArgs.ThrowException(SocketError error, CancellationToken cancellationToken)
   at System.Net.Sockets.Socket.AwaitableSocketAsyncEventArgs.System.Threading.Tasks.Sources.IValueTaskSource.GetResult(Int16 token)
   at System.Net.Sockets.Socket.<ConnectAsync>g__WaitForConnectWithCancellation|285_0(AwaitableSocketAsyncEventArgs saea, ValueTask connectTask, CancellationToken cancellationToken)
   at Grpc.Net.Client.Balancer.Internal.SocketConnectivitySubchannelTransport.TryConnectAsync(ConnectContext context, Int32 attempt)
   --- End of inner exception stack trace ---
   at Grpc.Net.Client.Internal.HttpContentClientStreamReader`2.MoveNextCore(CancellationToken cancellationToken)
   at Grpc.Core.AsyncStreamReaderExtensions.ReadAllAsyncCore[T](IAsyncStreamReader`1 streamReader, CancellationToken cancellationToken)+MoveNext()
   at Grpc.Core.AsyncStreamReaderExtensions.ReadAllAsyncCore[T](IAsyncStreamReader`1 streamReader, CancellationToken cancellationToken)+System.Threading.Tasks.Sources.IValueTaskSource<System.Boolean>.GetResult()
   at ShelfsService.src.ShelfsService.Host.Features.Items.GetPhotoByName.ExecuteAsync(GetImageByName req, CancellationToken ct) in D:\visualStudio\Projects\OnlineShelf\backend\Microservices\ShelfsService\src\ShelfsService.Host\Features\Images\GetImageByName.cs:line 50
   at ShelfsService.src.ShelfsService.Host.Features.Items.GetPhotoByName.ExecuteAsync(GetImageByName req, CancellationToken ct) in D:\visualStudio\Projects\OnlineShelf\backend\Microservices\ShelfsService\src\ShelfsService.Host\Features\Images\GetImageByName.cs:line 50
   at FastEndpoints.Endpoint`2.ExecAsync(CancellationToken ct)
   at FastEndpoints.Endpoint`2.ExecAsync(CancellationToken ct)
   at Microsoft.AspNetCore.Http.RequestDelegateFactory.ExecuteResultWriteResponse(IResult result, HttpContext httpContext)
   at Microsoft.AspNetCore.Authorization.AuthorizationMiddleware.Invoke(HttpContext context)
   at Microsoft.AspNetCore.Authentication.AuthenticationMiddleware.Invoke(HttpContext context)
   at Swashbuckle.AspNetCore.SwaggerUI.SwaggerUIMiddleware.Invoke(HttpContext httpContext)
   at Swashbuckle.AspNetCore.Swagger.SwaggerMiddleware.Invoke(HttpContext httpContext, ISwaggerProvider swaggerProvider)
   at Serilog.AspNetCore.RequestLoggingMiddleware.Invoke(HttpContext httpContext)
   at Microsoft.AspNetCore.Diagnostics.DeveloperExceptionPageMiddlewareImpl.Invoke(HttpContext context)
2026-07-05 16:16:43.529 +03:00 [INF] ShelfsService Serilog.AspNetCore.RequestLoggingMiddleware HTTP OPTIONS /shelfs/items responded 204 in 0.2877 ms
2026-07-05 16:16:43.624 +03:00 [INF] ShelfsService Serilog.AspNetCore.RequestLoggingMiddleware HTTP PUT /shelfs/items responded 400 in 89.6525 ms
2026-07-05 16:16:45.249 +03:00 [INF] ShelfsService Serilog.AspNetCore.RequestLoggingMiddleware HTTP OPTIONS /shelfs/image/get-image/4b1f3cdf-fa97-4744-a677-47c0969b6af8_big.webp responded 204 in 0.1556 ms
2026-07-05 16:16:47.302 +03:00 [INF] ShelfsService Grpc.Net.Client.Internal.GrpcCall Call failed with gRPC error status. Status code: '"Unavailable"', Message: 'Error connecting to subchannel.'.
System.Net.Sockets.SocketException (11001): No such host is known.
   at System.Net.Sockets.Socket.AwaitableSocketAsyncEventArgs.ThrowException(SocketError error, CancellationToken cancellationToken)
   at System.Net.Sockets.Socket.AwaitableSocketAsyncEventArgs.System.Threading.Tasks.Sources.IValueTaskSource.GetResult(Int16 token)
   at System.Net.Sockets.Socket.<ConnectAsync>g__WaitForConnectWithCancellation|285_0(AwaitableSocketAsyncEventArgs saea, ValueTask connectTask, CancellationToken cancellationToken)
   at Grpc.Net.Client.Balancer.Internal.SocketConnectivitySubchannelTransport.TryConnectAsync(ConnectContext context, Int32 attempt)
2026-07-05 16:16:47.363 +03:00 [ERR] ShelfsService Serilog.AspNetCore.RequestLoggingMiddleware HTTP GET /shelfs/image/get-image/4b1f3cdf-fa97-4744-a677-47c0969b6af8_big.webp responded 500 in 2108.6675 ms
Grpc.Core.RpcException: Status(StatusCode="Unavailable", Detail="Error connecting to subchannel.", DebugException="System.Net.Sockets.SocketException: No such host is known.")
 ---> System.Net.Sockets.SocketException (11001): No such host is known.
   at System.Net.Sockets.Socket.AwaitableSocketAsyncEventArgs.ThrowException(SocketError error, CancellationToken cancellationToken)
   at System.Net.Sockets.Socket.AwaitableSocketAsyncEventArgs.System.Threading.Tasks.Sources.IValueTaskSource.GetResult(Int16 token)
   at System.Net.Sockets.Socket.<ConnectAsync>g__WaitForConnectWithCancellation|285_0(AwaitableSocketAsyncEventArgs saea, ValueTask connectTask, CancellationToken cancellationToken)
   at Grpc.Net.Client.Balancer.Internal.SocketConnectivitySubchannelTransport.TryConnectAsync(ConnectContext context, Int32 attempt)
   --- End of inner exception stack trace ---
   at Grpc.Net.Client.Internal.HttpContentClientStreamReader`2.MoveNextCore(CancellationToken cancellationToken)
   at Grpc.Core.AsyncStreamReaderExtensions.ReadAllAsyncCore[T](IAsyncStreamReader`1 streamReader, CancellationToken cancellationToken)+MoveNext()
   at Grpc.Core.AsyncStreamReaderExtensions.ReadAllAsyncCore[T](IAsyncStreamReader`1 streamReader, CancellationToken cancellationToken)+System.Threading.Tasks.Sources.IValueTaskSource<System.Boolean>.GetResult()
   at ShelfsService.src.ShelfsService.Host.Features.Items.GetPhotoByName.ExecuteAsync(GetImageByName req, CancellationToken ct) in D:\visualStudio\Projects\OnlineShelf\backend\Microservices\ShelfsService\src\ShelfsService.Host\Features\Images\GetImageByName.cs:line 50
   at ShelfsService.src.ShelfsService.Host.Features.Items.GetPhotoByName.ExecuteAsync(GetImageByName req, CancellationToken ct) in D:\visualStudio\Projects\OnlineShelf\backend\Microservices\ShelfsService\src\ShelfsService.Host\Features\Images\GetImageByName.cs:line 50
   at FastEndpoints.Endpoint`2.ExecAsync(CancellationToken ct)
   at FastEndpoints.Endpoint`2.ExecAsync(CancellationToken ct)
   at Microsoft.AspNetCore.Http.RequestDelegateFactory.ExecuteResultWriteResponse(IResult result, HttpContext httpContext)
   at Microsoft.AspNetCore.Authorization.AuthorizationMiddleware.Invoke(HttpContext context)
   at Microsoft.AspNetCore.Authentication.AuthenticationMiddleware.Invoke(HttpContext context)
   at Swashbuckle.AspNetCore.SwaggerUI.SwaggerUIMiddleware.Invoke(HttpContext httpContext)
   at Swashbuckle.AspNetCore.Swagger.SwaggerMiddleware.Invoke(HttpContext httpContext, ISwaggerProvider swaggerProvider)
   at Serilog.AspNetCore.RequestLoggingMiddleware.Invoke(HttpContext httpContext)
2026-07-05 16:16:47.369 +03:00 [ERR] ShelfsService Microsoft.AspNetCore.Diagnostics.DeveloperExceptionPageMiddleware An unhandled exception has occurred while executing the request.
Grpc.Core.RpcException: Status(StatusCode="Unavailable", Detail="Error connecting to subchannel.", DebugException="System.Net.Sockets.SocketException: No such host is known.")
 ---> System.Net.Sockets.SocketException (11001): No such host is known.
   at System.Net.Sockets.Socket.AwaitableSocketAsyncEventArgs.ThrowException(SocketError error, CancellationToken cancellationToken)
   at System.Net.Sockets.Socket.AwaitableSocketAsyncEventArgs.System.Threading.Tasks.Sources.IValueTaskSource.GetResult(Int16 token)
   at System.Net.Sockets.Socket.<ConnectAsync>g__WaitForConnectWithCancellation|285_0(AwaitableSocketAsyncEventArgs saea, ValueTask connectTask, CancellationToken cancellationToken)
   at Grpc.Net.Client.Balancer.Internal.SocketConnectivitySubchannelTransport.TryConnectAsync(ConnectContext context, Int32 attempt)
   --- End of inner exception stack trace ---
   at Grpc.Net.Client.Internal.HttpContentClientStreamReader`2.MoveNextCore(CancellationToken cancellationToken)
   at Grpc.Core.AsyncStreamReaderExtensions.ReadAllAsyncCore[T](IAsyncStreamReader`1 streamReader, CancellationToken cancellationToken)+MoveNext()
   at Grpc.Core.AsyncStreamReaderExtensions.ReadAllAsyncCore[T](IAsyncStreamReader`1 streamReader, CancellationToken cancellationToken)+System.Threading.Tasks.Sources.IValueTaskSource<System.Boolean>.GetResult()
   at ShelfsService.src.ShelfsService.Host.Features.Items.GetPhotoByName.ExecuteAsync(GetImageByName req, CancellationToken ct) in D:\visualStudio\Projects\OnlineShelf\backend\Microservices\ShelfsService\src\ShelfsService.Host\Features\Images\GetImageByName.cs:line 50
   at ShelfsService.src.ShelfsService.Host.Features.Items.GetPhotoByName.ExecuteAsync(GetImageByName req, CancellationToken ct) in D:\visualStudio\Projects\OnlineShelf\backend\Microservices\ShelfsService\src\ShelfsService.Host\Features\Images\GetImageByName.cs:line 50
   at FastEndpoints.Endpoint`2.ExecAsync(CancellationToken ct)
   at FastEndpoints.Endpoint`2.ExecAsync(CancellationToken ct)
   at Microsoft.AspNetCore.Http.RequestDelegateFactory.ExecuteResultWriteResponse(IResult result, HttpContext httpContext)
   at Microsoft.AspNetCore.Authorization.AuthorizationMiddleware.Invoke(HttpContext context)
   at Microsoft.AspNetCore.Authentication.AuthenticationMiddleware.Invoke(HttpContext context)
   at Swashbuckle.AspNetCore.SwaggerUI.SwaggerUIMiddleware.Invoke(HttpContext httpContext)
   at Swashbuckle.AspNetCore.Swagger.SwaggerMiddleware.Invoke(HttpContext httpContext, ISwaggerProvider swaggerProvider)
   at Serilog.AspNetCore.RequestLoggingMiddleware.Invoke(HttpContext httpContext)
   at Microsoft.AspNetCore.Diagnostics.DeveloperExceptionPageMiddlewareImpl.Invoke(HttpContext context)
2026-07-05 16:17:28.562 +03:00 [INF] ShelfsService Serilog.AspNetCore.RequestLoggingMiddleware HTTP OPTIONS /shelfs/image/get-image/4b1f3cdf-fa97-4744-a677-47c0969b6af8_big.webp responded 204 in 0.1314 ms
2026-07-05 16:17:28.568 +03:00 [INF] ShelfsService Grpc.Net.Client.Internal.GrpcCall Call failed with gRPC error status. Status code: '"Unavailable"', Message: 'Error connecting to subchannel.'.
System.Net.Sockets.SocketException (11001): No such host is known.
   at System.Net.Sockets.Socket.AwaitableSocketAsyncEventArgs.ThrowException(SocketError error, CancellationToken cancellationToken)
   at System.Net.Sockets.Socket.AwaitableSocketAsyncEventArgs.System.Threading.Tasks.Sources.IValueTaskSource.GetResult(Int16 token)
   at System.Net.Sockets.Socket.<ConnectAsync>g__WaitForConnectWithCancellation|285_0(AwaitableSocketAsyncEventArgs saea, ValueTask connectTask, CancellationToken cancellationToken)
   at Grpc.Net.Client.Balancer.Internal.SocketConnectivitySubchannelTransport.TryConnectAsync(ConnectContext context, Int32 attempt)
2026-07-05 16:17:28.656 +03:00 [ERR] ShelfsService Serilog.AspNetCore.RequestLoggingMiddleware HTTP GET /shelfs/image/get-image/4b1f3cdf-fa97-4744-a677-47c0969b6af8_big.webp responded 500 in 90.7799 ms
Grpc.Core.RpcException: Status(StatusCode="Unavailable", Detail="Error connecting to subchannel.", DebugException="System.Net.Sockets.SocketException: No such host is known.")
 ---> System.Net.Sockets.SocketException (11001): No such host is known.
   at System.Net.Sockets.Socket.AwaitableSocketAsyncEventArgs.ThrowException(SocketError error, CancellationToken cancellationToken)
   at System.Net.Sockets.Socket.AwaitableSocketAsyncEventArgs.System.Threading.Tasks.Sources.IValueTaskSource.GetResult(Int16 token)
   at System.Net.Sockets.Socket.<ConnectAsync>g__WaitForConnectWithCancellation|285_0(AwaitableSocketAsyncEventArgs saea, ValueTask connectTask, CancellationToken cancellationToken)
   at Grpc.Net.Client.Balancer.Internal.SocketConnectivitySubchannelTransport.TryConnectAsync(ConnectContext context, Int32 attempt)
   --- End of inner exception stack trace ---
   at Grpc.Core.AsyncStreamReaderExtensions.ReadAllAsyncCore[T](IAsyncStreamReader`1 streamReader, CancellationToken cancellationToken)+MoveNext()
   at Grpc.Core.AsyncStreamReaderExtensions.ReadAllAsyncCore[T](IAsyncStreamReader`1 streamReader, CancellationToken cancellationToken)+System.Threading.Tasks.Sources.IValueTaskSource<System.Boolean>.GetResult()
   at ShelfsService.src.ShelfsService.Host.Features.Items.GetPhotoByName.ExecuteAsync(GetImageByName req, CancellationToken ct) in D:\visualStudio\Projects\OnlineShelf\backend\Microservices\ShelfsService\src\ShelfsService.Host\Features\Images\GetImageByName.cs:line 50
   at ShelfsService.src.ShelfsService.Host.Features.Items.GetPhotoByName.ExecuteAsync(GetImageByName req, CancellationToken ct) in D:\visualStudio\Projects\OnlineShelf\backend\Microservices\ShelfsService\src\ShelfsService.Host\Features\Images\GetImageByName.cs:line 50
   at FastEndpoints.Endpoint`2.ExecAsync(CancellationToken ct)
   at FastEndpoints.Endpoint`2.ExecAsync(CancellationToken ct)
   at Microsoft.AspNetCore.Http.RequestDelegateFactory.ExecuteResultWriteResponse(IResult result, HttpContext httpContext)
   at Microsoft.AspNetCore.Authorization.AuthorizationMiddleware.Invoke(HttpContext context)
   at Microsoft.AspNetCore.Authentication.AuthenticationMiddleware.Invoke(HttpContext context)
   at Swashbuckle.AspNetCore.SwaggerUI.SwaggerUIMiddleware.Invoke(HttpContext httpContext)
   at Swashbuckle.AspNetCore.Swagger.SwaggerMiddleware.Invoke(HttpContext httpContext, ISwaggerProvider swaggerProvider)
   at Serilog.AspNetCore.RequestLoggingMiddleware.Invoke(HttpContext httpContext)
2026-07-05 16:17:28.662 +03:00 [ERR] ShelfsService Microsoft.AspNetCore.Diagnostics.DeveloperExceptionPageMiddleware An unhandled exception has occurred while executing the request.
Grpc.Core.RpcException: Status(StatusCode="Unavailable", Detail="Error connecting to subchannel.", DebugException="System.Net.Sockets.SocketException: No such host is known.")
 ---> System.Net.Sockets.SocketException (11001): No such host is known.
   at System.Net.Sockets.Socket.AwaitableSocketAsyncEventArgs.ThrowException(SocketError error, CancellationToken cancellationToken)
   at System.Net.Sockets.Socket.AwaitableSocketAsyncEventArgs.System.Threading.Tasks.Sources.IValueTaskSource.GetResult(Int16 token)
   at System.Net.Sockets.Socket.<ConnectAsync>g__WaitForConnectWithCancellation|285_0(AwaitableSocketAsyncEventArgs saea, ValueTask connectTask, CancellationToken cancellationToken)
   at Grpc.Net.Client.Balancer.Internal.SocketConnectivitySubchannelTransport.TryConnectAsync(ConnectContext context, Int32 attempt)
   --- End of inner exception stack trace ---
   at Grpc.Core.AsyncStreamReaderExtensions.ReadAllAsyncCore[T](IAsyncStreamReader`1 streamReader, CancellationToken cancellationToken)+MoveNext()
   at Grpc.Core.AsyncStreamReaderExtensions.ReadAllAsyncCore[T](IAsyncStreamReader`1 streamReader, CancellationToken cancellationToken)+System.Threading.Tasks.Sources.IValueTaskSource<System.Boolean>.GetResult()
   at ShelfsService.src.ShelfsService.Host.Features.Items.GetPhotoByName.ExecuteAsync(GetImageByName req, CancellationToken ct) in D:\visualStudio\Projects\OnlineShelf\backend\Microservices\ShelfsService\src\ShelfsService.Host\Features\Images\GetImageByName.cs:line 50
   at ShelfsService.src.ShelfsService.Host.Features.Items.GetPhotoByName.ExecuteAsync(GetImageByName req, CancellationToken ct) in D:\visualStudio\Projects\OnlineShelf\backend\Microservices\ShelfsService\src\ShelfsService.Host\Features\Images\GetImageByName.cs:line 50
   at FastEndpoints.Endpoint`2.ExecAsync(CancellationToken ct)
   at FastEndpoints.Endpoint`2.ExecAsync(CancellationToken ct)
   at Microsoft.AspNetCore.Http.RequestDelegateFactory.ExecuteResultWriteResponse(IResult result, HttpContext httpContext)
   at Microsoft.AspNetCore.Authorization.AuthorizationMiddleware.Invoke(HttpContext context)
   at Microsoft.AspNetCore.Authentication.AuthenticationMiddleware.Invoke(HttpContext context)
   at Swashbuckle.AspNetCore.SwaggerUI.SwaggerUIMiddleware.Invoke(HttpContext httpContext)
   at Swashbuckle.AspNetCore.Swagger.SwaggerMiddleware.Invoke(HttpContext httpContext, ISwaggerProvider swaggerProvider)
   at Serilog.AspNetCore.RequestLoggingMiddleware.Invoke(HttpContext httpContext)
   at Microsoft.AspNetCore.Diagnostics.DeveloperExceptionPageMiddlewareImpl.Invoke(HttpContext context)
2026-07-05 16:17:29.643 +03:00 [INF] ShelfsService Serilog.AspNetCore.RequestLoggingMiddleware HTTP OPTIONS /shelfs/items/attributes responded 204 in 0.6767 ms
2026-07-05 16:17:29.647 +03:00 [INF] ShelfsService Serilog.AspNetCore.RequestLoggingMiddleware HTTP OPTIONS /shelfs/items/bc540d10-cc61-41a6-8d42-5afdac6a0b1b responded 204 in 3.0266 ms
2026-07-05 16:17:29.661 +03:00 [INF] ShelfsService Serilog.AspNetCore.RequestLoggingMiddleware HTTP GET /shelfs/items/attributes responded 200 in 2.2387 ms
2026-07-05 16:17:29.676 +03:00 [INF] ShelfsService Microsoft.EntityFrameworkCore.Database.Command Executed DbCommand (10ms) [Parameters=[@__itemId_0='?' (DbType = Guid)], CommandType='"Text"', CommandTimeout='30']
SELECT i."Id", i."AttributeColorMain", i."AttributeColorSecond", i."AttributeMatterial", i."AttributePattern", i."AttributeSeason", i."AttributeType", i."BigImage", i."DateCreated", i."Name", i."ShelfId", i."SmallImage", i."UpdatedAt", i."UserId", i."isFavorite", i."positionKey"
FROM shelf_service."Items" AS i
WHERE i."Id" = @__itemId_0
LIMIT 1
2026-07-05 16:17:29.678 +03:00 [INF] ShelfsService ShelfsService.src.ShelfsService.Host.Features.Items.GetItemById Item "bc540d10-cc61-41a6-8d42-5afdac6a0b1b" was returned
2026-07-05 16:17:29.684 +03:00 [INF] ShelfsService Serilog.AspNetCore.RequestLoggingMiddleware HTTP GET /shelfs/items/bc540d10-cc61-41a6-8d42-5afdac6a0b1b responded 200 in 25.1088 ms
2026-07-05 16:17:33.582 +03:00 [INF] ShelfsService Serilog.AspNetCore.RequestLoggingMiddleware HTTP OPTIONS /shelfs/items responded 204 in 0.1229 ms
2026-07-05 16:17:33.600 +03:00 [INF] ShelfsService Serilog.AspNetCore.RequestLoggingMiddleware HTTP PUT /shelfs/items responded 400 in 8.5388 ms
2026-07-05 16:18:12.064 +03:00 [INF] ShelfsService Serilog.AspNetCore.RequestLoggingMiddleware HTTP OPTIONS /shelfs/items/bbbbbbbb-bbbb-bbbb-bbbb-bbbbbbbbbbbb responded 204 in 0.1515 ms
2026-07-05 16:18:12.081 +03:00 [INF] ShelfsService Microsoft.EntityFrameworkCore.Database.Command Executed DbCommand (7ms) [Parameters=[@__itemId_0='?' (DbType = Guid)], CommandType='"Text"', CommandTimeout='30']
SELECT i."Id", i."AttributeColorMain", i."AttributeColorSecond", i."AttributeMatterial", i."AttributePattern", i."AttributeSeason", i."AttributeType", i."BigImage", i."DateCreated", i."Name", i."ShelfId", i."SmallImage", i."UpdatedAt", i."UserId", i."isFavorite", i."positionKey"
FROM shelf_service."Items" AS i
WHERE i."Id" = @__itemId_0
LIMIT 1
2026-07-05 16:18:12.083 +03:00 [INF] ShelfsService ShelfsService.src.ShelfsService.Host.Features.Items.GetItemById Item "bbbbbbbb-bbbb-bbbb-bbbb-bbbbbbbbbbbb" was returned
2026-07-05 16:18:12.090 +03:00 [INF] ShelfsService Serilog.AspNetCore.RequestLoggingMiddleware HTTP GET /shelfs/items/bbbbbbbb-bbbb-bbbb-bbbb-bbbbbbbbbbbb responded 200 in 21.3374 ms
2026-07-05 16:18:22.660 +03:00 [INF] ShelfsService Serilog.AspNetCore.RequestLoggingMiddleware HTTP OPTIONS /shelfs/items responded 204 in 0.1270 ms
2026-07-05 16:18:22.668 +03:00 [INF] ShelfsService Serilog.AspNetCore.RequestLoggingMiddleware HTTP PUT /shelfs/items responded 400 in 3.7625 ms
2026-07-05 16:19:02.958 +03:00 [INF] ShelfsService Microsoft.EntityFrameworkCore.Database.Command Executed DbCommand (46ms) [Parameters=[], CommandType='"Text"', CommandTimeout='30']
CREATE SCHEMA IF NOT EXISTS shelf_service;
2026-07-05 16:19:03.054 +03:00 [INF] ShelfsService Microsoft.EntityFrameworkCore.Database.Command Executed DbCommand (8ms) [Parameters=[], CommandType='"Text"', CommandTimeout='30']
SELECT "MigrationId", "ProductVersion"
FROM shelf_service."__EFMigrationsHistory"
ORDER BY "MigrationId";
2026-07-05 16:19:03.480 +03:00 [INF] ShelfsService Microsoft.EntityFrameworkCore.Database.Command Executed DbCommand (9ms) [Parameters=[], CommandType='"Text"', CommandTimeout='30']
DO $EF$
BEGIN
    IF NOT EXISTS(SELECT 1 FROM pg_namespace WHERE nspname = 'shelf_service') THEN
        CREATE SCHEMA shelf_service;
    END IF;
END $EF$;
CREATE TABLE IF NOT EXISTS shelf_service."__EFMigrationsHistory" (
    "MigrationId" character varying(150) NOT NULL,
    "ProductVersion" character varying(32) NOT NULL,
    CONSTRAINT "PK___EFMigrationsHistory" PRIMARY KEY ("MigrationId")
);
2026-07-05 16:19:03.494 +03:00 [INF] ShelfsService Microsoft.EntityFrameworkCore.Migrations Acquiring an exclusive lock for migration application. See https://aka.ms/efcore-docs-migrations-lock for more information if this takes too long.
2026-07-05 16:19:03.496 +03:00 [INF] ShelfsService Microsoft.EntityFrameworkCore.Database.Command Executed DbCommand (2ms) [Parameters=[], CommandType='"Text"', CommandTimeout='30']
LOCK TABLE shelf_service."__EFMigrationsHistory" IN ACCESS EXCLUSIVE MODE
2026-07-05 16:19:03.499 +03:00 [INF] ShelfsService Microsoft.EntityFrameworkCore.Database.Command Executed DbCommand (2ms) [Parameters=[], CommandType='"Text"', CommandTimeout='30']
SELECT "MigrationId", "ProductVersion"
FROM shelf_service."__EFMigrationsHistory"
ORDER BY "MigrationId";
2026-07-05 16:19:03.505 +03:00 [INF] ShelfsService Microsoft.EntityFrameworkCore.Migrations No migrations were applied. The database is already up to date.
2026-07-05 16:19:04.174 +03:00 [INF] ShelfsService Microsoft.EntityFrameworkCore.Database.Command Executed DbCommand (20ms) [Parameters=[], CommandType='"Text"', CommandTimeout='30']
SELECT a."Id", a."AttributeKey", a."Name"
FROM shelf_service."Attributes" AS a
2026-07-05 16:19:04.272 +03:00 [INF] ShelfsService Microsoft.EntityFrameworkCore.Database.Command Executed DbCommand (4ms) [Parameters=[], CommandType='"Text"', CommandTimeout='30']
SELECT a."Id", a."AttributeId", a."AttributeKey", a."AttributeValue"
FROM shelf_service."AttributesValues" AS a
2026-07-05 16:19:04.317 +03:00 [INF] ShelfsService FastEndpoints.StartupTimer Registered 12 endpoints in 3 565 milliseconds.
2026-07-05 16:19:04.387 +03:00 [INF] ShelfsService Microsoft.EntityFrameworkCore.Database.Command Executed DbCommand (8ms) [Parameters=[], CommandType='"Text"', CommandTimeout='30']
CREATE SCHEMA IF NOT EXISTS shelf_service;
2026-07-05 16:19:04.403 +03:00 [INF] ShelfsService Microsoft.EntityFrameworkCore.Database.Command Executed DbCommand (3ms) [Parameters=[], CommandType='"Text"', CommandTimeout='30']
SELECT "MigrationId", "ProductVersion"
FROM shelf_service."__EFMigrationsHistory"
ORDER BY "MigrationId";
2026-07-05 16:19:04.490 +03:00 [INF] ShelfsService Microsoft.EntityFrameworkCore.Database.Command Executed DbCommand (3ms) [Parameters=[], CommandType='"Text"', CommandTimeout='30']
DO $EF$
BEGIN
    IF NOT EXISTS(SELECT 1 FROM pg_namespace WHERE nspname = 'shelf_service') THEN
        CREATE SCHEMA shelf_service;
    END IF;
END $EF$;
CREATE TABLE IF NOT EXISTS shelf_service."__EFMigrationsHistory" (
    "MigrationId" character varying(150) NOT NULL,
    "ProductVersion" character varying(32) NOT NULL,
    CONSTRAINT "PK___EFMigrationsHistory" PRIMARY KEY ("MigrationId")
);
2026-07-05 16:19:04.517 +03:00 [INF] ShelfsService Microsoft.EntityFrameworkCore.Database.Command Executed DbCommand (2ms) [Parameters=[], CommandType='"Text"', CommandTimeout='30']
LOCK TABLE shelf_service."__EFMigrationsHistory" IN ACCESS EXCLUSIVE MODE
2026-07-05 16:19:04.523 +03:00 [INF] ShelfsService Microsoft.EntityFrameworkCore.Database.Command Executed DbCommand (2ms) [Parameters=[], CommandType='"Text"', CommandTimeout='30']
SELECT "MigrationId", "ProductVersion"
FROM shelf_service."__EFMigrationsHistory"
ORDER BY "MigrationId";
2026-07-05 16:19:04.524 +03:00 [INF] ShelfsService Microsoft.EntityFrameworkCore.Migrations No migrations were applied. The database is already up to date.
2026-07-05 16:19:04.546 +03:00 [INF] ShelfsService Microsoft.EntityFrameworkCore.Database.Command Executed DbCommand (3ms) [Parameters=[], CommandType='"Text"', CommandTimeout='30']
SELECT "MigrationId", "ProductVersion"
FROM shelf_service."__EFMigrationsHistory"
ORDER BY "MigrationId";
2026-07-05 16:19:04.576 +03:00 [INF] ShelfsService Microsoft.EntityFrameworkCore.Database.Command Executed DbCommand (3ms) [Parameters=[], CommandType='"Text"', CommandTimeout='30']
DO $EF$
BEGIN
    IF NOT EXISTS(SELECT 1 FROM pg_namespace WHERE nspname = 'shelf_service') THEN
        CREATE SCHEMA shelf_service;
    END IF;
END $EF$;
CREATE TABLE IF NOT EXISTS shelf_service."__EFMigrationsHistory" (
    "MigrationId" character varying(150) NOT NULL,
    "ProductVersion" character varying(32) NOT NULL,
    CONSTRAINT "PK___EFMigrationsHistory" PRIMARY KEY ("MigrationId")
);
2026-07-05 16:19:04.581 +03:00 [INF] ShelfsService Microsoft.EntityFrameworkCore.Database.Command Executed DbCommand (3ms) [Parameters=[], CommandType='"Text"', CommandTimeout='30']
LOCK TABLE shelf_service."__EFMigrationsHistory" IN ACCESS EXCLUSIVE MODE
2026-07-05 16:19:04.584 +03:00 [INF] ShelfsService Microsoft.EntityFrameworkCore.Database.Command Executed DbCommand (2ms) [Parameters=[], CommandType='"Text"', CommandTimeout='30']
SELECT "MigrationId", "ProductVersion"
FROM shelf_service."__EFMigrationsHistory"
ORDER BY "MigrationId";
2026-07-05 16:19:04.584 +03:00 [INF] ShelfsService Microsoft.EntityFrameworkCore.Migrations No migrations were applied. The database is already up to date.
2026-07-05 16:19:04.679 +03:00 [INF] ShelfsService Microsoft.EntityFrameworkCore.Database.Command Executed DbCommand (2ms) [Parameters=[], CommandType='"Text"', CommandTimeout='30']
SELECT EXISTS (
    SELECT 1
    FROM shelf_service."Shelfs" AS s)
2026-07-05 16:19:04.694 +03:00 [INF] ShelfsService Microsoft.EntityFrameworkCore.Database.Command Executed DbCommand (3ms) [Parameters=[], CommandType='"Text"', CommandTimeout='30']
SELECT EXISTS (
    SELECT 1
    FROM shelf_service."Items" AS i)
2026-07-05 16:19:04.702 +03:00 [INF] ShelfsService Microsoft.EntityFrameworkCore.Database.Command Executed DbCommand (3ms) [Parameters=[], CommandType='"Text"', CommandTimeout='30']
SELECT EXISTS (
    SELECT 1
    FROM shelf_service."AttributesValues" AS a)
2026-07-05 16:19:04.709 +03:00 [INF] ShelfsService Microsoft.EntityFrameworkCore.Database.Command Executed DbCommand (3ms) [Parameters=[], CommandType='"Text"', CommandTimeout='30']
SELECT EXISTS (
    SELECT 1
    FROM shelf_service."Attributes" AS a)
2026-07-05 16:19:04.899 +03:00 [INF] ShelfsService Microsoft.Hosting.Lifetime Application started. Press Ctrl+C to shut down.
2026-07-05 16:19:04.900 +03:00 [INF] ShelfsService Microsoft.Hosting.Lifetime Hosting environment: Development
2026-07-05 16:19:04.900 +03:00 [INF] ShelfsService Microsoft.Hosting.Lifetime Content root path: D:\visualStudio\Projects\OnlineShelf\backend\Microservices\ShelfsService
2026-07-05 16:19:05.230 +03:00 [INF] ShelfsService Serilog.AspNetCore.RequestLoggingMiddleware HTTP GET /swagger/index.html responded 200 in 251.4117 ms
2026-07-05 16:19:05.791 +03:00 [INF] ShelfsService Serilog.AspNetCore.RequestLoggingMiddleware HTTP GET /swagger/v1/swagger.json responded 200 in 162.8344 ms
2026-07-05 16:19:31.645 +03:00 [INF] ShelfsService Serilog.AspNetCore.RequestLoggingMiddleware HTTP OPTIONS /shelfs/items/bc540d10-cc61-41a6-8d42-5afdac6a0b1b responded 204 in 7.0546 ms
2026-07-05 16:19:32.547 +03:00 [INF] ShelfsService Microsoft.EntityFrameworkCore.Database.Command Executed DbCommand (46ms) [Parameters=[@__itemId_0='?' (DbType = Guid)], CommandType='"Text"', CommandTimeout='30']
SELECT i."Id", i."AttributeColorMain", i."AttributeColorSecond", i."AttributeMatterial", i."AttributePattern", i."AttributeSeason", i."AttributeType", i."BigImage", i."DateCreated", i."Name", i."ShelfId", i."SmallImage", i."UpdatedAt", i."UserId", i."isFavorite", i."positionKey"
FROM shelf_service."Items" AS i
WHERE i."Id" = @__itemId_0
LIMIT 1
2026-07-05 16:19:32.670 +03:00 [INF] ShelfsService ShelfsService.src.ShelfsService.Host.Features.Items.GetItemById Item "bc540d10-cc61-41a6-8d42-5afdac6a0b1b" was returned
2026-07-05 16:19:32.838 +03:00 [INF] ShelfsService Serilog.AspNetCore.RequestLoggingMiddleware HTTP GET /shelfs/items/bc540d10-cc61-41a6-8d42-5afdac6a0b1b responded 200 in 1176.7651 ms
2026-07-05 16:19:36.190 +03:00 [INF] ShelfsService Serilog.AspNetCore.RequestLoggingMiddleware HTTP OPTIONS /shelfs/items/attributes responded 204 in 37.7790 ms
2026-07-05 16:19:36.211 +03:00 [INF] ShelfsService Microsoft.EntityFrameworkCore.Database.Command Executed DbCommand (5ms) [Parameters=[@__itemId_0='?' (DbType = Guid)], CommandType='"Text"', CommandTimeout='30']
SELECT i."Id", i."AttributeColorMain", i."AttributeColorSecond", i."AttributeMatterial", i."AttributePattern", i."AttributeSeason", i."AttributeType", i."BigImage", i."DateCreated", i."Name", i."ShelfId", i."SmallImage", i."UpdatedAt", i."UserId", i."isFavorite", i."positionKey"
FROM shelf_service."Items" AS i
WHERE i."Id" = @__itemId_0
LIMIT 1
2026-07-05 16:19:36.217 +03:00 [INF] ShelfsService ShelfsService.src.ShelfsService.Host.Features.Items.GetItemById Item "bc540d10-cc61-41a6-8d42-5afdac6a0b1b" was returned
2026-07-05 16:19:36.233 +03:00 [INF] ShelfsService Serilog.AspNetCore.RequestLoggingMiddleware HTTP GET /shelfs/items/bc540d10-cc61-41a6-8d42-5afdac6a0b1b responded 200 in 42.4584 ms
2026-07-05 16:19:36.287 +03:00 [INF] ShelfsService Serilog.AspNetCore.RequestLoggingMiddleware HTTP GET /shelfs/items/attributes responded 200 in 93.4317 ms
2026-07-05 16:19:52.633 +03:00 [INF] ShelfsService Serilog.AspNetCore.RequestLoggingMiddleware HTTP OPTIONS /shelfs/image/get-image/4b1f3cdf-fa97-4744-a677-47c0969b6af8_big.webp responded 204 in 0.3615 ms
2026-07-05 16:19:53.054 +03:00 [INF] ShelfsService Grpc.Net.Client.Internal.GrpcCall Call failed with gRPC error status. Status code: '"Cancelled"', Message: 'Call canceled by the client.'.
System.OperationCanceledException: The operation was canceled.
2026-07-05 16:19:53.567 +03:00 [ERR] ShelfsService Serilog.AspNetCore.RequestLoggingMiddleware HTTP GET /shelfs/image/get-image/4b1f3cdf-fa97-4744-a677-47c0969b6af8_big.webp responded 500 in 922.9892 ms
Grpc.Core.RpcException: Status(StatusCode="Cancelled", Detail="Call canceled by the client.", DebugException="System.OperationCanceledException: The operation was canceled.")
 ---> System.OperationCanceledException: The operation was canceled.
   --- End of inner exception stack trace ---
   at Grpc.Net.Client.Internal.HttpContentClientStreamReader`2.MoveNextCore(CancellationToken cancellationToken)
   at Grpc.Core.AsyncStreamReaderExtensions.ReadAllAsyncCore[T](IAsyncStreamReader`1 streamReader, CancellationToken cancellationToken)+MoveNext()
   at Grpc.Core.AsyncStreamReaderExtensions.ReadAllAsyncCore[T](IAsyncStreamReader`1 streamReader, CancellationToken cancellationToken)+System.Threading.Tasks.Sources.IValueTaskSource<System.Boolean>.GetResult()
   at ShelfsService.src.ShelfsService.Host.Features.Items.GetPhotoByName.ExecuteAsync(GetImageByName req, CancellationToken ct) in D:\visualStudio\Projects\OnlineShelf\backend\Microservices\ShelfsService\src\ShelfsService.Host\Features\Images\GetImageByName.cs:line 50
   at ShelfsService.src.ShelfsService.Host.Features.Items.GetPhotoByName.ExecuteAsync(GetImageByName req, CancellationToken ct) in D:\visualStudio\Projects\OnlineShelf\backend\Microservices\ShelfsService\src\ShelfsService.Host\Features\Images\GetImageByName.cs:line 50
   at FastEndpoints.Endpoint`2.ExecAsync(CancellationToken ct)
   at FastEndpoints.Endpoint`2.ExecAsync(CancellationToken ct)
   at Microsoft.AspNetCore.Http.RequestDelegateFactory.ExecuteResultWriteResponse(IResult result, HttpContext httpContext)
   at Microsoft.AspNetCore.Authorization.AuthorizationMiddleware.Invoke(HttpContext context)
   at Microsoft.AspNetCore.Authentication.AuthenticationMiddleware.Invoke(HttpContext context)
   at Swashbuckle.AspNetCore.SwaggerUI.SwaggerUIMiddleware.Invoke(HttpContext httpContext)
   at Swashbuckle.AspNetCore.Swagger.SwaggerMiddleware.Invoke(HttpContext httpContext, ISwaggerProvider swaggerProvider)
   at Serilog.AspNetCore.RequestLoggingMiddleware.Invoke(HttpContext httpContext)
2026-07-05 16:19:53.585 +03:00 [ERR] ShelfsService Microsoft.AspNetCore.Diagnostics.DeveloperExceptionPageMiddleware An unhandled exception has occurred while executing the request.
Grpc.Core.RpcException: Status(StatusCode="Cancelled", Detail="Call canceled by the client.", DebugException="System.OperationCanceledException: The operation was canceled.")
 ---> System.OperationCanceledException: The operation was canceled.
   --- End of inner exception stack trace ---
   at Grpc.Net.Client.Internal.HttpContentClientStreamReader`2.MoveNextCore(CancellationToken cancellationToken)
   at Grpc.Core.AsyncStreamReaderExtensions.ReadAllAsyncCore[T](IAsyncStreamReader`1 streamReader, CancellationToken cancellationToken)+MoveNext()
   at Grpc.Core.AsyncStreamReaderExtensions.ReadAllAsyncCore[T](IAsyncStreamReader`1 streamReader, CancellationToken cancellationToken)+System.Threading.Tasks.Sources.IValueTaskSource<System.Boolean>.GetResult()
   at ShelfsService.src.ShelfsService.Host.Features.Items.GetPhotoByName.ExecuteAsync(GetImageByName req, CancellationToken ct) in D:\visualStudio\Projects\OnlineShelf\backend\Microservices\ShelfsService\src\ShelfsService.Host\Features\Images\GetImageByName.cs:line 50
   at ShelfsService.src.ShelfsService.Host.Features.Items.GetPhotoByName.ExecuteAsync(GetImageByName req, CancellationToken ct) in D:\visualStudio\Projects\OnlineShelf\backend\Microservices\ShelfsService\src\ShelfsService.Host\Features\Images\GetImageByName.cs:line 50
   at FastEndpoints.Endpoint`2.ExecAsync(CancellationToken ct)
   at FastEndpoints.Endpoint`2.ExecAsync(CancellationToken ct)
   at Microsoft.AspNetCore.Http.RequestDelegateFactory.ExecuteResultWriteResponse(IResult result, HttpContext httpContext)
   at Microsoft.AspNetCore.Authorization.AuthorizationMiddleware.Invoke(HttpContext context)
   at Microsoft.AspNetCore.Authentication.AuthenticationMiddleware.Invoke(HttpContext context)
   at Swashbuckle.AspNetCore.SwaggerUI.SwaggerUIMiddleware.Invoke(HttpContext httpContext)
   at Swashbuckle.AspNetCore.Swagger.SwaggerMiddleware.Invoke(HttpContext httpContext, ISwaggerProvider swaggerProvider)
   at Serilog.AspNetCore.RequestLoggingMiddleware.Invoke(HttpContext httpContext)
   at Microsoft.AspNetCore.Diagnostics.DeveloperExceptionPageMiddlewareImpl.Invoke(HttpContext context)
2026-07-05 16:19:53.821 +03:00 [INF] ShelfsService Serilog.AspNetCore.RequestLoggingMiddleware HTTP OPTIONS /shelfs/items/attributes responded 204 in 0.1230 ms
2026-07-05 16:19:53.821 +03:00 [INF] ShelfsService Serilog.AspNetCore.RequestLoggingMiddleware HTTP OPTIONS /shelfs/items/bc540d10-cc61-41a6-8d42-5afdac6a0b1b responded 204 in 0.0796 ms
2026-07-05 16:19:53.836 +03:00 [INF] ShelfsService Serilog.AspNetCore.RequestLoggingMiddleware HTTP GET /shelfs/items/attributes responded 200 in 2.4173 ms
2026-07-05 16:19:53.845 +03:00 [INF] ShelfsService Microsoft.EntityFrameworkCore.Database.Command Executed DbCommand (6ms) [Parameters=[@__itemId_0='?' (DbType = Guid)], CommandType='"Text"', CommandTimeout='30']
SELECT i."Id", i."AttributeColorMain", i."AttributeColorSecond", i."AttributeMatterial", i."AttributePattern", i."AttributeSeason", i."AttributeType", i."BigImage", i."DateCreated", i."Name", i."ShelfId", i."SmallImage", i."UpdatedAt", i."UserId", i."isFavorite", i."positionKey"
FROM shelf_service."Items" AS i
WHERE i."Id" = @__itemId_0
LIMIT 1
2026-07-05 16:19:53.846 +03:00 [INF] ShelfsService ShelfsService.src.ShelfsService.Host.Features.Items.GetItemById Item "bc540d10-cc61-41a6-8d42-5afdac6a0b1b" was returned
2026-07-05 16:19:53.847 +03:00 [INF] ShelfsService Serilog.AspNetCore.RequestLoggingMiddleware HTTP GET /shelfs/items/bc540d10-cc61-41a6-8d42-5afdac6a0b1b responded 200 in 17.2514 ms
2026-07-05 16:19:55.670 +03:00 [INF] ShelfsService Grpc.Net.Client.Internal.GrpcCall Call failed with gRPC error status. Status code: '"Unavailable"', Message: 'Error connecting to subchannel.'.
System.Net.Sockets.SocketException (11001): No such host is known.
   at System.Net.Sockets.Socket.AwaitableSocketAsyncEventArgs.ThrowException(SocketError error, CancellationToken cancellationToken)
   at System.Net.Sockets.Socket.AwaitableSocketAsyncEventArgs.System.Threading.Tasks.Sources.IValueTaskSource.GetResult(Int16 token)
   at System.Net.Sockets.Socket.<ConnectAsync>g__WaitForConnectWithCancellation|285_0(AwaitableSocketAsyncEventArgs saea, ValueTask connectTask, CancellationToken cancellationToken)
   at Grpc.Net.Client.Balancer.Internal.SocketConnectivitySubchannelTransport.TryConnectAsync(ConnectContext context, Int32 attempt)
2026-07-05 16:19:55.739 +03:00 [ERR] ShelfsService Serilog.AspNetCore.RequestLoggingMiddleware HTTP GET /shelfs/image/get-image/4b1f3cdf-fa97-4744-a677-47c0969b6af8_big.webp responded 500 in 1498.7253 ms
Grpc.Core.RpcException: Status(StatusCode="Unavailable", Detail="Error connecting to subchannel.", DebugException="System.Net.Sockets.SocketException: No such host is known.")
 ---> System.Net.Sockets.SocketException (11001): No such host is known.
   at System.Net.Sockets.Socket.AwaitableSocketAsyncEventArgs.ThrowException(SocketError error, CancellationToken cancellationToken)
   at System.Net.Sockets.Socket.AwaitableSocketAsyncEventArgs.System.Threading.Tasks.Sources.IValueTaskSource.GetResult(Int16 token)
   at System.Net.Sockets.Socket.<ConnectAsync>g__WaitForConnectWithCancellation|285_0(AwaitableSocketAsyncEventArgs saea, ValueTask connectTask, CancellationToken cancellationToken)
   at Grpc.Net.Client.Balancer.Internal.SocketConnectivitySubchannelTransport.TryConnectAsync(ConnectContext context, Int32 attempt)
   --- End of inner exception stack trace ---
   at Grpc.Net.Client.Internal.HttpContentClientStreamReader`2.MoveNextCore(CancellationToken cancellationToken)
   at Grpc.Core.AsyncStreamReaderExtensions.ReadAllAsyncCore[T](IAsyncStreamReader`1 streamReader, CancellationToken cancellationToken)+MoveNext()
   at Grpc.Core.AsyncStreamReaderExtensions.ReadAllAsyncCore[T](IAsyncStreamReader`1 streamReader, CancellationToken cancellationToken)+System.Threading.Tasks.Sources.IValueTaskSource<System.Boolean>.GetResult()
   at ShelfsService.src.ShelfsService.Host.Features.Items.GetPhotoByName.ExecuteAsync(GetImageByName req, CancellationToken ct) in D:\visualStudio\Projects\OnlineShelf\backend\Microservices\ShelfsService\src\ShelfsService.Host\Features\Images\GetImageByName.cs:line 50
   at ShelfsService.src.ShelfsService.Host.Features.Items.GetPhotoByName.ExecuteAsync(GetImageByName req, CancellationToken ct) in D:\visualStudio\Projects\OnlineShelf\backend\Microservices\ShelfsService\src\ShelfsService.Host\Features\Images\GetImageByName.cs:line 50
   at FastEndpoints.Endpoint`2.ExecAsync(CancellationToken ct)
   at FastEndpoints.Endpoint`2.ExecAsync(CancellationToken ct)
   at Microsoft.AspNetCore.Http.RequestDelegateFactory.ExecuteResultWriteResponse(IResult result, HttpContext httpContext)
   at Microsoft.AspNetCore.Authorization.AuthorizationMiddleware.Invoke(HttpContext context)
   at Microsoft.AspNetCore.Authentication.AuthenticationMiddleware.Invoke(HttpContext context)
   at Swashbuckle.AspNetCore.SwaggerUI.SwaggerUIMiddleware.Invoke(HttpContext httpContext)
   at Swashbuckle.AspNetCore.Swagger.SwaggerMiddleware.Invoke(HttpContext httpContext, ISwaggerProvider swaggerProvider)
   at Serilog.AspNetCore.RequestLoggingMiddleware.Invoke(HttpContext httpContext)
2026-07-05 16:19:55.742 +03:00 [ERR] ShelfsService Microsoft.AspNetCore.Diagnostics.DeveloperExceptionPageMiddleware An unhandled exception has occurred while executing the request.
Grpc.Core.RpcException: Status(StatusCode="Unavailable", Detail="Error connecting to subchannel.", DebugException="System.Net.Sockets.SocketException: No such host is known.")
 ---> System.Net.Sockets.SocketException (11001): No such host is known.
   at System.Net.Sockets.Socket.AwaitableSocketAsyncEventArgs.ThrowException(SocketError error, CancellationToken cancellationToken)
   at System.Net.Sockets.Socket.AwaitableSocketAsyncEventArgs.System.Threading.Tasks.Sources.IValueTaskSource.GetResult(Int16 token)
   at System.Net.Sockets.Socket.<ConnectAsync>g__WaitForConnectWithCancellation|285_0(AwaitableSocketAsyncEventArgs saea, ValueTask connectTask, CancellationToken cancellationToken)
   at Grpc.Net.Client.Balancer.Internal.SocketConnectivitySubchannelTransport.TryConnectAsync(ConnectContext context, Int32 attempt)
   --- End of inner exception stack trace ---
   at Grpc.Net.Client.Internal.HttpContentClientStreamReader`2.MoveNextCore(CancellationToken cancellationToken)
   at Grpc.Core.AsyncStreamReaderExtensions.ReadAllAsyncCore[T](IAsyncStreamReader`1 streamReader, CancellationToken cancellationToken)+MoveNext()
   at Grpc.Core.AsyncStreamReaderExtensions.ReadAllAsyncCore[T](IAsyncStreamReader`1 streamReader, CancellationToken cancellationToken)+System.Threading.Tasks.Sources.IValueTaskSource<System.Boolean>.GetResult()
   at ShelfsService.src.ShelfsService.Host.Features.Items.GetPhotoByName.ExecuteAsync(GetImageByName req, CancellationToken ct) in D:\visualStudio\Projects\OnlineShelf\backend\Microservices\ShelfsService\src\ShelfsService.Host\Features\Images\GetImageByName.cs:line 50
   at ShelfsService.src.ShelfsService.Host.Features.Items.GetPhotoByName.ExecuteAsync(GetImageByName req, CancellationToken ct) in D:\visualStudio\Projects\OnlineShelf\backend\Microservices\ShelfsService\src\ShelfsService.Host\Features\Images\GetImageByName.cs:line 50
   at FastEndpoints.Endpoint`2.ExecAsync(CancellationToken ct)
   at FastEndpoints.Endpoint`2.ExecAsync(CancellationToken ct)
   at Microsoft.AspNetCore.Http.RequestDelegateFactory.ExecuteResultWriteResponse(IResult result, HttpContext httpContext)
   at Microsoft.AspNetCore.Authorization.AuthorizationMiddleware.Invoke(HttpContext context)
   at Microsoft.AspNetCore.Authentication.AuthenticationMiddleware.Invoke(HttpContext context)
   at Swashbuckle.AspNetCore.SwaggerUI.SwaggerUIMiddleware.Invoke(HttpContext httpContext)
   at Swashbuckle.AspNetCore.Swagger.SwaggerMiddleware.Invoke(HttpContext httpContext, ISwaggerProvider swaggerProvider)
   at Serilog.AspNetCore.RequestLoggingMiddleware.Invoke(HttpContext httpContext)
   at Microsoft.AspNetCore.Diagnostics.DeveloperExceptionPageMiddlewareImpl.Invoke(HttpContext context)
2026-07-05 16:19:56.767 +03:00 [INF] ShelfsService Grpc.Net.Client.Internal.GrpcCall Call failed with gRPC error status. Status code: '"Unavailable"', Message: 'Error connecting to subchannel.'.
System.Net.Sockets.SocketException (11001): No such host is known.
   at System.Net.Sockets.Socket.AwaitableSocketAsyncEventArgs.ThrowException(SocketError error, CancellationToken cancellationToken)
   at System.Net.Sockets.Socket.AwaitableSocketAsyncEventArgs.System.Threading.Tasks.Sources.IValueTaskSource.GetResult(Int16 token)
   at System.Net.Sockets.Socket.<ConnectAsync>g__WaitForConnectWithCancellation|285_0(AwaitableSocketAsyncEventArgs saea, ValueTask connectTask, CancellationToken cancellationToken)
   at Grpc.Net.Client.Balancer.Internal.SocketConnectivitySubchannelTransport.TryConnectAsync(ConnectContext context, Int32 attempt)
2026-07-05 16:19:56.876 +03:00 [ERR] ShelfsService Serilog.AspNetCore.RequestLoggingMiddleware HTTP GET /shelfs/image/get-image/4b1f3cdf-fa97-4744-a677-47c0969b6af8_big.webp responded 500 in 113.1085 ms
Grpc.Core.RpcException: Status(StatusCode="Unavailable", Detail="Error connecting to subchannel.", DebugException="System.Net.Sockets.SocketException: No such host is known.")
 ---> System.Net.Sockets.SocketException (11001): No such host is known.
   at System.Net.Sockets.Socket.AwaitableSocketAsyncEventArgs.ThrowException(SocketError error, CancellationToken cancellationToken)
   at System.Net.Sockets.Socket.AwaitableSocketAsyncEventArgs.System.Threading.Tasks.Sources.IValueTaskSource.GetResult(Int16 token)
   at System.Net.Sockets.Socket.<ConnectAsync>g__WaitForConnectWithCancellation|285_0(AwaitableSocketAsyncEventArgs saea, ValueTask connectTask, CancellationToken cancellationToken)
   at Grpc.Net.Client.Balancer.Internal.SocketConnectivitySubchannelTransport.TryConnectAsync(ConnectContext context, Int32 attempt)
   --- End of inner exception stack trace ---
   at Grpc.Core.AsyncStreamReaderExtensions.ReadAllAsyncCore[T](IAsyncStreamReader`1 streamReader, CancellationToken cancellationToken)+MoveNext()
   at Grpc.Core.AsyncStreamReaderExtensions.ReadAllAsyncCore[T](IAsyncStreamReader`1 streamReader, CancellationToken cancellationToken)+System.Threading.Tasks.Sources.IValueTaskSource<System.Boolean>.GetResult()
   at ShelfsService.src.ShelfsService.Host.Features.Items.GetPhotoByName.ExecuteAsync(GetImageByName req, CancellationToken ct) in D:\visualStudio\Projects\OnlineShelf\backend\Microservices\ShelfsService\src\ShelfsService.Host\Features\Images\GetImageByName.cs:line 50
   at ShelfsService.src.ShelfsService.Host.Features.Items.GetPhotoByName.ExecuteAsync(GetImageByName req, CancellationToken ct) in D:\visualStudio\Projects\OnlineShelf\backend\Microservices\ShelfsService\src\ShelfsService.Host\Features\Images\GetImageByName.cs:line 50
   at FastEndpoints.Endpoint`2.ExecAsync(CancellationToken ct)
   at FastEndpoints.Endpoint`2.ExecAsync(CancellationToken ct)
   at Microsoft.AspNetCore.Http.RequestDelegateFactory.ExecuteResultWriteResponse(IResult result, HttpContext httpContext)
   at Microsoft.AspNetCore.Authorization.AuthorizationMiddleware.Invoke(HttpContext context)
   at Microsoft.AspNetCore.Authentication.AuthenticationMiddleware.Invoke(HttpContext context)
   at Swashbuckle.AspNetCore.SwaggerUI.SwaggerUIMiddleware.Invoke(HttpContext httpContext)
   at Swashbuckle.AspNetCore.Swagger.SwaggerMiddleware.Invoke(HttpContext httpContext, ISwaggerProvider swaggerProvider)
   at Serilog.AspNetCore.RequestLoggingMiddleware.Invoke(HttpContext httpContext)
2026-07-05 16:19:56.882 +03:00 [ERR] ShelfsService Microsoft.AspNetCore.Diagnostics.DeveloperExceptionPageMiddleware An unhandled exception has occurred while executing the request.
Grpc.Core.RpcException: Status(StatusCode="Unavailable", Detail="Error connecting to subchannel.", DebugException="System.Net.Sockets.SocketException: No such host is known.")
 ---> System.Net.Sockets.SocketException (11001): No such host is known.
   at System.Net.Sockets.Socket.AwaitableSocketAsyncEventArgs.ThrowException(SocketError error, CancellationToken cancellationToken)
   at System.Net.Sockets.Socket.AwaitableSocketAsyncEventArgs.System.Threading.Tasks.Sources.IValueTaskSource.GetResult(Int16 token)
   at System.Net.Sockets.Socket.<ConnectAsync>g__WaitForConnectWithCancellation|285_0(AwaitableSocketAsyncEventArgs saea, ValueTask connectTask, CancellationToken cancellationToken)
   at Grpc.Net.Client.Balancer.Internal.SocketConnectivitySubchannelTransport.TryConnectAsync(ConnectContext context, Int32 attempt)
   --- End of inner exception stack trace ---
   at Grpc.Core.AsyncStreamReaderExtensions.ReadAllAsyncCore[T](IAsyncStreamReader`1 streamReader, CancellationToken cancellationToken)+MoveNext()
   at Grpc.Core.AsyncStreamReaderExtensions.ReadAllAsyncCore[T](IAsyncStreamReader`1 streamReader, CancellationToken cancellationToken)+System.Threading.Tasks.Sources.IValueTaskSource<System.Boolean>.GetResult()
   at ShelfsService.src.ShelfsService.Host.Features.Items.GetPhotoByName.ExecuteAsync(GetImageByName req, CancellationToken ct) in D:\visualStudio\Projects\OnlineShelf\backend\Microservices\ShelfsService\src\ShelfsService.Host\Features\Images\GetImageByName.cs:line 50
   at ShelfsService.src.ShelfsService.Host.Features.Items.GetPhotoByName.ExecuteAsync(GetImageByName req, CancellationToken ct) in D:\visualStudio\Projects\OnlineShelf\backend\Microservices\ShelfsService\src\ShelfsService.Host\Features\Images\GetImageByName.cs:line 50
   at FastEndpoints.Endpoint`2.ExecAsync(CancellationToken ct)
   at FastEndpoints.Endpoint`2.ExecAsync(CancellationToken ct)
   at Microsoft.AspNetCore.Http.RequestDelegateFactory.ExecuteResultWriteResponse(IResult result, HttpContext httpContext)
   at Microsoft.AspNetCore.Authorization.AuthorizationMiddleware.Invoke(HttpContext context)
   at Microsoft.AspNetCore.Authentication.AuthenticationMiddleware.Invoke(HttpContext context)
   at Swashbuckle.AspNetCore.SwaggerUI.SwaggerUIMiddleware.Invoke(HttpContext httpContext)
   at Swashbuckle.AspNetCore.Swagger.SwaggerMiddleware.Invoke(HttpContext httpContext, ISwaggerProvider swaggerProvider)
   at Serilog.AspNetCore.RequestLoggingMiddleware.Invoke(HttpContext httpContext)
   at Microsoft.AspNetCore.Diagnostics.DeveloperExceptionPageMiddlewareImpl.Invoke(HttpContext context)
2026-07-05 16:19:58.900 +03:00 [INF] ShelfsService Serilog.AspNetCore.RequestLoggingMiddleware HTTP OPTIONS /shelfs/image/get-image/4b1f3cdf-fa97-4744-a677-47c0969b6af8_big.webp responded 204 in 0.5406 ms
2026-07-05 16:19:59.591 +03:00 [INF] ShelfsService Grpc.Net.Client.Internal.GrpcCall Call failed with gRPC error status. Status code: '"Unavailable"', Message: 'Error connecting to subchannel.'.
System.Net.Sockets.SocketException (11001): No such host is known.
   at System.Net.Sockets.Socket.AwaitableSocketAsyncEventArgs.ThrowException(SocketError error, CancellationToken cancellationToken)
   at System.Net.Sockets.Socket.AwaitableSocketAsyncEventArgs.System.Threading.Tasks.Sources.IValueTaskSource.GetResult(Int16 token)
   at System.Net.Sockets.Socket.<ConnectAsync>g__WaitForConnectWithCancellation|285_0(AwaitableSocketAsyncEventArgs saea, ValueTask connectTask, CancellationToken cancellationToken)
   at Grpc.Net.Client.Balancer.Internal.SocketConnectivitySubchannelTransport.TryConnectAsync(ConnectContext context, Int32 attempt)
2026-07-05 16:19:59.631 +03:00 [ERR] ShelfsService Serilog.AspNetCore.RequestLoggingMiddleware HTTP GET /shelfs/image/get-image/4b1f3cdf-fa97-4744-a677-47c0969b6af8_big.webp responded 500 in 723.5762 ms
Grpc.Core.RpcException: Status(StatusCode="Unavailable", Detail="Error connecting to subchannel.", DebugException="System.Net.Sockets.SocketException: No such host is known.")
 ---> System.Net.Sockets.SocketException (11001): No such host is known.
   at System.Net.Sockets.Socket.AwaitableSocketAsyncEventArgs.ThrowException(SocketError error, CancellationToken cancellationToken)
   at System.Net.Sockets.Socket.AwaitableSocketAsyncEventArgs.System.Threading.Tasks.Sources.IValueTaskSource.GetResult(Int16 token)
   at System.Net.Sockets.Socket.<ConnectAsync>g__WaitForConnectWithCancellation|285_0(AwaitableSocketAsyncEventArgs saea, ValueTask connectTask, CancellationToken cancellationToken)
   at Grpc.Net.Client.Balancer.Internal.SocketConnectivitySubchannelTransport.TryConnectAsync(ConnectContext context, Int32 attempt)
   --- End of inner exception stack trace ---
   at Grpc.Net.Client.Internal.HttpContentClientStreamReader`2.MoveNextCore(CancellationToken cancellationToken)
   at Grpc.Core.AsyncStreamReaderExtensions.ReadAllAsyncCore[T](IAsyncStreamReader`1 streamReader, CancellationToken cancellationToken)+MoveNext()
   at Grpc.Core.AsyncStreamReaderExtensions.ReadAllAsyncCore[T](IAsyncStreamReader`1 streamReader, CancellationToken cancellationToken)+System.Threading.Tasks.Sources.IValueTaskSource<System.Boolean>.GetResult()
   at ShelfsService.src.ShelfsService.Host.Features.Items.GetPhotoByName.ExecuteAsync(GetImageByName req, CancellationToken ct) in D:\visualStudio\Projects\OnlineShelf\backend\Microservices\ShelfsService\src\ShelfsService.Host\Features\Images\GetImageByName.cs:line 50
   at ShelfsService.src.ShelfsService.Host.Features.Items.GetPhotoByName.ExecuteAsync(GetImageByName req, CancellationToken ct) in D:\visualStudio\Projects\OnlineShelf\backend\Microservices\ShelfsService\src\ShelfsService.Host\Features\Images\GetImageByName.cs:line 50
   at FastEndpoints.Endpoint`2.ExecAsync(CancellationToken ct)
   at FastEndpoints.Endpoint`2.ExecAsync(CancellationToken ct)
   at Microsoft.AspNetCore.Http.RequestDelegateFactory.ExecuteResultWriteResponse(IResult result, HttpContext httpContext)
   at Microsoft.AspNetCore.Authorization.AuthorizationMiddleware.Invoke(HttpContext context)
   at Microsoft.AspNetCore.Authentication.AuthenticationMiddleware.Invoke(HttpContext context)
   at Swashbuckle.AspNetCore.SwaggerUI.SwaggerUIMiddleware.Invoke(HttpContext httpContext)
   at Swashbuckle.AspNetCore.Swagger.SwaggerMiddleware.Invoke(HttpContext httpContext, ISwaggerProvider swaggerProvider)
   at Serilog.AspNetCore.RequestLoggingMiddleware.Invoke(HttpContext httpContext)
2026-07-05 16:19:59.634 +03:00 [ERR] ShelfsService Microsoft.AspNetCore.Diagnostics.DeveloperExceptionPageMiddleware An unhandled exception has occurred while executing the request.
Grpc.Core.RpcException: Status(StatusCode="Unavailable", Detail="Error connecting to subchannel.", DebugException="System.Net.Sockets.SocketException: No such host is known.")
 ---> System.Net.Sockets.SocketException (11001): No such host is known.
   at System.Net.Sockets.Socket.AwaitableSocketAsyncEventArgs.ThrowException(SocketError error, CancellationToken cancellationToken)
   at System.Net.Sockets.Socket.AwaitableSocketAsyncEventArgs.System.Threading.Tasks.Sources.IValueTaskSource.GetResult(Int16 token)
   at System.Net.Sockets.Socket.<ConnectAsync>g__WaitForConnectWithCancellation|285_0(AwaitableSocketAsyncEventArgs saea, ValueTask connectTask, CancellationToken cancellationToken)
   at Grpc.Net.Client.Balancer.Internal.SocketConnectivitySubchannelTransport.TryConnectAsync(ConnectContext context, Int32 attempt)
   --- End of inner exception stack trace ---
   at Grpc.Net.Client.Internal.HttpContentClientStreamReader`2.MoveNextCore(CancellationToken cancellationToken)
   at Grpc.Core.AsyncStreamReaderExtensions.ReadAllAsyncCore[T](IAsyncStreamReader`1 streamReader, CancellationToken cancellationToken)+MoveNext()
   at Grpc.Core.AsyncStreamReaderExtensions.ReadAllAsyncCore[T](IAsyncStreamReader`1 streamReader, CancellationToken cancellationToken)+System.Threading.Tasks.Sources.IValueTaskSource<System.Boolean>.GetResult()
   at ShelfsService.src.ShelfsService.Host.Features.Items.GetPhotoByName.ExecuteAsync(GetImageByName req, CancellationToken ct) in D:\visualStudio\Projects\OnlineShelf\backend\Microservices\ShelfsService\src\ShelfsService.Host\Features\Images\GetImageByName.cs:line 50
   at ShelfsService.src.ShelfsService.Host.Features.Items.GetPhotoByName.ExecuteAsync(GetImageByName req, CancellationToken ct) in D:\visualStudio\Projects\OnlineShelf\backend\Microservices\ShelfsService\src\ShelfsService.Host\Features\Images\GetImageByName.cs:line 50
   at FastEndpoints.Endpoint`2.ExecAsync(CancellationToken ct)
   at FastEndpoints.Endpoint`2.ExecAsync(CancellationToken ct)
   at Microsoft.AspNetCore.Http.RequestDelegateFactory.ExecuteResultWriteResponse(IResult result, HttpContext httpContext)
   at Microsoft.AspNetCore.Authorization.AuthorizationMiddleware.Invoke(HttpContext context)
   at Microsoft.AspNetCore.Authentication.AuthenticationMiddleware.Invoke(HttpContext context)
   at Swashbuckle.AspNetCore.SwaggerUI.SwaggerUIMiddleware.Invoke(HttpContext httpContext)
   at Swashbuckle.AspNetCore.Swagger.SwaggerMiddleware.Invoke(HttpContext httpContext, ISwaggerProvider swaggerProvider)
   at Serilog.AspNetCore.RequestLoggingMiddleware.Invoke(HttpContext httpContext)
   at Microsoft.AspNetCore.Diagnostics.DeveloperExceptionPageMiddlewareImpl.Invoke(HttpContext context)
2026-07-05 16:20:12.792 +03:00 [INF] ShelfsService Serilog.AspNetCore.RequestLoggingMiddleware HTTP OPTIONS /shelfs/image/get-image/4b1f3cdf-fa97-4744-a677-47c0969b6af8_big.webp responded 204 in 0.1259 ms
2026-07-05 16:20:12.805 +03:00 [INF] ShelfsService Grpc.Net.Client.Internal.GrpcCall Call failed with gRPC error status. Status code: '"Unavailable"', Message: 'Error connecting to subchannel.'.
System.Net.Sockets.SocketException (11001): No such host is known.
   at System.Net.Sockets.Socket.AwaitableSocketAsyncEventArgs.ThrowException(SocketError error, CancellationToken cancellationToken)
   at System.Net.Sockets.Socket.AwaitableSocketAsyncEventArgs.System.Threading.Tasks.Sources.IValueTaskSource.GetResult(Int16 token)
   at System.Net.Sockets.Socket.<ConnectAsync>g__WaitForConnectWithCancellation|285_0(AwaitableSocketAsyncEventArgs saea, ValueTask connectTask, CancellationToken cancellationToken)
   at Grpc.Net.Client.Balancer.Internal.SocketConnectivitySubchannelTransport.TryConnectAsync(ConnectContext context, Int32 attempt)
2026-07-05 16:20:12.909 +03:00 [ERR] ShelfsService Serilog.AspNetCore.RequestLoggingMiddleware HTTP GET /shelfs/image/get-image/4b1f3cdf-fa97-4744-a677-47c0969b6af8_big.webp responded 500 in 111.5743 ms
Grpc.Core.RpcException: Status(StatusCode="Unavailable", Detail="Error connecting to subchannel.", DebugException="System.Net.Sockets.SocketException: No such host is known.")
 ---> System.Net.Sockets.SocketException (11001): No such host is known.
   at System.Net.Sockets.Socket.AwaitableSocketAsyncEventArgs.ThrowException(SocketError error, CancellationToken cancellationToken)
   at System.Net.Sockets.Socket.AwaitableSocketAsyncEventArgs.System.Threading.Tasks.Sources.IValueTaskSource.GetResult(Int16 token)
   at System.Net.Sockets.Socket.<ConnectAsync>g__WaitForConnectWithCancellation|285_0(AwaitableSocketAsyncEventArgs saea, ValueTask connectTask, CancellationToken cancellationToken)
   at Grpc.Net.Client.Balancer.Internal.SocketConnectivitySubchannelTransport.TryConnectAsync(ConnectContext context, Int32 attempt)
   --- End of inner exception stack trace ---
   at Grpc.Core.AsyncStreamReaderExtensions.ReadAllAsyncCore[T](IAsyncStreamReader`1 streamReader, CancellationToken cancellationToken)+MoveNext()
   at Grpc.Core.AsyncStreamReaderExtensions.ReadAllAsyncCore[T](IAsyncStreamReader`1 streamReader, CancellationToken cancellationToken)+System.Threading.Tasks.Sources.IValueTaskSource<System.Boolean>.GetResult()
   at ShelfsService.src.ShelfsService.Host.Features.Items.GetPhotoByName.ExecuteAsync(GetImageByName req, CancellationToken ct) in D:\visualStudio\Projects\OnlineShelf\backend\Microservices\ShelfsService\src\ShelfsService.Host\Features\Images\GetImageByName.cs:line 50
   at ShelfsService.src.ShelfsService.Host.Features.Items.GetPhotoByName.ExecuteAsync(GetImageByName req, CancellationToken ct) in D:\visualStudio\Projects\OnlineShelf\backend\Microservices\ShelfsService\src\ShelfsService.Host\Features\Images\GetImageByName.cs:line 50
   at FastEndpoints.Endpoint`2.ExecAsync(CancellationToken ct)
   at FastEndpoints.Endpoint`2.ExecAsync(CancellationToken ct)
   at Microsoft.AspNetCore.Http.RequestDelegateFactory.ExecuteResultWriteResponse(IResult result, HttpContext httpContext)
   at Microsoft.AspNetCore.Authorization.AuthorizationMiddleware.Invoke(HttpContext context)
   at Microsoft.AspNetCore.Authentication.AuthenticationMiddleware.Invoke(HttpContext context)
   at Swashbuckle.AspNetCore.SwaggerUI.SwaggerUIMiddleware.Invoke(HttpContext httpContext)
   at Swashbuckle.AspNetCore.Swagger.SwaggerMiddleware.Invoke(HttpContext httpContext, ISwaggerProvider swaggerProvider)
   at Serilog.AspNetCore.RequestLoggingMiddleware.Invoke(HttpContext httpContext)
2026-07-05 16:20:12.916 +03:00 [ERR] ShelfsService Microsoft.AspNetCore.Diagnostics.DeveloperExceptionPageMiddleware An unhandled exception has occurred while executing the request.
Grpc.Core.RpcException: Status(StatusCode="Unavailable", Detail="Error connecting to subchannel.", DebugException="System.Net.Sockets.SocketException: No such host is known.")
 ---> System.Net.Sockets.SocketException (11001): No such host is known.
   at System.Net.Sockets.Socket.AwaitableSocketAsyncEventArgs.ThrowException(SocketError error, CancellationToken cancellationToken)
   at System.Net.Sockets.Socket.AwaitableSocketAsyncEventArgs.System.Threading.Tasks.Sources.IValueTaskSource.GetResult(Int16 token)
   at System.Net.Sockets.Socket.<ConnectAsync>g__WaitForConnectWithCancellation|285_0(AwaitableSocketAsyncEventArgs saea, ValueTask connectTask, CancellationToken cancellationToken)
   at Grpc.Net.Client.Balancer.Internal.SocketConnectivitySubchannelTransport.TryConnectAsync(ConnectContext context, Int32 attempt)
   --- End of inner exception stack trace ---
   at Grpc.Core.AsyncStreamReaderExtensions.ReadAllAsyncCore[T](IAsyncStreamReader`1 streamReader, CancellationToken cancellationToken)+MoveNext()
   at Grpc.Core.AsyncStreamReaderExtensions.ReadAllAsyncCore[T](IAsyncStreamReader`1 streamReader, CancellationToken cancellationToken)+System.Threading.Tasks.Sources.IValueTaskSource<System.Boolean>.GetResult()
   at ShelfsService.src.ShelfsService.Host.Features.Items.GetPhotoByName.ExecuteAsync(GetImageByName req, CancellationToken ct) in D:\visualStudio\Projects\OnlineShelf\backend\Microservices\ShelfsService\src\ShelfsService.Host\Features\Images\GetImageByName.cs:line 50
   at ShelfsService.src.ShelfsService.Host.Features.Items.GetPhotoByName.ExecuteAsync(GetImageByName req, CancellationToken ct) in D:\visualStudio\Projects\OnlineShelf\backend\Microservices\ShelfsService\src\ShelfsService.Host\Features\Images\GetImageByName.cs:line 50
   at FastEndpoints.Endpoint`2.ExecAsync(CancellationToken ct)
   at FastEndpoints.Endpoint`2.ExecAsync(CancellationToken ct)
   at Microsoft.AspNetCore.Http.RequestDelegateFactory.ExecuteResultWriteResponse(IResult result, HttpContext httpContext)
   at Microsoft.AspNetCore.Authorization.AuthorizationMiddleware.Invoke(HttpContext context)
   at Microsoft.AspNetCore.Authentication.AuthenticationMiddleware.Invoke(HttpContext context)
   at Swashbuckle.AspNetCore.SwaggerUI.SwaggerUIMiddleware.Invoke(HttpContext httpContext)
   at Swashbuckle.AspNetCore.Swagger.SwaggerMiddleware.Invoke(HttpContext httpContext, ISwaggerProvider swaggerProvider)
   at Serilog.AspNetCore.RequestLoggingMiddleware.Invoke(HttpContext httpContext)
   at Microsoft.AspNetCore.Diagnostics.DeveloperExceptionPageMiddlewareImpl.Invoke(HttpContext context)
2026-07-05 16:20:13.925 +03:00 [INF] ShelfsService Serilog.AspNetCore.RequestLoggingMiddleware HTTP OPTIONS /shelfs/items/attributes responded 204 in 0.1400 ms
2026-07-05 16:20:13.926 +03:00 [INF] ShelfsService Serilog.AspNetCore.RequestLoggingMiddleware HTTP OPTIONS /shelfs/items/bc540d10-cc61-41a6-8d42-5afdac6a0b1b responded 204 in 0.1312 ms
2026-07-05 16:20:13.937 +03:00 [INF] ShelfsService Serilog.AspNetCore.RequestLoggingMiddleware HTTP GET /shelfs/items/attributes responded 200 in 2.4679 ms
2026-07-05 16:20:13.950 +03:00 [INF] ShelfsService Microsoft.EntityFrameworkCore.Database.Command Executed DbCommand (7ms) [Parameters=[@__itemId_0='?' (DbType = Guid)], CommandType='"Text"', CommandTimeout='30']
SELECT i."Id", i."AttributeColorMain", i."AttributeColorSecond", i."AttributeMatterial", i."AttributePattern", i."AttributeSeason", i."AttributeType", i."BigImage", i."DateCreated", i."Name", i."ShelfId", i."SmallImage", i."UpdatedAt", i."UserId", i."isFavorite", i."positionKey"
FROM shelf_service."Items" AS i
WHERE i."Id" = @__itemId_0
LIMIT 1
2026-07-05 16:20:13.951 +03:00 [INF] ShelfsService ShelfsService.src.ShelfsService.Host.Features.Items.GetItemById Item "bc540d10-cc61-41a6-8d42-5afdac6a0b1b" was returned
2026-07-05 16:20:13.952 +03:00 [INF] ShelfsService Serilog.AspNetCore.RequestLoggingMiddleware HTTP GET /shelfs/items/bc540d10-cc61-41a6-8d42-5afdac6a0b1b responded 200 in 14.8655 ms
2026-07-05 16:20:17.007 +03:00 [INF] ShelfsService Grpc.Net.Client.Internal.GrpcCall Call failed with gRPC error status. Status code: '"Unavailable"', Message: 'Error connecting to subchannel.'.
System.Net.Sockets.SocketException (11001): No such host is known.
   at System.Net.Sockets.Socket.AwaitableSocketAsyncEventArgs.ThrowException(SocketError error, CancellationToken cancellationToken)
   at System.Net.Sockets.Socket.AwaitableSocketAsyncEventArgs.System.Threading.Tasks.Sources.IValueTaskSource.GetResult(Int16 token)
   at System.Net.Sockets.Socket.<ConnectAsync>g__WaitForConnectWithCancellation|285_0(AwaitableSocketAsyncEventArgs saea, ValueTask connectTask, CancellationToken cancellationToken)
   at Grpc.Net.Client.Balancer.Internal.SocketConnectivitySubchannelTransport.TryConnectAsync(ConnectContext context, Int32 attempt)
2026-07-05 16:20:17.042 +03:00 [ERR] ShelfsService Serilog.AspNetCore.RequestLoggingMiddleware HTTP GET /shelfs/image/get-image/4b1f3cdf-fa97-4744-a677-47c0969b6af8_big.webp responded 500 in 2691.8296 ms
Grpc.Core.RpcException: Status(StatusCode="Unavailable", Detail="Error connecting to subchannel.", DebugException="System.Net.Sockets.SocketException: No such host is known.")
 ---> System.Net.Sockets.SocketException (11001): No such host is known.
   at System.Net.Sockets.Socket.AwaitableSocketAsyncEventArgs.ThrowException(SocketError error, CancellationToken cancellationToken)
   at System.Net.Sockets.Socket.AwaitableSocketAsyncEventArgs.System.Threading.Tasks.Sources.IValueTaskSource.GetResult(Int16 token)
   at System.Net.Sockets.Socket.<ConnectAsync>g__WaitForConnectWithCancellation|285_0(AwaitableSocketAsyncEventArgs saea, ValueTask connectTask, CancellationToken cancellationToken)
   at Grpc.Net.Client.Balancer.Internal.SocketConnectivitySubchannelTransport.TryConnectAsync(ConnectContext context, Int32 attempt)
   --- End of inner exception stack trace ---
   at Grpc.Net.Client.Internal.HttpContentClientStreamReader`2.MoveNextCore(CancellationToken cancellationToken)
   at Grpc.Core.AsyncStreamReaderExtensions.ReadAllAsyncCore[T](IAsyncStreamReader`1 streamReader, CancellationToken cancellationToken)+MoveNext()
   at Grpc.Core.AsyncStreamReaderExtensions.ReadAllAsyncCore[T](IAsyncStreamReader`1 streamReader, CancellationToken cancellationToken)+System.Threading.Tasks.Sources.IValueTaskSource<System.Boolean>.GetResult()
   at ShelfsService.src.ShelfsService.Host.Features.Items.GetPhotoByName.ExecuteAsync(GetImageByName req, CancellationToken ct) in D:\visualStudio\Projects\OnlineShelf\backend\Microservices\ShelfsService\src\ShelfsService.Host\Features\Images\GetImageByName.cs:line 50
   at ShelfsService.src.ShelfsService.Host.Features.Items.GetPhotoByName.ExecuteAsync(GetImageByName req, CancellationToken ct) in D:\visualStudio\Projects\OnlineShelf\backend\Microservices\ShelfsService\src\ShelfsService.Host\Features\Images\GetImageByName.cs:line 50
   at FastEndpoints.Endpoint`2.ExecAsync(CancellationToken ct)
   at FastEndpoints.Endpoint`2.ExecAsync(CancellationToken ct)
   at Microsoft.AspNetCore.Http.RequestDelegateFactory.ExecuteResultWriteResponse(IResult result, HttpContext httpContext)
   at Microsoft.AspNetCore.Authorization.AuthorizationMiddleware.Invoke(HttpContext context)
   at Microsoft.AspNetCore.Authentication.AuthenticationMiddleware.Invoke(HttpContext context)
   at Swashbuckle.AspNetCore.SwaggerUI.SwaggerUIMiddleware.Invoke(HttpContext httpContext)
   at Swashbuckle.AspNetCore.Swagger.SwaggerMiddleware.Invoke(HttpContext httpContext, ISwaggerProvider swaggerProvider)
   at Serilog.AspNetCore.RequestLoggingMiddleware.Invoke(HttpContext httpContext)
2026-07-05 16:20:17.045 +03:00 [ERR] ShelfsService Microsoft.AspNetCore.Diagnostics.DeveloperExceptionPageMiddleware An unhandled exception has occurred while executing the request.
Grpc.Core.RpcException: Status(StatusCode="Unavailable", Detail="Error connecting to subchannel.", DebugException="System.Net.Sockets.SocketException: No such host is known.")
 ---> System.Net.Sockets.SocketException (11001): No such host is known.
   at System.Net.Sockets.Socket.AwaitableSocketAsyncEventArgs.ThrowException(SocketError error, CancellationToken cancellationToken)
   at System.Net.Sockets.Socket.AwaitableSocketAsyncEventArgs.System.Threading.Tasks.Sources.IValueTaskSource.GetResult(Int16 token)
   at System.Net.Sockets.Socket.<ConnectAsync>g__WaitForConnectWithCancellation|285_0(AwaitableSocketAsyncEventArgs saea, ValueTask connectTask, CancellationToken cancellationToken)
   at Grpc.Net.Client.Balancer.Internal.SocketConnectivitySubchannelTransport.TryConnectAsync(ConnectContext context, Int32 attempt)
   --- End of inner exception stack trace ---
   at Grpc.Net.Client.Internal.HttpContentClientStreamReader`2.MoveNextCore(CancellationToken cancellationToken)
   at Grpc.Core.AsyncStreamReaderExtensions.ReadAllAsyncCore[T](IAsyncStreamReader`1 streamReader, CancellationToken cancellationToken)+MoveNext()
   at Grpc.Core.AsyncStreamReaderExtensions.ReadAllAsyncCore[T](IAsyncStreamReader`1 streamReader, CancellationToken cancellationToken)+System.Threading.Tasks.Sources.IValueTaskSource<System.Boolean>.GetResult()
   at ShelfsService.src.ShelfsService.Host.Features.Items.GetPhotoByName.ExecuteAsync(GetImageByName req, CancellationToken ct) in D:\visualStudio\Projects\OnlineShelf\backend\Microservices\ShelfsService\src\ShelfsService.Host\Features\Images\GetImageByName.cs:line 50
   at ShelfsService.src.ShelfsService.Host.Features.Items.GetPhotoByName.ExecuteAsync(GetImageByName req, CancellationToken ct) in D:\visualStudio\Projects\OnlineShelf\backend\Microservices\ShelfsService\src\ShelfsService.Host\Features\Images\GetImageByName.cs:line 50
   at FastEndpoints.Endpoint`2.ExecAsync(CancellationToken ct)
   at FastEndpoints.Endpoint`2.ExecAsync(CancellationToken ct)
   at Microsoft.AspNetCore.Http.RequestDelegateFactory.ExecuteResultWriteResponse(IResult result, HttpContext httpContext)
   at Microsoft.AspNetCore.Authorization.AuthorizationMiddleware.Invoke(HttpContext context)
   at Microsoft.AspNetCore.Authentication.AuthenticationMiddleware.Invoke(HttpContext context)
   at Swashbuckle.AspNetCore.SwaggerUI.SwaggerUIMiddleware.Invoke(HttpContext httpContext)
   at Swashbuckle.AspNetCore.Swagger.SwaggerMiddleware.Invoke(HttpContext httpContext, ISwaggerProvider swaggerProvider)
   at Serilog.AspNetCore.RequestLoggingMiddleware.Invoke(HttpContext httpContext)
   at Microsoft.AspNetCore.Diagnostics.DeveloperExceptionPageMiddlewareImpl.Invoke(HttpContext context)
2026-07-05 16:20:35.990 +03:00 [INF] ShelfsService Serilog.AspNetCore.RequestLoggingMiddleware HTTP OPTIONS /shelfs/image/get-image/4b1f3cdf-fa97-4744-a677-47c0969b6af8_big.webp responded 204 in 0.3082 ms
2026-07-05 16:20:38.732 +03:00 [INF] ShelfsService Grpc.Net.Client.Internal.GrpcCall Call failed with gRPC error status. Status code: '"Unavailable"', Message: 'Error connecting to subchannel.'.
System.Net.Sockets.SocketException (11001): No such host is known.
   at System.Net.Sockets.Socket.AwaitableSocketAsyncEventArgs.ThrowException(SocketError error, CancellationToken cancellationToken)
   at System.Net.Sockets.Socket.AwaitableSocketAsyncEventArgs.System.Threading.Tasks.Sources.IValueTaskSource.GetResult(Int16 token)
   at System.Net.Sockets.Socket.<ConnectAsync>g__WaitForConnectWithCancellation|285_0(AwaitableSocketAsyncEventArgs saea, ValueTask connectTask, CancellationToken cancellationToken)
   at Grpc.Net.Client.Balancer.Internal.SocketConnectivitySubchannelTransport.TryConnectAsync(ConnectContext context, Int32 attempt)
2026-07-05 16:20:38.781 +03:00 [ERR] ShelfsService Serilog.AspNetCore.RequestLoggingMiddleware HTTP GET /shelfs/image/get-image/4b1f3cdf-fa97-4744-a677-47c0969b6af8_big.webp responded 500 in 2782.5101 ms
Grpc.Core.RpcException: Status(StatusCode="Unavailable", Detail="Error connecting to subchannel.", DebugException="System.Net.Sockets.SocketException: No such host is known.")
 ---> System.Net.Sockets.SocketException (11001): No such host is known.
   at System.Net.Sockets.Socket.AwaitableSocketAsyncEventArgs.ThrowException(SocketError error, CancellationToken cancellationToken)
   at System.Net.Sockets.Socket.AwaitableSocketAsyncEventArgs.System.Threading.Tasks.Sources.IValueTaskSource.GetResult(Int16 token)
   at System.Net.Sockets.Socket.<ConnectAsync>g__WaitForConnectWithCancellation|285_0(AwaitableSocketAsyncEventArgs saea, ValueTask connectTask, CancellationToken cancellationToken)
   at Grpc.Net.Client.Balancer.Internal.SocketConnectivitySubchannelTransport.TryConnectAsync(ConnectContext context, Int32 attempt)
   --- End of inner exception stack trace ---
   at Grpc.Net.Client.Internal.HttpContentClientStreamReader`2.MoveNextCore(CancellationToken cancellationToken)
   at Grpc.Core.AsyncStreamReaderExtensions.ReadAllAsyncCore[T](IAsyncStreamReader`1 streamReader, CancellationToken cancellationToken)+MoveNext()
   at Grpc.Core.AsyncStreamReaderExtensions.ReadAllAsyncCore[T](IAsyncStreamReader`1 streamReader, CancellationToken cancellationToken)+System.Threading.Tasks.Sources.IValueTaskSource<System.Boolean>.GetResult()
   at ShelfsService.src.ShelfsService.Host.Features.Items.GetPhotoByName.ExecuteAsync(GetImageByName req, CancellationToken ct) in D:\visualStudio\Projects\OnlineShelf\backend\Microservices\ShelfsService\src\ShelfsService.Host\Features\Images\GetImageByName.cs:line 50
   at ShelfsService.src.ShelfsService.Host.Features.Items.GetPhotoByName.ExecuteAsync(GetImageByName req, CancellationToken ct) in D:\visualStudio\Projects\OnlineShelf\backend\Microservices\ShelfsService\src\ShelfsService.Host\Features\Images\GetImageByName.cs:line 50
   at FastEndpoints.Endpoint`2.ExecAsync(CancellationToken ct)
   at FastEndpoints.Endpoint`2.ExecAsync(CancellationToken ct)
   at Microsoft.AspNetCore.Http.RequestDelegateFactory.ExecuteResultWriteResponse(IResult result, HttpContext httpContext)
   at Microsoft.AspNetCore.Authorization.AuthorizationMiddleware.Invoke(HttpContext context)
   at Microsoft.AspNetCore.Authentication.AuthenticationMiddleware.Invoke(HttpContext context)
   at Swashbuckle.AspNetCore.SwaggerUI.SwaggerUIMiddleware.Invoke(HttpContext httpContext)
   at Swashbuckle.AspNetCore.Swagger.SwaggerMiddleware.Invoke(HttpContext httpContext, ISwaggerProvider swaggerProvider)
   at Serilog.AspNetCore.RequestLoggingMiddleware.Invoke(HttpContext httpContext)
2026-07-05 16:20:38.784 +03:00 [ERR] ShelfsService Microsoft.AspNetCore.Diagnostics.DeveloperExceptionPageMiddleware An unhandled exception has occurred while executing the request.
Grpc.Core.RpcException: Status(StatusCode="Unavailable", Detail="Error connecting to subchannel.", DebugException="System.Net.Sockets.SocketException: No such host is known.")
 ---> System.Net.Sockets.SocketException (11001): No such host is known.
   at System.Net.Sockets.Socket.AwaitableSocketAsyncEventArgs.ThrowException(SocketError error, CancellationToken cancellationToken)
   at System.Net.Sockets.Socket.AwaitableSocketAsyncEventArgs.System.Threading.Tasks.Sources.IValueTaskSource.GetResult(Int16 token)
   at System.Net.Sockets.Socket.<ConnectAsync>g__WaitForConnectWithCancellation|285_0(AwaitableSocketAsyncEventArgs saea, ValueTask connectTask, CancellationToken cancellationToken)
   at Grpc.Net.Client.Balancer.Internal.SocketConnectivitySubchannelTransport.TryConnectAsync(ConnectContext context, Int32 attempt)
   --- End of inner exception stack trace ---
   at Grpc.Net.Client.Internal.HttpContentClientStreamReader`2.MoveNextCore(CancellationToken cancellationToken)
   at Grpc.Core.AsyncStreamReaderExtensions.ReadAllAsyncCore[T](IAsyncStreamReader`1 streamReader, CancellationToken cancellationToken)+MoveNext()
   at Grpc.Core.AsyncStreamReaderExtensions.ReadAllAsyncCore[T](IAsyncStreamReader`1 streamReader, CancellationToken cancellationToken)+System.Threading.Tasks.Sources.IValueTaskSource<System.Boolean>.GetResult()
   at ShelfsService.src.ShelfsService.Host.Features.Items.GetPhotoByName.ExecuteAsync(GetImageByName req, CancellationToken ct) in D:\visualStudio\Projects\OnlineShelf\backend\Microservices\ShelfsService\src\ShelfsService.Host\Features\Images\GetImageByName.cs:line 50
   at ShelfsService.src.ShelfsService.Host.Features.Items.GetPhotoByName.ExecuteAsync(GetImageByName req, CancellationToken ct) in D:\visualStudio\Projects\OnlineShelf\backend\Microservices\ShelfsService\src\ShelfsService.Host\Features\Images\GetImageByName.cs:line 50
   at FastEndpoints.Endpoint`2.ExecAsync(CancellationToken ct)
   at FastEndpoints.Endpoint`2.ExecAsync(CancellationToken ct)
   at Microsoft.AspNetCore.Http.RequestDelegateFactory.ExecuteResultWriteResponse(IResult result, HttpContext httpContext)
   at Microsoft.AspNetCore.Authorization.AuthorizationMiddleware.Invoke(HttpContext context)
   at Microsoft.AspNetCore.Authentication.AuthenticationMiddleware.Invoke(HttpContext context)
   at Swashbuckle.AspNetCore.SwaggerUI.SwaggerUIMiddleware.Invoke(HttpContext httpContext)
   at Swashbuckle.AspNetCore.Swagger.SwaggerMiddleware.Invoke(HttpContext httpContext, ISwaggerProvider swaggerProvider)
   at Serilog.AspNetCore.RequestLoggingMiddleware.Invoke(HttpContext httpContext)
   at Microsoft.AspNetCore.Diagnostics.DeveloperExceptionPageMiddlewareImpl.Invoke(HttpContext context)
2026-07-05 16:20:55.962 +03:00 [INF] ShelfsService Serilog.AspNetCore.RequestLoggingMiddleware HTTP OPTIONS /shelfs/image/get-image/4b1f3cdf-fa97-4744-a677-47c0969b6af8_big.webp responded 204 in 0.1545 ms
2026-07-05 16:20:55.975 +03:00 [INF] ShelfsService Grpc.Net.Client.Internal.GrpcCall Call failed with gRPC error status. Status code: '"Unavailable"', Message: 'Error connecting to subchannel.'.
System.Net.Sockets.SocketException (11001): No such host is known.
   at System.Net.Sockets.Socket.AwaitableSocketAsyncEventArgs.ThrowException(SocketError error, CancellationToken cancellationToken)
   at System.Net.Sockets.Socket.AwaitableSocketAsyncEventArgs.System.Threading.Tasks.Sources.IValueTaskSource.GetResult(Int16 token)
   at System.Net.Sockets.Socket.<ConnectAsync>g__WaitForConnectWithCancellation|285_0(AwaitableSocketAsyncEventArgs saea, ValueTask connectTask, CancellationToken cancellationToken)
   at Grpc.Net.Client.Balancer.Internal.SocketConnectivitySubchannelTransport.TryConnectAsync(ConnectContext context, Int32 attempt)
2026-07-05 16:20:56.083 +03:00 [ERR] ShelfsService Serilog.AspNetCore.RequestLoggingMiddleware HTTP GET /shelfs/image/get-image/4b1f3cdf-fa97-4744-a677-47c0969b6af8_big.webp responded 500 in 113.8557 ms
Grpc.Core.RpcException: Status(StatusCode="Unavailable", Detail="Error connecting to subchannel.", DebugException="System.Net.Sockets.SocketException: No such host is known.")
 ---> System.Net.Sockets.SocketException (11001): No such host is known.
   at System.Net.Sockets.Socket.AwaitableSocketAsyncEventArgs.ThrowException(SocketError error, CancellationToken cancellationToken)
   at System.Net.Sockets.Socket.AwaitableSocketAsyncEventArgs.System.Threading.Tasks.Sources.IValueTaskSource.GetResult(Int16 token)
   at System.Net.Sockets.Socket.<ConnectAsync>g__WaitForConnectWithCancellation|285_0(AwaitableSocketAsyncEventArgs saea, ValueTask connectTask, CancellationToken cancellationToken)
   at Grpc.Net.Client.Balancer.Internal.SocketConnectivitySubchannelTransport.TryConnectAsync(ConnectContext context, Int32 attempt)
   --- End of inner exception stack trace ---
   at Grpc.Core.AsyncStreamReaderExtensions.ReadAllAsyncCore[T](IAsyncStreamReader`1 streamReader, CancellationToken cancellationToken)+MoveNext()
   at Grpc.Core.AsyncStreamReaderExtensions.ReadAllAsyncCore[T](IAsyncStreamReader`1 streamReader, CancellationToken cancellationToken)+System.Threading.Tasks.Sources.IValueTaskSource<System.Boolean>.GetResult()
   at ShelfsService.src.ShelfsService.Host.Features.Items.GetPhotoByName.ExecuteAsync(GetImageByName req, CancellationToken ct) in D:\visualStudio\Projects\OnlineShelf\backend\Microservices\ShelfsService\src\ShelfsService.Host\Features\Images\GetImageByName.cs:line 50
   at ShelfsService.src.ShelfsService.Host.Features.Items.GetPhotoByName.ExecuteAsync(GetImageByName req, CancellationToken ct) in D:\visualStudio\Projects\OnlineShelf\backend\Microservices\ShelfsService\src\ShelfsService.Host\Features\Images\GetImageByName.cs:line 50
   at FastEndpoints.Endpoint`2.ExecAsync(CancellationToken ct)
   at FastEndpoints.Endpoint`2.ExecAsync(CancellationToken ct)
   at Microsoft.AspNetCore.Http.RequestDelegateFactory.ExecuteResultWriteResponse(IResult result, HttpContext httpContext)
   at Microsoft.AspNetCore.Authorization.AuthorizationMiddleware.Invoke(HttpContext context)
   at Microsoft.AspNetCore.Authentication.AuthenticationMiddleware.Invoke(HttpContext context)
   at Swashbuckle.AspNetCore.SwaggerUI.SwaggerUIMiddleware.Invoke(HttpContext httpContext)
   at Swashbuckle.AspNetCore.Swagger.SwaggerMiddleware.Invoke(HttpContext httpContext, ISwaggerProvider swaggerProvider)
   at Serilog.AspNetCore.RequestLoggingMiddleware.Invoke(HttpContext httpContext)
2026-07-05 16:20:56.088 +03:00 [ERR] ShelfsService Microsoft.AspNetCore.Diagnostics.DeveloperExceptionPageMiddleware An unhandled exception has occurred while executing the request.
Grpc.Core.RpcException: Status(StatusCode="Unavailable", Detail="Error connecting to subchannel.", DebugException="System.Net.Sockets.SocketException: No such host is known.")
 ---> System.Net.Sockets.SocketException (11001): No such host is known.
   at System.Net.Sockets.Socket.AwaitableSocketAsyncEventArgs.ThrowException(SocketError error, CancellationToken cancellationToken)
   at System.Net.Sockets.Socket.AwaitableSocketAsyncEventArgs.System.Threading.Tasks.Sources.IValueTaskSource.GetResult(Int16 token)
   at System.Net.Sockets.Socket.<ConnectAsync>g__WaitForConnectWithCancellation|285_0(AwaitableSocketAsyncEventArgs saea, ValueTask connectTask, CancellationToken cancellationToken)
   at Grpc.Net.Client.Balancer.Internal.SocketConnectivitySubchannelTransport.TryConnectAsync(ConnectContext context, Int32 attempt)
   --- End of inner exception stack trace ---
   at Grpc.Core.AsyncStreamReaderExtensions.ReadAllAsyncCore[T](IAsyncStreamReader`1 streamReader, CancellationToken cancellationToken)+MoveNext()
   at Grpc.Core.AsyncStreamReaderExtensions.ReadAllAsyncCore[T](IAsyncStreamReader`1 streamReader, CancellationToken cancellationToken)+System.Threading.Tasks.Sources.IValueTaskSource<System.Boolean>.GetResult()
   at ShelfsService.src.ShelfsService.Host.Features.Items.GetPhotoByName.ExecuteAsync(GetImageByName req, CancellationToken ct) in D:\visualStudio\Projects\OnlineShelf\backend\Microservices\ShelfsService\src\ShelfsService.Host\Features\Images\GetImageByName.cs:line 50
   at ShelfsService.src.ShelfsService.Host.Features.Items.GetPhotoByName.ExecuteAsync(GetImageByName req, CancellationToken ct) in D:\visualStudio\Projects\OnlineShelf\backend\Microservices\ShelfsService\src\ShelfsService.Host\Features\Images\GetImageByName.cs:line 50
   at FastEndpoints.Endpoint`2.ExecAsync(CancellationToken ct)
   at FastEndpoints.Endpoint`2.ExecAsync(CancellationToken ct)
   at Microsoft.AspNetCore.Http.RequestDelegateFactory.ExecuteResultWriteResponse(IResult result, HttpContext httpContext)
   at Microsoft.AspNetCore.Authorization.AuthorizationMiddleware.Invoke(HttpContext context)
   at Microsoft.AspNetCore.Authentication.AuthenticationMiddleware.Invoke(HttpContext context)
   at Swashbuckle.AspNetCore.SwaggerUI.SwaggerUIMiddleware.Invoke(HttpContext httpContext)
   at Swashbuckle.AspNetCore.Swagger.SwaggerMiddleware.Invoke(HttpContext httpContext, ISwaggerProvider swaggerProvider)
   at Serilog.AspNetCore.RequestLoggingMiddleware.Invoke(HttpContext httpContext)
   at Microsoft.AspNetCore.Diagnostics.DeveloperExceptionPageMiddlewareImpl.Invoke(HttpContext context)
2026-07-05 16:20:58.756 +03:00 [INF] ShelfsService Serilog.AspNetCore.RequestLoggingMiddleware HTTP OPTIONS /shelfs/items/bc540d10-cc61-41a6-8d42-5afdac6a0b1b responded 204 in 0.1280 ms
2026-07-05 16:20:58.756 +03:00 [INF] ShelfsService Serilog.AspNetCore.RequestLoggingMiddleware HTTP OPTIONS /shelfs/items/attributes responded 204 in 0.1141 ms
2026-07-05 16:20:58.765 +03:00 [INF] ShelfsService Serilog.AspNetCore.RequestLoggingMiddleware HTTP GET /shelfs/items/attributes responded 200 in 3.0936 ms
2026-07-05 16:20:58.774 +03:00 [INF] ShelfsService Microsoft.EntityFrameworkCore.Database.Command Executed DbCommand (5ms) [Parameters=[@__itemId_0='?' (DbType = Guid)], CommandType='"Text"', CommandTimeout='30']
SELECT i."Id", i."AttributeColorMain", i."AttributeColorSecond", i."AttributeMatterial", i."AttributePattern", i."AttributeSeason", i."AttributeType", i."BigImage", i."DateCreated", i."Name", i."ShelfId", i."SmallImage", i."UpdatedAt", i."UserId", i."isFavorite", i."positionKey"
FROM shelf_service."Items" AS i
WHERE i."Id" = @__itemId_0
LIMIT 1
2026-07-05 16:20:58.781 +03:00 [INF] ShelfsService ShelfsService.src.ShelfsService.Host.Features.Items.GetItemById Item "bc540d10-cc61-41a6-8d42-5afdac6a0b1b" was returned
2026-07-05 16:20:58.782 +03:00 [INF] ShelfsService Serilog.AspNetCore.RequestLoggingMiddleware HTTP GET /shelfs/items/bc540d10-cc61-41a6-8d42-5afdac6a0b1b responded 200 in 19.6650 ms
2026-07-05 16:20:59.559 +03:00 [INF] ShelfsService Grpc.Net.Client.Internal.GrpcCall Call failed with gRPC error status. Status code: '"Unavailable"', Message: 'Error connecting to subchannel.'.
System.Net.Sockets.SocketException (11001): No such host is known.
   at System.Net.Sockets.Socket.AwaitableSocketAsyncEventArgs.ThrowException(SocketError error, CancellationToken cancellationToken)
   at System.Net.Sockets.Socket.AwaitableSocketAsyncEventArgs.System.Threading.Tasks.Sources.IValueTaskSource.GetResult(Int16 token)
   at System.Net.Sockets.Socket.<ConnectAsync>g__WaitForConnectWithCancellation|285_0(AwaitableSocketAsyncEventArgs saea, ValueTask connectTask, CancellationToken cancellationToken)
   at Grpc.Net.Client.Balancer.Internal.SocketConnectivitySubchannelTransport.TryConnectAsync(ConnectContext context, Int32 attempt)
2026-07-05 16:20:59.619 +03:00 [ERR] ShelfsService Serilog.AspNetCore.RequestLoggingMiddleware HTTP GET /shelfs/image/get-image/4b1f3cdf-fa97-4744-a677-47c0969b6af8_big.webp responded 500 in 469.0229 ms
Grpc.Core.RpcException: Status(StatusCode="Unavailable", Detail="Error connecting to subchannel.", DebugException="System.Net.Sockets.SocketException: No such host is known.")
 ---> System.Net.Sockets.SocketException (11001): No such host is known.
   at System.Net.Sockets.Socket.AwaitableSocketAsyncEventArgs.ThrowException(SocketError error, CancellationToken cancellationToken)
   at System.Net.Sockets.Socket.AwaitableSocketAsyncEventArgs.System.Threading.Tasks.Sources.IValueTaskSource.GetResult(Int16 token)
   at System.Net.Sockets.Socket.<ConnectAsync>g__WaitForConnectWithCancellation|285_0(AwaitableSocketAsyncEventArgs saea, ValueTask connectTask, CancellationToken cancellationToken)
   at Grpc.Net.Client.Balancer.Internal.SocketConnectivitySubchannelTransport.TryConnectAsync(ConnectContext context, Int32 attempt)
   --- End of inner exception stack trace ---
   at Grpc.Net.Client.Internal.HttpContentClientStreamReader`2.MoveNextCore(CancellationToken cancellationToken)
   at Grpc.Core.AsyncStreamReaderExtensions.ReadAllAsyncCore[T](IAsyncStreamReader`1 streamReader, CancellationToken cancellationToken)+MoveNext()
   at Grpc.Core.AsyncStreamReaderExtensions.ReadAllAsyncCore[T](IAsyncStreamReader`1 streamReader, CancellationToken cancellationToken)+System.Threading.Tasks.Sources.IValueTaskSource<System.Boolean>.GetResult()
   at ShelfsService.src.ShelfsService.Host.Features.Items.GetPhotoByName.ExecuteAsync(GetImageByName req, CancellationToken ct) in D:\visualStudio\Projects\OnlineShelf\backend\Microservices\ShelfsService\src\ShelfsService.Host\Features\Images\GetImageByName.cs:line 50
   at ShelfsService.src.ShelfsService.Host.Features.Items.GetPhotoByName.ExecuteAsync(GetImageByName req, CancellationToken ct) in D:\visualStudio\Projects\OnlineShelf\backend\Microservices\ShelfsService\src\ShelfsService.Host\Features\Images\GetImageByName.cs:line 50
   at FastEndpoints.Endpoint`2.ExecAsync(CancellationToken ct)
   at FastEndpoints.Endpoint`2.ExecAsync(CancellationToken ct)
   at Microsoft.AspNetCore.Http.RequestDelegateFactory.ExecuteResultWriteResponse(IResult result, HttpContext httpContext)
   at Microsoft.AspNetCore.Authorization.AuthorizationMiddleware.Invoke(HttpContext context)
   at Microsoft.AspNetCore.Authentication.AuthenticationMiddleware.Invoke(HttpContext context)
   at Swashbuckle.AspNetCore.SwaggerUI.SwaggerUIMiddleware.Invoke(HttpContext httpContext)
   at Swashbuckle.AspNetCore.Swagger.SwaggerMiddleware.Invoke(HttpContext httpContext, ISwaggerProvider swaggerProvider)
   at Serilog.AspNetCore.RequestLoggingMiddleware.Invoke(HttpContext httpContext)
2026-07-05 16:20:59.623 +03:00 [ERR] ShelfsService Microsoft.AspNetCore.Diagnostics.DeveloperExceptionPageMiddleware An unhandled exception has occurred while executing the request.
Grpc.Core.RpcException: Status(StatusCode="Unavailable", Detail="Error connecting to subchannel.", DebugException="System.Net.Sockets.SocketException: No such host is known.")
 ---> System.Net.Sockets.SocketException (11001): No such host is known.
   at System.Net.Sockets.Socket.AwaitableSocketAsyncEventArgs.ThrowException(SocketError error, CancellationToken cancellationToken)
   at System.Net.Sockets.Socket.AwaitableSocketAsyncEventArgs.System.Threading.Tasks.Sources.IValueTaskSource.GetResult(Int16 token)
   at System.Net.Sockets.Socket.<ConnectAsync>g__WaitForConnectWithCancellation|285_0(AwaitableSocketAsyncEventArgs saea, ValueTask connectTask, CancellationToken cancellationToken)
   at Grpc.Net.Client.Balancer.Internal.SocketConnectivitySubchannelTransport.TryConnectAsync(ConnectContext context, Int32 attempt)
   --- End of inner exception stack trace ---
   at Grpc.Net.Client.Internal.HttpContentClientStreamReader`2.MoveNextCore(CancellationToken cancellationToken)
   at Grpc.Core.AsyncStreamReaderExtensions.ReadAllAsyncCore[T](IAsyncStreamReader`1 streamReader, CancellationToken cancellationToken)+MoveNext()
   at Grpc.Core.AsyncStreamReaderExtensions.ReadAllAsyncCore[T](IAsyncStreamReader`1 streamReader, CancellationToken cancellationToken)+System.Threading.Tasks.Sources.IValueTaskSource<System.Boolean>.GetResult()
   at ShelfsService.src.ShelfsService.Host.Features.Items.GetPhotoByName.ExecuteAsync(GetImageByName req, CancellationToken ct) in D:\visualStudio\Projects\OnlineShelf\backend\Microservices\ShelfsService\src\ShelfsService.Host\Features\Images\GetImageByName.cs:line 50
   at ShelfsService.src.ShelfsService.Host.Features.Items.GetPhotoByName.ExecuteAsync(GetImageByName req, CancellationToken ct) in D:\visualStudio\Projects\OnlineShelf\backend\Microservices\ShelfsService\src\ShelfsService.Host\Features\Images\GetImageByName.cs:line 50
   at FastEndpoints.Endpoint`2.ExecAsync(CancellationToken ct)
   at FastEndpoints.Endpoint`2.ExecAsync(CancellationToken ct)
   at Microsoft.AspNetCore.Http.RequestDelegateFactory.ExecuteResultWriteResponse(IResult result, HttpContext httpContext)
   at Microsoft.AspNetCore.Authorization.AuthorizationMiddleware.Invoke(HttpContext context)
   at Microsoft.AspNetCore.Authentication.AuthenticationMiddleware.Invoke(HttpContext context)
   at Swashbuckle.AspNetCore.SwaggerUI.SwaggerUIMiddleware.Invoke(HttpContext httpContext)
   at Swashbuckle.AspNetCore.Swagger.SwaggerMiddleware.Invoke(HttpContext httpContext, ISwaggerProvider swaggerProvider)
   at Serilog.AspNetCore.RequestLoggingMiddleware.Invoke(HttpContext httpContext)
   at Microsoft.AspNetCore.Diagnostics.DeveloperExceptionPageMiddlewareImpl.Invoke(HttpContext context)
2026-07-05 16:21:00.642 +03:00 [INF] ShelfsService Grpc.Net.Client.Internal.GrpcCall Call failed with gRPC error status. Status code: '"Unavailable"', Message: 'Error connecting to subchannel.'.
System.Net.Sockets.SocketException (11001): No such host is known.
   at System.Net.Sockets.Socket.AwaitableSocketAsyncEventArgs.ThrowException(SocketError error, CancellationToken cancellationToken)
   at System.Net.Sockets.Socket.AwaitableSocketAsyncEventArgs.System.Threading.Tasks.Sources.IValueTaskSource.GetResult(Int16 token)
   at System.Net.Sockets.Socket.<ConnectAsync>g__WaitForConnectWithCancellation|285_0(AwaitableSocketAsyncEventArgs saea, ValueTask connectTask, CancellationToken cancellationToken)
   at Grpc.Net.Client.Balancer.Internal.SocketConnectivitySubchannelTransport.TryConnectAsync(ConnectContext context, Int32 attempt)
2026-07-05 16:21:00.706 +03:00 [ERR] ShelfsService Serilog.AspNetCore.RequestLoggingMiddleware HTTP GET /shelfs/image/get-image/4b1f3cdf-fa97-4744-a677-47c0969b6af8_big.webp responded 500 in 67.2294 ms
Grpc.Core.RpcException: Status(StatusCode="Unavailable", Detail="Error connecting to subchannel.", DebugException="System.Net.Sockets.SocketException: No such host is known.")
 ---> System.Net.Sockets.SocketException (11001): No such host is known.
   at System.Net.Sockets.Socket.AwaitableSocketAsyncEventArgs.ThrowException(SocketError error, CancellationToken cancellationToken)
   at System.Net.Sockets.Socket.AwaitableSocketAsyncEventArgs.System.Threading.Tasks.Sources.IValueTaskSource.GetResult(Int16 token)
   at System.Net.Sockets.Socket.<ConnectAsync>g__WaitForConnectWithCancellation|285_0(AwaitableSocketAsyncEventArgs saea, ValueTask connectTask, CancellationToken cancellationToken)
   at Grpc.Net.Client.Balancer.Internal.SocketConnectivitySubchannelTransport.TryConnectAsync(ConnectContext context, Int32 attempt)
   --- End of inner exception stack trace ---
   at Grpc.Core.AsyncStreamReaderExtensions.ReadAllAsyncCore[T](IAsyncStreamReader`1 streamReader, CancellationToken cancellationToken)+MoveNext()
   at Grpc.Core.AsyncStreamReaderExtensions.ReadAllAsyncCore[T](IAsyncStreamReader`1 streamReader, CancellationToken cancellationToken)+System.Threading.Tasks.Sources.IValueTaskSource<System.Boolean>.GetResult()
   at ShelfsService.src.ShelfsService.Host.Features.Items.GetPhotoByName.ExecuteAsync(GetImageByName req, CancellationToken ct) in D:\visualStudio\Projects\OnlineShelf\backend\Microservices\ShelfsService\src\ShelfsService.Host\Features\Images\GetImageByName.cs:line 50
   at ShelfsService.src.ShelfsService.Host.Features.Items.GetPhotoByName.ExecuteAsync(GetImageByName req, CancellationToken ct) in D:\visualStudio\Projects\OnlineShelf\backend\Microservices\ShelfsService\src\ShelfsService.Host\Features\Images\GetImageByName.cs:line 50
   at FastEndpoints.Endpoint`2.ExecAsync(CancellationToken ct)
   at FastEndpoints.Endpoint`2.ExecAsync(CancellationToken ct)
   at Microsoft.AspNetCore.Http.RequestDelegateFactory.ExecuteResultWriteResponse(IResult result, HttpContext httpContext)
   at Microsoft.AspNetCore.Authorization.AuthorizationMiddleware.Invoke(HttpContext context)
   at Microsoft.AspNetCore.Authentication.AuthenticationMiddleware.Invoke(HttpContext context)
   at Swashbuckle.AspNetCore.SwaggerUI.SwaggerUIMiddleware.Invoke(HttpContext httpContext)
   at Swashbuckle.AspNetCore.Swagger.SwaggerMiddleware.Invoke(HttpContext httpContext, ISwaggerProvider swaggerProvider)
   at Serilog.AspNetCore.RequestLoggingMiddleware.Invoke(HttpContext httpContext)
2026-07-05 16:21:00.711 +03:00 [ERR] ShelfsService Microsoft.AspNetCore.Diagnostics.DeveloperExceptionPageMiddleware An unhandled exception has occurred while executing the request.
Grpc.Core.RpcException: Status(StatusCode="Unavailable", Detail="Error connecting to subchannel.", DebugException="System.Net.Sockets.SocketException: No such host is known.")
 ---> System.Net.Sockets.SocketException (11001): No such host is known.
   at System.Net.Sockets.Socket.AwaitableSocketAsyncEventArgs.ThrowException(SocketError error, CancellationToken cancellationToken)
   at System.Net.Sockets.Socket.AwaitableSocketAsyncEventArgs.System.Threading.Tasks.Sources.IValueTaskSource.GetResult(Int16 token)
   at System.Net.Sockets.Socket.<ConnectAsync>g__WaitForConnectWithCancellation|285_0(AwaitableSocketAsyncEventArgs saea, ValueTask connectTask, CancellationToken cancellationToken)
   at Grpc.Net.Client.Balancer.Internal.SocketConnectivitySubchannelTransport.TryConnectAsync(ConnectContext context, Int32 attempt)
   --- End of inner exception stack trace ---
   at Grpc.Core.AsyncStreamReaderExtensions.ReadAllAsyncCore[T](IAsyncStreamReader`1 streamReader, CancellationToken cancellationToken)+MoveNext()
   at Grpc.Core.AsyncStreamReaderExtensions.ReadAllAsyncCore[T](IAsyncStreamReader`1 streamReader, CancellationToken cancellationToken)+System.Threading.Tasks.Sources.IValueTaskSource<System.Boolean>.GetResult()
   at ShelfsService.src.ShelfsService.Host.Features.Items.GetPhotoByName.ExecuteAsync(GetImageByName req, CancellationToken ct) in D:\visualStudio\Projects\OnlineShelf\backend\Microservices\ShelfsService\src\ShelfsService.Host\Features\Images\GetImageByName.cs:line 50
   at ShelfsService.src.ShelfsService.Host.Features.Items.GetPhotoByName.ExecuteAsync(GetImageByName req, CancellationToken ct) in D:\visualStudio\Projects\OnlineShelf\backend\Microservices\ShelfsService\src\ShelfsService.Host\Features\Images\GetImageByName.cs:line 50
   at FastEndpoints.Endpoint`2.ExecAsync(CancellationToken ct)
   at FastEndpoints.Endpoint`2.ExecAsync(CancellationToken ct)
   at Microsoft.AspNetCore.Http.RequestDelegateFactory.ExecuteResultWriteResponse(IResult result, HttpContext httpContext)
   at Microsoft.AspNetCore.Authorization.AuthorizationMiddleware.Invoke(HttpContext context)
   at Microsoft.AspNetCore.Authentication.AuthenticationMiddleware.Invoke(HttpContext context)
   at Swashbuckle.AspNetCore.SwaggerUI.SwaggerUIMiddleware.Invoke(HttpContext httpContext)
   at Swashbuckle.AspNetCore.Swagger.SwaggerMiddleware.Invoke(HttpContext httpContext, ISwaggerProvider swaggerProvider)
   at Serilog.AspNetCore.RequestLoggingMiddleware.Invoke(HttpContext httpContext)
   at Microsoft.AspNetCore.Diagnostics.DeveloperExceptionPageMiddlewareImpl.Invoke(HttpContext context)
2026-07-05 16:21:02.729 +03:00 [INF] ShelfsService Serilog.AspNetCore.RequestLoggingMiddleware HTTP OPTIONS /shelfs/image/get-image/4b1f3cdf-fa97-4744-a677-47c0969b6af8_big.webp responded 204 in 0.1163 ms
2026-07-05 16:21:02.753 +03:00 [INF] ShelfsService Grpc.Net.Client.Internal.GrpcCall Call failed with gRPC error status. Status code: '"Unavailable"', Message: 'Error connecting to subchannel.'.
System.Net.Sockets.SocketException (11001): No such host is known.
   at System.Net.Sockets.Socket.AwaitableSocketAsyncEventArgs.ThrowException(SocketError error, CancellationToken cancellationToken)
   at System.Net.Sockets.Socket.AwaitableSocketAsyncEventArgs.System.Threading.Tasks.Sources.IValueTaskSource.GetResult(Int16 token)
   at System.Net.Sockets.Socket.<ConnectAsync>g__WaitForConnectWithCancellation|285_0(AwaitableSocketAsyncEventArgs saea, ValueTask connectTask, CancellationToken cancellationToken)
   at Grpc.Net.Client.Balancer.Internal.SocketConnectivitySubchannelTransport.TryConnectAsync(ConnectContext context, Int32 attempt)
2026-07-05 16:21:02.858 +03:00 [ERR] ShelfsService Serilog.AspNetCore.RequestLoggingMiddleware HTTP GET /shelfs/image/get-image/4b1f3cdf-fa97-4744-a677-47c0969b6af8_big.webp responded 500 in 115.9011 ms
Grpc.Core.RpcException: Status(StatusCode="Unavailable", Detail="Error connecting to subchannel.", DebugException="System.Net.Sockets.SocketException: No such host is known.")
 ---> System.Net.Sockets.SocketException (11001): No such host is known.
   at System.Net.Sockets.Socket.AwaitableSocketAsyncEventArgs.ThrowException(SocketError error, CancellationToken cancellationToken)
   at System.Net.Sockets.Socket.AwaitableSocketAsyncEventArgs.System.Threading.Tasks.Sources.IValueTaskSource.GetResult(Int16 token)
   at System.Net.Sockets.Socket.<ConnectAsync>g__WaitForConnectWithCancellation|285_0(AwaitableSocketAsyncEventArgs saea, ValueTask connectTask, CancellationToken cancellationToken)
   at Grpc.Net.Client.Balancer.Internal.SocketConnectivitySubchannelTransport.TryConnectAsync(ConnectContext context, Int32 attempt)
   --- End of inner exception stack trace ---
   at Grpc.Core.AsyncStreamReaderExtensions.ReadAllAsyncCore[T](IAsyncStreamReader`1 streamReader, CancellationToken cancellationToken)+MoveNext()
   at Grpc.Core.AsyncStreamReaderExtensions.ReadAllAsyncCore[T](IAsyncStreamReader`1 streamReader, CancellationToken cancellationToken)+System.Threading.Tasks.Sources.IValueTaskSource<System.Boolean>.GetResult()
   at ShelfsService.src.ShelfsService.Host.Features.Items.GetPhotoByName.ExecuteAsync(GetImageByName req, CancellationToken ct) in D:\visualStudio\Projects\OnlineShelf\backend\Microservices\ShelfsService\src\ShelfsService.Host\Features\Images\GetImageByName.cs:line 50
   at ShelfsService.src.ShelfsService.Host.Features.Items.GetPhotoByName.ExecuteAsync(GetImageByName req, CancellationToken ct) in D:\visualStudio\Projects\OnlineShelf\backend\Microservices\ShelfsService\src\ShelfsService.Host\Features\Images\GetImageByName.cs:line 50
   at FastEndpoints.Endpoint`2.ExecAsync(CancellationToken ct)
   at FastEndpoints.Endpoint`2.ExecAsync(CancellationToken ct)
   at Microsoft.AspNetCore.Http.RequestDelegateFactory.ExecuteResultWriteResponse(IResult result, HttpContext httpContext)
   at Microsoft.AspNetCore.Authorization.AuthorizationMiddleware.Invoke(HttpContext context)
   at Microsoft.AspNetCore.Authentication.AuthenticationMiddleware.Invoke(HttpContext context)
   at Swashbuckle.AspNetCore.SwaggerUI.SwaggerUIMiddleware.Invoke(HttpContext httpContext)
   at Swashbuckle.AspNetCore.Swagger.SwaggerMiddleware.Invoke(HttpContext httpContext, ISwaggerProvider swaggerProvider)
   at Serilog.AspNetCore.RequestLoggingMiddleware.Invoke(HttpContext httpContext)
2026-07-05 16:21:02.864 +03:00 [ERR] ShelfsService Microsoft.AspNetCore.Diagnostics.DeveloperExceptionPageMiddleware An unhandled exception has occurred while executing the request.
Grpc.Core.RpcException: Status(StatusCode="Unavailable", Detail="Error connecting to subchannel.", DebugException="System.Net.Sockets.SocketException: No such host is known.")
 ---> System.Net.Sockets.SocketException (11001): No such host is known.
   at System.Net.Sockets.Socket.AwaitableSocketAsyncEventArgs.ThrowException(SocketError error, CancellationToken cancellationToken)
   at System.Net.Sockets.Socket.AwaitableSocketAsyncEventArgs.System.Threading.Tasks.Sources.IValueTaskSource.GetResult(Int16 token)
   at System.Net.Sockets.Socket.<ConnectAsync>g__WaitForConnectWithCancellation|285_0(AwaitableSocketAsyncEventArgs saea, ValueTask connectTask, CancellationToken cancellationToken)
   at Grpc.Net.Client.Balancer.Internal.SocketConnectivitySubchannelTransport.TryConnectAsync(ConnectContext context, Int32 attempt)
   --- End of inner exception stack trace ---
   at Grpc.Core.AsyncStreamReaderExtensions.ReadAllAsyncCore[T](IAsyncStreamReader`1 streamReader, CancellationToken cancellationToken)+MoveNext()
   at Grpc.Core.AsyncStreamReaderExtensions.ReadAllAsyncCore[T](IAsyncStreamReader`1 streamReader, CancellationToken cancellationToken)+System.Threading.Tasks.Sources.IValueTaskSource<System.Boolean>.GetResult()
   at ShelfsService.src.ShelfsService.Host.Features.Items.GetPhotoByName.ExecuteAsync(GetImageByName req, CancellationToken ct) in D:\visualStudio\Projects\OnlineShelf\backend\Microservices\ShelfsService\src\ShelfsService.Host\Features\Images\GetImageByName.cs:line 50
   at ShelfsService.src.ShelfsService.Host.Features.Items.GetPhotoByName.ExecuteAsync(GetImageByName req, CancellationToken ct) in D:\visualStudio\Projects\OnlineShelf\backend\Microservices\ShelfsService\src\ShelfsService.Host\Features\Images\GetImageByName.cs:line 50
   at FastEndpoints.Endpoint`2.ExecAsync(CancellationToken ct)
   at FastEndpoints.Endpoint`2.ExecAsync(CancellationToken ct)
   at Microsoft.AspNetCore.Http.RequestDelegateFactory.ExecuteResultWriteResponse(IResult result, HttpContext httpContext)
   at Microsoft.AspNetCore.Authorization.AuthorizationMiddleware.Invoke(HttpContext context)
   at Microsoft.AspNetCore.Authentication.AuthenticationMiddleware.Invoke(HttpContext context)
   at Swashbuckle.AspNetCore.SwaggerUI.SwaggerUIMiddleware.Invoke(HttpContext httpContext)
   at Swashbuckle.AspNetCore.Swagger.SwaggerMiddleware.Invoke(HttpContext httpContext, ISwaggerProvider swaggerProvider)
   at Serilog.AspNetCore.RequestLoggingMiddleware.Invoke(HttpContext httpContext)
   at Microsoft.AspNetCore.Diagnostics.DeveloperExceptionPageMiddlewareImpl.Invoke(HttpContext context)
2026-07-05 16:21:05.333 +03:00 [INF] ShelfsService Serilog.AspNetCore.RequestLoggingMiddleware HTTP OPTIONS /shelfs/items responded 204 in 0.1198 ms
2026-07-05 16:21:05.429 +03:00 [INF] ShelfsService Serilog.AspNetCore.RequestLoggingMiddleware HTTP PUT /shelfs/items responded 400 in 90.7658 ms
2026-07-05 16:21:06.907 +03:00 [INF] ShelfsService Grpc.Net.Client.Internal.GrpcCall Call failed with gRPC error status. Status code: '"Unavailable"', Message: 'Error connecting to subchannel.'.
System.Net.Sockets.SocketException (11001): No such host is known.
   at System.Net.Sockets.Socket.AwaitableSocketAsyncEventArgs.ThrowException(SocketError error, CancellationToken cancellationToken)
   at System.Net.Sockets.Socket.AwaitableSocketAsyncEventArgs.System.Threading.Tasks.Sources.IValueTaskSource.GetResult(Int16 token)
   at System.Net.Sockets.Socket.<ConnectAsync>g__WaitForConnectWithCancellation|285_0(AwaitableSocketAsyncEventArgs saea, ValueTask connectTask, CancellationToken cancellationToken)
   at Grpc.Net.Client.Balancer.Internal.SocketConnectivitySubchannelTransport.TryConnectAsync(ConnectContext context, Int32 attempt)
2026-07-05 16:21:06.978 +03:00 [ERR] ShelfsService Serilog.AspNetCore.RequestLoggingMiddleware HTTP GET /shelfs/image/get-image/4b1f3cdf-fa97-4744-a677-47c0969b6af8_big.webp responded 500 in 74.3236 ms
Grpc.Core.RpcException: Status(StatusCode="Unavailable", Detail="Error connecting to subchannel.", DebugException="System.Net.Sockets.SocketException: No such host is known.")
 ---> System.Net.Sockets.SocketException (11001): No such host is known.
   at System.Net.Sockets.Socket.AwaitableSocketAsyncEventArgs.ThrowException(SocketError error, CancellationToken cancellationToken)
   at System.Net.Sockets.Socket.AwaitableSocketAsyncEventArgs.System.Threading.Tasks.Sources.IValueTaskSource.GetResult(Int16 token)
   at System.Net.Sockets.Socket.<ConnectAsync>g__WaitForConnectWithCancellation|285_0(AwaitableSocketAsyncEventArgs saea, ValueTask connectTask, CancellationToken cancellationToken)
   at Grpc.Net.Client.Balancer.Internal.SocketConnectivitySubchannelTransport.TryConnectAsync(ConnectContext context, Int32 attempt)
   --- End of inner exception stack trace ---
   at Grpc.Core.AsyncStreamReaderExtensions.ReadAllAsyncCore[T](IAsyncStreamReader`1 streamReader, CancellationToken cancellationToken)+MoveNext()
   at Grpc.Core.AsyncStreamReaderExtensions.ReadAllAsyncCore[T](IAsyncStreamReader`1 streamReader, CancellationToken cancellationToken)+System.Threading.Tasks.Sources.IValueTaskSource<System.Boolean>.GetResult()
   at ShelfsService.src.ShelfsService.Host.Features.Items.GetPhotoByName.ExecuteAsync(GetImageByName req, CancellationToken ct) in D:\visualStudio\Projects\OnlineShelf\backend\Microservices\ShelfsService\src\ShelfsService.Host\Features\Images\GetImageByName.cs:line 50
   at ShelfsService.src.ShelfsService.Host.Features.Items.GetPhotoByName.ExecuteAsync(GetImageByName req, CancellationToken ct) in D:\visualStudio\Projects\OnlineShelf\backend\Microservices\ShelfsService\src\ShelfsService.Host\Features\Images\GetImageByName.cs:line 50
   at FastEndpoints.Endpoint`2.ExecAsync(CancellationToken ct)
   at FastEndpoints.Endpoint`2.ExecAsync(CancellationToken ct)
   at Microsoft.AspNetCore.Http.RequestDelegateFactory.ExecuteResultWriteResponse(IResult result, HttpContext httpContext)
   at Microsoft.AspNetCore.Authorization.AuthorizationMiddleware.Invoke(HttpContext context)
   at Microsoft.AspNetCore.Authentication.AuthenticationMiddleware.Invoke(HttpContext context)
   at Swashbuckle.AspNetCore.SwaggerUI.SwaggerUIMiddleware.Invoke(HttpContext httpContext)
   at Swashbuckle.AspNetCore.Swagger.SwaggerMiddleware.Invoke(HttpContext httpContext, ISwaggerProvider swaggerProvider)
   at Serilog.AspNetCore.RequestLoggingMiddleware.Invoke(HttpContext httpContext)
2026-07-05 16:21:06.982 +03:00 [ERR] ShelfsService Microsoft.AspNetCore.Diagnostics.DeveloperExceptionPageMiddleware An unhandled exception has occurred while executing the request.
Grpc.Core.RpcException: Status(StatusCode="Unavailable", Detail="Error connecting to subchannel.", DebugException="System.Net.Sockets.SocketException: No such host is known.")
 ---> System.Net.Sockets.SocketException (11001): No such host is known.
   at System.Net.Sockets.Socket.AwaitableSocketAsyncEventArgs.ThrowException(SocketError error, CancellationToken cancellationToken)
   at System.Net.Sockets.Socket.AwaitableSocketAsyncEventArgs.System.Threading.Tasks.Sources.IValueTaskSource.GetResult(Int16 token)
   at System.Net.Sockets.Socket.<ConnectAsync>g__WaitForConnectWithCancellation|285_0(AwaitableSocketAsyncEventArgs saea, ValueTask connectTask, CancellationToken cancellationToken)
   at Grpc.Net.Client.Balancer.Internal.SocketConnectivitySubchannelTransport.TryConnectAsync(ConnectContext context, Int32 attempt)
   --- End of inner exception stack trace ---
   at Grpc.Core.AsyncStreamReaderExtensions.ReadAllAsyncCore[T](IAsyncStreamReader`1 streamReader, CancellationToken cancellationToken)+MoveNext()
   at Grpc.Core.AsyncStreamReaderExtensions.ReadAllAsyncCore[T](IAsyncStreamReader`1 streamReader, CancellationToken cancellationToken)+System.Threading.Tasks.Sources.IValueTaskSource<System.Boolean>.GetResult()
   at ShelfsService.src.ShelfsService.Host.Features.Items.GetPhotoByName.ExecuteAsync(GetImageByName req, CancellationToken ct) in D:\visualStudio\Projects\OnlineShelf\backend\Microservices\ShelfsService\src\ShelfsService.Host\Features\Images\GetImageByName.cs:line 50
   at ShelfsService.src.ShelfsService.Host.Features.Items.GetPhotoByName.ExecuteAsync(GetImageByName req, CancellationToken ct) in D:\visualStudio\Projects\OnlineShelf\backend\Microservices\ShelfsService\src\ShelfsService.Host\Features\Images\GetImageByName.cs:line 50
   at FastEndpoints.Endpoint`2.ExecAsync(CancellationToken ct)
   at FastEndpoints.Endpoint`2.ExecAsync(CancellationToken ct)
   at Microsoft.AspNetCore.Http.RequestDelegateFactory.ExecuteResultWriteResponse(IResult result, HttpContext httpContext)
   at Microsoft.AspNetCore.Authorization.AuthorizationMiddleware.Invoke(HttpContext context)
   at Microsoft.AspNetCore.Authentication.AuthenticationMiddleware.Invoke(HttpContext context)
   at Swashbuckle.AspNetCore.SwaggerUI.SwaggerUIMiddleware.Invoke(HttpContext httpContext)
   at Swashbuckle.AspNetCore.Swagger.SwaggerMiddleware.Invoke(HttpContext httpContext, ISwaggerProvider swaggerProvider)
   at Serilog.AspNetCore.RequestLoggingMiddleware.Invoke(HttpContext httpContext)
   at Microsoft.AspNetCore.Diagnostics.DeveloperExceptionPageMiddlewareImpl.Invoke(HttpContext context)
2026-07-05 16:21:22.321 +03:00 [INF] ShelfsService Serilog.AspNetCore.RequestLoggingMiddleware HTTP OPTIONS /shelfs/image/get-image/4b1f3cdf-fa97-4744-a677-47c0969b6af8_big.webp responded 204 in 0.1291 ms
2026-07-05 16:21:22.334 +03:00 [INF] ShelfsService Grpc.Net.Client.Internal.GrpcCall Call failed with gRPC error status. Status code: '"Unavailable"', Message: 'Error connecting to subchannel.'.
System.Net.Sockets.SocketException (11001): No such host is known.
   at System.Net.Sockets.Socket.AwaitableSocketAsyncEventArgs.ThrowException(SocketError error, CancellationToken cancellationToken)
   at System.Net.Sockets.Socket.AwaitableSocketAsyncEventArgs.System.Threading.Tasks.Sources.IValueTaskSource.GetResult(Int16 token)
   at System.Net.Sockets.Socket.<ConnectAsync>g__WaitForConnectWithCancellation|285_0(AwaitableSocketAsyncEventArgs saea, ValueTask connectTask, CancellationToken cancellationToken)
   at Grpc.Net.Client.Balancer.Internal.SocketConnectivitySubchannelTransport.TryConnectAsync(ConnectContext context, Int32 attempt)
2026-07-05 16:21:22.394 +03:00 [ERR] ShelfsService Serilog.AspNetCore.RequestLoggingMiddleware HTTP GET /shelfs/image/get-image/4b1f3cdf-fa97-4744-a677-47c0969b6af8_big.webp responded 500 in 64.2400 ms
Grpc.Core.RpcException: Status(StatusCode="Unavailable", Detail="Error connecting to subchannel.", DebugException="System.Net.Sockets.SocketException: No such host is known.")
 ---> System.Net.Sockets.SocketException (11001): No such host is known.
   at System.Net.Sockets.Socket.AwaitableSocketAsyncEventArgs.ThrowException(SocketError error, CancellationToken cancellationToken)
   at System.Net.Sockets.Socket.AwaitableSocketAsyncEventArgs.System.Threading.Tasks.Sources.IValueTaskSource.GetResult(Int16 token)
   at System.Net.Sockets.Socket.<ConnectAsync>g__WaitForConnectWithCancellation|285_0(AwaitableSocketAsyncEventArgs saea, ValueTask connectTask, CancellationToken cancellationToken)
   at Grpc.Net.Client.Balancer.Internal.SocketConnectivitySubchannelTransport.TryConnectAsync(ConnectContext context, Int32 attempt)
   --- End of inner exception stack trace ---
   at Grpc.Core.AsyncStreamReaderExtensions.ReadAllAsyncCore[T](IAsyncStreamReader`1 streamReader, CancellationToken cancellationToken)+MoveNext()
   at Grpc.Core.AsyncStreamReaderExtensions.ReadAllAsyncCore[T](IAsyncStreamReader`1 streamReader, CancellationToken cancellationToken)+System.Threading.Tasks.Sources.IValueTaskSource<System.Boolean>.GetResult()
   at ShelfsService.src.ShelfsService.Host.Features.Items.GetPhotoByName.ExecuteAsync(GetImageByName req, CancellationToken ct) in D:\visualStudio\Projects\OnlineShelf\backend\Microservices\ShelfsService\src\ShelfsService.Host\Features\Images\GetImageByName.cs:line 50
   at ShelfsService.src.ShelfsService.Host.Features.Items.GetPhotoByName.ExecuteAsync(GetImageByName req, CancellationToken ct) in D:\visualStudio\Projects\OnlineShelf\backend\Microservices\ShelfsService\src\ShelfsService.Host\Features\Images\GetImageByName.cs:line 50
   at FastEndpoints.Endpoint`2.ExecAsync(CancellationToken ct)
   at FastEndpoints.Endpoint`2.ExecAsync(CancellationToken ct)
   at Microsoft.AspNetCore.Http.RequestDelegateFactory.ExecuteResultWriteResponse(IResult result, HttpContext httpContext)
   at Microsoft.AspNetCore.Authorization.AuthorizationMiddleware.Invoke(HttpContext context)
   at Microsoft.AspNetCore.Authentication.AuthenticationMiddleware.Invoke(HttpContext context)
   at Swashbuckle.AspNetCore.SwaggerUI.SwaggerUIMiddleware.Invoke(HttpContext httpContext)
   at Swashbuckle.AspNetCore.Swagger.SwaggerMiddleware.Invoke(HttpContext httpContext, ISwaggerProvider swaggerProvider)
   at Serilog.AspNetCore.RequestLoggingMiddleware.Invoke(HttpContext httpContext)
2026-07-05 16:21:22.400 +03:00 [ERR] ShelfsService Microsoft.AspNetCore.Diagnostics.DeveloperExceptionPageMiddleware An unhandled exception has occurred while executing the request.
Grpc.Core.RpcException: Status(StatusCode="Unavailable", Detail="Error connecting to subchannel.", DebugException="System.Net.Sockets.SocketException: No such host is known.")
 ---> System.Net.Sockets.SocketException (11001): No such host is known.
   at System.Net.Sockets.Socket.AwaitableSocketAsyncEventArgs.ThrowException(SocketError error, CancellationToken cancellationToken)
   at System.Net.Sockets.Socket.AwaitableSocketAsyncEventArgs.System.Threading.Tasks.Sources.IValueTaskSource.GetResult(Int16 token)
   at System.Net.Sockets.Socket.<ConnectAsync>g__WaitForConnectWithCancellation|285_0(AwaitableSocketAsyncEventArgs saea, ValueTask connectTask, CancellationToken cancellationToken)
   at Grpc.Net.Client.Balancer.Internal.SocketConnectivitySubchannelTransport.TryConnectAsync(ConnectContext context, Int32 attempt)
   --- End of inner exception stack trace ---
   at Grpc.Core.AsyncStreamReaderExtensions.ReadAllAsyncCore[T](IAsyncStreamReader`1 streamReader, CancellationToken cancellationToken)+MoveNext()
   at Grpc.Core.AsyncStreamReaderExtensions.ReadAllAsyncCore[T](IAsyncStreamReader`1 streamReader, CancellationToken cancellationToken)+System.Threading.Tasks.Sources.IValueTaskSource<System.Boolean>.GetResult()
   at ShelfsService.src.ShelfsService.Host.Features.Items.GetPhotoByName.ExecuteAsync(GetImageByName req, CancellationToken ct) in D:\visualStudio\Projects\OnlineShelf\backend\Microservices\ShelfsService\src\ShelfsService.Host\Features\Images\GetImageByName.cs:line 50
   at ShelfsService.src.ShelfsService.Host.Features.Items.GetPhotoByName.ExecuteAsync(GetImageByName req, CancellationToken ct) in D:\visualStudio\Projects\OnlineShelf\backend\Microservices\ShelfsService\src\ShelfsService.Host\Features\Images\GetImageByName.cs:line 50
   at FastEndpoints.Endpoint`2.ExecAsync(CancellationToken ct)
   at FastEndpoints.Endpoint`2.ExecAsync(CancellationToken ct)
   at Microsoft.AspNetCore.Http.RequestDelegateFactory.ExecuteResultWriteResponse(IResult result, HttpContext httpContext)
   at Microsoft.AspNetCore.Authorization.AuthorizationMiddleware.Invoke(HttpContext context)
   at Microsoft.AspNetCore.Authentication.AuthenticationMiddleware.Invoke(HttpContext context)
   at Swashbuckle.AspNetCore.SwaggerUI.SwaggerUIMiddleware.Invoke(HttpContext httpContext)
   at Swashbuckle.AspNetCore.Swagger.SwaggerMiddleware.Invoke(HttpContext httpContext, ISwaggerProvider swaggerProvider)
   at Serilog.AspNetCore.RequestLoggingMiddleware.Invoke(HttpContext httpContext)
   at Microsoft.AspNetCore.Diagnostics.DeveloperExceptionPageMiddlewareImpl.Invoke(HttpContext context)
2026-07-05 16:21:23.424 +03:00 [INF] ShelfsService Grpc.Net.Client.Internal.GrpcCall Call failed with gRPC error status. Status code: '"Unavailable"', Message: 'Error connecting to subchannel.'.
System.Net.Sockets.SocketException (11001): No such host is known.
   at System.Net.Sockets.Socket.AwaitableSocketAsyncEventArgs.ThrowException(SocketError error, CancellationToken cancellationToken)
   at System.Net.Sockets.Socket.AwaitableSocketAsyncEventArgs.System.Threading.Tasks.Sources.IValueTaskSource.GetResult(Int16 token)
   at System.Net.Sockets.Socket.<ConnectAsync>g__WaitForConnectWithCancellation|285_0(AwaitableSocketAsyncEventArgs saea, ValueTask connectTask, CancellationToken cancellationToken)
   at Grpc.Net.Client.Balancer.Internal.SocketConnectivitySubchannelTransport.TryConnectAsync(ConnectContext context, Int32 attempt)
2026-07-05 16:21:23.489 +03:00 [ERR] ShelfsService Serilog.AspNetCore.RequestLoggingMiddleware HTTP GET /shelfs/image/get-image/4b1f3cdf-fa97-4744-a677-47c0969b6af8_big.webp responded 500 in 68.4021 ms
Grpc.Core.RpcException: Status(StatusCode="Unavailable", Detail="Error connecting to subchannel.", DebugException="System.Net.Sockets.SocketException: No such host is known.")
 ---> System.Net.Sockets.SocketException (11001): No such host is known.
   at System.Net.Sockets.Socket.AwaitableSocketAsyncEventArgs.ThrowException(SocketError error, CancellationToken cancellationToken)
   at System.Net.Sockets.Socket.AwaitableSocketAsyncEventArgs.System.Threading.Tasks.Sources.IValueTaskSource.GetResult(Int16 token)
   at System.Net.Sockets.Socket.<ConnectAsync>g__WaitForConnectWithCancellation|285_0(AwaitableSocketAsyncEventArgs saea, ValueTask connectTask, CancellationToken cancellationToken)
   at Grpc.Net.Client.Balancer.Internal.SocketConnectivitySubchannelTransport.TryConnectAsync(ConnectContext context, Int32 attempt)
   --- End of inner exception stack trace ---
   at Grpc.Core.AsyncStreamReaderExtensions.ReadAllAsyncCore[T](IAsyncStreamReader`1 streamReader, CancellationToken cancellationToken)+MoveNext()
   at Grpc.Core.AsyncStreamReaderExtensions.ReadAllAsyncCore[T](IAsyncStreamReader`1 streamReader, CancellationToken cancellationToken)+System.Threading.Tasks.Sources.IValueTaskSource<System.Boolean>.GetResult()
   at ShelfsService.src.ShelfsService.Host.Features.Items.GetPhotoByName.ExecuteAsync(GetImageByName req, CancellationToken ct) in D:\visualStudio\Projects\OnlineShelf\backend\Microservices\ShelfsService\src\ShelfsService.Host\Features\Images\GetImageByName.cs:line 50
   at ShelfsService.src.ShelfsService.Host.Features.Items.GetPhotoByName.ExecuteAsync(GetImageByName req, CancellationToken ct) in D:\visualStudio\Projects\OnlineShelf\backend\Microservices\ShelfsService\src\ShelfsService.Host\Features\Images\GetImageByName.cs:line 50
   at FastEndpoints.Endpoint`2.ExecAsync(CancellationToken ct)
   at FastEndpoints.Endpoint`2.ExecAsync(CancellationToken ct)
   at Microsoft.AspNetCore.Http.RequestDelegateFactory.ExecuteResultWriteResponse(IResult result, HttpContext httpContext)
   at Microsoft.AspNetCore.Authorization.AuthorizationMiddleware.Invoke(HttpContext context)
   at Microsoft.AspNetCore.Authentication.AuthenticationMiddleware.Invoke(HttpContext context)
   at Swashbuckle.AspNetCore.SwaggerUI.SwaggerUIMiddleware.Invoke(HttpContext httpContext)
   at Swashbuckle.AspNetCore.Swagger.SwaggerMiddleware.Invoke(HttpContext httpContext, ISwaggerProvider swaggerProvider)
   at Serilog.AspNetCore.RequestLoggingMiddleware.Invoke(HttpContext httpContext)
2026-07-05 16:21:23.494 +03:00 [ERR] ShelfsService Microsoft.AspNetCore.Diagnostics.DeveloperExceptionPageMiddleware An unhandled exception has occurred while executing the request.
Grpc.Core.RpcException: Status(StatusCode="Unavailable", Detail="Error connecting to subchannel.", DebugException="System.Net.Sockets.SocketException: No such host is known.")
 ---> System.Net.Sockets.SocketException (11001): No such host is known.
   at System.Net.Sockets.Socket.AwaitableSocketAsyncEventArgs.ThrowException(SocketError error, CancellationToken cancellationToken)
   at System.Net.Sockets.Socket.AwaitableSocketAsyncEventArgs.System.Threading.Tasks.Sources.IValueTaskSource.GetResult(Int16 token)
   at System.Net.Sockets.Socket.<ConnectAsync>g__WaitForConnectWithCancellation|285_0(AwaitableSocketAsyncEventArgs saea, ValueTask connectTask, CancellationToken cancellationToken)
   at Grpc.Net.Client.Balancer.Internal.SocketConnectivitySubchannelTransport.TryConnectAsync(ConnectContext context, Int32 attempt)
   --- End of inner exception stack trace ---
   at Grpc.Core.AsyncStreamReaderExtensions.ReadAllAsyncCore[T](IAsyncStreamReader`1 streamReader, CancellationToken cancellationToken)+MoveNext()
   at Grpc.Core.AsyncStreamReaderExtensions.ReadAllAsyncCore[T](IAsyncStreamReader`1 streamReader, CancellationToken cancellationToken)+System.Threading.Tasks.Sources.IValueTaskSource<System.Boolean>.GetResult()
   at ShelfsService.src.ShelfsService.Host.Features.Items.GetPhotoByName.ExecuteAsync(GetImageByName req, CancellationToken ct) in D:\visualStudio\Projects\OnlineShelf\backend\Microservices\ShelfsService\src\ShelfsService.Host\Features\Images\GetImageByName.cs:line 50
   at ShelfsService.src.ShelfsService.Host.Features.Items.GetPhotoByName.ExecuteAsync(GetImageByName req, CancellationToken ct) in D:\visualStudio\Projects\OnlineShelf\backend\Microservices\ShelfsService\src\ShelfsService.Host\Features\Images\GetImageByName.cs:line 50
   at FastEndpoints.Endpoint`2.ExecAsync(CancellationToken ct)
   at FastEndpoints.Endpoint`2.ExecAsync(CancellationToken ct)
   at Microsoft.AspNetCore.Http.RequestDelegateFactory.ExecuteResultWriteResponse(IResult result, HttpContext httpContext)
   at Microsoft.AspNetCore.Authorization.AuthorizationMiddleware.Invoke(HttpContext context)
   at Microsoft.AspNetCore.Authentication.AuthenticationMiddleware.Invoke(HttpContext context)
   at Swashbuckle.AspNetCore.SwaggerUI.SwaggerUIMiddleware.Invoke(HttpContext httpContext)
   at Swashbuckle.AspNetCore.Swagger.SwaggerMiddleware.Invoke(HttpContext httpContext, ISwaggerProvider swaggerProvider)
   at Serilog.AspNetCore.RequestLoggingMiddleware.Invoke(HttpContext httpContext)
   at Microsoft.AspNetCore.Diagnostics.DeveloperExceptionPageMiddlewareImpl.Invoke(HttpContext context)
2026-07-05 16:21:27.168 +03:00 [INF] ShelfsService Grpc.Net.Client.Internal.GrpcCall Call failed with gRPC error status. Status code: '"Unavailable"', Message: 'Error connecting to subchannel.'.
System.Net.Sockets.SocketException (11001): No such host is known.
   at System.Net.Sockets.Socket.AwaitableSocketAsyncEventArgs.ThrowException(SocketError error, CancellationToken cancellationToken)
   at System.Net.Sockets.Socket.AwaitableSocketAsyncEventArgs.System.Threading.Tasks.Sources.IValueTaskSource.GetResult(Int16 token)
   at System.Net.Sockets.Socket.<ConnectAsync>g__WaitForConnectWithCancellation|285_0(AwaitableSocketAsyncEventArgs saea, ValueTask connectTask, CancellationToken cancellationToken)
   at Grpc.Net.Client.Balancer.Internal.SocketConnectivitySubchannelTransport.TryConnectAsync(ConnectContext context, Int32 attempt)
2026-07-05 16:21:27.227 +03:00 [ERR] ShelfsService Serilog.AspNetCore.RequestLoggingMiddleware HTTP GET /shelfs/image/get-image/4b1f3cdf-fa97-4744-a677-47c0969b6af8_big.webp responded 500 in 1714.6189 ms
Grpc.Core.RpcException: Status(StatusCode="Unavailable", Detail="Error connecting to subchannel.", DebugException="System.Net.Sockets.SocketException: No such host is known.")
 ---> System.Net.Sockets.SocketException (11001): No such host is known.
   at System.Net.Sockets.Socket.AwaitableSocketAsyncEventArgs.ThrowException(SocketError error, CancellationToken cancellationToken)
   at System.Net.Sockets.Socket.AwaitableSocketAsyncEventArgs.System.Threading.Tasks.Sources.IValueTaskSource.GetResult(Int16 token)
   at System.Net.Sockets.Socket.<ConnectAsync>g__WaitForConnectWithCancellation|285_0(AwaitableSocketAsyncEventArgs saea, ValueTask connectTask, CancellationToken cancellationToken)
   at Grpc.Net.Client.Balancer.Internal.SocketConnectivitySubchannelTransport.TryConnectAsync(ConnectContext context, Int32 attempt)
   --- End of inner exception stack trace ---
   at Grpc.Net.Client.Internal.HttpContentClientStreamReader`2.MoveNextCore(CancellationToken cancellationToken)
   at Grpc.Core.AsyncStreamReaderExtensions.ReadAllAsyncCore[T](IAsyncStreamReader`1 streamReader, CancellationToken cancellationToken)+MoveNext()
   at Grpc.Core.AsyncStreamReaderExtensions.ReadAllAsyncCore[T](IAsyncStreamReader`1 streamReader, CancellationToken cancellationToken)+System.Threading.Tasks.Sources.IValueTaskSource<System.Boolean>.GetResult()
   at ShelfsService.src.ShelfsService.Host.Features.Items.GetPhotoByName.ExecuteAsync(GetImageByName req, CancellationToken ct) in D:\visualStudio\Projects\OnlineShelf\backend\Microservices\ShelfsService\src\ShelfsService.Host\Features\Images\GetImageByName.cs:line 50
   at ShelfsService.src.ShelfsService.Host.Features.Items.GetPhotoByName.ExecuteAsync(GetImageByName req, CancellationToken ct) in D:\visualStudio\Projects\OnlineShelf\backend\Microservices\ShelfsService\src\ShelfsService.Host\Features\Images\GetImageByName.cs:line 50
   at FastEndpoints.Endpoint`2.ExecAsync(CancellationToken ct)
   at FastEndpoints.Endpoint`2.ExecAsync(CancellationToken ct)
   at Microsoft.AspNetCore.Http.RequestDelegateFactory.ExecuteResultWriteResponse(IResult result, HttpContext httpContext)
   at Microsoft.AspNetCore.Authorization.AuthorizationMiddleware.Invoke(HttpContext context)
   at Microsoft.AspNetCore.Authentication.AuthenticationMiddleware.Invoke(HttpContext context)
   at Swashbuckle.AspNetCore.SwaggerUI.SwaggerUIMiddleware.Invoke(HttpContext httpContext)
   at Swashbuckle.AspNetCore.Swagger.SwaggerMiddleware.Invoke(HttpContext httpContext, ISwaggerProvider swaggerProvider)
   at Serilog.AspNetCore.RequestLoggingMiddleware.Invoke(HttpContext httpContext)
2026-07-05 16:21:27.230 +03:00 [ERR] ShelfsService Microsoft.AspNetCore.Diagnostics.DeveloperExceptionPageMiddleware An unhandled exception has occurred while executing the request.
Grpc.Core.RpcException: Status(StatusCode="Unavailable", Detail="Error connecting to subchannel.", DebugException="System.Net.Sockets.SocketException: No such host is known.")
 ---> System.Net.Sockets.SocketException (11001): No such host is known.
   at System.Net.Sockets.Socket.AwaitableSocketAsyncEventArgs.ThrowException(SocketError error, CancellationToken cancellationToken)
   at System.Net.Sockets.Socket.AwaitableSocketAsyncEventArgs.System.Threading.Tasks.Sources.IValueTaskSource.GetResult(Int16 token)
   at System.Net.Sockets.Socket.<ConnectAsync>g__WaitForConnectWithCancellation|285_0(AwaitableSocketAsyncEventArgs saea, ValueTask connectTask, CancellationToken cancellationToken)
   at Grpc.Net.Client.Balancer.Internal.SocketConnectivitySubchannelTransport.TryConnectAsync(ConnectContext context, Int32 attempt)
   --- End of inner exception stack trace ---
   at Grpc.Net.Client.Internal.HttpContentClientStreamReader`2.MoveNextCore(CancellationToken cancellationToken)
   at Grpc.Core.AsyncStreamReaderExtensions.ReadAllAsyncCore[T](IAsyncStreamReader`1 streamReader, CancellationToken cancellationToken)+MoveNext()
   at Grpc.Core.AsyncStreamReaderExtensions.ReadAllAsyncCore[T](IAsyncStreamReader`1 streamReader, CancellationToken cancellationToken)+System.Threading.Tasks.Sources.IValueTaskSource<System.Boolean>.GetResult()
   at ShelfsService.src.ShelfsService.Host.Features.Items.GetPhotoByName.ExecuteAsync(GetImageByName req, CancellationToken ct) in D:\visualStudio\Projects\OnlineShelf\backend\Microservices\ShelfsService\src\ShelfsService.Host\Features\Images\GetImageByName.cs:line 50
   at ShelfsService.src.ShelfsService.Host.Features.Items.GetPhotoByName.ExecuteAsync(GetImageByName req, CancellationToken ct) in D:\visualStudio\Projects\OnlineShelf\backend\Microservices\ShelfsService\src\ShelfsService.Host\Features\Images\GetImageByName.cs:line 50
   at FastEndpoints.Endpoint`2.ExecAsync(CancellationToken ct)
   at FastEndpoints.Endpoint`2.ExecAsync(CancellationToken ct)
   at Microsoft.AspNetCore.Http.RequestDelegateFactory.ExecuteResultWriteResponse(IResult result, HttpContext httpContext)
   at Microsoft.AspNetCore.Authorization.AuthorizationMiddleware.Invoke(HttpContext context)
   at Microsoft.AspNetCore.Authentication.AuthenticationMiddleware.Invoke(HttpContext context)
   at Swashbuckle.AspNetCore.SwaggerUI.SwaggerUIMiddleware.Invoke(HttpContext httpContext)
   at Swashbuckle.AspNetCore.Swagger.SwaggerMiddleware.Invoke(HttpContext httpContext, ISwaggerProvider swaggerProvider)
   at Serilog.AspNetCore.RequestLoggingMiddleware.Invoke(HttpContext httpContext)
   at Microsoft.AspNetCore.Diagnostics.DeveloperExceptionPageMiddlewareImpl.Invoke(HttpContext context)
2026-07-05 16:21:31.254 +03:00 [INF] ShelfsService Serilog.AspNetCore.RequestLoggingMiddleware HTTP OPTIONS /shelfs/image/get-image/4b1f3cdf-fa97-4744-a677-47c0969b6af8_big.webp responded 204 in 0.1343 ms
2026-07-05 16:21:31.261 +03:00 [INF] ShelfsService Grpc.Net.Client.Internal.GrpcCall Call failed with gRPC error status. Status code: '"Unavailable"', Message: 'Error connecting to subchannel.'.
System.Net.Sockets.SocketException (11001): No such host is known.
   at System.Net.Sockets.Socket.AwaitableSocketAsyncEventArgs.ThrowException(SocketError error, CancellationToken cancellationToken)
   at System.Net.Sockets.Socket.AwaitableSocketAsyncEventArgs.System.Threading.Tasks.Sources.IValueTaskSource.GetResult(Int16 token)
   at System.Net.Sockets.Socket.<ConnectAsync>g__WaitForConnectWithCancellation|285_0(AwaitableSocketAsyncEventArgs saea, ValueTask connectTask, CancellationToken cancellationToken)
   at Grpc.Net.Client.Balancer.Internal.SocketConnectivitySubchannelTransport.TryConnectAsync(ConnectContext context, Int32 attempt)
2026-07-05 16:21:31.327 +03:00 [ERR] ShelfsService Serilog.AspNetCore.RequestLoggingMiddleware HTTP GET /shelfs/image/get-image/4b1f3cdf-fa97-4744-a677-47c0969b6af8_big.webp responded 500 in 69.5754 ms
Grpc.Core.RpcException: Status(StatusCode="Unavailable", Detail="Error connecting to subchannel.", DebugException="System.Net.Sockets.SocketException: No such host is known.")
 ---> System.Net.Sockets.SocketException (11001): No such host is known.
   at System.Net.Sockets.Socket.AwaitableSocketAsyncEventArgs.ThrowException(SocketError error, CancellationToken cancellationToken)
   at System.Net.Sockets.Socket.AwaitableSocketAsyncEventArgs.System.Threading.Tasks.Sources.IValueTaskSource.GetResult(Int16 token)
   at System.Net.Sockets.Socket.<ConnectAsync>g__WaitForConnectWithCancellation|285_0(AwaitableSocketAsyncEventArgs saea, ValueTask connectTask, CancellationToken cancellationToken)
   at Grpc.Net.Client.Balancer.Internal.SocketConnectivitySubchannelTransport.TryConnectAsync(ConnectContext context, Int32 attempt)
   --- End of inner exception stack trace ---
   at Grpc.Core.AsyncStreamReaderExtensions.ReadAllAsyncCore[T](IAsyncStreamReader`1 streamReader, CancellationToken cancellationToken)+MoveNext()
   at Grpc.Core.AsyncStreamReaderExtensions.ReadAllAsyncCore[T](IAsyncStreamReader`1 streamReader, CancellationToken cancellationToken)+System.Threading.Tasks.Sources.IValueTaskSource<System.Boolean>.GetResult()
   at ShelfsService.src.ShelfsService.Host.Features.Items.GetPhotoByName.ExecuteAsync(GetImageByName req, CancellationToken ct) in D:\visualStudio\Projects\OnlineShelf\backend\Microservices\ShelfsService\src\ShelfsService.Host\Features\Images\GetImageByName.cs:line 50
   at ShelfsService.src.ShelfsService.Host.Features.Items.GetPhotoByName.ExecuteAsync(GetImageByName req, CancellationToken ct) in D:\visualStudio\Projects\OnlineShelf\backend\Microservices\ShelfsService\src\ShelfsService.Host\Features\Images\GetImageByName.cs:line 50
   at FastEndpoints.Endpoint`2.ExecAsync(CancellationToken ct)
   at FastEndpoints.Endpoint`2.ExecAsync(CancellationToken ct)
   at Microsoft.AspNetCore.Http.RequestDelegateFactory.ExecuteResultWriteResponse(IResult result, HttpContext httpContext)
   at Microsoft.AspNetCore.Authorization.AuthorizationMiddleware.Invoke(HttpContext context)
   at Microsoft.AspNetCore.Authentication.AuthenticationMiddleware.Invoke(HttpContext context)
   at Swashbuckle.AspNetCore.SwaggerUI.SwaggerUIMiddleware.Invoke(HttpContext httpContext)
   at Swashbuckle.AspNetCore.Swagger.SwaggerMiddleware.Invoke(HttpContext httpContext, ISwaggerProvider swaggerProvider)
   at Serilog.AspNetCore.RequestLoggingMiddleware.Invoke(HttpContext httpContext)
2026-07-05 16:21:31.333 +03:00 [ERR] ShelfsService Microsoft.AspNetCore.Diagnostics.DeveloperExceptionPageMiddleware An unhandled exception has occurred while executing the request.
Grpc.Core.RpcException: Status(StatusCode="Unavailable", Detail="Error connecting to subchannel.", DebugException="System.Net.Sockets.SocketException: No such host is known.")
 ---> System.Net.Sockets.SocketException (11001): No such host is known.
   at System.Net.Sockets.Socket.AwaitableSocketAsyncEventArgs.ThrowException(SocketError error, CancellationToken cancellationToken)
   at System.Net.Sockets.Socket.AwaitableSocketAsyncEventArgs.System.Threading.Tasks.Sources.IValueTaskSource.GetResult(Int16 token)
   at System.Net.Sockets.Socket.<ConnectAsync>g__WaitForConnectWithCancellation|285_0(AwaitableSocketAsyncEventArgs saea, ValueTask connectTask, CancellationToken cancellationToken)
   at Grpc.Net.Client.Balancer.Internal.SocketConnectivitySubchannelTransport.TryConnectAsync(ConnectContext context, Int32 attempt)
   --- End of inner exception stack trace ---
   at Grpc.Core.AsyncStreamReaderExtensions.ReadAllAsyncCore[T](IAsyncStreamReader`1 streamReader, CancellationToken cancellationToken)+MoveNext()
   at Grpc.Core.AsyncStreamReaderExtensions.ReadAllAsyncCore[T](IAsyncStreamReader`1 streamReader, CancellationToken cancellationToken)+System.Threading.Tasks.Sources.IValueTaskSource<System.Boolean>.GetResult()
   at ShelfsService.src.ShelfsService.Host.Features.Items.GetPhotoByName.ExecuteAsync(GetImageByName req, CancellationToken ct) in D:\visualStudio\Projects\OnlineShelf\backend\Microservices\ShelfsService\src\ShelfsService.Host\Features\Images\GetImageByName.cs:line 50
   at ShelfsService.src.ShelfsService.Host.Features.Items.GetPhotoByName.ExecuteAsync(GetImageByName req, CancellationToken ct) in D:\visualStudio\Projects\OnlineShelf\backend\Microservices\ShelfsService\src\ShelfsService.Host\Features\Images\GetImageByName.cs:line 50
   at FastEndpoints.Endpoint`2.ExecAsync(CancellationToken ct)
   at FastEndpoints.Endpoint`2.ExecAsync(CancellationToken ct)
   at Microsoft.AspNetCore.Http.RequestDelegateFactory.ExecuteResultWriteResponse(IResult result, HttpContext httpContext)
   at Microsoft.AspNetCore.Authorization.AuthorizationMiddleware.Invoke(HttpContext context)
   at Microsoft.AspNetCore.Authentication.AuthenticationMiddleware.Invoke(HttpContext context)
   at Swashbuckle.AspNetCore.SwaggerUI.SwaggerUIMiddleware.Invoke(HttpContext httpContext)
   at Swashbuckle.AspNetCore.Swagger.SwaggerMiddleware.Invoke(HttpContext httpContext, ISwaggerProvider swaggerProvider)
   at Serilog.AspNetCore.RequestLoggingMiddleware.Invoke(HttpContext httpContext)
   at Microsoft.AspNetCore.Diagnostics.DeveloperExceptionPageMiddlewareImpl.Invoke(HttpContext context)
2026-07-05 16:21:40.446 +03:00 [INF] ShelfsService Serilog.AspNetCore.RequestLoggingMiddleware HTTP OPTIONS /shelfs/image/get-image/4b1f3cdf-fa97-4744-a677-47c0969b6af8_big.webp responded 204 in 0.1024 ms
2026-07-05 16:21:40.455 +03:00 [INF] ShelfsService Grpc.Net.Client.Internal.GrpcCall Call failed with gRPC error status. Status code: '"Unavailable"', Message: 'Error connecting to subchannel.'.
System.Net.Sockets.SocketException (11001): No such host is known.
   at System.Net.Sockets.Socket.AwaitableSocketAsyncEventArgs.ThrowException(SocketError error, CancellationToken cancellationToken)
   at System.Net.Sockets.Socket.AwaitableSocketAsyncEventArgs.System.Threading.Tasks.Sources.IValueTaskSource.GetResult(Int16 token)
   at System.Net.Sockets.Socket.<ConnectAsync>g__WaitForConnectWithCancellation|285_0(AwaitableSocketAsyncEventArgs saea, ValueTask connectTask, CancellationToken cancellationToken)
   at Grpc.Net.Client.Balancer.Internal.SocketConnectivitySubchannelTransport.TryConnectAsync(ConnectContext context, Int32 attempt)
2026-07-05 16:21:40.568 +03:00 [ERR] ShelfsService Serilog.AspNetCore.RequestLoggingMiddleware HTTP GET /shelfs/image/get-image/4b1f3cdf-fa97-4744-a677-47c0969b6af8_big.webp responded 500 in 116.9035 ms
Grpc.Core.RpcException: Status(StatusCode="Unavailable", Detail="Error connecting to subchannel.", DebugException="System.Net.Sockets.SocketException: No such host is known.")
 ---> System.Net.Sockets.SocketException (11001): No such host is known.
   at System.Net.Sockets.Socket.AwaitableSocketAsyncEventArgs.ThrowException(SocketError error, CancellationToken cancellationToken)
   at System.Net.Sockets.Socket.AwaitableSocketAsyncEventArgs.System.Threading.Tasks.Sources.IValueTaskSource.GetResult(Int16 token)
   at System.Net.Sockets.Socket.<ConnectAsync>g__WaitForConnectWithCancellation|285_0(AwaitableSocketAsyncEventArgs saea, ValueTask connectTask, CancellationToken cancellationToken)
   at Grpc.Net.Client.Balancer.Internal.SocketConnectivitySubchannelTransport.TryConnectAsync(ConnectContext context, Int32 attempt)
   --- End of inner exception stack trace ---
   at Grpc.Core.AsyncStreamReaderExtensions.ReadAllAsyncCore[T](IAsyncStreamReader`1 streamReader, CancellationToken cancellationToken)+MoveNext()
   at Grpc.Core.AsyncStreamReaderExtensions.ReadAllAsyncCore[T](IAsyncStreamReader`1 streamReader, CancellationToken cancellationToken)+System.Threading.Tasks.Sources.IValueTaskSource<System.Boolean>.GetResult()
   at ShelfsService.src.ShelfsService.Host.Features.Items.GetPhotoByName.ExecuteAsync(GetImageByName req, CancellationToken ct) in D:\visualStudio\Projects\OnlineShelf\backend\Microservices\ShelfsService\src\ShelfsService.Host\Features\Images\GetImageByName.cs:line 50
   at ShelfsService.src.ShelfsService.Host.Features.Items.GetPhotoByName.ExecuteAsync(GetImageByName req, CancellationToken ct) in D:\visualStudio\Projects\OnlineShelf\backend\Microservices\ShelfsService\src\ShelfsService.Host\Features\Images\GetImageByName.cs:line 50
   at FastEndpoints.Endpoint`2.ExecAsync(CancellationToken ct)
   at FastEndpoints.Endpoint`2.ExecAsync(CancellationToken ct)
   at Microsoft.AspNetCore.Http.RequestDelegateFactory.ExecuteResultWriteResponse(IResult result, HttpContext httpContext)
   at Microsoft.AspNetCore.Authorization.AuthorizationMiddleware.Invoke(HttpContext context)
   at Microsoft.AspNetCore.Authentication.AuthenticationMiddleware.Invoke(HttpContext context)
   at Swashbuckle.AspNetCore.SwaggerUI.SwaggerUIMiddleware.Invoke(HttpContext httpContext)
   at Swashbuckle.AspNetCore.Swagger.SwaggerMiddleware.Invoke(HttpContext httpContext, ISwaggerProvider swaggerProvider)
   at Serilog.AspNetCore.RequestLoggingMiddleware.Invoke(HttpContext httpContext)
2026-07-05 16:21:40.572 +03:00 [ERR] ShelfsService Microsoft.AspNetCore.Diagnostics.DeveloperExceptionPageMiddleware An unhandled exception has occurred while executing the request.
Grpc.Core.RpcException: Status(StatusCode="Unavailable", Detail="Error connecting to subchannel.", DebugException="System.Net.Sockets.SocketException: No such host is known.")
 ---> System.Net.Sockets.SocketException (11001): No such host is known.
   at System.Net.Sockets.Socket.AwaitableSocketAsyncEventArgs.ThrowException(SocketError error, CancellationToken cancellationToken)
   at System.Net.Sockets.Socket.AwaitableSocketAsyncEventArgs.System.Threading.Tasks.Sources.IValueTaskSource.GetResult(Int16 token)
   at System.Net.Sockets.Socket.<ConnectAsync>g__WaitForConnectWithCancellation|285_0(AwaitableSocketAsyncEventArgs saea, ValueTask connectTask, CancellationToken cancellationToken)
   at Grpc.Net.Client.Balancer.Internal.SocketConnectivitySubchannelTransport.TryConnectAsync(ConnectContext context, Int32 attempt)
   --- End of inner exception stack trace ---
   at Grpc.Core.AsyncStreamReaderExtensions.ReadAllAsyncCore[T](IAsyncStreamReader`1 streamReader, CancellationToken cancellationToken)+MoveNext()
   at Grpc.Core.AsyncStreamReaderExtensions.ReadAllAsyncCore[T](IAsyncStreamReader`1 streamReader, CancellationToken cancellationToken)+System.Threading.Tasks.Sources.IValueTaskSource<System.Boolean>.GetResult()
   at ShelfsService.src.ShelfsService.Host.Features.Items.GetPhotoByName.ExecuteAsync(GetImageByName req, CancellationToken ct) in D:\visualStudio\Projects\OnlineShelf\backend\Microservices\ShelfsService\src\ShelfsService.Host\Features\Images\GetImageByName.cs:line 50
   at ShelfsService.src.ShelfsService.Host.Features.Items.GetPhotoByName.ExecuteAsync(GetImageByName req, CancellationToken ct) in D:\visualStudio\Projects\OnlineShelf\backend\Microservices\ShelfsService\src\ShelfsService.Host\Features\Images\GetImageByName.cs:line 50
   at FastEndpoints.Endpoint`2.ExecAsync(CancellationToken ct)
   at FastEndpoints.Endpoint`2.ExecAsync(CancellationToken ct)
   at Microsoft.AspNetCore.Http.RequestDelegateFactory.ExecuteResultWriteResponse(IResult result, HttpContext httpContext)
   at Microsoft.AspNetCore.Authorization.AuthorizationMiddleware.Invoke(HttpContext context)
   at Microsoft.AspNetCore.Authentication.AuthenticationMiddleware.Invoke(HttpContext context)
   at Swashbuckle.AspNetCore.SwaggerUI.SwaggerUIMiddleware.Invoke(HttpContext httpContext)
   at Swashbuckle.AspNetCore.Swagger.SwaggerMiddleware.Invoke(HttpContext httpContext, ISwaggerProvider swaggerProvider)
   at Serilog.AspNetCore.RequestLoggingMiddleware.Invoke(HttpContext httpContext)
   at Microsoft.AspNetCore.Diagnostics.DeveloperExceptionPageMiddlewareImpl.Invoke(HttpContext context)
2026-07-05 16:21:41.600 +03:00 [INF] ShelfsService Grpc.Net.Client.Internal.GrpcCall Call failed with gRPC error status. Status code: '"Unavailable"', Message: 'Error connecting to subchannel.'.
System.Net.Sockets.SocketException (11001): No such host is known.
   at System.Net.Sockets.Socket.AwaitableSocketAsyncEventArgs.ThrowException(SocketError error, CancellationToken cancellationToken)
   at System.Net.Sockets.Socket.AwaitableSocketAsyncEventArgs.System.Threading.Tasks.Sources.IValueTaskSource.GetResult(Int16 token)
   at System.Net.Sockets.Socket.<ConnectAsync>g__WaitForConnectWithCancellation|285_0(AwaitableSocketAsyncEventArgs saea, ValueTask connectTask, CancellationToken cancellationToken)
   at Grpc.Net.Client.Balancer.Internal.SocketConnectivitySubchannelTransport.TryConnectAsync(ConnectContext context, Int32 attempt)
2026-07-05 16:21:41.666 +03:00 [ERR] ShelfsService Serilog.AspNetCore.RequestLoggingMiddleware HTTP GET /shelfs/image/get-image/4b1f3cdf-fa97-4744-a677-47c0969b6af8_big.webp responded 500 in 69.9047 ms
Grpc.Core.RpcException: Status(StatusCode="Unavailable", Detail="Error connecting to subchannel.", DebugException="System.Net.Sockets.SocketException: No such host is known.")
 ---> System.Net.Sockets.SocketException (11001): No such host is known.
   at System.Net.Sockets.Socket.AwaitableSocketAsyncEventArgs.ThrowException(SocketError error, CancellationToken cancellationToken)
   at System.Net.Sockets.Socket.AwaitableSocketAsyncEventArgs.System.Threading.Tasks.Sources.IValueTaskSource.GetResult(Int16 token)
   at System.Net.Sockets.Socket.<ConnectAsync>g__WaitForConnectWithCancellation|285_0(AwaitableSocketAsyncEventArgs saea, ValueTask connectTask, CancellationToken cancellationToken)
   at Grpc.Net.Client.Balancer.Internal.SocketConnectivitySubchannelTransport.TryConnectAsync(ConnectContext context, Int32 attempt)
   --- End of inner exception stack trace ---
   at Grpc.Core.AsyncStreamReaderExtensions.ReadAllAsyncCore[T](IAsyncStreamReader`1 streamReader, CancellationToken cancellationToken)+MoveNext()
   at Grpc.Core.AsyncStreamReaderExtensions.ReadAllAsyncCore[T](IAsyncStreamReader`1 streamReader, CancellationToken cancellationToken)+System.Threading.Tasks.Sources.IValueTaskSource<System.Boolean>.GetResult()
   at ShelfsService.src.ShelfsService.Host.Features.Items.GetPhotoByName.ExecuteAsync(GetImageByName req, CancellationToken ct) in D:\visualStudio\Projects\OnlineShelf\backend\Microservices\ShelfsService\src\ShelfsService.Host\Features\Images\GetImageByName.cs:line 50
   at ShelfsService.src.ShelfsService.Host.Features.Items.GetPhotoByName.ExecuteAsync(GetImageByName req, CancellationToken ct) in D:\visualStudio\Projects\OnlineShelf\backend\Microservices\ShelfsService\src\ShelfsService.Host\Features\Images\GetImageByName.cs:line 50
   at FastEndpoints.Endpoint`2.ExecAsync(CancellationToken ct)
   at FastEndpoints.Endpoint`2.ExecAsync(CancellationToken ct)
   at Microsoft.AspNetCore.Http.RequestDelegateFactory.ExecuteResultWriteResponse(IResult result, HttpContext httpContext)
   at Microsoft.AspNetCore.Authorization.AuthorizationMiddleware.Invoke(HttpContext context)
   at Microsoft.AspNetCore.Authentication.AuthenticationMiddleware.Invoke(HttpContext context)
   at Swashbuckle.AspNetCore.SwaggerUI.SwaggerUIMiddleware.Invoke(HttpContext httpContext)
   at Swashbuckle.AspNetCore.Swagger.SwaggerMiddleware.Invoke(HttpContext httpContext, ISwaggerProvider swaggerProvider)
   at Serilog.AspNetCore.RequestLoggingMiddleware.Invoke(HttpContext httpContext)
2026-07-05 16:21:41.671 +03:00 [ERR] ShelfsService Microsoft.AspNetCore.Diagnostics.DeveloperExceptionPageMiddleware An unhandled exception has occurred while executing the request.
Grpc.Core.RpcException: Status(StatusCode="Unavailable", Detail="Error connecting to subchannel.", DebugException="System.Net.Sockets.SocketException: No such host is known.")
 ---> System.Net.Sockets.SocketException (11001): No such host is known.
   at System.Net.Sockets.Socket.AwaitableSocketAsyncEventArgs.ThrowException(SocketError error, CancellationToken cancellationToken)
   at System.Net.Sockets.Socket.AwaitableSocketAsyncEventArgs.System.Threading.Tasks.Sources.IValueTaskSource.GetResult(Int16 token)
   at System.Net.Sockets.Socket.<ConnectAsync>g__WaitForConnectWithCancellation|285_0(AwaitableSocketAsyncEventArgs saea, ValueTask connectTask, CancellationToken cancellationToken)
   at Grpc.Net.Client.Balancer.Internal.SocketConnectivitySubchannelTransport.TryConnectAsync(ConnectContext context, Int32 attempt)
   --- End of inner exception stack trace ---
   at Grpc.Core.AsyncStreamReaderExtensions.ReadAllAsyncCore[T](IAsyncStreamReader`1 streamReader, CancellationToken cancellationToken)+MoveNext()
   at Grpc.Core.AsyncStreamReaderExtensions.ReadAllAsyncCore[T](IAsyncStreamReader`1 streamReader, CancellationToken cancellationToken)+System.Threading.Tasks.Sources.IValueTaskSource<System.Boolean>.GetResult()
   at ShelfsService.src.ShelfsService.Host.Features.Items.GetPhotoByName.ExecuteAsync(GetImageByName req, CancellationToken ct) in D:\visualStudio\Projects\OnlineShelf\backend\Microservices\ShelfsService\src\ShelfsService.Host\Features\Images\GetImageByName.cs:line 50
   at ShelfsService.src.ShelfsService.Host.Features.Items.GetPhotoByName.ExecuteAsync(GetImageByName req, CancellationToken ct) in D:\visualStudio\Projects\OnlineShelf\backend\Microservices\ShelfsService\src\ShelfsService.Host\Features\Images\GetImageByName.cs:line 50
   at FastEndpoints.Endpoint`2.ExecAsync(CancellationToken ct)
   at FastEndpoints.Endpoint`2.ExecAsync(CancellationToken ct)
   at Microsoft.AspNetCore.Http.RequestDelegateFactory.ExecuteResultWriteResponse(IResult result, HttpContext httpContext)
   at Microsoft.AspNetCore.Authorization.AuthorizationMiddleware.Invoke(HttpContext context)
   at Microsoft.AspNetCore.Authentication.AuthenticationMiddleware.Invoke(HttpContext context)
   at Swashbuckle.AspNetCore.SwaggerUI.SwaggerUIMiddleware.Invoke(HttpContext httpContext)
   at Swashbuckle.AspNetCore.Swagger.SwaggerMiddleware.Invoke(HttpContext httpContext, ISwaggerProvider swaggerProvider)
   at Serilog.AspNetCore.RequestLoggingMiddleware.Invoke(HttpContext httpContext)
   at Microsoft.AspNetCore.Diagnostics.DeveloperExceptionPageMiddlewareImpl.Invoke(HttpContext context)
2026-07-05 16:21:43.690 +03:00 [INF] ShelfsService Grpc.Net.Client.Internal.GrpcCall Call failed with gRPC error status. Status code: '"Unavailable"', Message: 'Error connecting to subchannel.'.
System.Net.Sockets.SocketException (11001): No such host is known.
   at System.Net.Sockets.Socket.AwaitableSocketAsyncEventArgs.ThrowException(SocketError error, CancellationToken cancellationToken)
   at System.Net.Sockets.Socket.AwaitableSocketAsyncEventArgs.System.Threading.Tasks.Sources.IValueTaskSource.GetResult(Int16 token)
   at System.Net.Sockets.Socket.<ConnectAsync>g__WaitForConnectWithCancellation|285_0(AwaitableSocketAsyncEventArgs saea, ValueTask connectTask, CancellationToken cancellationToken)
   at Grpc.Net.Client.Balancer.Internal.SocketConnectivitySubchannelTransport.TryConnectAsync(ConnectContext context, Int32 attempt)
2026-07-05 16:21:43.753 +03:00 [ERR] ShelfsService Serilog.AspNetCore.RequestLoggingMiddleware HTTP GET /shelfs/image/get-image/4b1f3cdf-fa97-4744-a677-47c0969b6af8_big.webp responded 500 in 65.3171 ms
Grpc.Core.RpcException: Status(StatusCode="Unavailable", Detail="Error connecting to subchannel.", DebugException="System.Net.Sockets.SocketException: No such host is known.")
 ---> System.Net.Sockets.SocketException (11001): No such host is known.
   at System.Net.Sockets.Socket.AwaitableSocketAsyncEventArgs.ThrowException(SocketError error, CancellationToken cancellationToken)
   at System.Net.Sockets.Socket.AwaitableSocketAsyncEventArgs.System.Threading.Tasks.Sources.IValueTaskSource.GetResult(Int16 token)
   at System.Net.Sockets.Socket.<ConnectAsync>g__WaitForConnectWithCancellation|285_0(AwaitableSocketAsyncEventArgs saea, ValueTask connectTask, CancellationToken cancellationToken)
   at Grpc.Net.Client.Balancer.Internal.SocketConnectivitySubchannelTransport.TryConnectAsync(ConnectContext context, Int32 attempt)
   --- End of inner exception stack trace ---
   at Grpc.Core.AsyncStreamReaderExtensions.ReadAllAsyncCore[T](IAsyncStreamReader`1 streamReader, CancellationToken cancellationToken)+MoveNext()
   at Grpc.Core.AsyncStreamReaderExtensions.ReadAllAsyncCore[T](IAsyncStreamReader`1 streamReader, CancellationToken cancellationToken)+System.Threading.Tasks.Sources.IValueTaskSource<System.Boolean>.GetResult()
   at ShelfsService.src.ShelfsService.Host.Features.Items.GetPhotoByName.ExecuteAsync(GetImageByName req, CancellationToken ct) in D:\visualStudio\Projects\OnlineShelf\backend\Microservices\ShelfsService\src\ShelfsService.Host\Features\Images\GetImageByName.cs:line 50
   at ShelfsService.src.ShelfsService.Host.Features.Items.GetPhotoByName.ExecuteAsync(GetImageByName req, CancellationToken ct) in D:\visualStudio\Projects\OnlineShelf\backend\Microservices\ShelfsService\src\ShelfsService.Host\Features\Images\GetImageByName.cs:line 50
   at FastEndpoints.Endpoint`2.ExecAsync(CancellationToken ct)
   at FastEndpoints.Endpoint`2.ExecAsync(CancellationToken ct)
   at Microsoft.AspNetCore.Http.RequestDelegateFactory.ExecuteResultWriteResponse(IResult result, HttpContext httpContext)
   at Microsoft.AspNetCore.Authorization.AuthorizationMiddleware.Invoke(HttpContext context)
   at Microsoft.AspNetCore.Authentication.AuthenticationMiddleware.Invoke(HttpContext context)
   at Swashbuckle.AspNetCore.SwaggerUI.SwaggerUIMiddleware.Invoke(HttpContext httpContext)
   at Swashbuckle.AspNetCore.Swagger.SwaggerMiddleware.Invoke(HttpContext httpContext, ISwaggerProvider swaggerProvider)
   at Serilog.AspNetCore.RequestLoggingMiddleware.Invoke(HttpContext httpContext)
2026-07-05 16:21:43.756 +03:00 [ERR] ShelfsService Microsoft.AspNetCore.Diagnostics.DeveloperExceptionPageMiddleware An unhandled exception has occurred while executing the request.
Grpc.Core.RpcException: Status(StatusCode="Unavailable", Detail="Error connecting to subchannel.", DebugException="System.Net.Sockets.SocketException: No such host is known.")
 ---> System.Net.Sockets.SocketException (11001): No such host is known.
   at System.Net.Sockets.Socket.AwaitableSocketAsyncEventArgs.ThrowException(SocketError error, CancellationToken cancellationToken)
   at System.Net.Sockets.Socket.AwaitableSocketAsyncEventArgs.System.Threading.Tasks.Sources.IValueTaskSource.GetResult(Int16 token)
   at System.Net.Sockets.Socket.<ConnectAsync>g__WaitForConnectWithCancellation|285_0(AwaitableSocketAsyncEventArgs saea, ValueTask connectTask, CancellationToken cancellationToken)
   at Grpc.Net.Client.Balancer.Internal.SocketConnectivitySubchannelTransport.TryConnectAsync(ConnectContext context, Int32 attempt)
   --- End of inner exception stack trace ---
   at Grpc.Core.AsyncStreamReaderExtensions.ReadAllAsyncCore[T](IAsyncStreamReader`1 streamReader, CancellationToken cancellationToken)+MoveNext()
   at Grpc.Core.AsyncStreamReaderExtensions.ReadAllAsyncCore[T](IAsyncStreamReader`1 streamReader, CancellationToken cancellationToken)+System.Threading.Tasks.Sources.IValueTaskSource<System.Boolean>.GetResult()
   at ShelfsService.src.ShelfsService.Host.Features.Items.GetPhotoByName.ExecuteAsync(GetImageByName req, CancellationToken ct) in D:\visualStudio\Projects\OnlineShelf\backend\Microservices\ShelfsService\src\ShelfsService.Host\Features\Images\GetImageByName.cs:line 50
   at ShelfsService.src.ShelfsService.Host.Features.Items.GetPhotoByName.ExecuteAsync(GetImageByName req, CancellationToken ct) in D:\visualStudio\Projects\OnlineShelf\backend\Microservices\ShelfsService\src\ShelfsService.Host\Features\Images\GetImageByName.cs:line 50
   at FastEndpoints.Endpoint`2.ExecAsync(CancellationToken ct)
   at FastEndpoints.Endpoint`2.ExecAsync(CancellationToken ct)
   at Microsoft.AspNetCore.Http.RequestDelegateFactory.ExecuteResultWriteResponse(IResult result, HttpContext httpContext)
   at Microsoft.AspNetCore.Authorization.AuthorizationMiddleware.Invoke(HttpContext context)
   at Microsoft.AspNetCore.Authentication.AuthenticationMiddleware.Invoke(HttpContext context)
   at Swashbuckle.AspNetCore.SwaggerUI.SwaggerUIMiddleware.Invoke(HttpContext httpContext)
   at Swashbuckle.AspNetCore.Swagger.SwaggerMiddleware.Invoke(HttpContext httpContext, ISwaggerProvider swaggerProvider)
   at Serilog.AspNetCore.RequestLoggingMiddleware.Invoke(HttpContext httpContext)
   at Microsoft.AspNetCore.Diagnostics.DeveloperExceptionPageMiddlewareImpl.Invoke(HttpContext context)
2026-07-05 16:21:47.771 +03:00 [INF] ShelfsService Serilog.AspNetCore.RequestLoggingMiddleware HTTP OPTIONS /shelfs/image/get-image/4b1f3cdf-fa97-4744-a677-47c0969b6af8_big.webp responded 204 in 0.1075 ms
2026-07-05 16:21:47.778 +03:00 [INF] ShelfsService Grpc.Net.Client.Internal.GrpcCall Call failed with gRPC error status. Status code: '"Unavailable"', Message: 'Error connecting to subchannel.'.
System.Net.Sockets.SocketException (11001): No such host is known.
   at System.Net.Sockets.Socket.AwaitableSocketAsyncEventArgs.ThrowException(SocketError error, CancellationToken cancellationToken)
   at System.Net.Sockets.Socket.AwaitableSocketAsyncEventArgs.System.Threading.Tasks.Sources.IValueTaskSource.GetResult(Int16 token)
   at System.Net.Sockets.Socket.<ConnectAsync>g__WaitForConnectWithCancellation|285_0(AwaitableSocketAsyncEventArgs saea, ValueTask connectTask, CancellationToken cancellationToken)
   at Grpc.Net.Client.Balancer.Internal.SocketConnectivitySubchannelTransport.TryConnectAsync(ConnectContext context, Int32 attempt)
2026-07-05 16:21:47.841 +03:00 [ERR] ShelfsService Serilog.AspNetCore.RequestLoggingMiddleware HTTP GET /shelfs/image/get-image/4b1f3cdf-fa97-4744-a677-47c0969b6af8_big.webp responded 500 in 66.4252 ms
Grpc.Core.RpcException: Status(StatusCode="Unavailable", Detail="Error connecting to subchannel.", DebugException="System.Net.Sockets.SocketException: No such host is known.")
 ---> System.Net.Sockets.SocketException (11001): No such host is known.
   at System.Net.Sockets.Socket.AwaitableSocketAsyncEventArgs.ThrowException(SocketError error, CancellationToken cancellationToken)
   at System.Net.Sockets.Socket.AwaitableSocketAsyncEventArgs.System.Threading.Tasks.Sources.IValueTaskSource.GetResult(Int16 token)
   at System.Net.Sockets.Socket.<ConnectAsync>g__WaitForConnectWithCancellation|285_0(AwaitableSocketAsyncEventArgs saea, ValueTask connectTask, CancellationToken cancellationToken)
   at Grpc.Net.Client.Balancer.Internal.SocketConnectivitySubchannelTransport.TryConnectAsync(ConnectContext context, Int32 attempt)
   --- End of inner exception stack trace ---
   at Grpc.Core.AsyncStreamReaderExtensions.ReadAllAsyncCore[T](IAsyncStreamReader`1 streamReader, CancellationToken cancellationToken)+MoveNext()
   at Grpc.Core.AsyncStreamReaderExtensions.ReadAllAsyncCore[T](IAsyncStreamReader`1 streamReader, CancellationToken cancellationToken)+System.Threading.Tasks.Sources.IValueTaskSource<System.Boolean>.GetResult()
   at ShelfsService.src.ShelfsService.Host.Features.Items.GetPhotoByName.ExecuteAsync(GetImageByName req, CancellationToken ct) in D:\visualStudio\Projects\OnlineShelf\backend\Microservices\ShelfsService\src\ShelfsService.Host\Features\Images\GetImageByName.cs:line 50
   at ShelfsService.src.ShelfsService.Host.Features.Items.GetPhotoByName.ExecuteAsync(GetImageByName req, CancellationToken ct) in D:\visualStudio\Projects\OnlineShelf\backend\Microservices\ShelfsService\src\ShelfsService.Host\Features\Images\GetImageByName.cs:line 50
   at FastEndpoints.Endpoint`2.ExecAsync(CancellationToken ct)
   at FastEndpoints.Endpoint`2.ExecAsync(CancellationToken ct)
   at Microsoft.AspNetCore.Http.RequestDelegateFactory.ExecuteResultWriteResponse(IResult result, HttpContext httpContext)
   at Microsoft.AspNetCore.Authorization.AuthorizationMiddleware.Invoke(HttpContext context)
   at Microsoft.AspNetCore.Authentication.AuthenticationMiddleware.Invoke(HttpContext context)
   at Swashbuckle.AspNetCore.SwaggerUI.SwaggerUIMiddleware.Invoke(HttpContext httpContext)
   at Swashbuckle.AspNetCore.Swagger.SwaggerMiddleware.Invoke(HttpContext httpContext, ISwaggerProvider swaggerProvider)
   at Serilog.AspNetCore.RequestLoggingMiddleware.Invoke(HttpContext httpContext)
2026-07-05 16:21:47.846 +03:00 [ERR] ShelfsService Microsoft.AspNetCore.Diagnostics.DeveloperExceptionPageMiddleware An unhandled exception has occurred while executing the request.
Grpc.Core.RpcException: Status(StatusCode="Unavailable", Detail="Error connecting to subchannel.", DebugException="System.Net.Sockets.SocketException: No such host is known.")
 ---> System.Net.Sockets.SocketException (11001): No such host is known.
   at System.Net.Sockets.Socket.AwaitableSocketAsyncEventArgs.ThrowException(SocketError error, CancellationToken cancellationToken)
   at System.Net.Sockets.Socket.AwaitableSocketAsyncEventArgs.System.Threading.Tasks.Sources.IValueTaskSource.GetResult(Int16 token)
   at System.Net.Sockets.Socket.<ConnectAsync>g__WaitForConnectWithCancellation|285_0(AwaitableSocketAsyncEventArgs saea, ValueTask connectTask, CancellationToken cancellationToken)
   at Grpc.Net.Client.Balancer.Internal.SocketConnectivitySubchannelTransport.TryConnectAsync(ConnectContext context, Int32 attempt)
   --- End of inner exception stack trace ---
   at Grpc.Core.AsyncStreamReaderExtensions.ReadAllAsyncCore[T](IAsyncStreamReader`1 streamReader, CancellationToken cancellationToken)+MoveNext()
   at Grpc.Core.AsyncStreamReaderExtensions.ReadAllAsyncCore[T](IAsyncStreamReader`1 streamReader, CancellationToken cancellationToken)+System.Threading.Tasks.Sources.IValueTaskSource<System.Boolean>.GetResult()
   at ShelfsService.src.ShelfsService.Host.Features.Items.GetPhotoByName.ExecuteAsync(GetImageByName req, CancellationToken ct) in D:\visualStudio\Projects\OnlineShelf\backend\Microservices\ShelfsService\src\ShelfsService.Host\Features\Images\GetImageByName.cs:line 50
   at ShelfsService.src.ShelfsService.Host.Features.Items.GetPhotoByName.ExecuteAsync(GetImageByName req, CancellationToken ct) in D:\visualStudio\Projects\OnlineShelf\backend\Microservices\ShelfsService\src\ShelfsService.Host\Features\Images\GetImageByName.cs:line 50
   at FastEndpoints.Endpoint`2.ExecAsync(CancellationToken ct)
   at FastEndpoints.Endpoint`2.ExecAsync(CancellationToken ct)
   at Microsoft.AspNetCore.Http.RequestDelegateFactory.ExecuteResultWriteResponse(IResult result, HttpContext httpContext)
   at Microsoft.AspNetCore.Authorization.AuthorizationMiddleware.Invoke(HttpContext context)
   at Microsoft.AspNetCore.Authentication.AuthenticationMiddleware.Invoke(HttpContext context)
   at Swashbuckle.AspNetCore.SwaggerUI.SwaggerUIMiddleware.Invoke(HttpContext httpContext)
   at Swashbuckle.AspNetCore.Swagger.SwaggerMiddleware.Invoke(HttpContext httpContext, ISwaggerProvider swaggerProvider)
   at Serilog.AspNetCore.RequestLoggingMiddleware.Invoke(HttpContext httpContext)
   at Microsoft.AspNetCore.Diagnostics.DeveloperExceptionPageMiddlewareImpl.Invoke(HttpContext context)
2026-07-05 16:22:35.096 +03:00 [INF] ShelfsService Serilog.AspNetCore.RequestLoggingMiddleware HTTP OPTIONS /shelfs/items/bc540d10-cc61-41a6-8d42-5afdac6a0b1b responded 204 in 0.5569 ms
2026-07-05 16:22:35.096 +03:00 [INF] ShelfsService Serilog.AspNetCore.RequestLoggingMiddleware HTTP OPTIONS /shelfs/image/get-image/4b1f3cdf-fa97-4744-a677-47c0969b6af8_big.webp responded 204 in 0.2943 ms
2026-07-05 16:22:35.141 +03:00 [INF] ShelfsService Grpc.Net.Client.Internal.GrpcCall Call failed with gRPC error status. Status code: '"Unavailable"', Message: 'Error connecting to subchannel.'.
System.Net.Sockets.SocketException (11001): No such host is known.
   at System.Net.Sockets.Socket.AwaitableSocketAsyncEventArgs.ThrowException(SocketError error, CancellationToken cancellationToken)
   at System.Net.Sockets.Socket.AwaitableSocketAsyncEventArgs.System.Threading.Tasks.Sources.IValueTaskSource.GetResult(Int16 token)
   at System.Net.Sockets.Socket.<ConnectAsync>g__WaitForConnectWithCancellation|285_0(AwaitableSocketAsyncEventArgs saea, ValueTask connectTask, CancellationToken cancellationToken)
   at Grpc.Net.Client.Balancer.Internal.SocketConnectivitySubchannelTransport.TryConnectAsync(ConnectContext context, Int32 attempt)
2026-07-05 16:22:35.161 +03:00 [INF] ShelfsService Microsoft.EntityFrameworkCore.Database.Command Executed DbCommand (14ms) [Parameters=[@__itemId_0='?' (DbType = Guid)], CommandType='"Text"', CommandTimeout='30']
SELECT i."Id", i."AttributeColorMain", i."AttributeColorSecond", i."AttributeMatterial", i."AttributePattern", i."AttributeSeason", i."AttributeType", i."BigImage", i."DateCreated", i."Name", i."ShelfId", i."SmallImage", i."UpdatedAt", i."UserId", i."isFavorite", i."positionKey"
FROM shelf_service."Items" AS i
WHERE i."Id" = @__itemId_0
LIMIT 1
2026-07-05 16:22:35.166 +03:00 [INF] ShelfsService ShelfsService.src.ShelfsService.Host.Features.Items.GetItemById Item "bc540d10-cc61-41a6-8d42-5afdac6a0b1b" was returned
2026-07-05 16:22:35.181 +03:00 [INF] ShelfsService Serilog.AspNetCore.RequestLoggingMiddleware HTTP GET /shelfs/items/bc540d10-cc61-41a6-8d42-5afdac6a0b1b responded 200 in 47.0655 ms
2026-07-05 16:22:35.231 +03:00 [ERR] ShelfsService Serilog.AspNetCore.RequestLoggingMiddleware HTTP GET /shelfs/image/get-image/4b1f3cdf-fa97-4744-a677-47c0969b6af8_big.webp responded 500 in 97.1476 ms
Grpc.Core.RpcException: Status(StatusCode="Unavailable", Detail="Error connecting to subchannel.", DebugException="System.Net.Sockets.SocketException: No such host is known.")
 ---> System.Net.Sockets.SocketException (11001): No such host is known.
   at System.Net.Sockets.Socket.AwaitableSocketAsyncEventArgs.ThrowException(SocketError error, CancellationToken cancellationToken)
   at System.Net.Sockets.Socket.AwaitableSocketAsyncEventArgs.System.Threading.Tasks.Sources.IValueTaskSource.GetResult(Int16 token)
   at System.Net.Sockets.Socket.<ConnectAsync>g__WaitForConnectWithCancellation|285_0(AwaitableSocketAsyncEventArgs saea, ValueTask connectTask, CancellationToken cancellationToken)
   at Grpc.Net.Client.Balancer.Internal.SocketConnectivitySubchannelTransport.TryConnectAsync(ConnectContext context, Int32 attempt)
   --- End of inner exception stack trace ---
   at Grpc.Core.AsyncStreamReaderExtensions.ReadAllAsyncCore[T](IAsyncStreamReader`1 streamReader, CancellationToken cancellationToken)+MoveNext()
   at Grpc.Core.AsyncStreamReaderExtensions.ReadAllAsyncCore[T](IAsyncStreamReader`1 streamReader, CancellationToken cancellationToken)+System.Threading.Tasks.Sources.IValueTaskSource<System.Boolean>.GetResult()
   at ShelfsService.src.ShelfsService.Host.Features.Items.GetPhotoByName.ExecuteAsync(GetImageByName req, CancellationToken ct) in D:\visualStudio\Projects\OnlineShelf\backend\Microservices\ShelfsService\src\ShelfsService.Host\Features\Images\GetImageByName.cs:line 50
   at ShelfsService.src.ShelfsService.Host.Features.Items.GetPhotoByName.ExecuteAsync(GetImageByName req, CancellationToken ct) in D:\visualStudio\Projects\OnlineShelf\backend\Microservices\ShelfsService\src\ShelfsService.Host\Features\Images\GetImageByName.cs:line 50
   at FastEndpoints.Endpoint`2.ExecAsync(CancellationToken ct)
   at FastEndpoints.Endpoint`2.ExecAsync(CancellationToken ct)
   at Microsoft.AspNetCore.Http.RequestDelegateFactory.ExecuteResultWriteResponse(IResult result, HttpContext httpContext)
   at Microsoft.AspNetCore.Authorization.AuthorizationMiddleware.Invoke(HttpContext context)
   at Microsoft.AspNetCore.Authentication.AuthenticationMiddleware.Invoke(HttpContext context)
   at Swashbuckle.AspNetCore.SwaggerUI.SwaggerUIMiddleware.Invoke(HttpContext httpContext)
   at Swashbuckle.AspNetCore.Swagger.SwaggerMiddleware.Invoke(HttpContext httpContext, ISwaggerProvider swaggerProvider)
   at Serilog.AspNetCore.RequestLoggingMiddleware.Invoke(HttpContext httpContext)
2026-07-05 16:22:35.236 +03:00 [ERR] ShelfsService Microsoft.AspNetCore.Diagnostics.DeveloperExceptionPageMiddleware An unhandled exception has occurred while executing the request.
Grpc.Core.RpcException: Status(StatusCode="Unavailable", Detail="Error connecting to subchannel.", DebugException="System.Net.Sockets.SocketException: No such host is known.")
 ---> System.Net.Sockets.SocketException (11001): No such host is known.
   at System.Net.Sockets.Socket.AwaitableSocketAsyncEventArgs.ThrowException(SocketError error, CancellationToken cancellationToken)
   at System.Net.Sockets.Socket.AwaitableSocketAsyncEventArgs.System.Threading.Tasks.Sources.IValueTaskSource.GetResult(Int16 token)
   at System.Net.Sockets.Socket.<ConnectAsync>g__WaitForConnectWithCancellation|285_0(AwaitableSocketAsyncEventArgs saea, ValueTask connectTask, CancellationToken cancellationToken)
   at Grpc.Net.Client.Balancer.Internal.SocketConnectivitySubchannelTransport.TryConnectAsync(ConnectContext context, Int32 attempt)
   --- End of inner exception stack trace ---
   at Grpc.Core.AsyncStreamReaderExtensions.ReadAllAsyncCore[T](IAsyncStreamReader`1 streamReader, CancellationToken cancellationToken)+MoveNext()
   at Grpc.Core.AsyncStreamReaderExtensions.ReadAllAsyncCore[T](IAsyncStreamReader`1 streamReader, CancellationToken cancellationToken)+System.Threading.Tasks.Sources.IValueTaskSource<System.Boolean>.GetResult()
   at ShelfsService.src.ShelfsService.Host.Features.Items.GetPhotoByName.ExecuteAsync(GetImageByName req, CancellationToken ct) in D:\visualStudio\Projects\OnlineShelf\backend\Microservices\ShelfsService\src\ShelfsService.Host\Features\Images\GetImageByName.cs:line 50
   at ShelfsService.src.ShelfsService.Host.Features.Items.GetPhotoByName.ExecuteAsync(GetImageByName req, CancellationToken ct) in D:\visualStudio\Projects\OnlineShelf\backend\Microservices\ShelfsService\src\ShelfsService.Host\Features\Images\GetImageByName.cs:line 50
   at FastEndpoints.Endpoint`2.ExecAsync(CancellationToken ct)
   at FastEndpoints.Endpoint`2.ExecAsync(CancellationToken ct)
   at Microsoft.AspNetCore.Http.RequestDelegateFactory.ExecuteResultWriteResponse(IResult result, HttpContext httpContext)
   at Microsoft.AspNetCore.Authorization.AuthorizationMiddleware.Invoke(HttpContext context)
   at Microsoft.AspNetCore.Authentication.AuthenticationMiddleware.Invoke(HttpContext context)
   at Swashbuckle.AspNetCore.SwaggerUI.SwaggerUIMiddleware.Invoke(HttpContext httpContext)
   at Swashbuckle.AspNetCore.Swagger.SwaggerMiddleware.Invoke(HttpContext httpContext, ISwaggerProvider swaggerProvider)
   at Serilog.AspNetCore.RequestLoggingMiddleware.Invoke(HttpContext httpContext)
   at Microsoft.AspNetCore.Diagnostics.DeveloperExceptionPageMiddlewareImpl.Invoke(HttpContext context)
2026-07-05 16:22:36.353 +03:00 [INF] ShelfsService Grpc.Net.Client.Internal.GrpcCall Call failed with gRPC error status. Status code: '"Unavailable"', Message: 'Error connecting to subchannel.'.
System.Net.Sockets.SocketException (11001): No such host is known.
   at System.Net.Sockets.Socket.AwaitableSocketAsyncEventArgs.ThrowException(SocketError error, CancellationToken cancellationToken)
   at System.Net.Sockets.Socket.AwaitableSocketAsyncEventArgs.System.Threading.Tasks.Sources.IValueTaskSource.GetResult(Int16 token)
   at System.Net.Sockets.Socket.<ConnectAsync>g__WaitForConnectWithCancellation|285_0(AwaitableSocketAsyncEventArgs saea, ValueTask connectTask, CancellationToken cancellationToken)
   at Grpc.Net.Client.Balancer.Internal.SocketConnectivitySubchannelTransport.TryConnectAsync(ConnectContext context, Int32 attempt)
2026-07-05 16:22:36.428 +03:00 [ERR] ShelfsService Serilog.AspNetCore.RequestLoggingMiddleware HTTP GET /shelfs/image/get-image/4b1f3cdf-fa97-4744-a677-47c0969b6af8_big.webp responded 500 in 79.7769 ms
Grpc.Core.RpcException: Status(StatusCode="Unavailable", Detail="Error connecting to subchannel.", DebugException="System.Net.Sockets.SocketException: No such host is known.")
 ---> System.Net.Sockets.SocketException (11001): No such host is known.
   at System.Net.Sockets.Socket.AwaitableSocketAsyncEventArgs.ThrowException(SocketError error, CancellationToken cancellationToken)
   at System.Net.Sockets.Socket.AwaitableSocketAsyncEventArgs.System.Threading.Tasks.Sources.IValueTaskSource.GetResult(Int16 token)
   at System.Net.Sockets.Socket.<ConnectAsync>g__WaitForConnectWithCancellation|285_0(AwaitableSocketAsyncEventArgs saea, ValueTask connectTask, CancellationToken cancellationToken)
   at Grpc.Net.Client.Balancer.Internal.SocketConnectivitySubchannelTransport.TryConnectAsync(ConnectContext context, Int32 attempt)
   --- End of inner exception stack trace ---
   at Grpc.Core.AsyncStreamReaderExtensions.ReadAllAsyncCore[T](IAsyncStreamReader`1 streamReader, CancellationToken cancellationToken)+MoveNext()
   at Grpc.Core.AsyncStreamReaderExtensions.ReadAllAsyncCore[T](IAsyncStreamReader`1 streamReader, CancellationToken cancellationToken)+System.Threading.Tasks.Sources.IValueTaskSource<System.Boolean>.GetResult()
   at ShelfsService.src.ShelfsService.Host.Features.Items.GetPhotoByName.ExecuteAsync(GetImageByName req, CancellationToken ct) in D:\visualStudio\Projects\OnlineShelf\backend\Microservices\ShelfsService\src\ShelfsService.Host\Features\Images\GetImageByName.cs:line 50
   at ShelfsService.src.ShelfsService.Host.Features.Items.GetPhotoByName.ExecuteAsync(GetImageByName req, CancellationToken ct) in D:\visualStudio\Projects\OnlineShelf\backend\Microservices\ShelfsService\src\ShelfsService.Host\Features\Images\GetImageByName.cs:line 50
   at FastEndpoints.Endpoint`2.ExecAsync(CancellationToken ct)
   at FastEndpoints.Endpoint`2.ExecAsync(CancellationToken ct)
   at Microsoft.AspNetCore.Http.RequestDelegateFactory.ExecuteResultWriteResponse(IResult result, HttpContext httpContext)
   at Microsoft.AspNetCore.Authorization.AuthorizationMiddleware.Invoke(HttpContext context)
   at Microsoft.AspNetCore.Authentication.AuthenticationMiddleware.Invoke(HttpContext context)
   at Swashbuckle.AspNetCore.SwaggerUI.SwaggerUIMiddleware.Invoke(HttpContext httpContext)
   at Swashbuckle.AspNetCore.Swagger.SwaggerMiddleware.Invoke(HttpContext httpContext, ISwaggerProvider swaggerProvider)
   at Serilog.AspNetCore.RequestLoggingMiddleware.Invoke(HttpContext httpContext)
2026-07-05 16:22:36.433 +03:00 [ERR] ShelfsService Microsoft.AspNetCore.Diagnostics.DeveloperExceptionPageMiddleware An unhandled exception has occurred while executing the request.
Grpc.Core.RpcException: Status(StatusCode="Unavailable", Detail="Error connecting to subchannel.", DebugException="System.Net.Sockets.SocketException: No such host is known.")
 ---> System.Net.Sockets.SocketException (11001): No such host is known.
   at System.Net.Sockets.Socket.AwaitableSocketAsyncEventArgs.ThrowException(SocketError error, CancellationToken cancellationToken)
   at System.Net.Sockets.Socket.AwaitableSocketAsyncEventArgs.System.Threading.Tasks.Sources.IValueTaskSource.GetResult(Int16 token)
   at System.Net.Sockets.Socket.<ConnectAsync>g__WaitForConnectWithCancellation|285_0(AwaitableSocketAsyncEventArgs saea, ValueTask connectTask, CancellationToken cancellationToken)
   at Grpc.Net.Client.Balancer.Internal.SocketConnectivitySubchannelTransport.TryConnectAsync(ConnectContext context, Int32 attempt)
   --- End of inner exception stack trace ---
   at Grpc.Core.AsyncStreamReaderExtensions.ReadAllAsyncCore[T](IAsyncStreamReader`1 streamReader, CancellationToken cancellationToken)+MoveNext()
   at Grpc.Core.AsyncStreamReaderExtensions.ReadAllAsyncCore[T](IAsyncStreamReader`1 streamReader, CancellationToken cancellationToken)+System.Threading.Tasks.Sources.IValueTaskSource<System.Boolean>.GetResult()
   at ShelfsService.src.ShelfsService.Host.Features.Items.GetPhotoByName.ExecuteAsync(GetImageByName req, CancellationToken ct) in D:\visualStudio\Projects\OnlineShelf\backend\Microservices\ShelfsService\src\ShelfsService.Host\Features\Images\GetImageByName.cs:line 50
   at ShelfsService.src.ShelfsService.Host.Features.Items.GetPhotoByName.ExecuteAsync(GetImageByName req, CancellationToken ct) in D:\visualStudio\Projects\OnlineShelf\backend\Microservices\ShelfsService\src\ShelfsService.Host\Features\Images\GetImageByName.cs:line 50
   at FastEndpoints.Endpoint`2.ExecAsync(CancellationToken ct)
   at FastEndpoints.Endpoint`2.ExecAsync(CancellationToken ct)
   at Microsoft.AspNetCore.Http.RequestDelegateFactory.ExecuteResultWriteResponse(IResult result, HttpContext httpContext)
   at Microsoft.AspNetCore.Authorization.AuthorizationMiddleware.Invoke(HttpContext context)
   at Microsoft.AspNetCore.Authentication.AuthenticationMiddleware.Invoke(HttpContext context)
   at Swashbuckle.AspNetCore.SwaggerUI.SwaggerUIMiddleware.Invoke(HttpContext httpContext)
   at Swashbuckle.AspNetCore.Swagger.SwaggerMiddleware.Invoke(HttpContext httpContext, ISwaggerProvider swaggerProvider)
   at Serilog.AspNetCore.RequestLoggingMiddleware.Invoke(HttpContext httpContext)
   at Microsoft.AspNetCore.Diagnostics.DeveloperExceptionPageMiddlewareImpl.Invoke(HttpContext context)
2026-07-05 16:22:36.767 +03:00 [INF] ShelfsService Serilog.AspNetCore.RequestLoggingMiddleware HTTP OPTIONS /shelfs/image/recognize/4b1f3cdf-fa97-4744-a677-47c0969b6af8_big.webp responded 204 in 0.0927 ms
2026-07-05 16:22:36.786 +03:00 [INF] ShelfsService Grpc.Net.Client.Internal.GrpcCall Call failed with gRPC error status. Status code: '"Unavailable"', Message: 'Error connecting to subchannel.'.
System.Net.Sockets.SocketException (11001): No such host is known.
   at System.Net.Sockets.Socket.AwaitableSocketAsyncEventArgs.ThrowException(SocketError error, CancellationToken cancellationToken)
   at System.Net.Sockets.Socket.AwaitableSocketAsyncEventArgs.System.Threading.Tasks.Sources.IValueTaskSource.GetResult(Int16 token)
   at System.Net.Sockets.Socket.<ConnectAsync>g__WaitForConnectWithCancellation|285_0(AwaitableSocketAsyncEventArgs saea, ValueTask connectTask, CancellationToken cancellationToken)
   at Grpc.Net.Client.Balancer.Internal.SocketConnectivitySubchannelTransport.TryConnectAsync(ConnectContext context, Int32 attempt)
2026-07-05 16:22:36.838 +03:00 [ERR] ShelfsService Serilog.AspNetCore.RequestLoggingMiddleware HTTP GET /shelfs/image/recognize/4b1f3cdf-fa97-4744-a677-47c0969b6af8_big.webp responded 500 in 67.8314 ms
Grpc.Core.RpcException: Status(StatusCode="Unavailable", Detail="Error connecting to subchannel.", DebugException="System.Net.Sockets.SocketException: No such host is known.")
 ---> System.Net.Sockets.SocketException (11001): No such host is known.
   at System.Net.Sockets.Socket.AwaitableSocketAsyncEventArgs.ThrowException(SocketError error, CancellationToken cancellationToken)
   at System.Net.Sockets.Socket.AwaitableSocketAsyncEventArgs.System.Threading.Tasks.Sources.IValueTaskSource.GetResult(Int16 token)
   at System.Net.Sockets.Socket.<ConnectAsync>g__WaitForConnectWithCancellation|285_0(AwaitableSocketAsyncEventArgs saea, ValueTask connectTask, CancellationToken cancellationToken)
   at Grpc.Net.Client.Balancer.Internal.SocketConnectivitySubchannelTransport.TryConnectAsync(ConnectContext context, Int32 attempt)
   --- End of inner exception stack trace ---
   at Grpc.Net.Client.Balancer.Internal.ConnectionManager.PickAsync(PickContext context, Boolean waitForReady, CancellationToken cancellationToken)
   at Grpc.Net.Client.Balancer.Internal.BalancerHttpHandler.SendAsync(HttpRequestMessage request, CancellationToken cancellationToken)
   at Grpc.Net.Client.Internal.GrpcCall`2.RunCall(HttpRequestMessage request, Nullable`1 timeout)
   at Grpc.Net.Client.Internal.HttpClientCallInvoker.BlockingUnaryCall[TRequest,TResponse](Method`2 method, String host, CallOptions options, TRequest request)
   at Grpc.Core.Interceptors.InterceptingCallInvoker.<BlockingUnaryCall>b__3_0[TRequest,TResponse](TRequest req, ClientInterceptorContext`2 ctx)
   at Grpc.Core.ClientBase.ClientBaseConfiguration.ClientBaseConfigurationInterceptor.BlockingUnaryCall[TRequest,TResponse](TRequest request, ClientInterceptorContext`2 context, BlockingUnaryCallContinuation`2 continuation)
   at Grpc.Core.Interceptors.InterceptingCallInvoker.BlockingUnaryCall[TRequest,TResponse](Method`2 method, String host, CallOptions options, TRequest request)
   at ImageService.Protos.ImageProcessor.ImageProcessorClient.RecognizeImageByName(RecognizeImageByNameRequest request, CallOptions options) in D:\visualStudio\Projects\OnlineShelf\backend\Microservices\ShelfsService\obj\Debug\net8.0\src\ShelfsService.Host\Protos\ImageProcessingGrpc.cs:line 294
   at ImageService.Protos.ImageProcessor.ImageProcessorClient.RecognizeImageByName(RecognizeImageByNameRequest request, Metadata headers, Nullable`1 deadline, CancellationToken cancellationToken) in D:\visualStudio\Projects\OnlineShelf\backend\Microservices\ShelfsService\obj\Debug\net8.0\src\ShelfsService.Host\Protos\ImageProcessingGrpc.cs:line 289
   at ShelfsService.src.ShelfsService.Host.Features.Items.RecognizeImageByName.HandleAsync(HttpRecognizeImageByNameReqest req, CancellationToken ct) in D:\visualStudio\Projects\OnlineShelf\backend\Microservices\ShelfsService\src\ShelfsService.Host\Features\Images\RecognizeImageByName.cs:line 42
   at FastEndpoints.Endpoint`2.ExecAsync(CancellationToken ct)
   at FastEndpoints.Endpoint`2.ExecAsync(CancellationToken ct)
   at Microsoft.AspNetCore.Http.RequestDelegateFactory.ExecuteResultWriteResponse(IResult result, HttpContext httpContext)
   at Microsoft.AspNetCore.Authorization.AuthorizationMiddleware.Invoke(HttpContext context)
   at Microsoft.AspNetCore.Authentication.AuthenticationMiddleware.Invoke(HttpContext context)
   at Swashbuckle.AspNetCore.SwaggerUI.SwaggerUIMiddleware.Invoke(HttpContext httpContext)
   at Swashbuckle.AspNetCore.Swagger.SwaggerMiddleware.Invoke(HttpContext httpContext, ISwaggerProvider swaggerProvider)
   at Serilog.AspNetCore.RequestLoggingMiddleware.Invoke(HttpContext httpContext)
2026-07-05 16:22:36.844 +03:00 [ERR] ShelfsService Microsoft.AspNetCore.Diagnostics.DeveloperExceptionPageMiddleware An unhandled exception has occurred while executing the request.
Grpc.Core.RpcException: Status(StatusCode="Unavailable", Detail="Error connecting to subchannel.", DebugException="System.Net.Sockets.SocketException: No such host is known.")
 ---> System.Net.Sockets.SocketException (11001): No such host is known.
   at System.Net.Sockets.Socket.AwaitableSocketAsyncEventArgs.ThrowException(SocketError error, CancellationToken cancellationToken)
   at System.Net.Sockets.Socket.AwaitableSocketAsyncEventArgs.System.Threading.Tasks.Sources.IValueTaskSource.GetResult(Int16 token)
   at System.Net.Sockets.Socket.<ConnectAsync>g__WaitForConnectWithCancellation|285_0(AwaitableSocketAsyncEventArgs saea, ValueTask connectTask, CancellationToken cancellationToken)
   at Grpc.Net.Client.Balancer.Internal.SocketConnectivitySubchannelTransport.TryConnectAsync(ConnectContext context, Int32 attempt)
   --- End of inner exception stack trace ---
   at Grpc.Net.Client.Balancer.Internal.ConnectionManager.PickAsync(PickContext context, Boolean waitForReady, CancellationToken cancellationToken)
   at Grpc.Net.Client.Balancer.Internal.BalancerHttpHandler.SendAsync(HttpRequestMessage request, CancellationToken cancellationToken)
   at Grpc.Net.Client.Internal.GrpcCall`2.RunCall(HttpRequestMessage request, Nullable`1 timeout)
   at Grpc.Net.Client.Internal.HttpClientCallInvoker.BlockingUnaryCall[TRequest,TResponse](Method`2 method, String host, CallOptions options, TRequest request)
   at Grpc.Core.Interceptors.InterceptingCallInvoker.<BlockingUnaryCall>b__3_0[TRequest,TResponse](TRequest req, ClientInterceptorContext`2 ctx)
   at Grpc.Core.ClientBase.ClientBaseConfiguration.ClientBaseConfigurationInterceptor.BlockingUnaryCall[TRequest,TResponse](TRequest request, ClientInterceptorContext`2 context, BlockingUnaryCallContinuation`2 continuation)
   at Grpc.Core.Interceptors.InterceptingCallInvoker.BlockingUnaryCall[TRequest,TResponse](Method`2 method, String host, CallOptions options, TRequest request)
   at ImageService.Protos.ImageProcessor.ImageProcessorClient.RecognizeImageByName(RecognizeImageByNameRequest request, CallOptions options) in D:\visualStudio\Projects\OnlineShelf\backend\Microservices\ShelfsService\obj\Debug\net8.0\src\ShelfsService.Host\Protos\ImageProcessingGrpc.cs:line 294
   at ImageService.Protos.ImageProcessor.ImageProcessorClient.RecognizeImageByName(RecognizeImageByNameRequest request, Metadata headers, Nullable`1 deadline, CancellationToken cancellationToken) in D:\visualStudio\Projects\OnlineShelf\backend\Microservices\ShelfsService\obj\Debug\net8.0\src\ShelfsService.Host\Protos\ImageProcessingGrpc.cs:line 289
   at ShelfsService.src.ShelfsService.Host.Features.Items.RecognizeImageByName.HandleAsync(HttpRecognizeImageByNameReqest req, CancellationToken ct) in D:\visualStudio\Projects\OnlineShelf\backend\Microservices\ShelfsService\src\ShelfsService.Host\Features\Images\RecognizeImageByName.cs:line 42
   at FastEndpoints.Endpoint`2.ExecAsync(CancellationToken ct)
   at FastEndpoints.Endpoint`2.ExecAsync(CancellationToken ct)
   at Microsoft.AspNetCore.Http.RequestDelegateFactory.ExecuteResultWriteResponse(IResult result, HttpContext httpContext)
   at Microsoft.AspNetCore.Authorization.AuthorizationMiddleware.Invoke(HttpContext context)
   at Microsoft.AspNetCore.Authentication.AuthenticationMiddleware.Invoke(HttpContext context)
   at Swashbuckle.AspNetCore.SwaggerUI.SwaggerUIMiddleware.Invoke(HttpContext httpContext)
   at Swashbuckle.AspNetCore.Swagger.SwaggerMiddleware.Invoke(HttpContext httpContext, ISwaggerProvider swaggerProvider)
   at Serilog.AspNetCore.RequestLoggingMiddleware.Invoke(HttpContext httpContext)
   at Microsoft.AspNetCore.Diagnostics.DeveloperExceptionPageMiddlewareImpl.Invoke(HttpContext context)
2026-07-05 16:22:37.876 +03:00 [INF] ShelfsService Grpc.Net.Client.Internal.GrpcCall Call failed with gRPC error status. Status code: '"Unavailable"', Message: 'Error connecting to subchannel.'.
System.Net.Sockets.SocketException (11001): No such host is known.
   at System.Net.Sockets.Socket.AwaitableSocketAsyncEventArgs.ThrowException(SocketError error, CancellationToken cancellationToken)
   at System.Net.Sockets.Socket.AwaitableSocketAsyncEventArgs.System.Threading.Tasks.Sources.IValueTaskSource.GetResult(Int16 token)
   at System.Net.Sockets.Socket.<ConnectAsync>g__WaitForConnectWithCancellation|285_0(AwaitableSocketAsyncEventArgs saea, ValueTask connectTask, CancellationToken cancellationToken)
   at Grpc.Net.Client.Balancer.Internal.SocketConnectivitySubchannelTransport.TryConnectAsync(ConnectContext context, Int32 attempt)
2026-07-05 16:22:37.921 +03:00 [ERR] ShelfsService Serilog.AspNetCore.RequestLoggingMiddleware HTTP GET /shelfs/image/recognize/4b1f3cdf-fa97-4744-a677-47c0969b6af8_big.webp responded 500 in 47.7466 ms
Grpc.Core.RpcException: Status(StatusCode="Unavailable", Detail="Error connecting to subchannel.", DebugException="System.Net.Sockets.SocketException: No such host is known.")
 ---> System.Net.Sockets.SocketException (11001): No such host is known.
   at System.Net.Sockets.Socket.AwaitableSocketAsyncEventArgs.ThrowException(SocketError error, CancellationToken cancellationToken)
   at System.Net.Sockets.Socket.AwaitableSocketAsyncEventArgs.System.Threading.Tasks.Sources.IValueTaskSource.GetResult(Int16 token)
   at System.Net.Sockets.Socket.<ConnectAsync>g__WaitForConnectWithCancellation|285_0(AwaitableSocketAsyncEventArgs saea, ValueTask connectTask, CancellationToken cancellationToken)
   at Grpc.Net.Client.Balancer.Internal.SocketConnectivitySubchannelTransport.TryConnectAsync(ConnectContext context, Int32 attempt)
   --- End of inner exception stack trace ---
   at Grpc.Net.Client.Balancer.Internal.ConnectionManager.PickAsync(PickContext context, Boolean waitForReady, CancellationToken cancellationToken)
   at Grpc.Net.Client.Balancer.Internal.BalancerHttpHandler.SendAsync(HttpRequestMessage request, CancellationToken cancellationToken)
   at Grpc.Net.Client.Internal.GrpcCall`2.RunCall(HttpRequestMessage request, Nullable`1 timeout)
   at Grpc.Net.Client.Internal.HttpClientCallInvoker.BlockingUnaryCall[TRequest,TResponse](Method`2 method, String host, CallOptions options, TRequest request)
   at Grpc.Core.Interceptors.InterceptingCallInvoker.<BlockingUnaryCall>b__3_0[TRequest,TResponse](TRequest req, ClientInterceptorContext`2 ctx)
   at Grpc.Core.ClientBase.ClientBaseConfiguration.ClientBaseConfigurationInterceptor.BlockingUnaryCall[TRequest,TResponse](TRequest request, ClientInterceptorContext`2 context, BlockingUnaryCallContinuation`2 continuation)
   at Grpc.Core.Interceptors.InterceptingCallInvoker.BlockingUnaryCall[TRequest,TResponse](Method`2 method, String host, CallOptions options, TRequest request)
   at ImageService.Protos.ImageProcessor.ImageProcessorClient.RecognizeImageByName(RecognizeImageByNameRequest request, CallOptions options) in D:\visualStudio\Projects\OnlineShelf\backend\Microservices\ShelfsService\obj\Debug\net8.0\src\ShelfsService.Host\Protos\ImageProcessingGrpc.cs:line 294
   at ImageService.Protos.ImageProcessor.ImageProcessorClient.RecognizeImageByName(RecognizeImageByNameRequest request, Metadata headers, Nullable`1 deadline, CancellationToken cancellationToken) in D:\visualStudio\Projects\OnlineShelf\backend\Microservices\ShelfsService\obj\Debug\net8.0\src\ShelfsService.Host\Protos\ImageProcessingGrpc.cs:line 289
   at ShelfsService.src.ShelfsService.Host.Features.Items.RecognizeImageByName.HandleAsync(HttpRecognizeImageByNameReqest req, CancellationToken ct) in D:\visualStudio\Projects\OnlineShelf\backend\Microservices\ShelfsService\src\ShelfsService.Host\Features\Images\RecognizeImageByName.cs:line 42
   at FastEndpoints.Endpoint`2.ExecAsync(CancellationToken ct)
   at FastEndpoints.Endpoint`2.ExecAsync(CancellationToken ct)
   at Microsoft.AspNetCore.Http.RequestDelegateFactory.ExecuteResultWriteResponse(IResult result, HttpContext httpContext)
   at Microsoft.AspNetCore.Authorization.AuthorizationMiddleware.Invoke(HttpContext context)
   at Microsoft.AspNetCore.Authentication.AuthenticationMiddleware.Invoke(HttpContext context)
   at Swashbuckle.AspNetCore.SwaggerUI.SwaggerUIMiddleware.Invoke(HttpContext httpContext)
   at Swashbuckle.AspNetCore.Swagger.SwaggerMiddleware.Invoke(HttpContext httpContext, ISwaggerProvider swaggerProvider)
   at Serilog.AspNetCore.RequestLoggingMiddleware.Invoke(HttpContext httpContext)
2026-07-05 16:22:37.927 +03:00 [ERR] ShelfsService Microsoft.AspNetCore.Diagnostics.DeveloperExceptionPageMiddleware An unhandled exception has occurred while executing the request.
Grpc.Core.RpcException: Status(StatusCode="Unavailable", Detail="Error connecting to subchannel.", DebugException="System.Net.Sockets.SocketException: No such host is known.")
 ---> System.Net.Sockets.SocketException (11001): No such host is known.
   at System.Net.Sockets.Socket.AwaitableSocketAsyncEventArgs.ThrowException(SocketError error, CancellationToken cancellationToken)
   at System.Net.Sockets.Socket.AwaitableSocketAsyncEventArgs.System.Threading.Tasks.Sources.IValueTaskSource.GetResult(Int16 token)
   at System.Net.Sockets.Socket.<ConnectAsync>g__WaitForConnectWithCancellation|285_0(AwaitableSocketAsyncEventArgs saea, ValueTask connectTask, CancellationToken cancellationToken)
   at Grpc.Net.Client.Balancer.Internal.SocketConnectivitySubchannelTransport.TryConnectAsync(ConnectContext context, Int32 attempt)
   --- End of inner exception stack trace ---
   at Grpc.Net.Client.Balancer.Internal.ConnectionManager.PickAsync(PickContext context, Boolean waitForReady, CancellationToken cancellationToken)
   at Grpc.Net.Client.Balancer.Internal.BalancerHttpHandler.SendAsync(HttpRequestMessage request, CancellationToken cancellationToken)
   at Grpc.Net.Client.Internal.GrpcCall`2.RunCall(HttpRequestMessage request, Nullable`1 timeout)
   at Grpc.Net.Client.Internal.HttpClientCallInvoker.BlockingUnaryCall[TRequest,TResponse](Method`2 method, String host, CallOptions options, TRequest request)
   at Grpc.Core.Interceptors.InterceptingCallInvoker.<BlockingUnaryCall>b__3_0[TRequest,TResponse](TRequest req, ClientInterceptorContext`2 ctx)
   at Grpc.Core.ClientBase.ClientBaseConfiguration.ClientBaseConfigurationInterceptor.BlockingUnaryCall[TRequest,TResponse](TRequest request, ClientInterceptorContext`2 context, BlockingUnaryCallContinuation`2 continuation)
   at Grpc.Core.Interceptors.InterceptingCallInvoker.BlockingUnaryCall[TRequest,TResponse](Method`2 method, String host, CallOptions options, TRequest request)
   at ImageService.Protos.ImageProcessor.ImageProcessorClient.RecognizeImageByName(RecognizeImageByNameRequest request, CallOptions options) in D:\visualStudio\Projects\OnlineShelf\backend\Microservices\ShelfsService\obj\Debug\net8.0\src\ShelfsService.Host\Protos\ImageProcessingGrpc.cs:line 294
   at ImageService.Protos.ImageProcessor.ImageProcessorClient.RecognizeImageByName(RecognizeImageByNameRequest request, Metadata headers, Nullable`1 deadline, CancellationToken cancellationToken) in D:\visualStudio\Projects\OnlineShelf\backend\Microservices\ShelfsService\obj\Debug\net8.0\src\ShelfsService.Host\Protos\ImageProcessingGrpc.cs:line 289
   at ShelfsService.src.ShelfsService.Host.Features.Items.RecognizeImageByName.HandleAsync(HttpRecognizeImageByNameReqest req, CancellationToken ct) in D:\visualStudio\Projects\OnlineShelf\backend\Microservices\ShelfsService\src\ShelfsService.Host\Features\Images\RecognizeImageByName.cs:line 42
   at FastEndpoints.Endpoint`2.ExecAsync(CancellationToken ct)
   at FastEndpoints.Endpoint`2.ExecAsync(CancellationToken ct)
   at Microsoft.AspNetCore.Http.RequestDelegateFactory.ExecuteResultWriteResponse(IResult result, HttpContext httpContext)
   at Microsoft.AspNetCore.Authorization.AuthorizationMiddleware.Invoke(HttpContext context)
   at Microsoft.AspNetCore.Authentication.AuthenticationMiddleware.Invoke(HttpContext context)
   at Swashbuckle.AspNetCore.SwaggerUI.SwaggerUIMiddleware.Invoke(HttpContext httpContext)
   at Swashbuckle.AspNetCore.Swagger.SwaggerMiddleware.Invoke(HttpContext httpContext, ISwaggerProvider swaggerProvider)
   at Serilog.AspNetCore.RequestLoggingMiddleware.Invoke(HttpContext httpContext)
   at Microsoft.AspNetCore.Diagnostics.DeveloperExceptionPageMiddlewareImpl.Invoke(HttpContext context)
2026-07-05 16:22:38.453 +03:00 [INF] ShelfsService Grpc.Net.Client.Internal.GrpcCall Call failed with gRPC error status. Status code: '"Unavailable"', Message: 'Error connecting to subchannel.'.
System.Net.Sockets.SocketException (11001): No such host is known.
   at System.Net.Sockets.Socket.AwaitableSocketAsyncEventArgs.ThrowException(SocketError error, CancellationToken cancellationToken)
   at System.Net.Sockets.Socket.AwaitableSocketAsyncEventArgs.System.Threading.Tasks.Sources.IValueTaskSource.GetResult(Int16 token)
   at System.Net.Sockets.Socket.<ConnectAsync>g__WaitForConnectWithCancellation|285_0(AwaitableSocketAsyncEventArgs saea, ValueTask connectTask, CancellationToken cancellationToken)
   at Grpc.Net.Client.Balancer.Internal.SocketConnectivitySubchannelTransport.TryConnectAsync(ConnectContext context, Int32 attempt)
2026-07-05 16:22:38.520 +03:00 [ERR] ShelfsService Serilog.AspNetCore.RequestLoggingMiddleware HTTP GET /shelfs/image/get-image/4b1f3cdf-fa97-4744-a677-47c0969b6af8_big.webp responded 500 in 70.1960 ms
Grpc.Core.RpcException: Status(StatusCode="Unavailable", Detail="Error connecting to subchannel.", DebugException="System.Net.Sockets.SocketException: No such host is known.")
 ---> System.Net.Sockets.SocketException (11001): No such host is known.
   at System.Net.Sockets.Socket.AwaitableSocketAsyncEventArgs.ThrowException(SocketError error, CancellationToken cancellationToken)
   at System.Net.Sockets.Socket.AwaitableSocketAsyncEventArgs.System.Threading.Tasks.Sources.IValueTaskSource.GetResult(Int16 token)
   at System.Net.Sockets.Socket.<ConnectAsync>g__WaitForConnectWithCancellation|285_0(AwaitableSocketAsyncEventArgs saea, ValueTask connectTask, CancellationToken cancellationToken)
   at Grpc.Net.Client.Balancer.Internal.SocketConnectivitySubchannelTransport.TryConnectAsync(ConnectContext context, Int32 attempt)
   --- End of inner exception stack trace ---
   at Grpc.Core.AsyncStreamReaderExtensions.ReadAllAsyncCore[T](IAsyncStreamReader`1 streamReader, CancellationToken cancellationToken)+MoveNext()
   at Grpc.Core.AsyncStreamReaderExtensions.ReadAllAsyncCore[T](IAsyncStreamReader`1 streamReader, CancellationToken cancellationToken)+System.Threading.Tasks.Sources.IValueTaskSource<System.Boolean>.GetResult()
   at ShelfsService.src.ShelfsService.Host.Features.Items.GetPhotoByName.ExecuteAsync(GetImageByName req, CancellationToken ct) in D:\visualStudio\Projects\OnlineShelf\backend\Microservices\ShelfsService\src\ShelfsService.Host\Features\Images\GetImageByName.cs:line 50
   at ShelfsService.src.ShelfsService.Host.Features.Items.GetPhotoByName.ExecuteAsync(GetImageByName req, CancellationToken ct) in D:\visualStudio\Projects\OnlineShelf\backend\Microservices\ShelfsService\src\ShelfsService.Host\Features\Images\GetImageByName.cs:line 50
   at FastEndpoints.Endpoint`2.ExecAsync(CancellationToken ct)
   at FastEndpoints.Endpoint`2.ExecAsync(CancellationToken ct)
   at Microsoft.AspNetCore.Http.RequestDelegateFactory.ExecuteResultWriteResponse(IResult result, HttpContext httpContext)
   at Microsoft.AspNetCore.Authorization.AuthorizationMiddleware.Invoke(HttpContext context)
   at Microsoft.AspNetCore.Authentication.AuthenticationMiddleware.Invoke(HttpContext context)
   at Swashbuckle.AspNetCore.SwaggerUI.SwaggerUIMiddleware.Invoke(HttpContext httpContext)
   at Swashbuckle.AspNetCore.Swagger.SwaggerMiddleware.Invoke(HttpContext httpContext, ISwaggerProvider swaggerProvider)
   at Serilog.AspNetCore.RequestLoggingMiddleware.Invoke(HttpContext httpContext)
2026-07-05 16:22:38.524 +03:00 [ERR] ShelfsService Microsoft.AspNetCore.Diagnostics.DeveloperExceptionPageMiddleware An unhandled exception has occurred while executing the request.
Grpc.Core.RpcException: Status(StatusCode="Unavailable", Detail="Error connecting to subchannel.", DebugException="System.Net.Sockets.SocketException: No such host is known.")
 ---> System.Net.Sockets.SocketException (11001): No such host is known.
   at System.Net.Sockets.Socket.AwaitableSocketAsyncEventArgs.ThrowException(SocketError error, CancellationToken cancellationToken)
   at System.Net.Sockets.Socket.AwaitableSocketAsyncEventArgs.System.Threading.Tasks.Sources.IValueTaskSource.GetResult(Int16 token)
   at System.Net.Sockets.Socket.<ConnectAsync>g__WaitForConnectWithCancellation|285_0(AwaitableSocketAsyncEventArgs saea, ValueTask connectTask, CancellationToken cancellationToken)
   at Grpc.Net.Client.Balancer.Internal.SocketConnectivitySubchannelTransport.TryConnectAsync(ConnectContext context, Int32 attempt)
   --- End of inner exception stack trace ---
   at Grpc.Core.AsyncStreamReaderExtensions.ReadAllAsyncCore[T](IAsyncStreamReader`1 streamReader, CancellationToken cancellationToken)+MoveNext()
   at Grpc.Core.AsyncStreamReaderExtensions.ReadAllAsyncCore[T](IAsyncStreamReader`1 streamReader, CancellationToken cancellationToken)+System.Threading.Tasks.Sources.IValueTaskSource<System.Boolean>.GetResult()
   at ShelfsService.src.ShelfsService.Host.Features.Items.GetPhotoByName.ExecuteAsync(GetImageByName req, CancellationToken ct) in D:\visualStudio\Projects\OnlineShelf\backend\Microservices\ShelfsService\src\ShelfsService.Host\Features\Images\GetImageByName.cs:line 50
   at ShelfsService.src.ShelfsService.Host.Features.Items.GetPhotoByName.ExecuteAsync(GetImageByName req, CancellationToken ct) in D:\visualStudio\Projects\OnlineShelf\backend\Microservices\ShelfsService\src\ShelfsService.Host\Features\Images\GetImageByName.cs:line 50
   at FastEndpoints.Endpoint`2.ExecAsync(CancellationToken ct)
   at FastEndpoints.Endpoint`2.ExecAsync(CancellationToken ct)
   at Microsoft.AspNetCore.Http.RequestDelegateFactory.ExecuteResultWriteResponse(IResult result, HttpContext httpContext)
   at Microsoft.AspNetCore.Authorization.AuthorizationMiddleware.Invoke(HttpContext context)
   at Microsoft.AspNetCore.Authentication.AuthenticationMiddleware.Invoke(HttpContext context)
   at Swashbuckle.AspNetCore.SwaggerUI.SwaggerUIMiddleware.Invoke(HttpContext httpContext)
   at Swashbuckle.AspNetCore.Swagger.SwaggerMiddleware.Invoke(HttpContext httpContext, ISwaggerProvider swaggerProvider)
   at Serilog.AspNetCore.RequestLoggingMiddleware.Invoke(HttpContext httpContext)
   at Microsoft.AspNetCore.Diagnostics.DeveloperExceptionPageMiddlewareImpl.Invoke(HttpContext context)
2026-07-05 16:22:40.569 +03:00 [INF] ShelfsService Serilog.AspNetCore.RequestLoggingMiddleware HTTP OPTIONS /shelfs/items/bc540d10-cc61-41a6-8d42-5afdac6a0b1b responded 204 in 0.1365 ms
2026-07-05 16:22:40.569 +03:00 [INF] ShelfsService Serilog.AspNetCore.RequestLoggingMiddleware HTTP OPTIONS /shelfs/items/attributes responded 204 in 0.1446 ms
2026-07-05 16:22:40.579 +03:00 [INF] ShelfsService Serilog.AspNetCore.RequestLoggingMiddleware HTTP GET /shelfs/items/attributes responded 200 in 3.1295 ms
2026-07-05 16:22:40.588 +03:00 [INF] ShelfsService Microsoft.EntityFrameworkCore.Database.Command Executed DbCommand (5ms) [Parameters=[@__itemId_0='?' (DbType = Guid)], CommandType='"Text"', CommandTimeout='30']
SELECT i."Id", i."AttributeColorMain", i."AttributeColorSecond", i."AttributeMatterial", i."AttributePattern", i."AttributeSeason", i."AttributeType", i."BigImage", i."DateCreated", i."Name", i."ShelfId", i."SmallImage", i."UpdatedAt", i."UserId", i."isFavorite", i."positionKey"
FROM shelf_service."Items" AS i
WHERE i."Id" = @__itemId_0
LIMIT 1
2026-07-05 16:22:40.591 +03:00 [INF] ShelfsService ShelfsService.src.ShelfsService.Host.Features.Items.GetItemById Item "bc540d10-cc61-41a6-8d42-5afdac6a0b1b" was returned
2026-07-05 16:22:40.595 +03:00 [INF] ShelfsService Serilog.AspNetCore.RequestLoggingMiddleware HTTP GET /shelfs/items/bc540d10-cc61-41a6-8d42-5afdac6a0b1b responded 200 in 20.2484 ms
2026-07-05 16:22:40.997 +03:00 [INF] ShelfsService Serilog.AspNetCore.RequestLoggingMiddleware HTTP OPTIONS /shelfs/image/get-image/4b1f3cdf-fa97-4744-a677-47c0969b6af8_big.webp responded 204 in 0.1206 ms
2026-07-05 16:22:41.050 +03:00 [INF] ShelfsService Grpc.Net.Client.Internal.GrpcCall Call failed with gRPC error status. Status code: '"Unavailable"', Message: 'Error connecting to subchannel.'.
System.Net.Sockets.SocketException (11001): No such host is known.
   at System.Net.Sockets.Socket.AwaitableSocketAsyncEventArgs.ThrowException(SocketError error, CancellationToken cancellationToken)
   at System.Net.Sockets.Socket.AwaitableSocketAsyncEventArgs.System.Threading.Tasks.Sources.IValueTaskSource.GetResult(Int16 token)
   at System.Net.Sockets.Socket.<ConnectAsync>g__WaitForConnectWithCancellation|285_0(AwaitableSocketAsyncEventArgs saea, ValueTask connectTask, CancellationToken cancellationToken)
   at Grpc.Net.Client.Balancer.Internal.SocketConnectivitySubchannelTransport.TryConnectAsync(ConnectContext context, Int32 attempt)
2026-07-05 16:22:41.123 +03:00 [ERR] ShelfsService Serilog.AspNetCore.RequestLoggingMiddleware HTTP GET /shelfs/image/get-image/4b1f3cdf-fa97-4744-a677-47c0969b6af8_big.webp responded 500 in 81.8901 ms
Grpc.Core.RpcException: Status(StatusCode="Unavailable", Detail="Error connecting to subchannel.", DebugException="System.Net.Sockets.SocketException: No such host is known.")
 ---> System.Net.Sockets.SocketException (11001): No such host is known.
   at System.Net.Sockets.Socket.AwaitableSocketAsyncEventArgs.ThrowException(SocketError error, CancellationToken cancellationToken)
   at System.Net.Sockets.Socket.AwaitableSocketAsyncEventArgs.System.Threading.Tasks.Sources.IValueTaskSource.GetResult(Int16 token)
   at System.Net.Sockets.Socket.<ConnectAsync>g__WaitForConnectWithCancellation|285_0(AwaitableSocketAsyncEventArgs saea, ValueTask connectTask, CancellationToken cancellationToken)
   at Grpc.Net.Client.Balancer.Internal.SocketConnectivitySubchannelTransport.TryConnectAsync(ConnectContext context, Int32 attempt)
   --- End of inner exception stack trace ---
   at Grpc.Core.AsyncStreamReaderExtensions.ReadAllAsyncCore[T](IAsyncStreamReader`1 streamReader, CancellationToken cancellationToken)+MoveNext()
   at Grpc.Core.AsyncStreamReaderExtensions.ReadAllAsyncCore[T](IAsyncStreamReader`1 streamReader, CancellationToken cancellationToken)+System.Threading.Tasks.Sources.IValueTaskSource<System.Boolean>.GetResult()
   at ShelfsService.src.ShelfsService.Host.Features.Items.GetPhotoByName.ExecuteAsync(GetImageByName req, CancellationToken ct) in D:\visualStudio\Projects\OnlineShelf\backend\Microservices\ShelfsService\src\ShelfsService.Host\Features\Images\GetImageByName.cs:line 50
   at ShelfsService.src.ShelfsService.Host.Features.Items.GetPhotoByName.ExecuteAsync(GetImageByName req, CancellationToken ct) in D:\visualStudio\Projects\OnlineShelf\backend\Microservices\ShelfsService\src\ShelfsService.Host\Features\Images\GetImageByName.cs:line 50
   at FastEndpoints.Endpoint`2.ExecAsync(CancellationToken ct)
   at FastEndpoints.Endpoint`2.ExecAsync(CancellationToken ct)
   at Microsoft.AspNetCore.Http.RequestDelegateFactory.ExecuteResultWriteResponse(IResult result, HttpContext httpContext)
   at Microsoft.AspNetCore.Authorization.AuthorizationMiddleware.Invoke(HttpContext context)
   at Microsoft.AspNetCore.Authentication.AuthenticationMiddleware.Invoke(HttpContext context)
   at Swashbuckle.AspNetCore.SwaggerUI.SwaggerUIMiddleware.Invoke(HttpContext httpContext)
   at Swashbuckle.AspNetCore.Swagger.SwaggerMiddleware.Invoke(HttpContext httpContext, ISwaggerProvider swaggerProvider)
   at Serilog.AspNetCore.RequestLoggingMiddleware.Invoke(HttpContext httpContext)
2026-07-05 16:22:41.127 +03:00 [ERR] ShelfsService Microsoft.AspNetCore.Diagnostics.DeveloperExceptionPageMiddleware An unhandled exception has occurred while executing the request.
Grpc.Core.RpcException: Status(StatusCode="Unavailable", Detail="Error connecting to subchannel.", DebugException="System.Net.Sockets.SocketException: No such host is known.")
 ---> System.Net.Sockets.SocketException (11001): No such host is known.
   at System.Net.Sockets.Socket.AwaitableSocketAsyncEventArgs.ThrowException(SocketError error, CancellationToken cancellationToken)
   at System.Net.Sockets.Socket.AwaitableSocketAsyncEventArgs.System.Threading.Tasks.Sources.IValueTaskSource.GetResult(Int16 token)
   at System.Net.Sockets.Socket.<ConnectAsync>g__WaitForConnectWithCancellation|285_0(AwaitableSocketAsyncEventArgs saea, ValueTask connectTask, CancellationToken cancellationToken)
   at Grpc.Net.Client.Balancer.Internal.SocketConnectivitySubchannelTransport.TryConnectAsync(ConnectContext context, Int32 attempt)
   --- End of inner exception stack trace ---
   at Grpc.Core.AsyncStreamReaderExtensions.ReadAllAsyncCore[T](IAsyncStreamReader`1 streamReader, CancellationToken cancellationToken)+MoveNext()
   at Grpc.Core.AsyncStreamReaderExtensions.ReadAllAsyncCore[T](IAsyncStreamReader`1 streamReader, CancellationToken cancellationToken)+System.Threading.Tasks.Sources.IValueTaskSource<System.Boolean>.GetResult()
   at ShelfsService.src.ShelfsService.Host.Features.Items.GetPhotoByName.ExecuteAsync(GetImageByName req, CancellationToken ct) in D:\visualStudio\Projects\OnlineShelf\backend\Microservices\ShelfsService\src\ShelfsService.Host\Features\Images\GetImageByName.cs:line 50
   at ShelfsService.src.ShelfsService.Host.Features.Items.GetPhotoByName.ExecuteAsync(GetImageByName req, CancellationToken ct) in D:\visualStudio\Projects\OnlineShelf\backend\Microservices\ShelfsService\src\ShelfsService.Host\Features\Images\GetImageByName.cs:line 50
   at FastEndpoints.Endpoint`2.ExecAsync(CancellationToken ct)
   at FastEndpoints.Endpoint`2.ExecAsync(CancellationToken ct)
   at Microsoft.AspNetCore.Http.RequestDelegateFactory.ExecuteResultWriteResponse(IResult result, HttpContext httpContext)
   at Microsoft.AspNetCore.Authorization.AuthorizationMiddleware.Invoke(HttpContext context)
   at Microsoft.AspNetCore.Authentication.AuthenticationMiddleware.Invoke(HttpContext context)
   at Swashbuckle.AspNetCore.SwaggerUI.SwaggerUIMiddleware.Invoke(HttpContext httpContext)
   at Swashbuckle.AspNetCore.Swagger.SwaggerMiddleware.Invoke(HttpContext httpContext, ISwaggerProvider swaggerProvider)
   at Serilog.AspNetCore.RequestLoggingMiddleware.Invoke(HttpContext httpContext)
   at Microsoft.AspNetCore.Diagnostics.DeveloperExceptionPageMiddlewareImpl.Invoke(HttpContext context)
2026-07-05 16:22:42.152 +03:00 [INF] ShelfsService Grpc.Net.Client.Internal.GrpcCall Call failed with gRPC error status. Status code: '"Unavailable"', Message: 'Error connecting to subchannel.'.
System.Net.Sockets.SocketException (11001): No such host is known.
   at System.Net.Sockets.Socket.AwaitableSocketAsyncEventArgs.ThrowException(SocketError error, CancellationToken cancellationToken)
   at System.Net.Sockets.Socket.AwaitableSocketAsyncEventArgs.System.Threading.Tasks.Sources.IValueTaskSource.GetResult(Int16 token)
   at System.Net.Sockets.Socket.<ConnectAsync>g__WaitForConnectWithCancellation|285_0(AwaitableSocketAsyncEventArgs saea, ValueTask connectTask, CancellationToken cancellationToken)
   at Grpc.Net.Client.Balancer.Internal.SocketConnectivitySubchannelTransport.TryConnectAsync(ConnectContext context, Int32 attempt)
2026-07-05 16:22:42.216 +03:00 [ERR] ShelfsService Serilog.AspNetCore.RequestLoggingMiddleware HTTP GET /shelfs/image/get-image/4b1f3cdf-fa97-4744-a677-47c0969b6af8_big.webp responded 500 in 66.9253 ms
Grpc.Core.RpcException: Status(StatusCode="Unavailable", Detail="Error connecting to subchannel.", DebugException="System.Net.Sockets.SocketException: No such host is known.")
 ---> System.Net.Sockets.SocketException (11001): No such host is known.
   at System.Net.Sockets.Socket.AwaitableSocketAsyncEventArgs.ThrowException(SocketError error, CancellationToken cancellationToken)
   at System.Net.Sockets.Socket.AwaitableSocketAsyncEventArgs.System.Threading.Tasks.Sources.IValueTaskSource.GetResult(Int16 token)
   at System.Net.Sockets.Socket.<ConnectAsync>g__WaitForConnectWithCancellation|285_0(AwaitableSocketAsyncEventArgs saea, ValueTask connectTask, CancellationToken cancellationToken)
   at Grpc.Net.Client.Balancer.Internal.SocketConnectivitySubchannelTransport.TryConnectAsync(ConnectContext context, Int32 attempt)
   --- End of inner exception stack trace ---
   at Grpc.Core.AsyncStreamReaderExtensions.ReadAllAsyncCore[T](IAsyncStreamReader`1 streamReader, CancellationToken cancellationToken)+MoveNext()
   at Grpc.Core.AsyncStreamReaderExtensions.ReadAllAsyncCore[T](IAsyncStreamReader`1 streamReader, CancellationToken cancellationToken)+System.Threading.Tasks.Sources.IValueTaskSource<System.Boolean>.GetResult()
   at ShelfsService.src.ShelfsService.Host.Features.Items.GetPhotoByName.ExecuteAsync(GetImageByName req, CancellationToken ct) in D:\visualStudio\Projects\OnlineShelf\backend\Microservices\ShelfsService\src\ShelfsService.Host\Features\Images\GetImageByName.cs:line 50
   at ShelfsService.src.ShelfsService.Host.Features.Items.GetPhotoByName.ExecuteAsync(GetImageByName req, CancellationToken ct) in D:\visualStudio\Projects\OnlineShelf\backend\Microservices\ShelfsService\src\ShelfsService.Host\Features\Images\GetImageByName.cs:line 50
   at FastEndpoints.Endpoint`2.ExecAsync(CancellationToken ct)
   at FastEndpoints.Endpoint`2.ExecAsync(CancellationToken ct)
   at Microsoft.AspNetCore.Http.RequestDelegateFactory.ExecuteResultWriteResponse(IResult result, HttpContext httpContext)
   at Microsoft.AspNetCore.Authorization.AuthorizationMiddleware.Invoke(HttpContext context)
   at Microsoft.AspNetCore.Authentication.AuthenticationMiddleware.Invoke(HttpContext context)
   at Swashbuckle.AspNetCore.SwaggerUI.SwaggerUIMiddleware.Invoke(HttpContext httpContext)
   at Swashbuckle.AspNetCore.Swagger.SwaggerMiddleware.Invoke(HttpContext httpContext, ISwaggerProvider swaggerProvider)
   at Serilog.AspNetCore.RequestLoggingMiddleware.Invoke(HttpContext httpContext)
2026-07-05 16:22:42.221 +03:00 [ERR] ShelfsService Microsoft.AspNetCore.Diagnostics.DeveloperExceptionPageMiddleware An unhandled exception has occurred while executing the request.
Grpc.Core.RpcException: Status(StatusCode="Unavailable", Detail="Error connecting to subchannel.", DebugException="System.Net.Sockets.SocketException: No such host is known.")
 ---> System.Net.Sockets.SocketException (11001): No such host is known.
   at System.Net.Sockets.Socket.AwaitableSocketAsyncEventArgs.ThrowException(SocketError error, CancellationToken cancellationToken)
   at System.Net.Sockets.Socket.AwaitableSocketAsyncEventArgs.System.Threading.Tasks.Sources.IValueTaskSource.GetResult(Int16 token)
   at System.Net.Sockets.Socket.<ConnectAsync>g__WaitForConnectWithCancellation|285_0(AwaitableSocketAsyncEventArgs saea, ValueTask connectTask, CancellationToken cancellationToken)
   at Grpc.Net.Client.Balancer.Internal.SocketConnectivitySubchannelTransport.TryConnectAsync(ConnectContext context, Int32 attempt)
   --- End of inner exception stack trace ---
   at Grpc.Core.AsyncStreamReaderExtensions.ReadAllAsyncCore[T](IAsyncStreamReader`1 streamReader, CancellationToken cancellationToken)+MoveNext()
   at Grpc.Core.AsyncStreamReaderExtensions.ReadAllAsyncCore[T](IAsyncStreamReader`1 streamReader, CancellationToken cancellationToken)+System.Threading.Tasks.Sources.IValueTaskSource<System.Boolean>.GetResult()
   at ShelfsService.src.ShelfsService.Host.Features.Items.GetPhotoByName.ExecuteAsync(GetImageByName req, CancellationToken ct) in D:\visualStudio\Projects\OnlineShelf\backend\Microservices\ShelfsService\src\ShelfsService.Host\Features\Images\GetImageByName.cs:line 50
   at ShelfsService.src.ShelfsService.Host.Features.Items.GetPhotoByName.ExecuteAsync(GetImageByName req, CancellationToken ct) in D:\visualStudio\Projects\OnlineShelf\backend\Microservices\ShelfsService\src\ShelfsService.Host\Features\Images\GetImageByName.cs:line 50
   at FastEndpoints.Endpoint`2.ExecAsync(CancellationToken ct)
   at FastEndpoints.Endpoint`2.ExecAsync(CancellationToken ct)
   at Microsoft.AspNetCore.Http.RequestDelegateFactory.ExecuteResultWriteResponse(IResult result, HttpContext httpContext)
   at Microsoft.AspNetCore.Authorization.AuthorizationMiddleware.Invoke(HttpContext context)
   at Microsoft.AspNetCore.Authentication.AuthenticationMiddleware.Invoke(HttpContext context)
   at Swashbuckle.AspNetCore.SwaggerUI.SwaggerUIMiddleware.Invoke(HttpContext httpContext)
   at Swashbuckle.AspNetCore.Swagger.SwaggerMiddleware.Invoke(HttpContext httpContext, ISwaggerProvider swaggerProvider)
   at Serilog.AspNetCore.RequestLoggingMiddleware.Invoke(HttpContext httpContext)
   at Microsoft.AspNetCore.Diagnostics.DeveloperExceptionPageMiddlewareImpl.Invoke(HttpContext context)
2026-07-05 16:22:43.402 +03:00 [INF] ShelfsService Serilog.AspNetCore.RequestLoggingMiddleware HTTP OPTIONS /shelfs/items responded 204 in 0.1245 ms
2026-07-05 16:22:43.412 +03:00 [INF] ShelfsService Serilog.AspNetCore.RequestLoggingMiddleware HTTP PUT /shelfs/items responded 400 in 6.1475 ms
2026-07-05 16:22:44.270 +03:00 [INF] ShelfsService Grpc.Net.Client.Internal.GrpcCall Call failed with gRPC error status. Status code: '"Unavailable"', Message: 'Error connecting to subchannel.'.
System.Net.Sockets.SocketException (11001): No such host is known.
   at System.Net.Sockets.Socket.AwaitableSocketAsyncEventArgs.ThrowException(SocketError error, CancellationToken cancellationToken)
   at System.Net.Sockets.Socket.AwaitableSocketAsyncEventArgs.System.Threading.Tasks.Sources.IValueTaskSource.GetResult(Int16 token)
   at System.Net.Sockets.Socket.<ConnectAsync>g__WaitForConnectWithCancellation|285_0(AwaitableSocketAsyncEventArgs saea, ValueTask connectTask, CancellationToken cancellationToken)
   at Grpc.Net.Client.Balancer.Internal.SocketConnectivitySubchannelTransport.TryConnectAsync(ConnectContext context, Int32 attempt)
2026-07-05 16:22:44.334 +03:00 [ERR] ShelfsService Serilog.AspNetCore.RequestLoggingMiddleware HTTP GET /shelfs/image/get-image/4b1f3cdf-fa97-4744-a677-47c0969b6af8_big.webp responded 500 in 67.7913 ms
Grpc.Core.RpcException: Status(StatusCode="Unavailable", Detail="Error connecting to subchannel.", DebugException="System.Net.Sockets.SocketException: No such host is known.")
 ---> System.Net.Sockets.SocketException (11001): No such host is known.
   at System.Net.Sockets.Socket.AwaitableSocketAsyncEventArgs.ThrowException(SocketError error, CancellationToken cancellationToken)
   at System.Net.Sockets.Socket.AwaitableSocketAsyncEventArgs.System.Threading.Tasks.Sources.IValueTaskSource.GetResult(Int16 token)
   at System.Net.Sockets.Socket.<ConnectAsync>g__WaitForConnectWithCancellation|285_0(AwaitableSocketAsyncEventArgs saea, ValueTask connectTask, CancellationToken cancellationToken)
   at Grpc.Net.Client.Balancer.Internal.SocketConnectivitySubchannelTransport.TryConnectAsync(ConnectContext context, Int32 attempt)
   --- End of inner exception stack trace ---
   at Grpc.Core.AsyncStreamReaderExtensions.ReadAllAsyncCore[T](IAsyncStreamReader`1 streamReader, CancellationToken cancellationToken)+MoveNext()
   at Grpc.Core.AsyncStreamReaderExtensions.ReadAllAsyncCore[T](IAsyncStreamReader`1 streamReader, CancellationToken cancellationToken)+System.Threading.Tasks.Sources.IValueTaskSource<System.Boolean>.GetResult()
   at ShelfsService.src.ShelfsService.Host.Features.Items.GetPhotoByName.ExecuteAsync(GetImageByName req, CancellationToken ct) in D:\visualStudio\Projects\OnlineShelf\backend\Microservices\ShelfsService\src\ShelfsService.Host\Features\Images\GetImageByName.cs:line 50
   at ShelfsService.src.ShelfsService.Host.Features.Items.GetPhotoByName.ExecuteAsync(GetImageByName req, CancellationToken ct) in D:\visualStudio\Projects\OnlineShelf\backend\Microservices\ShelfsService\src\ShelfsService.Host\Features\Images\GetImageByName.cs:line 50
   at FastEndpoints.Endpoint`2.ExecAsync(CancellationToken ct)
   at FastEndpoints.Endpoint`2.ExecAsync(CancellationToken ct)
   at Microsoft.AspNetCore.Http.RequestDelegateFactory.ExecuteResultWriteResponse(IResult result, HttpContext httpContext)
   at Microsoft.AspNetCore.Authorization.AuthorizationMiddleware.Invoke(HttpContext context)
   at Microsoft.AspNetCore.Authentication.AuthenticationMiddleware.Invoke(HttpContext context)
   at Swashbuckle.AspNetCore.SwaggerUI.SwaggerUIMiddleware.Invoke(HttpContext httpContext)
   at Swashbuckle.AspNetCore.Swagger.SwaggerMiddleware.Invoke(HttpContext httpContext, ISwaggerProvider swaggerProvider)
   at Serilog.AspNetCore.RequestLoggingMiddleware.Invoke(HttpContext httpContext)
2026-07-05 16:22:44.339 +03:00 [ERR] ShelfsService Microsoft.AspNetCore.Diagnostics.DeveloperExceptionPageMiddleware An unhandled exception has occurred while executing the request.
Grpc.Core.RpcException: Status(StatusCode="Unavailable", Detail="Error connecting to subchannel.", DebugException="System.Net.Sockets.SocketException: No such host is known.")
 ---> System.Net.Sockets.SocketException (11001): No such host is known.
   at System.Net.Sockets.Socket.AwaitableSocketAsyncEventArgs.ThrowException(SocketError error, CancellationToken cancellationToken)
   at System.Net.Sockets.Socket.AwaitableSocketAsyncEventArgs.System.Threading.Tasks.Sources.IValueTaskSource.GetResult(Int16 token)
   at System.Net.Sockets.Socket.<ConnectAsync>g__WaitForConnectWithCancellation|285_0(AwaitableSocketAsyncEventArgs saea, ValueTask connectTask, CancellationToken cancellationToken)
   at Grpc.Net.Client.Balancer.Internal.SocketConnectivitySubchannelTransport.TryConnectAsync(ConnectContext context, Int32 attempt)
   --- End of inner exception stack trace ---
   at Grpc.Core.AsyncStreamReaderExtensions.ReadAllAsyncCore[T](IAsyncStreamReader`1 streamReader, CancellationToken cancellationToken)+MoveNext()
   at Grpc.Core.AsyncStreamReaderExtensions.ReadAllAsyncCore[T](IAsyncStreamReader`1 streamReader, CancellationToken cancellationToken)+System.Threading.Tasks.Sources.IValueTaskSource<System.Boolean>.GetResult()
   at ShelfsService.src.ShelfsService.Host.Features.Items.GetPhotoByName.ExecuteAsync(GetImageByName req, CancellationToken ct) in D:\visualStudio\Projects\OnlineShelf\backend\Microservices\ShelfsService\src\ShelfsService.Host\Features\Images\GetImageByName.cs:line 50
   at ShelfsService.src.ShelfsService.Host.Features.Items.GetPhotoByName.ExecuteAsync(GetImageByName req, CancellationToken ct) in D:\visualStudio\Projects\OnlineShelf\backend\Microservices\ShelfsService\src\ShelfsService.Host\Features\Images\GetImageByName.cs:line 50
   at FastEndpoints.Endpoint`2.ExecAsync(CancellationToken ct)
   at FastEndpoints.Endpoint`2.ExecAsync(CancellationToken ct)
   at Microsoft.AspNetCore.Http.RequestDelegateFactory.ExecuteResultWriteResponse(IResult result, HttpContext httpContext)
   at Microsoft.AspNetCore.Authorization.AuthorizationMiddleware.Invoke(HttpContext context)
   at Microsoft.AspNetCore.Authentication.AuthenticationMiddleware.Invoke(HttpContext context)
   at Swashbuckle.AspNetCore.SwaggerUI.SwaggerUIMiddleware.Invoke(HttpContext httpContext)
   at Swashbuckle.AspNetCore.Swagger.SwaggerMiddleware.Invoke(HttpContext httpContext, ISwaggerProvider swaggerProvider)
   at Serilog.AspNetCore.RequestLoggingMiddleware.Invoke(HttpContext httpContext)
   at Microsoft.AspNetCore.Diagnostics.DeveloperExceptionPageMiddlewareImpl.Invoke(HttpContext context)
2026-07-05 16:23:02.779 +03:00 [INF] ShelfsService Serilog.AspNetCore.RequestLoggingMiddleware HTTP OPTIONS /shelfs/image/get-image/4b1f3cdf-fa97-4744-a677-47c0969b6af8_big.webp responded 204 in 0.1759 ms
2026-07-05 16:23:02.787 +03:00 [INF] ShelfsService Grpc.Net.Client.Internal.GrpcCall Call failed with gRPC error status. Status code: '"Unavailable"', Message: 'Error connecting to subchannel.'.
System.Net.Sockets.SocketException (11001): No such host is known.
   at System.Net.Sockets.Socket.AwaitableSocketAsyncEventArgs.ThrowException(SocketError error, CancellationToken cancellationToken)
   at System.Net.Sockets.Socket.AwaitableSocketAsyncEventArgs.System.Threading.Tasks.Sources.IValueTaskSource.GetResult(Int16 token)
   at System.Net.Sockets.Socket.<ConnectAsync>g__WaitForConnectWithCancellation|285_0(AwaitableSocketAsyncEventArgs saea, ValueTask connectTask, CancellationToken cancellationToken)
   at Grpc.Net.Client.Balancer.Internal.SocketConnectivitySubchannelTransport.TryConnectAsync(ConnectContext context, Int32 attempt)
2026-07-05 16:23:02.854 +03:00 [ERR] ShelfsService Serilog.AspNetCore.RequestLoggingMiddleware HTTP GET /shelfs/image/get-image/4b1f3cdf-fa97-4744-a677-47c0969b6af8_big.webp responded 500 in 71.6134 ms
Grpc.Core.RpcException: Status(StatusCode="Unavailable", Detail="Error connecting to subchannel.", DebugException="System.Net.Sockets.SocketException: No such host is known.")
 ---> System.Net.Sockets.SocketException (11001): No such host is known.
   at System.Net.Sockets.Socket.AwaitableSocketAsyncEventArgs.ThrowException(SocketError error, CancellationToken cancellationToken)
   at System.Net.Sockets.Socket.AwaitableSocketAsyncEventArgs.System.Threading.Tasks.Sources.IValueTaskSource.GetResult(Int16 token)
   at System.Net.Sockets.Socket.<ConnectAsync>g__WaitForConnectWithCancellation|285_0(AwaitableSocketAsyncEventArgs saea, ValueTask connectTask, CancellationToken cancellationToken)
   at Grpc.Net.Client.Balancer.Internal.SocketConnectivitySubchannelTransport.TryConnectAsync(ConnectContext context, Int32 attempt)
   --- End of inner exception stack trace ---
   at Grpc.Core.AsyncStreamReaderExtensions.ReadAllAsyncCore[T](IAsyncStreamReader`1 streamReader, CancellationToken cancellationToken)+MoveNext()
   at Grpc.Core.AsyncStreamReaderExtensions.ReadAllAsyncCore[T](IAsyncStreamReader`1 streamReader, CancellationToken cancellationToken)+System.Threading.Tasks.Sources.IValueTaskSource<System.Boolean>.GetResult()
   at ShelfsService.src.ShelfsService.Host.Features.Items.GetPhotoByName.ExecuteAsync(GetImageByName req, CancellationToken ct) in D:\visualStudio\Projects\OnlineShelf\backend\Microservices\ShelfsService\src\ShelfsService.Host\Features\Images\GetImageByName.cs:line 50
   at ShelfsService.src.ShelfsService.Host.Features.Items.GetPhotoByName.ExecuteAsync(GetImageByName req, CancellationToken ct) in D:\visualStudio\Projects\OnlineShelf\backend\Microservices\ShelfsService\src\ShelfsService.Host\Features\Images\GetImageByName.cs:line 50
   at FastEndpoints.Endpoint`2.ExecAsync(CancellationToken ct)
   at FastEndpoints.Endpoint`2.ExecAsync(CancellationToken ct)
   at Microsoft.AspNetCore.Http.RequestDelegateFactory.ExecuteResultWriteResponse(IResult result, HttpContext httpContext)
   at Microsoft.AspNetCore.Authorization.AuthorizationMiddleware.Invoke(HttpContext context)
   at Microsoft.AspNetCore.Authentication.AuthenticationMiddleware.Invoke(HttpContext context)
   at Swashbuckle.AspNetCore.SwaggerUI.SwaggerUIMiddleware.Invoke(HttpContext httpContext)
   at Swashbuckle.AspNetCore.Swagger.SwaggerMiddleware.Invoke(HttpContext httpContext, ISwaggerProvider swaggerProvider)
   at Serilog.AspNetCore.RequestLoggingMiddleware.Invoke(HttpContext httpContext)
2026-07-05 16:23:02.858 +03:00 [ERR] ShelfsService Microsoft.AspNetCore.Diagnostics.DeveloperExceptionPageMiddleware An unhandled exception has occurred while executing the request.
Grpc.Core.RpcException: Status(StatusCode="Unavailable", Detail="Error connecting to subchannel.", DebugException="System.Net.Sockets.SocketException: No such host is known.")
 ---> System.Net.Sockets.SocketException (11001): No such host is known.
   at System.Net.Sockets.Socket.AwaitableSocketAsyncEventArgs.ThrowException(SocketError error, CancellationToken cancellationToken)
   at System.Net.Sockets.Socket.AwaitableSocketAsyncEventArgs.System.Threading.Tasks.Sources.IValueTaskSource.GetResult(Int16 token)
   at System.Net.Sockets.Socket.<ConnectAsync>g__WaitForConnectWithCancellation|285_0(AwaitableSocketAsyncEventArgs saea, ValueTask connectTask, CancellationToken cancellationToken)
   at Grpc.Net.Client.Balancer.Internal.SocketConnectivitySubchannelTransport.TryConnectAsync(ConnectContext context, Int32 attempt)
   --- End of inner exception stack trace ---
   at Grpc.Core.AsyncStreamReaderExtensions.ReadAllAsyncCore[T](IAsyncStreamReader`1 streamReader, CancellationToken cancellationToken)+MoveNext()
   at Grpc.Core.AsyncStreamReaderExtensions.ReadAllAsyncCore[T](IAsyncStreamReader`1 streamReader, CancellationToken cancellationToken)+System.Threading.Tasks.Sources.IValueTaskSource<System.Boolean>.GetResult()
   at ShelfsService.src.ShelfsService.Host.Features.Items.GetPhotoByName.ExecuteAsync(GetImageByName req, CancellationToken ct) in D:\visualStudio\Projects\OnlineShelf\backend\Microservices\ShelfsService\src\ShelfsService.Host\Features\Images\GetImageByName.cs:line 50
   at ShelfsService.src.ShelfsService.Host.Features.Items.GetPhotoByName.ExecuteAsync(GetImageByName req, CancellationToken ct) in D:\visualStudio\Projects\OnlineShelf\backend\Microservices\ShelfsService\src\ShelfsService.Host\Features\Images\GetImageByName.cs:line 50
   at FastEndpoints.Endpoint`2.ExecAsync(CancellationToken ct)
   at FastEndpoints.Endpoint`2.ExecAsync(CancellationToken ct)
   at Microsoft.AspNetCore.Http.RequestDelegateFactory.ExecuteResultWriteResponse(IResult result, HttpContext httpContext)
   at Microsoft.AspNetCore.Authorization.AuthorizationMiddleware.Invoke(HttpContext context)
   at Microsoft.AspNetCore.Authentication.AuthenticationMiddleware.Invoke(HttpContext context)
   at Swashbuckle.AspNetCore.SwaggerUI.SwaggerUIMiddleware.Invoke(HttpContext httpContext)
   at Swashbuckle.AspNetCore.Swagger.SwaggerMiddleware.Invoke(HttpContext httpContext, ISwaggerProvider swaggerProvider)
   at Serilog.AspNetCore.RequestLoggingMiddleware.Invoke(HttpContext httpContext)
   at Microsoft.AspNetCore.Diagnostics.DeveloperExceptionPageMiddlewareImpl.Invoke(HttpContext context)
2026-07-05 16:24:10.661 +03:00 [INF] ShelfsService Microsoft.EntityFrameworkCore.Database.Command Executed DbCommand (51ms) [Parameters=[], CommandType='"Text"', CommandTimeout='30']
CREATE SCHEMA IF NOT EXISTS shelf_service;
2026-07-05 16:24:10.746 +03:00 [INF] ShelfsService Microsoft.EntityFrameworkCore.Database.Command Executed DbCommand (6ms) [Parameters=[], CommandType='"Text"', CommandTimeout='30']
SELECT "MigrationId", "ProductVersion"
FROM shelf_service."__EFMigrationsHistory"
ORDER BY "MigrationId";
2026-07-05 16:24:11.163 +03:00 [INF] ShelfsService Microsoft.EntityFrameworkCore.Database.Command Executed DbCommand (9ms) [Parameters=[], CommandType='"Text"', CommandTimeout='30']
DO $EF$
BEGIN
    IF NOT EXISTS(SELECT 1 FROM pg_namespace WHERE nspname = 'shelf_service') THEN
        CREATE SCHEMA shelf_service;
    END IF;
END $EF$;
CREATE TABLE IF NOT EXISTS shelf_service."__EFMigrationsHistory" (
    "MigrationId" character varying(150) NOT NULL,
    "ProductVersion" character varying(32) NOT NULL,
    CONSTRAINT "PK___EFMigrationsHistory" PRIMARY KEY ("MigrationId")
);
2026-07-05 16:24:11.178 +03:00 [INF] ShelfsService Microsoft.EntityFrameworkCore.Migrations Acquiring an exclusive lock for migration application. See https://aka.ms/efcore-docs-migrations-lock for more information if this takes too long.
2026-07-05 16:24:11.181 +03:00 [INF] ShelfsService Microsoft.EntityFrameworkCore.Database.Command Executed DbCommand (2ms) [Parameters=[], CommandType='"Text"', CommandTimeout='30']
LOCK TABLE shelf_service."__EFMigrationsHistory" IN ACCESS EXCLUSIVE MODE
2026-07-05 16:24:11.183 +03:00 [INF] ShelfsService Microsoft.EntityFrameworkCore.Database.Command Executed DbCommand (2ms) [Parameters=[], CommandType='"Text"', CommandTimeout='30']
SELECT "MigrationId", "ProductVersion"
FROM shelf_service."__EFMigrationsHistory"
ORDER BY "MigrationId";
2026-07-05 16:24:11.189 +03:00 [INF] ShelfsService Microsoft.EntityFrameworkCore.Migrations No migrations were applied. The database is already up to date.
2026-07-05 16:24:11.875 +03:00 [INF] ShelfsService Microsoft.EntityFrameworkCore.Database.Command Executed DbCommand (19ms) [Parameters=[], CommandType='"Text"', CommandTimeout='30']
SELECT a."Id", a."AttributeKey", a."Name"
FROM shelf_service."Attributes" AS a
2026-07-05 16:24:11.967 +03:00 [INF] ShelfsService Microsoft.EntityFrameworkCore.Database.Command Executed DbCommand (4ms) [Parameters=[], CommandType='"Text"', CommandTimeout='30']
SELECT a."Id", a."AttributeId", a."AttributeKey", a."AttributeValue"
FROM shelf_service."AttributesValues" AS a
2026-07-05 16:24:12.011 +03:00 [INF] ShelfsService FastEndpoints.StartupTimer Registered 12 endpoints in 5 065 milliseconds.
2026-07-05 16:24:12.076 +03:00 [INF] ShelfsService Microsoft.EntityFrameworkCore.Database.Command Executed DbCommand (8ms) [Parameters=[], CommandType='"Text"', CommandTimeout='30']
CREATE SCHEMA IF NOT EXISTS shelf_service;
2026-07-05 16:24:12.091 +03:00 [INF] ShelfsService Microsoft.EntityFrameworkCore.Database.Command Executed DbCommand (2ms) [Parameters=[], CommandType='"Text"', CommandTimeout='30']
SELECT "MigrationId", "ProductVersion"
FROM shelf_service."__EFMigrationsHistory"
ORDER BY "MigrationId";
2026-07-05 16:24:12.171 +03:00 [INF] ShelfsService Microsoft.EntityFrameworkCore.Database.Command Executed DbCommand (3ms) [Parameters=[], CommandType='"Text"', CommandTimeout='30']
DO $EF$
BEGIN
    IF NOT EXISTS(SELECT 1 FROM pg_namespace WHERE nspname = 'shelf_service') THEN
        CREATE SCHEMA shelf_service;
    END IF;
END $EF$;
CREATE TABLE IF NOT EXISTS shelf_service."__EFMigrationsHistory" (
    "MigrationId" character varying(150) NOT NULL,
    "ProductVersion" character varying(32) NOT NULL,
    CONSTRAINT "PK___EFMigrationsHistory" PRIMARY KEY ("MigrationId")
);
2026-07-05 16:24:12.191 +03:00 [INF] ShelfsService Microsoft.EntityFrameworkCore.Database.Command Executed DbCommand (2ms) [Parameters=[], CommandType='"Text"', CommandTimeout='30']
LOCK TABLE shelf_service."__EFMigrationsHistory" IN ACCESS EXCLUSIVE MODE
2026-07-05 16:24:12.197 +03:00 [INF] ShelfsService Microsoft.EntityFrameworkCore.Database.Command Executed DbCommand (2ms) [Parameters=[], CommandType='"Text"', CommandTimeout='30']
SELECT "MigrationId", "ProductVersion"
FROM shelf_service."__EFMigrationsHistory"
ORDER BY "MigrationId";
2026-07-05 16:24:12.199 +03:00 [INF] ShelfsService Microsoft.EntityFrameworkCore.Migrations No migrations were applied. The database is already up to date.
2026-07-05 16:24:12.219 +03:00 [INF] ShelfsService Microsoft.EntityFrameworkCore.Database.Command Executed DbCommand (3ms) [Parameters=[], CommandType='"Text"', CommandTimeout='30']
SELECT "MigrationId", "ProductVersion"
FROM shelf_service."__EFMigrationsHistory"
ORDER BY "MigrationId";
2026-07-05 16:24:12.247 +03:00 [INF] ShelfsService Microsoft.EntityFrameworkCore.Database.Command Executed DbCommand (3ms) [Parameters=[], CommandType='"Text"', CommandTimeout='30']
DO $EF$
BEGIN
    IF NOT EXISTS(SELECT 1 FROM pg_namespace WHERE nspname = 'shelf_service') THEN
        CREATE SCHEMA shelf_service;
    END IF;
END $EF$;
CREATE TABLE IF NOT EXISTS shelf_service."__EFMigrationsHistory" (
    "MigrationId" character varying(150) NOT NULL,
    "ProductVersion" character varying(32) NOT NULL,
    CONSTRAINT "PK___EFMigrationsHistory" PRIMARY KEY ("MigrationId")
);
2026-07-05 16:24:12.252 +03:00 [INF] ShelfsService Microsoft.EntityFrameworkCore.Database.Command Executed DbCommand (2ms) [Parameters=[], CommandType='"Text"', CommandTimeout='30']
LOCK TABLE shelf_service."__EFMigrationsHistory" IN ACCESS EXCLUSIVE MODE
2026-07-05 16:24:12.254 +03:00 [INF] ShelfsService Microsoft.EntityFrameworkCore.Database.Command Executed DbCommand (2ms) [Parameters=[], CommandType='"Text"', CommandTimeout='30']
SELECT "MigrationId", "ProductVersion"
FROM shelf_service."__EFMigrationsHistory"
ORDER BY "MigrationId";
2026-07-05 16:24:12.255 +03:00 [INF] ShelfsService Microsoft.EntityFrameworkCore.Migrations No migrations were applied. The database is already up to date.
2026-07-05 16:24:12.350 +03:00 [INF] ShelfsService Microsoft.EntityFrameworkCore.Database.Command Executed DbCommand (2ms) [Parameters=[], CommandType='"Text"', CommandTimeout='30']
SELECT EXISTS (
    SELECT 1
    FROM shelf_service."Shelfs" AS s)
2026-07-05 16:24:12.364 +03:00 [INF] ShelfsService Microsoft.EntityFrameworkCore.Database.Command Executed DbCommand (3ms) [Parameters=[], CommandType='"Text"', CommandTimeout='30']
SELECT EXISTS (
    SELECT 1
    FROM shelf_service."Items" AS i)
2026-07-05 16:24:12.372 +03:00 [INF] ShelfsService Microsoft.EntityFrameworkCore.Database.Command Executed DbCommand (3ms) [Parameters=[], CommandType='"Text"', CommandTimeout='30']
SELECT EXISTS (
    SELECT 1
    FROM shelf_service."AttributesValues" AS a)
2026-07-05 16:24:12.379 +03:00 [INF] ShelfsService Microsoft.EntityFrameworkCore.Database.Command Executed DbCommand (3ms) [Parameters=[], CommandType='"Text"', CommandTimeout='30']
SELECT EXISTS (
    SELECT 1
    FROM shelf_service."Attributes" AS a)
2026-07-05 16:24:12.568 +03:00 [INF] ShelfsService Microsoft.Hosting.Lifetime Application started. Press Ctrl+C to shut down.
2026-07-05 16:24:12.568 +03:00 [INF] ShelfsService Microsoft.Hosting.Lifetime Hosting environment: Development
2026-07-05 16:24:12.568 +03:00 [INF] ShelfsService Microsoft.Hosting.Lifetime Content root path: D:\visualStudio\Projects\OnlineShelf\backend\Microservices\ShelfsService
2026-07-05 16:24:12.906 +03:00 [INF] ShelfsService Serilog.AspNetCore.RequestLoggingMiddleware HTTP GET /swagger/index.html responded 200 in 245.2105 ms
2026-07-05 16:24:13.520 +03:00 [INF] ShelfsService Serilog.AspNetCore.RequestLoggingMiddleware HTTP GET /swagger/v1/swagger.json responded 200 in 147.6729 ms
2026-07-05 16:25:18.571 +03:00 [INF] ShelfsService Microsoft.EntityFrameworkCore.Database.Command Executed DbCommand (96ms) [Parameters=[], CommandType='"Text"', CommandTimeout='30']
CREATE SCHEMA IF NOT EXISTS shelf_service;
2026-07-05 16:25:18.716 +03:00 [INF] ShelfsService Microsoft.EntityFrameworkCore.Database.Command Executed DbCommand (10ms) [Parameters=[], CommandType='"Text"', CommandTimeout='30']
SELECT "MigrationId", "ProductVersion"
FROM shelf_service."__EFMigrationsHistory"
ORDER BY "MigrationId";
2026-07-05 16:25:19.387 +03:00 [INF] ShelfsService Microsoft.EntityFrameworkCore.Database.Command Executed DbCommand (16ms) [Parameters=[], CommandType='"Text"', CommandTimeout='30']
DO $EF$
BEGIN
    IF NOT EXISTS(SELECT 1 FROM pg_namespace WHERE nspname = 'shelf_service') THEN
        CREATE SCHEMA shelf_service;
    END IF;
END $EF$;
CREATE TABLE IF NOT EXISTS shelf_service."__EFMigrationsHistory" (
    "MigrationId" character varying(150) NOT NULL,
    "ProductVersion" character varying(32) NOT NULL,
    CONSTRAINT "PK___EFMigrationsHistory" PRIMARY KEY ("MigrationId")
);
2026-07-05 16:25:19.421 +03:00 [INF] ShelfsService Microsoft.EntityFrameworkCore.Migrations Acquiring an exclusive lock for migration application. See https://aka.ms/efcore-docs-migrations-lock for more information if this takes too long.
2026-07-05 16:25:19.424 +03:00 [INF] ShelfsService Microsoft.EntityFrameworkCore.Database.Command Executed DbCommand (2ms) [Parameters=[], CommandType='"Text"', CommandTimeout='30']
LOCK TABLE shelf_service."__EFMigrationsHistory" IN ACCESS EXCLUSIVE MODE
2026-07-05 16:25:19.428 +03:00 [INF] ShelfsService Microsoft.EntityFrameworkCore.Database.Command Executed DbCommand (3ms) [Parameters=[], CommandType='"Text"', CommandTimeout='30']
SELECT "MigrationId", "ProductVersion"
FROM shelf_service."__EFMigrationsHistory"
ORDER BY "MigrationId";
2026-07-05 16:25:19.441 +03:00 [INF] ShelfsService Microsoft.EntityFrameworkCore.Migrations No migrations were applied. The database is already up to date.
2026-07-05 16:25:20.765 +03:00 [INF] ShelfsService Microsoft.EntityFrameworkCore.Database.Command Executed DbCommand (33ms) [Parameters=[], CommandType='"Text"', CommandTimeout='30']
SELECT a."Id", a."AttributeKey", a."Name"
FROM shelf_service."Attributes" AS a
2026-07-05 16:25:20.956 +03:00 [INF] ShelfsService Microsoft.EntityFrameworkCore.Database.Command Executed DbCommand (5ms) [Parameters=[], CommandType='"Text"', CommandTimeout='30']
SELECT a."Id", a."AttributeId", a."AttributeKey", a."AttributeValue"
FROM shelf_service."AttributesValues" AS a
2026-07-05 16:25:21.045 +03:00 [INF] ShelfsService FastEndpoints.StartupTimer Registered 12 endpoints in 6 586 milliseconds.
2026-07-05 16:25:21.172 +03:00 [INF] ShelfsService Microsoft.EntityFrameworkCore.Database.Command Executed DbCommand (12ms) [Parameters=[], CommandType='"Text"', CommandTimeout='30']
CREATE SCHEMA IF NOT EXISTS shelf_service;
2026-07-05 16:25:21.195 +03:00 [INF] ShelfsService Microsoft.EntityFrameworkCore.Database.Command Executed DbCommand (2ms) [Parameters=[], CommandType='"Text"', CommandTimeout='30']
SELECT "MigrationId", "ProductVersion"
FROM shelf_service."__EFMigrationsHistory"
ORDER BY "MigrationId";
2026-07-05 16:25:21.333 +03:00 [INF] ShelfsService Microsoft.EntityFrameworkCore.Database.Command Executed DbCommand (3ms) [Parameters=[], CommandType='"Text"', CommandTimeout='30']
DO $EF$
BEGIN
    IF NOT EXISTS(SELECT 1 FROM pg_namespace WHERE nspname = 'shelf_service') THEN
        CREATE SCHEMA shelf_service;
    END IF;
END $EF$;
CREATE TABLE IF NOT EXISTS shelf_service."__EFMigrationsHistory" (
    "MigrationId" character varying(150) NOT NULL,
    "ProductVersion" character varying(32) NOT NULL,
    CONSTRAINT "PK___EFMigrationsHistory" PRIMARY KEY ("MigrationId")
);
2026-07-05 16:25:21.376 +03:00 [INF] ShelfsService Microsoft.EntityFrameworkCore.Database.Command Executed DbCommand (3ms) [Parameters=[], CommandType='"Text"', CommandTimeout='30']
LOCK TABLE shelf_service."__EFMigrationsHistory" IN ACCESS EXCLUSIVE MODE
2026-07-05 16:25:21.387 +03:00 [INF] ShelfsService Microsoft.EntityFrameworkCore.Database.Command Executed DbCommand (4ms) [Parameters=[], CommandType='"Text"', CommandTimeout='30']
SELECT "MigrationId", "ProductVersion"
FROM shelf_service."__EFMigrationsHistory"
ORDER BY "MigrationId";
2026-07-05 16:25:21.389 +03:00 [INF] ShelfsService Microsoft.EntityFrameworkCore.Migrations No migrations were applied. The database is already up to date.
2026-07-05 16:25:21.424 +03:00 [INF] ShelfsService Microsoft.EntityFrameworkCore.Database.Command Executed DbCommand (3ms) [Parameters=[], CommandType='"Text"', CommandTimeout='30']
SELECT "MigrationId", "ProductVersion"
FROM shelf_service."__EFMigrationsHistory"
ORDER BY "MigrationId";
2026-07-05 16:25:21.464 +03:00 [INF] ShelfsService Microsoft.EntityFrameworkCore.Database.Command Executed DbCommand (4ms) [Parameters=[], CommandType='"Text"', CommandTimeout='30']
DO $EF$
BEGIN
    IF NOT EXISTS(SELECT 1 FROM pg_namespace WHERE nspname = 'shelf_service') THEN
        CREATE SCHEMA shelf_service;
    END IF;
END $EF$;
CREATE TABLE IF NOT EXISTS shelf_service."__EFMigrationsHistory" (
    "MigrationId" character varying(150) NOT NULL,
    "ProductVersion" character varying(32) NOT NULL,
    CONSTRAINT "PK___EFMigrationsHistory" PRIMARY KEY ("MigrationId")
);
2026-07-05 16:25:21.470 +03:00 [INF] ShelfsService Microsoft.EntityFrameworkCore.Database.Command Executed DbCommand (4ms) [Parameters=[], CommandType='"Text"', CommandTimeout='30']
LOCK TABLE shelf_service."__EFMigrationsHistory" IN ACCESS EXCLUSIVE MODE
2026-07-05 16:25:21.474 +03:00 [INF] ShelfsService Microsoft.EntityFrameworkCore.Database.Command Executed DbCommand (2ms) [Parameters=[], CommandType='"Text"', CommandTimeout='30']
SELECT "MigrationId", "ProductVersion"
FROM shelf_service."__EFMigrationsHistory"
ORDER BY "MigrationId";
2026-07-05 16:25:21.474 +03:00 [INF] ShelfsService Microsoft.EntityFrameworkCore.Migrations No migrations were applied. The database is already up to date.
2026-07-05 16:25:21.677 +03:00 [INF] ShelfsService Microsoft.EntityFrameworkCore.Database.Command Executed DbCommand (3ms) [Parameters=[], CommandType='"Text"', CommandTimeout='30']
SELECT EXISTS (
    SELECT 1
    FROM shelf_service."Shelfs" AS s)
2026-07-05 16:25:21.699 +03:00 [INF] ShelfsService Microsoft.EntityFrameworkCore.Database.Command Executed DbCommand (3ms) [Parameters=[], CommandType='"Text"', CommandTimeout='30']
SELECT EXISTS (
    SELECT 1
    FROM shelf_service."Items" AS i)
2026-07-05 16:25:21.714 +03:00 [INF] ShelfsService Microsoft.EntityFrameworkCore.Database.Command Executed DbCommand (4ms) [Parameters=[], CommandType='"Text"', CommandTimeout='30']
SELECT EXISTS (
    SELECT 1
    FROM shelf_service."AttributesValues" AS a)
2026-07-05 16:25:21.725 +03:00 [INF] ShelfsService Microsoft.EntityFrameworkCore.Database.Command Executed DbCommand (4ms) [Parameters=[], CommandType='"Text"', CommandTimeout='30']
SELECT EXISTS (
    SELECT 1
    FROM shelf_service."Attributes" AS a)
2026-07-05 16:25:22.124 +03:00 [INF] ShelfsService Microsoft.Hosting.Lifetime Application started. Press Ctrl+C to shut down.
2026-07-05 16:25:22.125 +03:00 [INF] ShelfsService Microsoft.Hosting.Lifetime Hosting environment: Development
2026-07-05 16:25:22.125 +03:00 [INF] ShelfsService Microsoft.Hosting.Lifetime Content root path: D:\visualStudio\Projects\OnlineShelf\backend\Microservices\ShelfsService
2026-07-05 16:25:22.356 +03:00 [INF] ShelfsService Serilog.AspNetCore.RequestLoggingMiddleware HTTP OPTIONS /shelfs/items/bc540d10-cc61-41a6-8d42-5afdac6a0b1b responded 204 in 76.2757 ms
2026-07-05 16:25:22.356 +03:00 [INF] ShelfsService Serilog.AspNetCore.RequestLoggingMiddleware HTTP OPTIONS /shelfs/image/get-image/4b1f3cdf-fa97-4744-a677-47c0969b6af8_big.webp responded 204 in 76.3105 ms
2026-07-05 16:25:23.010 +03:00 [INF] ShelfsService Serilog.AspNetCore.RequestLoggingMiddleware HTTP GET /swagger/index.html responded 200 in 738.0372 ms
2026-07-05 16:25:23.306 +03:00 [INF] ShelfsService Microsoft.EntityFrameworkCore.Database.Command Executed DbCommand (54ms) [Parameters=[@__itemId_0='?' (DbType = Guid)], CommandType='"Text"', CommandTimeout='30']
SELECT i."Id", i."AttributeColorMain", i."AttributeColorSecond", i."AttributeMatterial", i."AttributePattern", i."AttributeSeason", i."AttributeType", i."BigImage", i."DateCreated", i."Name", i."ShelfId", i."SmallImage", i."UpdatedAt", i."UserId", i."isFavorite", i."positionKey"
FROM shelf_service."Items" AS i
WHERE i."Id" = @__itemId_0
LIMIT 1
2026-07-05 16:25:23.441 +03:00 [INF] ShelfsService ShelfsService.src.ShelfsService.Host.Features.Items.GetItemById Item "bc540d10-cc61-41a6-8d42-5afdac6a0b1b" was returned
2026-07-05 16:25:23.622 +03:00 [INF] ShelfsService Serilog.AspNetCore.RequestLoggingMiddleware HTTP GET /shelfs/items/bc540d10-cc61-41a6-8d42-5afdac6a0b1b responded 200 in 1235.5493 ms
2026-07-05 16:25:23.695 +03:00 [INF] ShelfsService Serilog.AspNetCore.RequestLoggingMiddleware HTTP GET /swagger/v1/swagger.json responded 200 in 314.3050 ms
2026-07-05 16:25:26.089 +03:00 [INF] ShelfsService Grpc.Net.Client.Internal.GrpcCall Call failed with gRPC error status. Status code: '"Unavailable"', Message: 'Error connecting to subchannel.'.
System.Net.Sockets.SocketException (11001): No such host is known.
   at System.Net.Sockets.Socket.AwaitableSocketAsyncEventArgs.ThrowException(SocketError error, CancellationToken cancellationToken)
   at System.Net.Sockets.Socket.AwaitableSocketAsyncEventArgs.System.Threading.Tasks.Sources.IValueTaskSource.GetResult(Int16 token)
   at System.Net.Sockets.Socket.<ConnectAsync>g__WaitForConnectWithCancellation|285_0(AwaitableSocketAsyncEventArgs saea, ValueTask connectTask, CancellationToken cancellationToken)
   at Grpc.Net.Client.Balancer.Internal.SocketConnectivitySubchannelTransport.TryConnectAsync(ConnectContext context, Int32 attempt)
2026-07-05 16:25:26.493 +03:00 [ERR] ShelfsService Serilog.AspNetCore.RequestLoggingMiddleware HTTP GET /shelfs/image/get-image/4b1f3cdf-fa97-4744-a677-47c0969b6af8_big.webp responded 500 in 4106.4221 ms
Grpc.Core.RpcException: Status(StatusCode="Unavailable", Detail="Error connecting to subchannel.", DebugException="System.Net.Sockets.SocketException: No such host is known.")
 ---> System.Net.Sockets.SocketException (11001): No such host is known.
   at System.Net.Sockets.Socket.AwaitableSocketAsyncEventArgs.ThrowException(SocketError error, CancellationToken cancellationToken)
   at System.Net.Sockets.Socket.AwaitableSocketAsyncEventArgs.System.Threading.Tasks.Sources.IValueTaskSource.GetResult(Int16 token)
   at System.Net.Sockets.Socket.<ConnectAsync>g__WaitForConnectWithCancellation|285_0(AwaitableSocketAsyncEventArgs saea, ValueTask connectTask, CancellationToken cancellationToken)
   at Grpc.Net.Client.Balancer.Internal.SocketConnectivitySubchannelTransport.TryConnectAsync(ConnectContext context, Int32 attempt)
   --- End of inner exception stack trace ---
   at Grpc.Net.Client.Internal.HttpContentClientStreamReader`2.MoveNextCore(CancellationToken cancellationToken)
   at Grpc.Core.AsyncStreamReaderExtensions.ReadAllAsyncCore[T](IAsyncStreamReader`1 streamReader, CancellationToken cancellationToken)+MoveNext()
   at Grpc.Core.AsyncStreamReaderExtensions.ReadAllAsyncCore[T](IAsyncStreamReader`1 streamReader, CancellationToken cancellationToken)+System.Threading.Tasks.Sources.IValueTaskSource<System.Boolean>.GetResult()
   at ShelfsService.src.ShelfsService.Host.Features.Items.GetPhotoByName.ExecuteAsync(GetImageByName req, CancellationToken ct) in D:\visualStudio\Projects\OnlineShelf\backend\Microservices\ShelfsService\src\ShelfsService.Host\Features\Images\GetImageByName.cs:line 50
   at ShelfsService.src.ShelfsService.Host.Features.Items.GetPhotoByName.ExecuteAsync(GetImageByName req, CancellationToken ct) in D:\visualStudio\Projects\OnlineShelf\backend\Microservices\ShelfsService\src\ShelfsService.Host\Features\Images\GetImageByName.cs:line 50
   at FastEndpoints.Endpoint`2.ExecAsync(CancellationToken ct)
   at FastEndpoints.Endpoint`2.ExecAsync(CancellationToken ct)
   at Microsoft.AspNetCore.Http.RequestDelegateFactory.ExecuteResultWriteResponse(IResult result, HttpContext httpContext)
   at Microsoft.AspNetCore.Authorization.AuthorizationMiddleware.Invoke(HttpContext context)
   at Microsoft.AspNetCore.Authentication.AuthenticationMiddleware.Invoke(HttpContext context)
   at Swashbuckle.AspNetCore.SwaggerUI.SwaggerUIMiddleware.Invoke(HttpContext httpContext)
   at Swashbuckle.AspNetCore.Swagger.SwaggerMiddleware.Invoke(HttpContext httpContext, ISwaggerProvider swaggerProvider)
   at Serilog.AspNetCore.RequestLoggingMiddleware.Invoke(HttpContext httpContext)
2026-07-05 16:25:26.514 +03:00 [ERR] ShelfsService Microsoft.AspNetCore.Diagnostics.DeveloperExceptionPageMiddleware An unhandled exception has occurred while executing the request.
Grpc.Core.RpcException: Status(StatusCode="Unavailable", Detail="Error connecting to subchannel.", DebugException="System.Net.Sockets.SocketException: No such host is known.")
 ---> System.Net.Sockets.SocketException (11001): No such host is known.
   at System.Net.Sockets.Socket.AwaitableSocketAsyncEventArgs.ThrowException(SocketError error, CancellationToken cancellationToken)
   at System.Net.Sockets.Socket.AwaitableSocketAsyncEventArgs.System.Threading.Tasks.Sources.IValueTaskSource.GetResult(Int16 token)
   at System.Net.Sockets.Socket.<ConnectAsync>g__WaitForConnectWithCancellation|285_0(AwaitableSocketAsyncEventArgs saea, ValueTask connectTask, CancellationToken cancellationToken)
   at Grpc.Net.Client.Balancer.Internal.SocketConnectivitySubchannelTransport.TryConnectAsync(ConnectContext context, Int32 attempt)
   --- End of inner exception stack trace ---
   at Grpc.Net.Client.Internal.HttpContentClientStreamReader`2.MoveNextCore(CancellationToken cancellationToken)
   at Grpc.Core.AsyncStreamReaderExtensions.ReadAllAsyncCore[T](IAsyncStreamReader`1 streamReader, CancellationToken cancellationToken)+MoveNext()
   at Grpc.Core.AsyncStreamReaderExtensions.ReadAllAsyncCore[T](IAsyncStreamReader`1 streamReader, CancellationToken cancellationToken)+System.Threading.Tasks.Sources.IValueTaskSource<System.Boolean>.GetResult()
   at ShelfsService.src.ShelfsService.Host.Features.Items.GetPhotoByName.ExecuteAsync(GetImageByName req, CancellationToken ct) in D:\visualStudio\Projects\OnlineShelf\backend\Microservices\ShelfsService\src\ShelfsService.Host\Features\Images\GetImageByName.cs:line 50
   at ShelfsService.src.ShelfsService.Host.Features.Items.GetPhotoByName.ExecuteAsync(GetImageByName req, CancellationToken ct) in D:\visualStudio\Projects\OnlineShelf\backend\Microservices\ShelfsService\src\ShelfsService.Host\Features\Images\GetImageByName.cs:line 50
   at FastEndpoints.Endpoint`2.ExecAsync(CancellationToken ct)
   at FastEndpoints.Endpoint`2.ExecAsync(CancellationToken ct)
   at Microsoft.AspNetCore.Http.RequestDelegateFactory.ExecuteResultWriteResponse(IResult result, HttpContext httpContext)
   at Microsoft.AspNetCore.Authorization.AuthorizationMiddleware.Invoke(HttpContext context)
   at Microsoft.AspNetCore.Authentication.AuthenticationMiddleware.Invoke(HttpContext context)
   at Swashbuckle.AspNetCore.SwaggerUI.SwaggerUIMiddleware.Invoke(HttpContext httpContext)
   at Swashbuckle.AspNetCore.Swagger.SwaggerMiddleware.Invoke(HttpContext httpContext, ISwaggerProvider swaggerProvider)
   at Serilog.AspNetCore.RequestLoggingMiddleware.Invoke(HttpContext httpContext)
   at Microsoft.AspNetCore.Diagnostics.DeveloperExceptionPageMiddlewareImpl.Invoke(HttpContext context)
2026-07-05 16:25:26.969 +03:00 [INF] ShelfsService Serilog.AspNetCore.RequestLoggingMiddleware HTTP OPTIONS /shelfs/items/attributes responded 204 in 0.2383 ms
2026-07-05 16:25:27.000 +03:00 [INF] ShelfsService Microsoft.EntityFrameworkCore.Database.Command Executed DbCommand (15ms) [Parameters=[@__itemId_0='?' (DbType = Guid)], CommandType='"Text"', CommandTimeout='30']
SELECT i."Id", i."AttributeColorMain", i."AttributeColorSecond", i."AttributeMatterial", i."AttributePattern", i."AttributeSeason", i."AttributeType", i."BigImage", i."DateCreated", i."Name", i."ShelfId", i."SmallImage", i."UpdatedAt", i."UserId", i."isFavorite", i."positionKey"
FROM shelf_service."Items" AS i
WHERE i."Id" = @__itemId_0
LIMIT 1
2026-07-05 16:25:27.002 +03:00 [INF] ShelfsService ShelfsService.src.ShelfsService.Host.Features.Items.GetItemById Item "bc540d10-cc61-41a6-8d42-5afdac6a0b1b" was returned
2026-07-05 16:25:27.031 +03:00 [INF] ShelfsService Serilog.AspNetCore.RequestLoggingMiddleware HTTP GET /shelfs/items/bc540d10-cc61-41a6-8d42-5afdac6a0b1b responded 200 in 60.5978 ms
2026-07-05 16:25:27.083 +03:00 [INF] ShelfsService Serilog.AspNetCore.RequestLoggingMiddleware HTTP GET /shelfs/items/attributes responded 200 in 104.2034 ms
2026-07-05 16:25:29.682 +03:00 [INF] ShelfsService Grpc.Net.Client.Internal.GrpcCall Call failed with gRPC error status. Status code: '"Unavailable"', Message: 'Error connecting to subchannel.'.
System.Net.Sockets.SocketException (11001): No such host is known.
   at System.Net.Sockets.Socket.AwaitableSocketAsyncEventArgs.ThrowException(SocketError error, CancellationToken cancellationToken)
   at System.Net.Sockets.Socket.AwaitableSocketAsyncEventArgs.System.Threading.Tasks.Sources.IValueTaskSource.GetResult(Int16 token)
   at System.Net.Sockets.Socket.<ConnectAsync>g__WaitForConnectWithCancellation|285_0(AwaitableSocketAsyncEventArgs saea, ValueTask connectTask, CancellationToken cancellationToken)
   at Grpc.Net.Client.Balancer.Internal.SocketConnectivitySubchannelTransport.TryConnectAsync(ConnectContext context, Int32 attempt)
2026-07-05 16:25:29.745 +03:00 [ERR] ShelfsService Serilog.AspNetCore.RequestLoggingMiddleware HTTP GET /shelfs/image/get-image/4b1f3cdf-fa97-4744-a677-47c0969b6af8_big.webp responded 500 in 2649.8368 ms
Grpc.Core.RpcException: Status(StatusCode="Unavailable", Detail="Error connecting to subchannel.", DebugException="System.Net.Sockets.SocketException: No such host is known.")
 ---> System.Net.Sockets.SocketException (11001): No such host is known.
   at System.Net.Sockets.Socket.AwaitableSocketAsyncEventArgs.ThrowException(SocketError error, CancellationToken cancellationToken)
   at System.Net.Sockets.Socket.AwaitableSocketAsyncEventArgs.System.Threading.Tasks.Sources.IValueTaskSource.GetResult(Int16 token)
   at System.Net.Sockets.Socket.<ConnectAsync>g__WaitForConnectWithCancellation|285_0(AwaitableSocketAsyncEventArgs saea, ValueTask connectTask, CancellationToken cancellationToken)
   at Grpc.Net.Client.Balancer.Internal.SocketConnectivitySubchannelTransport.TryConnectAsync(ConnectContext context, Int32 attempt)
   --- End of inner exception stack trace ---
   at Grpc.Net.Client.Internal.HttpContentClientStreamReader`2.MoveNextCore(CancellationToken cancellationToken)
   at Grpc.Core.AsyncStreamReaderExtensions.ReadAllAsyncCore[T](IAsyncStreamReader`1 streamReader, CancellationToken cancellationToken)+MoveNext()
   at Grpc.Core.AsyncStreamReaderExtensions.ReadAllAsyncCore[T](IAsyncStreamReader`1 streamReader, CancellationToken cancellationToken)+System.Threading.Tasks.Sources.IValueTaskSource<System.Boolean>.GetResult()
   at ShelfsService.src.ShelfsService.Host.Features.Items.GetPhotoByName.ExecuteAsync(GetImageByName req, CancellationToken ct) in D:\visualStudio\Projects\OnlineShelf\backend\Microservices\ShelfsService\src\ShelfsService.Host\Features\Images\GetImageByName.cs:line 50
   at ShelfsService.src.ShelfsService.Host.Features.Items.GetPhotoByName.ExecuteAsync(GetImageByName req, CancellationToken ct) in D:\visualStudio\Projects\OnlineShelf\backend\Microservices\ShelfsService\src\ShelfsService.Host\Features\Images\GetImageByName.cs:line 50
   at FastEndpoints.Endpoint`2.ExecAsync(CancellationToken ct)
   at FastEndpoints.Endpoint`2.ExecAsync(CancellationToken ct)
   at Microsoft.AspNetCore.Http.RequestDelegateFactory.ExecuteResultWriteResponse(IResult result, HttpContext httpContext)
   at Microsoft.AspNetCore.Authorization.AuthorizationMiddleware.Invoke(HttpContext context)
   at Microsoft.AspNetCore.Authentication.AuthenticationMiddleware.Invoke(HttpContext context)
   at Swashbuckle.AspNetCore.SwaggerUI.SwaggerUIMiddleware.Invoke(HttpContext httpContext)
   at Swashbuckle.AspNetCore.Swagger.SwaggerMiddleware.Invoke(HttpContext httpContext, ISwaggerProvider swaggerProvider)
   at Serilog.AspNetCore.RequestLoggingMiddleware.Invoke(HttpContext httpContext)
2026-07-05 16:25:29.751 +03:00 [ERR] ShelfsService Microsoft.AspNetCore.Diagnostics.DeveloperExceptionPageMiddleware An unhandled exception has occurred while executing the request.
Grpc.Core.RpcException: Status(StatusCode="Unavailable", Detail="Error connecting to subchannel.", DebugException="System.Net.Sockets.SocketException: No such host is known.")
 ---> System.Net.Sockets.SocketException (11001): No such host is known.
   at System.Net.Sockets.Socket.AwaitableSocketAsyncEventArgs.ThrowException(SocketError error, CancellationToken cancellationToken)
   at System.Net.Sockets.Socket.AwaitableSocketAsyncEventArgs.System.Threading.Tasks.Sources.IValueTaskSource.GetResult(Int16 token)
   at System.Net.Sockets.Socket.<ConnectAsync>g__WaitForConnectWithCancellation|285_0(AwaitableSocketAsyncEventArgs saea, ValueTask connectTask, CancellationToken cancellationToken)
   at Grpc.Net.Client.Balancer.Internal.SocketConnectivitySubchannelTransport.TryConnectAsync(ConnectContext context, Int32 attempt)
   --- End of inner exception stack trace ---
   at Grpc.Net.Client.Internal.HttpContentClientStreamReader`2.MoveNextCore(CancellationToken cancellationToken)
   at Grpc.Core.AsyncStreamReaderExtensions.ReadAllAsyncCore[T](IAsyncStreamReader`1 streamReader, CancellationToken cancellationToken)+MoveNext()
   at Grpc.Core.AsyncStreamReaderExtensions.ReadAllAsyncCore[T](IAsyncStreamReader`1 streamReader, CancellationToken cancellationToken)+System.Threading.Tasks.Sources.IValueTaskSource<System.Boolean>.GetResult()
   at ShelfsService.src.ShelfsService.Host.Features.Items.GetPhotoByName.ExecuteAsync(GetImageByName req, CancellationToken ct) in D:\visualStudio\Projects\OnlineShelf\backend\Microservices\ShelfsService\src\ShelfsService.Host\Features\Images\GetImageByName.cs:line 50
   at ShelfsService.src.ShelfsService.Host.Features.Items.GetPhotoByName.ExecuteAsync(GetImageByName req, CancellationToken ct) in D:\visualStudio\Projects\OnlineShelf\backend\Microservices\ShelfsService\src\ShelfsService.Host\Features\Images\GetImageByName.cs:line 50
   at FastEndpoints.Endpoint`2.ExecAsync(CancellationToken ct)
   at FastEndpoints.Endpoint`2.ExecAsync(CancellationToken ct)
   at Microsoft.AspNetCore.Http.RequestDelegateFactory.ExecuteResultWriteResponse(IResult result, HttpContext httpContext)
   at Microsoft.AspNetCore.Authorization.AuthorizationMiddleware.Invoke(HttpContext context)
   at Microsoft.AspNetCore.Authentication.AuthenticationMiddleware.Invoke(HttpContext context)
   at Swashbuckle.AspNetCore.SwaggerUI.SwaggerUIMiddleware.Invoke(HttpContext httpContext)
   at Swashbuckle.AspNetCore.Swagger.SwaggerMiddleware.Invoke(HttpContext httpContext, ISwaggerProvider swaggerProvider)
   at Serilog.AspNetCore.RequestLoggingMiddleware.Invoke(HttpContext httpContext)
   at Microsoft.AspNetCore.Diagnostics.DeveloperExceptionPageMiddlewareImpl.Invoke(HttpContext context)
2026-07-05 16:25:30.768 +03:00 [INF] ShelfsService Serilog.AspNetCore.RequestLoggingMiddleware HTTP OPTIONS /shelfs/image/get-image/4b1f3cdf-fa97-4744-a677-47c0969b6af8_big.webp responded 204 in 0.2272 ms
2026-07-05 16:25:30.780 +03:00 [INF] ShelfsService Grpc.Net.Client.Internal.GrpcCall Call failed with gRPC error status. Status code: '"Unavailable"', Message: 'Error connecting to subchannel.'.
System.Net.Sockets.SocketException (11001): No such host is known.
   at System.Net.Sockets.Socket.AwaitableSocketAsyncEventArgs.ThrowException(SocketError error, CancellationToken cancellationToken)
   at System.Net.Sockets.Socket.AwaitableSocketAsyncEventArgs.System.Threading.Tasks.Sources.IValueTaskSource.GetResult(Int16 token)
   at System.Net.Sockets.Socket.<ConnectAsync>g__WaitForConnectWithCancellation|285_0(AwaitableSocketAsyncEventArgs saea, ValueTask connectTask, CancellationToken cancellationToken)
   at Grpc.Net.Client.Balancer.Internal.SocketConnectivitySubchannelTransport.TryConnectAsync(ConnectContext context, Int32 attempt)
2026-07-05 16:25:30.882 +03:00 [ERR] ShelfsService Serilog.AspNetCore.RequestLoggingMiddleware HTTP GET /shelfs/image/get-image/4b1f3cdf-fa97-4744-a677-47c0969b6af8_big.webp responded 500 in 105.6864 ms
Grpc.Core.RpcException: Status(StatusCode="Unavailable", Detail="Error connecting to subchannel.", DebugException="System.Net.Sockets.SocketException: No such host is known.")
 ---> System.Net.Sockets.SocketException (11001): No such host is known.
   at System.Net.Sockets.Socket.AwaitableSocketAsyncEventArgs.ThrowException(SocketError error, CancellationToken cancellationToken)
   at System.Net.Sockets.Socket.AwaitableSocketAsyncEventArgs.System.Threading.Tasks.Sources.IValueTaskSource.GetResult(Int16 token)
   at System.Net.Sockets.Socket.<ConnectAsync>g__WaitForConnectWithCancellation|285_0(AwaitableSocketAsyncEventArgs saea, ValueTask connectTask, CancellationToken cancellationToken)
   at Grpc.Net.Client.Balancer.Internal.SocketConnectivitySubchannelTransport.TryConnectAsync(ConnectContext context, Int32 attempt)
   --- End of inner exception stack trace ---
   at Grpc.Core.AsyncStreamReaderExtensions.ReadAllAsyncCore[T](IAsyncStreamReader`1 streamReader, CancellationToken cancellationToken)+MoveNext()
   at Grpc.Core.AsyncStreamReaderExtensions.ReadAllAsyncCore[T](IAsyncStreamReader`1 streamReader, CancellationToken cancellationToken)+System.Threading.Tasks.Sources.IValueTaskSource<System.Boolean>.GetResult()
   at ShelfsService.src.ShelfsService.Host.Features.Items.GetPhotoByName.ExecuteAsync(GetImageByName req, CancellationToken ct) in D:\visualStudio\Projects\OnlineShelf\backend\Microservices\ShelfsService\src\ShelfsService.Host\Features\Images\GetImageByName.cs:line 50
   at ShelfsService.src.ShelfsService.Host.Features.Items.GetPhotoByName.ExecuteAsync(GetImageByName req, CancellationToken ct) in D:\visualStudio\Projects\OnlineShelf\backend\Microservices\ShelfsService\src\ShelfsService.Host\Features\Images\GetImageByName.cs:line 50
   at FastEndpoints.Endpoint`2.ExecAsync(CancellationToken ct)
   at FastEndpoints.Endpoint`2.ExecAsync(CancellationToken ct)
   at Microsoft.AspNetCore.Http.RequestDelegateFactory.ExecuteResultWriteResponse(IResult result, HttpContext httpContext)
   at Microsoft.AspNetCore.Authorization.AuthorizationMiddleware.Invoke(HttpContext context)
   at Microsoft.AspNetCore.Authentication.AuthenticationMiddleware.Invoke(HttpContext context)
   at Swashbuckle.AspNetCore.SwaggerUI.SwaggerUIMiddleware.Invoke(HttpContext httpContext)
   at Swashbuckle.AspNetCore.Swagger.SwaggerMiddleware.Invoke(HttpContext httpContext, ISwaggerProvider swaggerProvider)
   at Serilog.AspNetCore.RequestLoggingMiddleware.Invoke(HttpContext httpContext)
2026-07-05 16:25:30.888 +03:00 [ERR] ShelfsService Microsoft.AspNetCore.Diagnostics.DeveloperExceptionPageMiddleware An unhandled exception has occurred while executing the request.
Grpc.Core.RpcException: Status(StatusCode="Unavailable", Detail="Error connecting to subchannel.", DebugException="System.Net.Sockets.SocketException: No such host is known.")
 ---> System.Net.Sockets.SocketException (11001): No such host is known.
   at System.Net.Sockets.Socket.AwaitableSocketAsyncEventArgs.ThrowException(SocketError error, CancellationToken cancellationToken)
   at System.Net.Sockets.Socket.AwaitableSocketAsyncEventArgs.System.Threading.Tasks.Sources.IValueTaskSource.GetResult(Int16 token)
   at System.Net.Sockets.Socket.<ConnectAsync>g__WaitForConnectWithCancellation|285_0(AwaitableSocketAsyncEventArgs saea, ValueTask connectTask, CancellationToken cancellationToken)
   at Grpc.Net.Client.Balancer.Internal.SocketConnectivitySubchannelTransport.TryConnectAsync(ConnectContext context, Int32 attempt)
   --- End of inner exception stack trace ---
   at Grpc.Core.AsyncStreamReaderExtensions.ReadAllAsyncCore[T](IAsyncStreamReader`1 streamReader, CancellationToken cancellationToken)+MoveNext()
   at Grpc.Core.AsyncStreamReaderExtensions.ReadAllAsyncCore[T](IAsyncStreamReader`1 streamReader, CancellationToken cancellationToken)+System.Threading.Tasks.Sources.IValueTaskSource<System.Boolean>.GetResult()
   at ShelfsService.src.ShelfsService.Host.Features.Items.GetPhotoByName.ExecuteAsync(GetImageByName req, CancellationToken ct) in D:\visualStudio\Projects\OnlineShelf\backend\Microservices\ShelfsService\src\ShelfsService.Host\Features\Images\GetImageByName.cs:line 50
   at ShelfsService.src.ShelfsService.Host.Features.Items.GetPhotoByName.ExecuteAsync(GetImageByName req, CancellationToken ct) in D:\visualStudio\Projects\OnlineShelf\backend\Microservices\ShelfsService\src\ShelfsService.Host\Features\Images\GetImageByName.cs:line 50
   at FastEndpoints.Endpoint`2.ExecAsync(CancellationToken ct)
   at FastEndpoints.Endpoint`2.ExecAsync(CancellationToken ct)
   at Microsoft.AspNetCore.Http.RequestDelegateFactory.ExecuteResultWriteResponse(IResult result, HttpContext httpContext)
   at Microsoft.AspNetCore.Authorization.AuthorizationMiddleware.Invoke(HttpContext context)
   at Microsoft.AspNetCore.Authentication.AuthenticationMiddleware.Invoke(HttpContext context)
   at Swashbuckle.AspNetCore.SwaggerUI.SwaggerUIMiddleware.Invoke(HttpContext httpContext)
   at Swashbuckle.AspNetCore.Swagger.SwaggerMiddleware.Invoke(HttpContext httpContext, ISwaggerProvider swaggerProvider)
   at Serilog.AspNetCore.RequestLoggingMiddleware.Invoke(HttpContext httpContext)
   at Microsoft.AspNetCore.Diagnostics.DeveloperExceptionPageMiddlewareImpl.Invoke(HttpContext context)
2026-07-05 16:25:30.919 +03:00 [INF] ShelfsService Serilog.AspNetCore.RequestLoggingMiddleware HTTP OPTIONS /shelfs/items responded 204 in 0.3636 ms
2026-07-05 16:25:31.010 +03:00 [INF] ShelfsService Serilog.AspNetCore.RequestLoggingMiddleware HTTP PUT /shelfs/items responded 400 in 84.8903 ms
2026-07-05 16:25:34.237 +03:00 [INF] ShelfsService Grpc.Net.Client.Internal.GrpcCall Call failed with gRPC error status. Status code: '"Unavailable"', Message: 'Error connecting to subchannel.'.
System.Net.Sockets.SocketException (11001): No such host is known.
   at System.Net.Sockets.Socket.AwaitableSocketAsyncEventArgs.ThrowException(SocketError error, CancellationToken cancellationToken)
   at System.Net.Sockets.Socket.AwaitableSocketAsyncEventArgs.System.Threading.Tasks.Sources.IValueTaskSource.GetResult(Int16 token)
   at System.Net.Sockets.Socket.<ConnectAsync>g__WaitForConnectWithCancellation|285_0(AwaitableSocketAsyncEventArgs saea, ValueTask connectTask, CancellationToken cancellationToken)
   at Grpc.Net.Client.Balancer.Internal.SocketConnectivitySubchannelTransport.TryConnectAsync(ConnectContext context, Int32 attempt)
2026-07-05 16:25:34.289 +03:00 [ERR] ShelfsService Serilog.AspNetCore.RequestLoggingMiddleware HTTP GET /shelfs/image/get-image/4b1f3cdf-fa97-4744-a677-47c0969b6af8_big.webp responded 500 in 1358.7724 ms
Grpc.Core.RpcException: Status(StatusCode="Unavailable", Detail="Error connecting to subchannel.", DebugException="System.Net.Sockets.SocketException: No such host is known.")
 ---> System.Net.Sockets.SocketException (11001): No such host is known.
   at System.Net.Sockets.Socket.AwaitableSocketAsyncEventArgs.ThrowException(SocketError error, CancellationToken cancellationToken)
   at System.Net.Sockets.Socket.AwaitableSocketAsyncEventArgs.System.Threading.Tasks.Sources.IValueTaskSource.GetResult(Int16 token)
   at System.Net.Sockets.Socket.<ConnectAsync>g__WaitForConnectWithCancellation|285_0(AwaitableSocketAsyncEventArgs saea, ValueTask connectTask, CancellationToken cancellationToken)
   at Grpc.Net.Client.Balancer.Internal.SocketConnectivitySubchannelTransport.TryConnectAsync(ConnectContext context, Int32 attempt)
   --- End of inner exception stack trace ---
   at Grpc.Net.Client.Internal.HttpContentClientStreamReader`2.MoveNextCore(CancellationToken cancellationToken)
   at Grpc.Core.AsyncStreamReaderExtensions.ReadAllAsyncCore[T](IAsyncStreamReader`1 streamReader, CancellationToken cancellationToken)+MoveNext()
   at Grpc.Core.AsyncStreamReaderExtensions.ReadAllAsyncCore[T](IAsyncStreamReader`1 streamReader, CancellationToken cancellationToken)+System.Threading.Tasks.Sources.IValueTaskSource<System.Boolean>.GetResult()
   at ShelfsService.src.ShelfsService.Host.Features.Items.GetPhotoByName.ExecuteAsync(GetImageByName req, CancellationToken ct) in D:\visualStudio\Projects\OnlineShelf\backend\Microservices\ShelfsService\src\ShelfsService.Host\Features\Images\GetImageByName.cs:line 50
   at ShelfsService.src.ShelfsService.Host.Features.Items.GetPhotoByName.ExecuteAsync(GetImageByName req, CancellationToken ct) in D:\visualStudio\Projects\OnlineShelf\backend\Microservices\ShelfsService\src\ShelfsService.Host\Features\Images\GetImageByName.cs:line 50
   at FastEndpoints.Endpoint`2.ExecAsync(CancellationToken ct)
   at FastEndpoints.Endpoint`2.ExecAsync(CancellationToken ct)
   at Microsoft.AspNetCore.Http.RequestDelegateFactory.ExecuteResultWriteResponse(IResult result, HttpContext httpContext)
   at Microsoft.AspNetCore.Authorization.AuthorizationMiddleware.Invoke(HttpContext context)
   at Microsoft.AspNetCore.Authentication.AuthenticationMiddleware.Invoke(HttpContext context)
   at Swashbuckle.AspNetCore.SwaggerUI.SwaggerUIMiddleware.Invoke(HttpContext httpContext)
   at Swashbuckle.AspNetCore.Swagger.SwaggerMiddleware.Invoke(HttpContext httpContext, ISwaggerProvider swaggerProvider)
   at Serilog.AspNetCore.RequestLoggingMiddleware.Invoke(HttpContext httpContext)
2026-07-05 16:25:34.292 +03:00 [ERR] ShelfsService Microsoft.AspNetCore.Diagnostics.DeveloperExceptionPageMiddleware An unhandled exception has occurred while executing the request.
Grpc.Core.RpcException: Status(StatusCode="Unavailable", Detail="Error connecting to subchannel.", DebugException="System.Net.Sockets.SocketException: No such host is known.")
 ---> System.Net.Sockets.SocketException (11001): No such host is known.
   at System.Net.Sockets.Socket.AwaitableSocketAsyncEventArgs.ThrowException(SocketError error, CancellationToken cancellationToken)
   at System.Net.Sockets.Socket.AwaitableSocketAsyncEventArgs.System.Threading.Tasks.Sources.IValueTaskSource.GetResult(Int16 token)
   at System.Net.Sockets.Socket.<ConnectAsync>g__WaitForConnectWithCancellation|285_0(AwaitableSocketAsyncEventArgs saea, ValueTask connectTask, CancellationToken cancellationToken)
   at Grpc.Net.Client.Balancer.Internal.SocketConnectivitySubchannelTransport.TryConnectAsync(ConnectContext context, Int32 attempt)
   --- End of inner exception stack trace ---
   at Grpc.Net.Client.Internal.HttpContentClientStreamReader`2.MoveNextCore(CancellationToken cancellationToken)
   at Grpc.Core.AsyncStreamReaderExtensions.ReadAllAsyncCore[T](IAsyncStreamReader`1 streamReader, CancellationToken cancellationToken)+MoveNext()
   at Grpc.Core.AsyncStreamReaderExtensions.ReadAllAsyncCore[T](IAsyncStreamReader`1 streamReader, CancellationToken cancellationToken)+System.Threading.Tasks.Sources.IValueTaskSource<System.Boolean>.GetResult()
   at ShelfsService.src.ShelfsService.Host.Features.Items.GetPhotoByName.ExecuteAsync(GetImageByName req, CancellationToken ct) in D:\visualStudio\Projects\OnlineShelf\backend\Microservices\ShelfsService\src\ShelfsService.Host\Features\Images\GetImageByName.cs:line 50
   at ShelfsService.src.ShelfsService.Host.Features.Items.GetPhotoByName.ExecuteAsync(GetImageByName req, CancellationToken ct) in D:\visualStudio\Projects\OnlineShelf\backend\Microservices\ShelfsService\src\ShelfsService.Host\Features\Images\GetImageByName.cs:line 50
   at FastEndpoints.Endpoint`2.ExecAsync(CancellationToken ct)
   at FastEndpoints.Endpoint`2.ExecAsync(CancellationToken ct)
   at Microsoft.AspNetCore.Http.RequestDelegateFactory.ExecuteResultWriteResponse(IResult result, HttpContext httpContext)
   at Microsoft.AspNetCore.Authorization.AuthorizationMiddleware.Invoke(HttpContext context)
   at Microsoft.AspNetCore.Authentication.AuthenticationMiddleware.Invoke(HttpContext context)
   at Swashbuckle.AspNetCore.SwaggerUI.SwaggerUIMiddleware.Invoke(HttpContext httpContext)
   at Swashbuckle.AspNetCore.Swagger.SwaggerMiddleware.Invoke(HttpContext httpContext, ISwaggerProvider swaggerProvider)
   at Serilog.AspNetCore.RequestLoggingMiddleware.Invoke(HttpContext httpContext)
   at Microsoft.AspNetCore.Diagnostics.DeveloperExceptionPageMiddlewareImpl.Invoke(HttpContext context)
2026-07-05 16:25:38.314 +03:00 [INF] ShelfsService Serilog.AspNetCore.RequestLoggingMiddleware HTTP OPTIONS /shelfs/image/get-image/4b1f3cdf-fa97-4744-a677-47c0969b6af8_big.webp responded 204 in 0.0979 ms
2026-07-05 16:25:39.246 +03:00 [INF] ShelfsService Grpc.Net.Client.Internal.GrpcCall Call failed with gRPC error status. Status code: '"Unavailable"', Message: 'Error connecting to subchannel.'.
System.Net.Sockets.SocketException (11001): No such host is known.
   at System.Net.Sockets.Socket.AwaitableSocketAsyncEventArgs.ThrowException(SocketError error, CancellationToken cancellationToken)
   at System.Net.Sockets.Socket.AwaitableSocketAsyncEventArgs.System.Threading.Tasks.Sources.IValueTaskSource.GetResult(Int16 token)
   at System.Net.Sockets.Socket.<ConnectAsync>g__WaitForConnectWithCancellation|285_0(AwaitableSocketAsyncEventArgs saea, ValueTask connectTask, CancellationToken cancellationToken)
   at Grpc.Net.Client.Balancer.Internal.SocketConnectivitySubchannelTransport.TryConnectAsync(ConnectContext context, Int32 attempt)
2026-07-05 16:25:39.310 +03:00 [ERR] ShelfsService Serilog.AspNetCore.RequestLoggingMiddleware HTTP GET /shelfs/image/get-image/4b1f3cdf-fa97-4744-a677-47c0969b6af8_big.webp responded 500 in 987.2834 ms
Grpc.Core.RpcException: Status(StatusCode="Unavailable", Detail="Error connecting to subchannel.", DebugException="System.Net.Sockets.SocketException: No such host is known.")
 ---> System.Net.Sockets.SocketException (11001): No such host is known.
   at System.Net.Sockets.Socket.AwaitableSocketAsyncEventArgs.ThrowException(SocketError error, CancellationToken cancellationToken)
   at System.Net.Sockets.Socket.AwaitableSocketAsyncEventArgs.System.Threading.Tasks.Sources.IValueTaskSource.GetResult(Int16 token)
   at System.Net.Sockets.Socket.<ConnectAsync>g__WaitForConnectWithCancellation|285_0(AwaitableSocketAsyncEventArgs saea, ValueTask connectTask, CancellationToken cancellationToken)
   at Grpc.Net.Client.Balancer.Internal.SocketConnectivitySubchannelTransport.TryConnectAsync(ConnectContext context, Int32 attempt)
   --- End of inner exception stack trace ---
   at Grpc.Net.Client.Internal.HttpContentClientStreamReader`2.MoveNextCore(CancellationToken cancellationToken)
   at Grpc.Core.AsyncStreamReaderExtensions.ReadAllAsyncCore[T](IAsyncStreamReader`1 streamReader, CancellationToken cancellationToken)+MoveNext()
   at Grpc.Core.AsyncStreamReaderExtensions.ReadAllAsyncCore[T](IAsyncStreamReader`1 streamReader, CancellationToken cancellationToken)+System.Threading.Tasks.Sources.IValueTaskSource<System.Boolean>.GetResult()
   at ShelfsService.src.ShelfsService.Host.Features.Items.GetPhotoByName.ExecuteAsync(GetImageByName req, CancellationToken ct) in D:\visualStudio\Projects\OnlineShelf\backend\Microservices\ShelfsService\src\ShelfsService.Host\Features\Images\GetImageByName.cs:line 50
   at ShelfsService.src.ShelfsService.Host.Features.Items.GetPhotoByName.ExecuteAsync(GetImageByName req, CancellationToken ct) in D:\visualStudio\Projects\OnlineShelf\backend\Microservices\ShelfsService\src\ShelfsService.Host\Features\Images\GetImageByName.cs:line 50
   at FastEndpoints.Endpoint`2.ExecAsync(CancellationToken ct)
   at FastEndpoints.Endpoint`2.ExecAsync(CancellationToken ct)
   at Microsoft.AspNetCore.Http.RequestDelegateFactory.ExecuteResultWriteResponse(IResult result, HttpContext httpContext)
   at Microsoft.AspNetCore.Authorization.AuthorizationMiddleware.Invoke(HttpContext context)
   at Microsoft.AspNetCore.Authentication.AuthenticationMiddleware.Invoke(HttpContext context)
   at Swashbuckle.AspNetCore.SwaggerUI.SwaggerUIMiddleware.Invoke(HttpContext httpContext)
   at Swashbuckle.AspNetCore.Swagger.SwaggerMiddleware.Invoke(HttpContext httpContext, ISwaggerProvider swaggerProvider)
   at Serilog.AspNetCore.RequestLoggingMiddleware.Invoke(HttpContext httpContext)
2026-07-05 16:25:39.318 +03:00 [ERR] ShelfsService Microsoft.AspNetCore.Diagnostics.DeveloperExceptionPageMiddleware An unhandled exception has occurred while executing the request.
Grpc.Core.RpcException: Status(StatusCode="Unavailable", Detail="Error connecting to subchannel.", DebugException="System.Net.Sockets.SocketException: No such host is known.")
 ---> System.Net.Sockets.SocketException (11001): No such host is known.
   at System.Net.Sockets.Socket.AwaitableSocketAsyncEventArgs.ThrowException(SocketError error, CancellationToken cancellationToken)
   at System.Net.Sockets.Socket.AwaitableSocketAsyncEventArgs.System.Threading.Tasks.Sources.IValueTaskSource.GetResult(Int16 token)
   at System.Net.Sockets.Socket.<ConnectAsync>g__WaitForConnectWithCancellation|285_0(AwaitableSocketAsyncEventArgs saea, ValueTask connectTask, CancellationToken cancellationToken)
   at Grpc.Net.Client.Balancer.Internal.SocketConnectivitySubchannelTransport.TryConnectAsync(ConnectContext context, Int32 attempt)
   --- End of inner exception stack trace ---
   at Grpc.Net.Client.Internal.HttpContentClientStreamReader`2.MoveNextCore(CancellationToken cancellationToken)
   at Grpc.Core.AsyncStreamReaderExtensions.ReadAllAsyncCore[T](IAsyncStreamReader`1 streamReader, CancellationToken cancellationToken)+MoveNext()
   at Grpc.Core.AsyncStreamReaderExtensions.ReadAllAsyncCore[T](IAsyncStreamReader`1 streamReader, CancellationToken cancellationToken)+System.Threading.Tasks.Sources.IValueTaskSource<System.Boolean>.GetResult()
   at ShelfsService.src.ShelfsService.Host.Features.Items.GetPhotoByName.ExecuteAsync(GetImageByName req, CancellationToken ct) in D:\visualStudio\Projects\OnlineShelf\backend\Microservices\ShelfsService\src\ShelfsService.Host\Features\Images\GetImageByName.cs:line 50
   at ShelfsService.src.ShelfsService.Host.Features.Items.GetPhotoByName.ExecuteAsync(GetImageByName req, CancellationToken ct) in D:\visualStudio\Projects\OnlineShelf\backend\Microservices\ShelfsService\src\ShelfsService.Host\Features\Images\GetImageByName.cs:line 50
   at FastEndpoints.Endpoint`2.ExecAsync(CancellationToken ct)
   at FastEndpoints.Endpoint`2.ExecAsync(CancellationToken ct)
   at Microsoft.AspNetCore.Http.RequestDelegateFactory.ExecuteResultWriteResponse(IResult result, HttpContext httpContext)
   at Microsoft.AspNetCore.Authorization.AuthorizationMiddleware.Invoke(HttpContext context)
   at Microsoft.AspNetCore.Authentication.AuthenticationMiddleware.Invoke(HttpContext context)
   at Swashbuckle.AspNetCore.SwaggerUI.SwaggerUIMiddleware.Invoke(HttpContext httpContext)
   at Swashbuckle.AspNetCore.Swagger.SwaggerMiddleware.Invoke(HttpContext httpContext, ISwaggerProvider swaggerProvider)
   at Serilog.AspNetCore.RequestLoggingMiddleware.Invoke(HttpContext httpContext)
   at Microsoft.AspNetCore.Diagnostics.DeveloperExceptionPageMiddlewareImpl.Invoke(HttpContext context)
2026-07-05 16:31:28.366 +03:00 [INF] ShelfsService Microsoft.EntityFrameworkCore.Database.Command Executed DbCommand (96ms) [Parameters=[], CommandType='"Text"', CommandTimeout='30']
CREATE SCHEMA IF NOT EXISTS shelf_service;
2026-07-05 16:31:28.521 +03:00 [INF] ShelfsService Microsoft.EntityFrameworkCore.Database.Command Executed DbCommand (11ms) [Parameters=[], CommandType='"Text"', CommandTimeout='30']
SELECT "MigrationId", "ProductVersion"
FROM shelf_service."__EFMigrationsHistory"
ORDER BY "MigrationId";
2026-07-05 16:31:29.205 +03:00 [INF] ShelfsService Microsoft.EntityFrameworkCore.Database.Command Executed DbCommand (15ms) [Parameters=[], CommandType='"Text"', CommandTimeout='30']
DO $EF$
BEGIN
    IF NOT EXISTS(SELECT 1 FROM pg_namespace WHERE nspname = 'shelf_service') THEN
        CREATE SCHEMA shelf_service;
    END IF;
END $EF$;
CREATE TABLE IF NOT EXISTS shelf_service."__EFMigrationsHistory" (
    "MigrationId" character varying(150) NOT NULL,
    "ProductVersion" character varying(32) NOT NULL,
    CONSTRAINT "PK___EFMigrationsHistory" PRIMARY KEY ("MigrationId")
);
2026-07-05 16:31:29.238 +03:00 [INF] ShelfsService Microsoft.EntityFrameworkCore.Migrations Acquiring an exclusive lock for migration application. See https://aka.ms/efcore-docs-migrations-lock for more information if this takes too long.
2026-07-05 16:31:29.241 +03:00 [INF] ShelfsService Microsoft.EntityFrameworkCore.Database.Command Executed DbCommand (2ms) [Parameters=[], CommandType='"Text"', CommandTimeout='30']
LOCK TABLE shelf_service."__EFMigrationsHistory" IN ACCESS EXCLUSIVE MODE
2026-07-05 16:31:29.244 +03:00 [INF] ShelfsService Microsoft.EntityFrameworkCore.Database.Command Executed DbCommand (1ms) [Parameters=[], CommandType='"Text"', CommandTimeout='30']
SELECT "MigrationId", "ProductVersion"
FROM shelf_service."__EFMigrationsHistory"
ORDER BY "MigrationId";
2026-07-05 16:31:29.255 +03:00 [INF] ShelfsService Microsoft.EntityFrameworkCore.Migrations No migrations were applied. The database is already up to date.
2026-07-05 16:31:30.546 +03:00 [INF] ShelfsService Microsoft.EntityFrameworkCore.Database.Command Executed DbCommand (35ms) [Parameters=[], CommandType='"Text"', CommandTimeout='30']
SELECT a."Id", a."AttributeKey", a."Name"
FROM shelf_service."Attributes" AS a
2026-07-05 16:31:30.721 +03:00 [INF] ShelfsService Microsoft.EntityFrameworkCore.Database.Command Executed DbCommand (5ms) [Parameters=[], CommandType='"Text"', CommandTimeout='30']
SELECT a."Id", a."AttributeId", a."AttributeKey", a."AttributeValue"
FROM shelf_service."AttributesValues" AS a
2026-07-05 16:31:30.805 +03:00 [INF] ShelfsService FastEndpoints.StartupTimer Registered 12 endpoints in 6 568 milliseconds.
2026-07-05 16:31:30.928 +03:00 [INF] ShelfsService Microsoft.EntityFrameworkCore.Database.Command Executed DbCommand (14ms) [Parameters=[], CommandType='"Text"', CommandTimeout='30']
CREATE SCHEMA IF NOT EXISTS shelf_service;
2026-07-05 16:31:30.953 +03:00 [INF] ShelfsService Microsoft.EntityFrameworkCore.Database.Command Executed DbCommand (3ms) [Parameters=[], CommandType='"Text"', CommandTimeout='30']
SELECT "MigrationId", "ProductVersion"
FROM shelf_service."__EFMigrationsHistory"
ORDER BY "MigrationId";
2026-07-05 16:31:31.087 +03:00 [INF] ShelfsService Microsoft.EntityFrameworkCore.Database.Command Executed DbCommand (4ms) [Parameters=[], CommandType='"Text"', CommandTimeout='30']
DO $EF$
BEGIN
    IF NOT EXISTS(SELECT 1 FROM pg_namespace WHERE nspname = 'shelf_service') THEN
        CREATE SCHEMA shelf_service;
    END IF;
END $EF$;
CREATE TABLE IF NOT EXISTS shelf_service."__EFMigrationsHistory" (
    "MigrationId" character varying(150) NOT NULL,
    "ProductVersion" character varying(32) NOT NULL,
    CONSTRAINT "PK___EFMigrationsHistory" PRIMARY KEY ("MigrationId")
);
2026-07-05 16:31:31.124 +03:00 [INF] ShelfsService Microsoft.EntityFrameworkCore.Database.Command Executed DbCommand (2ms) [Parameters=[], CommandType='"Text"', CommandTimeout='30']
LOCK TABLE shelf_service."__EFMigrationsHistory" IN ACCESS EXCLUSIVE MODE
2026-07-05 16:31:31.133 +03:00 [INF] ShelfsService Microsoft.EntityFrameworkCore.Database.Command Executed DbCommand (3ms) [Parameters=[], CommandType='"Text"', CommandTimeout='30']
SELECT "MigrationId", "ProductVersion"
FROM shelf_service."__EFMigrationsHistory"
ORDER BY "MigrationId";
2026-07-05 16:31:31.136 +03:00 [INF] ShelfsService Microsoft.EntityFrameworkCore.Migrations No migrations were applied. The database is already up to date.
2026-07-05 16:31:31.164 +03:00 [INF] ShelfsService Microsoft.EntityFrameworkCore.Database.Command Executed DbCommand (3ms) [Parameters=[], CommandType='"Text"', CommandTimeout='30']
SELECT "MigrationId", "ProductVersion"
FROM shelf_service."__EFMigrationsHistory"
ORDER BY "MigrationId";
2026-07-05 16:31:31.205 +03:00 [INF] ShelfsService Microsoft.EntityFrameworkCore.Database.Command Executed DbCommand (4ms) [Parameters=[], CommandType='"Text"', CommandTimeout='30']
DO $EF$
BEGIN
    IF NOT EXISTS(SELECT 1 FROM pg_namespace WHERE nspname = 'shelf_service') THEN
        CREATE SCHEMA shelf_service;
    END IF;
END $EF$;
CREATE TABLE IF NOT EXISTS shelf_service."__EFMigrationsHistory" (
    "MigrationId" character varying(150) NOT NULL,
    "ProductVersion" character varying(32) NOT NULL,
    CONSTRAINT "PK___EFMigrationsHistory" PRIMARY KEY ("MigrationId")
);
2026-07-05 16:31:31.211 +03:00 [INF] ShelfsService Microsoft.EntityFrameworkCore.Database.Command Executed DbCommand (4ms) [Parameters=[], CommandType='"Text"', CommandTimeout='30']
LOCK TABLE shelf_service."__EFMigrationsHistory" IN ACCESS EXCLUSIVE MODE
2026-07-05 16:31:31.214 +03:00 [INF] ShelfsService Microsoft.EntityFrameworkCore.Database.Command Executed DbCommand (2ms) [Parameters=[], CommandType='"Text"', CommandTimeout='30']
SELECT "MigrationId", "ProductVersion"
FROM shelf_service."__EFMigrationsHistory"
ORDER BY "MigrationId";
2026-07-05 16:31:31.215 +03:00 [INF] ShelfsService Microsoft.EntityFrameworkCore.Migrations No migrations were applied. The database is already up to date.
2026-07-05 16:31:31.421 +03:00 [INF] ShelfsService Microsoft.EntityFrameworkCore.Database.Command Executed DbCommand (2ms) [Parameters=[], CommandType='"Text"', CommandTimeout='30']
SELECT EXISTS (
    SELECT 1
    FROM shelf_service."Shelfs" AS s)
2026-07-05 16:31:31.449 +03:00 [INF] ShelfsService Microsoft.EntityFrameworkCore.Database.Command Executed DbCommand (4ms) [Parameters=[], CommandType='"Text"', CommandTimeout='30']
SELECT EXISTS (
    SELECT 1
    FROM shelf_service."Items" AS i)
2026-07-05 16:31:31.463 +03:00 [INF] ShelfsService Microsoft.EntityFrameworkCore.Database.Command Executed DbCommand (4ms) [Parameters=[], CommandType='"Text"', CommandTimeout='30']
SELECT EXISTS (
    SELECT 1
    FROM shelf_service."AttributesValues" AS a)
2026-07-05 16:31:31.472 +03:00 [INF] ShelfsService Microsoft.EntityFrameworkCore.Database.Command Executed DbCommand (3ms) [Parameters=[], CommandType='"Text"', CommandTimeout='30']
SELECT EXISTS (
    SELECT 1
    FROM shelf_service."Attributes" AS a)
2026-07-05 16:31:31.795 +03:00 [INF] ShelfsService Microsoft.Hosting.Lifetime Application started. Press Ctrl+C to shut down.
2026-07-05 16:31:31.797 +03:00 [INF] ShelfsService Microsoft.Hosting.Lifetime Hosting environment: Development
2026-07-05 16:31:31.797 +03:00 [INF] ShelfsService Microsoft.Hosting.Lifetime Content root path: D:\visualStudio\Projects\OnlineShelf\backend\Microservices\ShelfsService
2026-07-05 16:31:32.053 +03:00 [INF] ShelfsService Serilog.AspNetCore.RequestLoggingMiddleware HTTP OPTIONS /shelfs/items/bc540d10-cc61-41a6-8d42-5afdac6a0b1b responded 204 in 59.2141 ms
2026-07-05 16:31:32.053 +03:00 [INF] ShelfsService Serilog.AspNetCore.RequestLoggingMiddleware HTTP OPTIONS /shelfs/items/attributes responded 204 in 91.0387 ms
2026-07-05 16:31:32.679 +03:00 [INF] ShelfsService Serilog.AspNetCore.RequestLoggingMiddleware HTTP GET /swagger/index.html responded 200 in 722.0765 ms
2026-07-05 16:31:32.795 +03:00 [INF] ShelfsService Serilog.AspNetCore.RequestLoggingMiddleware HTTP GET /shelfs/items/attributes responded 200 in 714.5834 ms
2026-07-05 16:31:32.963 +03:00 [INF] ShelfsService Microsoft.EntityFrameworkCore.Database.Command Executed DbCommand (44ms) [Parameters=[@__itemId_0='?' (DbType = Guid)], CommandType='"Text"', CommandTimeout='30']
SELECT i."Id", i."AttributeColorMain", i."AttributeColorSecond", i."AttributeMatterial", i."AttributePattern", i."AttributeSeason", i."AttributeType", i."BigImage", i."DateCreated", i."Name", i."ShelfId", i."SmallImage", i."UpdatedAt", i."UserId", i."isFavorite", i."positionKey"
FROM shelf_service."Items" AS i
WHERE i."Id" = @__itemId_0
LIMIT 1
2026-07-05 16:31:33.096 +03:00 [INF] ShelfsService ShelfsService.src.ShelfsService.Host.Features.Items.GetItemById Item "bc540d10-cc61-41a6-8d42-5afdac6a0b1b" was returned
2026-07-05 16:31:33.222 +03:00 [INF] ShelfsService Serilog.AspNetCore.RequestLoggingMiddleware HTTP GET /shelfs/items/bc540d10-cc61-41a6-8d42-5afdac6a0b1b responded 200 in 1138.7499 ms
2026-07-05 16:31:33.334 +03:00 [INF] ShelfsService Serilog.AspNetCore.RequestLoggingMiddleware HTTP GET /swagger/v1/swagger.json responded 200 in 293.0145 ms
2026-07-05 16:31:34.057 +03:00 [INF] ShelfsService Serilog.AspNetCore.RequestLoggingMiddleware HTTP OPTIONS /shelfs/image/get-image/4b1f3cdf-fa97-4744-a677-47c0969b6af8_big.webp responded 204 in 0.1882 ms
2026-07-05 16:31:37.031 +03:00 [INF] ShelfsService Grpc.Net.Client.Internal.GrpcCall Call failed with gRPC error status. Status code: '"Unavailable"', Message: 'Error connecting to subchannel.'.
System.Net.Sockets.SocketException (11001): No such host is known.
   at System.Net.Sockets.Socket.AwaitableSocketAsyncEventArgs.ThrowException(SocketError error, CancellationToken cancellationToken)
   at System.Net.Sockets.Socket.AwaitableSocketAsyncEventArgs.System.Threading.Tasks.Sources.IValueTaskSource.GetResult(Int16 token)
   at System.Net.Sockets.Socket.<ConnectAsync>g__WaitForConnectWithCancellation|285_0(AwaitableSocketAsyncEventArgs saea, ValueTask connectTask, CancellationToken cancellationToken)
   at Grpc.Net.Client.Balancer.Internal.SocketConnectivitySubchannelTransport.TryConnectAsync(ConnectContext context, Int32 attempt)
2026-07-05 16:31:37.395 +03:00 [ERR] ShelfsService Serilog.AspNetCore.RequestLoggingMiddleware HTTP GET /shelfs/image/get-image/4b1f3cdf-fa97-4744-a677-47c0969b6af8_big.webp responded 500 in 3333.0320 ms
Grpc.Core.RpcException: Status(StatusCode="Unavailable", Detail="Error connecting to subchannel.", DebugException="System.Net.Sockets.SocketException: No such host is known.")
 ---> System.Net.Sockets.SocketException (11001): No such host is known.
   at System.Net.Sockets.Socket.AwaitableSocketAsyncEventArgs.ThrowException(SocketError error, CancellationToken cancellationToken)
   at System.Net.Sockets.Socket.AwaitableSocketAsyncEventArgs.System.Threading.Tasks.Sources.IValueTaskSource.GetResult(Int16 token)
   at System.Net.Sockets.Socket.<ConnectAsync>g__WaitForConnectWithCancellation|285_0(AwaitableSocketAsyncEventArgs saea, ValueTask connectTask, CancellationToken cancellationToken)
   at Grpc.Net.Client.Balancer.Internal.SocketConnectivitySubchannelTransport.TryConnectAsync(ConnectContext context, Int32 attempt)
   --- End of inner exception stack trace ---
   at Grpc.Net.Client.Internal.HttpContentClientStreamReader`2.MoveNextCore(CancellationToken cancellationToken)
   at Grpc.Core.AsyncStreamReaderExtensions.ReadAllAsyncCore[T](IAsyncStreamReader`1 streamReader, CancellationToken cancellationToken)+MoveNext()
   at Grpc.Core.AsyncStreamReaderExtensions.ReadAllAsyncCore[T](IAsyncStreamReader`1 streamReader, CancellationToken cancellationToken)+System.Threading.Tasks.Sources.IValueTaskSource<System.Boolean>.GetResult()
   at ShelfsService.src.ShelfsService.Host.Features.Items.GetPhotoByName.ExecuteAsync(GetImageByName req, CancellationToken ct) in D:\visualStudio\Projects\OnlineShelf\backend\Microservices\ShelfsService\src\ShelfsService.Host\Features\Images\GetImageByName.cs:line 50
   at ShelfsService.src.ShelfsService.Host.Features.Items.GetPhotoByName.ExecuteAsync(GetImageByName req, CancellationToken ct) in D:\visualStudio\Projects\OnlineShelf\backend\Microservices\ShelfsService\src\ShelfsService.Host\Features\Images\GetImageByName.cs:line 50
   at FastEndpoints.Endpoint`2.ExecAsync(CancellationToken ct)
   at FastEndpoints.Endpoint`2.ExecAsync(CancellationToken ct)
   at Microsoft.AspNetCore.Http.RequestDelegateFactory.ExecuteResultWriteResponse(IResult result, HttpContext httpContext)
   at Microsoft.AspNetCore.Authorization.AuthorizationMiddleware.Invoke(HttpContext context)
   at Microsoft.AspNetCore.Authentication.AuthenticationMiddleware.Invoke(HttpContext context)
   at Swashbuckle.AspNetCore.SwaggerUI.SwaggerUIMiddleware.Invoke(HttpContext httpContext)
   at Swashbuckle.AspNetCore.Swagger.SwaggerMiddleware.Invoke(HttpContext httpContext, ISwaggerProvider swaggerProvider)
   at Serilog.AspNetCore.RequestLoggingMiddleware.Invoke(HttpContext httpContext)
2026-07-05 16:31:37.413 +03:00 [ERR] ShelfsService Microsoft.AspNetCore.Diagnostics.DeveloperExceptionPageMiddleware An unhandled exception has occurred while executing the request.
Grpc.Core.RpcException: Status(StatusCode="Unavailable", Detail="Error connecting to subchannel.", DebugException="System.Net.Sockets.SocketException: No such host is known.")
 ---> System.Net.Sockets.SocketException (11001): No such host is known.
   at System.Net.Sockets.Socket.AwaitableSocketAsyncEventArgs.ThrowException(SocketError error, CancellationToken cancellationToken)
   at System.Net.Sockets.Socket.AwaitableSocketAsyncEventArgs.System.Threading.Tasks.Sources.IValueTaskSource.GetResult(Int16 token)
   at System.Net.Sockets.Socket.<ConnectAsync>g__WaitForConnectWithCancellation|285_0(AwaitableSocketAsyncEventArgs saea, ValueTask connectTask, CancellationToken cancellationToken)
   at Grpc.Net.Client.Balancer.Internal.SocketConnectivitySubchannelTransport.TryConnectAsync(ConnectContext context, Int32 attempt)
   --- End of inner exception stack trace ---
   at Grpc.Net.Client.Internal.HttpContentClientStreamReader`2.MoveNextCore(CancellationToken cancellationToken)
   at Grpc.Core.AsyncStreamReaderExtensions.ReadAllAsyncCore[T](IAsyncStreamReader`1 streamReader, CancellationToken cancellationToken)+MoveNext()
   at Grpc.Core.AsyncStreamReaderExtensions.ReadAllAsyncCore[T](IAsyncStreamReader`1 streamReader, CancellationToken cancellationToken)+System.Threading.Tasks.Sources.IValueTaskSource<System.Boolean>.GetResult()
   at ShelfsService.src.ShelfsService.Host.Features.Items.GetPhotoByName.ExecuteAsync(GetImageByName req, CancellationToken ct) in D:\visualStudio\Projects\OnlineShelf\backend\Microservices\ShelfsService\src\ShelfsService.Host\Features\Images\GetImageByName.cs:line 50
   at ShelfsService.src.ShelfsService.Host.Features.Items.GetPhotoByName.ExecuteAsync(GetImageByName req, CancellationToken ct) in D:\visualStudio\Projects\OnlineShelf\backend\Microservices\ShelfsService\src\ShelfsService.Host\Features\Images\GetImageByName.cs:line 50
   at FastEndpoints.Endpoint`2.ExecAsync(CancellationToken ct)
   at FastEndpoints.Endpoint`2.ExecAsync(CancellationToken ct)
   at Microsoft.AspNetCore.Http.RequestDelegateFactory.ExecuteResultWriteResponse(IResult result, HttpContext httpContext)
   at Microsoft.AspNetCore.Authorization.AuthorizationMiddleware.Invoke(HttpContext context)
   at Microsoft.AspNetCore.Authentication.AuthenticationMiddleware.Invoke(HttpContext context)
   at Swashbuckle.AspNetCore.SwaggerUI.SwaggerUIMiddleware.Invoke(HttpContext httpContext)
   at Swashbuckle.AspNetCore.Swagger.SwaggerMiddleware.Invoke(HttpContext httpContext, ISwaggerProvider swaggerProvider)
   at Serilog.AspNetCore.RequestLoggingMiddleware.Invoke(HttpContext httpContext)
   at Microsoft.AspNetCore.Diagnostics.DeveloperExceptionPageMiddlewareImpl.Invoke(HttpContext context)
2026-07-05 16:31:40.204 +03:00 [INF] ShelfsService Serilog.AspNetCore.RequestLoggingMiddleware HTTP OPTIONS /shelfs/items responded 204 in 0.2668 ms
2026-07-05 16:35:18.747 +03:00 [INF] ShelfsService Microsoft.EntityFrameworkCore.Database.Command Executed DbCommand (7ms) [Parameters=[@__itemId_0='?' (DbType = Guid)], CommandType='"Text"', CommandTimeout='30']
SELECT i."Id", i."AttributeColorMain", i."AttributeColorSecond", i."AttributeMatterial", i."AttributePattern", i."AttributeSeason", i."AttributeType", i."BigImage", i."DateCreated", i."Name", i."ShelfId", i."SmallImage", i."UpdatedAt", i."UserId", i."isFavorite", i."positionKey"
FROM shelf_service."Items" AS i
WHERE i."Id" = @__itemId_0
LIMIT 1
2026-07-05 16:35:18.745 +03:00 [INF] ShelfsService Grpc.Net.Client.Internal.GrpcCall Call failed with gRPC error status. Status code: '"Unavailable"', Message: 'Error connecting to subchannel.'.
System.Net.Sockets.SocketException (11001): No such host is known.
   at System.Net.Sockets.Socket.AwaitableSocketAsyncEventArgs.ThrowException(SocketError error, CancellationToken cancellationToken)
   at System.Net.Sockets.Socket.AwaitableSocketAsyncEventArgs.System.Threading.Tasks.Sources.IValueTaskSource.GetResult(Int16 token)
   at System.Net.Sockets.Socket.<ConnectAsync>g__WaitForConnectWithCancellation|285_0(AwaitableSocketAsyncEventArgs saea, ValueTask connectTask, CancellationToken cancellationToken)
   at Grpc.Net.Client.Balancer.Internal.SocketConnectivitySubchannelTransport.TryConnectAsync(ConnectContext context, Int32 attempt)
2026-07-05 16:35:18.797 +03:00 [ERR] ShelfsService Serilog.AspNetCore.RequestLoggingMiddleware HTTP GET /shelfs/image/get-image/4b1f3cdf-fa97-4744-a677-47c0969b6af8_big.webp responded 500 in 220343.5126 ms
Grpc.Core.RpcException: Status(StatusCode="Unavailable", Detail="Error connecting to subchannel.", DebugException="System.Net.Sockets.SocketException: No such host is known.")
 ---> System.Net.Sockets.SocketException (11001): No such host is known.
   at System.Net.Sockets.Socket.AwaitableSocketAsyncEventArgs.ThrowException(SocketError error, CancellationToken cancellationToken)
   at System.Net.Sockets.Socket.AwaitableSocketAsyncEventArgs.System.Threading.Tasks.Sources.IValueTaskSource.GetResult(Int16 token)
   at System.Net.Sockets.Socket.<ConnectAsync>g__WaitForConnectWithCancellation|285_0(AwaitableSocketAsyncEventArgs saea, ValueTask connectTask, CancellationToken cancellationToken)
   at Grpc.Net.Client.Balancer.Internal.SocketConnectivitySubchannelTransport.TryConnectAsync(ConnectContext context, Int32 attempt)
   --- End of inner exception stack trace ---
   at Grpc.Net.Client.Internal.HttpContentClientStreamReader`2.MoveNextCore(CancellationToken cancellationToken)
   at Grpc.Core.AsyncStreamReaderExtensions.ReadAllAsyncCore[T](IAsyncStreamReader`1 streamReader, CancellationToken cancellationToken)+MoveNext()
   at Grpc.Core.AsyncStreamReaderExtensions.ReadAllAsyncCore[T](IAsyncStreamReader`1 streamReader, CancellationToken cancellationToken)+System.Threading.Tasks.Sources.IValueTaskSource<System.Boolean>.GetResult()
   at ShelfsService.src.ShelfsService.Host.Features.Items.GetPhotoByName.ExecuteAsync(GetImageByName req, CancellationToken ct) in D:\visualStudio\Projects\OnlineShelf\backend\Microservices\ShelfsService\src\ShelfsService.Host\Features\Images\GetImageByName.cs:line 50
   at ShelfsService.src.ShelfsService.Host.Features.Items.GetPhotoByName.ExecuteAsync(GetImageByName req, CancellationToken ct) in D:\visualStudio\Projects\OnlineShelf\backend\Microservices\ShelfsService\src\ShelfsService.Host\Features\Images\GetImageByName.cs:line 50
   at FastEndpoints.Endpoint`2.ExecAsync(CancellationToken ct)
   at FastEndpoints.Endpoint`2.ExecAsync(CancellationToken ct)
   at Microsoft.AspNetCore.Http.RequestDelegateFactory.ExecuteResultWriteResponse(IResult result, HttpContext httpContext)
   at Microsoft.AspNetCore.Authorization.AuthorizationMiddleware.Invoke(HttpContext context)
   at Microsoft.AspNetCore.Authentication.AuthenticationMiddleware.Invoke(HttpContext context)
   at Swashbuckle.AspNetCore.SwaggerUI.SwaggerUIMiddleware.Invoke(HttpContext httpContext)
   at Swashbuckle.AspNetCore.Swagger.SwaggerMiddleware.Invoke(HttpContext httpContext, ISwaggerProvider swaggerProvider)
   at Serilog.AspNetCore.RequestLoggingMiddleware.Invoke(HttpContext httpContext)
2026-07-05 16:35:18.801 +03:00 [ERR] ShelfsService Microsoft.AspNetCore.Diagnostics.DeveloperExceptionPageMiddleware An unhandled exception has occurred while executing the request.
Grpc.Core.RpcException: Status(StatusCode="Unavailable", Detail="Error connecting to subchannel.", DebugException="System.Net.Sockets.SocketException: No such host is known.")
 ---> System.Net.Sockets.SocketException (11001): No such host is known.
   at System.Net.Sockets.Socket.AwaitableSocketAsyncEventArgs.ThrowException(SocketError error, CancellationToken cancellationToken)
   at System.Net.Sockets.Socket.AwaitableSocketAsyncEventArgs.System.Threading.Tasks.Sources.IValueTaskSource.GetResult(Int16 token)
   at System.Net.Sockets.Socket.<ConnectAsync>g__WaitForConnectWithCancellation|285_0(AwaitableSocketAsyncEventArgs saea, ValueTask connectTask, CancellationToken cancellationToken)
   at Grpc.Net.Client.Balancer.Internal.SocketConnectivitySubchannelTransport.TryConnectAsync(ConnectContext context, Int32 attempt)
   --- End of inner exception stack trace ---
   at Grpc.Net.Client.Internal.HttpContentClientStreamReader`2.MoveNextCore(CancellationToken cancellationToken)
   at Grpc.Core.AsyncStreamReaderExtensions.ReadAllAsyncCore[T](IAsyncStreamReader`1 streamReader, CancellationToken cancellationToken)+MoveNext()
   at Grpc.Core.AsyncStreamReaderExtensions.ReadAllAsyncCore[T](IAsyncStreamReader`1 streamReader, CancellationToken cancellationToken)+System.Threading.Tasks.Sources.IValueTaskSource<System.Boolean>.GetResult()
   at ShelfsService.src.ShelfsService.Host.Features.Items.GetPhotoByName.ExecuteAsync(GetImageByName req, CancellationToken ct) in D:\visualStudio\Projects\OnlineShelf\backend\Microservices\ShelfsService\src\ShelfsService.Host\Features\Images\GetImageByName.cs:line 50
   at ShelfsService.src.ShelfsService.Host.Features.Items.GetPhotoByName.ExecuteAsync(GetImageByName req, CancellationToken ct) in D:\visualStudio\Projects\OnlineShelf\backend\Microservices\ShelfsService\src\ShelfsService.Host\Features\Images\GetImageByName.cs:line 50
   at FastEndpoints.Endpoint`2.ExecAsync(CancellationToken ct)
   at FastEndpoints.Endpoint`2.ExecAsync(CancellationToken ct)
   at Microsoft.AspNetCore.Http.RequestDelegateFactory.ExecuteResultWriteResponse(IResult result, HttpContext httpContext)
   at Microsoft.AspNetCore.Authorization.AuthorizationMiddleware.Invoke(HttpContext context)
   at Microsoft.AspNetCore.Authentication.AuthenticationMiddleware.Invoke(HttpContext context)
   at Swashbuckle.AspNetCore.SwaggerUI.SwaggerUIMiddleware.Invoke(HttpContext httpContext)
   at Swashbuckle.AspNetCore.Swagger.SwaggerMiddleware.Invoke(HttpContext httpContext, ISwaggerProvider swaggerProvider)
   at Serilog.AspNetCore.RequestLoggingMiddleware.Invoke(HttpContext httpContext)
   at Microsoft.AspNetCore.Diagnostics.DeveloperExceptionPageMiddlewareImpl.Invoke(HttpContext context)
2026-07-05 16:35:18.970 +03:00 [INF] ShelfsService Microsoft.EntityFrameworkCore.Database.Command Executed DbCommand (15ms) [Parameters=[@p15='?' (DbType = Guid), @p0='?', @p1='?', @p2='?' (DbType = Int32), @p3='?' (DbType = Int32), @p4='?' (DbType = Int32), @p5='?' (DbType = Int32), @p6='?', @p7='?' (DbType = DateTime), @p8='?', @p9='?' (DbType = Guid), @p10='?', @p11='?' (DbType = DateTime), @p12='?' (DbType = Guid), @p13='?' (DbType = Boolean), @p14='?'], CommandType='"Text"', CommandTimeout='30']
UPDATE shelf_service."Items" SET "AttributeColorMain" = @p0, "AttributeColorSecond" = @p1, "AttributeMatterial" = @p2, "AttributePattern" = @p3, "AttributeSeason" = @p4, "AttributeType" = @p5, "BigImage" = @p6, "DateCreated" = @p7, "Name" = @p8, "ShelfId" = @p9, "SmallImage" = @p10, "UpdatedAt" = @p11, "UserId" = @p12, "isFavorite" = @p13, "positionKey" = @p14
WHERE "Id" = @p15;
2026-07-05 16:35:18.993 +03:00 [INF] ShelfsService Serilog.AspNetCore.RequestLoggingMiddleware HTTP PUT /shelfs/items responded 200 in 218782.7810 ms
2026-07-05 16:35:19.009 +03:00 [INF] ShelfsService Serilog.AspNetCore.RequestLoggingMiddleware HTTP OPTIONS /shelfs/items/bc540d10-cc61-41a6-8d42-5afdac6a0b1b responded 204 in 0.2942 ms
2026-07-05 16:35:19.040 +03:00 [INF] ShelfsService Microsoft.EntityFrameworkCore.Database.Command Executed DbCommand (6ms) [Parameters=[@__itemId_0='?' (DbType = Guid)], CommandType='"Text"', CommandTimeout='30']
SELECT i."Id", i."AttributeColorMain", i."AttributeColorSecond", i."AttributeMatterial", i."AttributePattern", i."AttributeSeason", i."AttributeType", i."BigImage", i."DateCreated", i."Name", i."ShelfId", i."SmallImage", i."UpdatedAt", i."UserId", i."isFavorite", i."positionKey"
FROM shelf_service."Items" AS i
WHERE i."Id" = @__itemId_0
LIMIT 1
2026-07-05 16:35:19.041 +03:00 [INF] ShelfsService ShelfsService.src.ShelfsService.Host.Features.Items.GetItemById Item "bc540d10-cc61-41a6-8d42-5afdac6a0b1b" was returned
2026-07-05 16:35:19.044 +03:00 [INF] ShelfsService Serilog.AspNetCore.RequestLoggingMiddleware HTTP GET /shelfs/items/bc540d10-cc61-41a6-8d42-5afdac6a0b1b responded 200 in 15.2585 ms
2026-07-05 16:35:26.100 +03:00 [INF] ShelfsService Serilog.AspNetCore.RequestLoggingMiddleware HTTP OPTIONS /shelfs/image/get-image/4b1f3cdf-fa97-4744-a677-47c0969b6af8_big.webp responded 204 in 0.1198 ms
2026-07-05 16:35:28.593 +03:00 [INF] ShelfsService Grpc.Net.Client.Internal.GrpcCall Call failed with gRPC error status. Status code: '"Unavailable"', Message: 'Error connecting to subchannel.'.
System.Net.Sockets.SocketException (11001): No such host is known.
   at System.Net.Sockets.Socket.AwaitableSocketAsyncEventArgs.ThrowException(SocketError error, CancellationToken cancellationToken)
   at System.Net.Sockets.Socket.AwaitableSocketAsyncEventArgs.System.Threading.Tasks.Sources.IValueTaskSource.GetResult(Int16 token)
   at System.Net.Sockets.Socket.<ConnectAsync>g__WaitForConnectWithCancellation|285_0(AwaitableSocketAsyncEventArgs saea, ValueTask connectTask, CancellationToken cancellationToken)
   at Grpc.Net.Client.Balancer.Internal.SocketConnectivitySubchannelTransport.TryConnectAsync(ConnectContext context, Int32 attempt)
2026-07-05 16:35:28.652 +03:00 [ERR] ShelfsService Serilog.AspNetCore.RequestLoggingMiddleware HTTP GET /shelfs/image/get-image/4b1f3cdf-fa97-4744-a677-47c0969b6af8_big.webp responded 500 in 2545.8759 ms
Grpc.Core.RpcException: Status(StatusCode="Unavailable", Detail="Error connecting to subchannel.", DebugException="System.Net.Sockets.SocketException: No such host is known.")
 ---> System.Net.Sockets.SocketException (11001): No such host is known.
   at System.Net.Sockets.Socket.AwaitableSocketAsyncEventArgs.ThrowException(SocketError error, CancellationToken cancellationToken)
   at System.Net.Sockets.Socket.AwaitableSocketAsyncEventArgs.System.Threading.Tasks.Sources.IValueTaskSource.GetResult(Int16 token)
   at System.Net.Sockets.Socket.<ConnectAsync>g__WaitForConnectWithCancellation|285_0(AwaitableSocketAsyncEventArgs saea, ValueTask connectTask, CancellationToken cancellationToken)
   at Grpc.Net.Client.Balancer.Internal.SocketConnectivitySubchannelTransport.TryConnectAsync(ConnectContext context, Int32 attempt)
   --- End of inner exception stack trace ---
   at Grpc.Net.Client.Internal.HttpContentClientStreamReader`2.MoveNextCore(CancellationToken cancellationToken)
   at Grpc.Core.AsyncStreamReaderExtensions.ReadAllAsyncCore[T](IAsyncStreamReader`1 streamReader, CancellationToken cancellationToken)+MoveNext()
   at Grpc.Core.AsyncStreamReaderExtensions.ReadAllAsyncCore[T](IAsyncStreamReader`1 streamReader, CancellationToken cancellationToken)+System.Threading.Tasks.Sources.IValueTaskSource<System.Boolean>.GetResult()
   at ShelfsService.src.ShelfsService.Host.Features.Items.GetPhotoByName.ExecuteAsync(GetImageByName req, CancellationToken ct) in D:\visualStudio\Projects\OnlineShelf\backend\Microservices\ShelfsService\src\ShelfsService.Host\Features\Images\GetImageByName.cs:line 50
   at ShelfsService.src.ShelfsService.Host.Features.Items.GetPhotoByName.ExecuteAsync(GetImageByName req, CancellationToken ct) in D:\visualStudio\Projects\OnlineShelf\backend\Microservices\ShelfsService\src\ShelfsService.Host\Features\Images\GetImageByName.cs:line 50
   at FastEndpoints.Endpoint`2.ExecAsync(CancellationToken ct)
   at FastEndpoints.Endpoint`2.ExecAsync(CancellationToken ct)
   at Microsoft.AspNetCore.Http.RequestDelegateFactory.ExecuteResultWriteResponse(IResult result, HttpContext httpContext)
   at Microsoft.AspNetCore.Authorization.AuthorizationMiddleware.Invoke(HttpContext context)
   at Microsoft.AspNetCore.Authentication.AuthenticationMiddleware.Invoke(HttpContext context)
   at Swashbuckle.AspNetCore.SwaggerUI.SwaggerUIMiddleware.Invoke(HttpContext httpContext)
   at Swashbuckle.AspNetCore.Swagger.SwaggerMiddleware.Invoke(HttpContext httpContext, ISwaggerProvider swaggerProvider)
   at Serilog.AspNetCore.RequestLoggingMiddleware.Invoke(HttpContext httpContext)
2026-07-05 16:35:28.657 +03:00 [ERR] ShelfsService Microsoft.AspNetCore.Diagnostics.DeveloperExceptionPageMiddleware An unhandled exception has occurred while executing the request.
Grpc.Core.RpcException: Status(StatusCode="Unavailable", Detail="Error connecting to subchannel.", DebugException="System.Net.Sockets.SocketException: No such host is known.")
 ---> System.Net.Sockets.SocketException (11001): No such host is known.
   at System.Net.Sockets.Socket.AwaitableSocketAsyncEventArgs.ThrowException(SocketError error, CancellationToken cancellationToken)
   at System.Net.Sockets.Socket.AwaitableSocketAsyncEventArgs.System.Threading.Tasks.Sources.IValueTaskSource.GetResult(Int16 token)
   at System.Net.Sockets.Socket.<ConnectAsync>g__WaitForConnectWithCancellation|285_0(AwaitableSocketAsyncEventArgs saea, ValueTask connectTask, CancellationToken cancellationToken)
   at Grpc.Net.Client.Balancer.Internal.SocketConnectivitySubchannelTransport.TryConnectAsync(ConnectContext context, Int32 attempt)
   --- End of inner exception stack trace ---
   at Grpc.Net.Client.Internal.HttpContentClientStreamReader`2.MoveNextCore(CancellationToken cancellationToken)
   at Grpc.Core.AsyncStreamReaderExtensions.ReadAllAsyncCore[T](IAsyncStreamReader`1 streamReader, CancellationToken cancellationToken)+MoveNext()
   at Grpc.Core.AsyncStreamReaderExtensions.ReadAllAsyncCore[T](IAsyncStreamReader`1 streamReader, CancellationToken cancellationToken)+System.Threading.Tasks.Sources.IValueTaskSource<System.Boolean>.GetResult()
   at ShelfsService.src.ShelfsService.Host.Features.Items.GetPhotoByName.ExecuteAsync(GetImageByName req, CancellationToken ct) in D:\visualStudio\Projects\OnlineShelf\backend\Microservices\ShelfsService\src\ShelfsService.Host\Features\Images\GetImageByName.cs:line 50
   at ShelfsService.src.ShelfsService.Host.Features.Items.GetPhotoByName.ExecuteAsync(GetImageByName req, CancellationToken ct) in D:\visualStudio\Projects\OnlineShelf\backend\Microservices\ShelfsService\src\ShelfsService.Host\Features\Images\GetImageByName.cs:line 50
   at FastEndpoints.Endpoint`2.ExecAsync(CancellationToken ct)
   at FastEndpoints.Endpoint`2.ExecAsync(CancellationToken ct)
   at Microsoft.AspNetCore.Http.RequestDelegateFactory.ExecuteResultWriteResponse(IResult result, HttpContext httpContext)
   at Microsoft.AspNetCore.Authorization.AuthorizationMiddleware.Invoke(HttpContext context)
   at Microsoft.AspNetCore.Authentication.AuthenticationMiddleware.Invoke(HttpContext context)
   at Swashbuckle.AspNetCore.SwaggerUI.SwaggerUIMiddleware.Invoke(HttpContext httpContext)
   at Swashbuckle.AspNetCore.Swagger.SwaggerMiddleware.Invoke(HttpContext httpContext, ISwaggerProvider swaggerProvider)
   at Serilog.AspNetCore.RequestLoggingMiddleware.Invoke(HttpContext httpContext)
   at Microsoft.AspNetCore.Diagnostics.DeveloperExceptionPageMiddlewareImpl.Invoke(HttpContext context)
2026-07-05 16:35:29.679 +03:00 [INF] ShelfsService Grpc.Net.Client.Internal.GrpcCall Call failed with gRPC error status. Status code: '"Unavailable"', Message: 'Error connecting to subchannel.'.
System.Net.Sockets.SocketException (11001): No such host is known.
   at System.Net.Sockets.Socket.AwaitableSocketAsyncEventArgs.ThrowException(SocketError error, CancellationToken cancellationToken)
   at System.Net.Sockets.Socket.AwaitableSocketAsyncEventArgs.System.Threading.Tasks.Sources.IValueTaskSource.GetResult(Int16 token)
   at System.Net.Sockets.Socket.<ConnectAsync>g__WaitForConnectWithCancellation|285_0(AwaitableSocketAsyncEventArgs saea, ValueTask connectTask, CancellationToken cancellationToken)
   at Grpc.Net.Client.Balancer.Internal.SocketConnectivitySubchannelTransport.TryConnectAsync(ConnectContext context, Int32 attempt)
2026-07-05 16:35:29.737 +03:00 [ERR] ShelfsService Serilog.AspNetCore.RequestLoggingMiddleware HTTP GET /shelfs/image/get-image/4b1f3cdf-fa97-4744-a677-47c0969b6af8_big.webp responded 500 in 61.7864 ms
Grpc.Core.RpcException: Status(StatusCode="Unavailable", Detail="Error connecting to subchannel.", DebugException="System.Net.Sockets.SocketException: No such host is known.")
 ---> System.Net.Sockets.SocketException (11001): No such host is known.
   at System.Net.Sockets.Socket.AwaitableSocketAsyncEventArgs.ThrowException(SocketError error, CancellationToken cancellationToken)
   at System.Net.Sockets.Socket.AwaitableSocketAsyncEventArgs.System.Threading.Tasks.Sources.IValueTaskSource.GetResult(Int16 token)
   at System.Net.Sockets.Socket.<ConnectAsync>g__WaitForConnectWithCancellation|285_0(AwaitableSocketAsyncEventArgs saea, ValueTask connectTask, CancellationToken cancellationToken)
   at Grpc.Net.Client.Balancer.Internal.SocketConnectivitySubchannelTransport.TryConnectAsync(ConnectContext context, Int32 attempt)
   --- End of inner exception stack trace ---
   at Grpc.Core.AsyncStreamReaderExtensions.ReadAllAsyncCore[T](IAsyncStreamReader`1 streamReader, CancellationToken cancellationToken)+MoveNext()
   at Grpc.Core.AsyncStreamReaderExtensions.ReadAllAsyncCore[T](IAsyncStreamReader`1 streamReader, CancellationToken cancellationToken)+System.Threading.Tasks.Sources.IValueTaskSource<System.Boolean>.GetResult()
   at ShelfsService.src.ShelfsService.Host.Features.Items.GetPhotoByName.ExecuteAsync(GetImageByName req, CancellationToken ct) in D:\visualStudio\Projects\OnlineShelf\backend\Microservices\ShelfsService\src\ShelfsService.Host\Features\Images\GetImageByName.cs:line 50
   at ShelfsService.src.ShelfsService.Host.Features.Items.GetPhotoByName.ExecuteAsync(GetImageByName req, CancellationToken ct) in D:\visualStudio\Projects\OnlineShelf\backend\Microservices\ShelfsService\src\ShelfsService.Host\Features\Images\GetImageByName.cs:line 50
   at FastEndpoints.Endpoint`2.ExecAsync(CancellationToken ct)
   at FastEndpoints.Endpoint`2.ExecAsync(CancellationToken ct)
   at Microsoft.AspNetCore.Http.RequestDelegateFactory.ExecuteResultWriteResponse(IResult result, HttpContext httpContext)
   at Microsoft.AspNetCore.Authorization.AuthorizationMiddleware.Invoke(HttpContext context)
   at Microsoft.AspNetCore.Authentication.AuthenticationMiddleware.Invoke(HttpContext context)
   at Swashbuckle.AspNetCore.SwaggerUI.SwaggerUIMiddleware.Invoke(HttpContext httpContext)
   at Swashbuckle.AspNetCore.Swagger.SwaggerMiddleware.Invoke(HttpContext httpContext, ISwaggerProvider swaggerProvider)
   at Serilog.AspNetCore.RequestLoggingMiddleware.Invoke(HttpContext httpContext)
2026-07-05 16:35:29.742 +03:00 [ERR] ShelfsService Microsoft.AspNetCore.Diagnostics.DeveloperExceptionPageMiddleware An unhandled exception has occurred while executing the request.
Grpc.Core.RpcException: Status(StatusCode="Unavailable", Detail="Error connecting to subchannel.", DebugException="System.Net.Sockets.SocketException: No such host is known.")
 ---> System.Net.Sockets.SocketException (11001): No such host is known.
   at System.Net.Sockets.Socket.AwaitableSocketAsyncEventArgs.ThrowException(SocketError error, CancellationToken cancellationToken)
   at System.Net.Sockets.Socket.AwaitableSocketAsyncEventArgs.System.Threading.Tasks.Sources.IValueTaskSource.GetResult(Int16 token)
   at System.Net.Sockets.Socket.<ConnectAsync>g__WaitForConnectWithCancellation|285_0(AwaitableSocketAsyncEventArgs saea, ValueTask connectTask, CancellationToken cancellationToken)
   at Grpc.Net.Client.Balancer.Internal.SocketConnectivitySubchannelTransport.TryConnectAsync(ConnectContext context, Int32 attempt)
   --- End of inner exception stack trace ---
   at Grpc.Core.AsyncStreamReaderExtensions.ReadAllAsyncCore[T](IAsyncStreamReader`1 streamReader, CancellationToken cancellationToken)+MoveNext()
   at Grpc.Core.AsyncStreamReaderExtensions.ReadAllAsyncCore[T](IAsyncStreamReader`1 streamReader, CancellationToken cancellationToken)+System.Threading.Tasks.Sources.IValueTaskSource<System.Boolean>.GetResult()
   at ShelfsService.src.ShelfsService.Host.Features.Items.GetPhotoByName.ExecuteAsync(GetImageByName req, CancellationToken ct) in D:\visualStudio\Projects\OnlineShelf\backend\Microservices\ShelfsService\src\ShelfsService.Host\Features\Images\GetImageByName.cs:line 50
   at ShelfsService.src.ShelfsService.Host.Features.Items.GetPhotoByName.ExecuteAsync(GetImageByName req, CancellationToken ct) in D:\visualStudio\Projects\OnlineShelf\backend\Microservices\ShelfsService\src\ShelfsService.Host\Features\Images\GetImageByName.cs:line 50
   at FastEndpoints.Endpoint`2.ExecAsync(CancellationToken ct)
   at FastEndpoints.Endpoint`2.ExecAsync(CancellationToken ct)
   at Microsoft.AspNetCore.Http.RequestDelegateFactory.ExecuteResultWriteResponse(IResult result, HttpContext httpContext)
   at Microsoft.AspNetCore.Authorization.AuthorizationMiddleware.Invoke(HttpContext context)
   at Microsoft.AspNetCore.Authentication.AuthenticationMiddleware.Invoke(HttpContext context)
   at Swashbuckle.AspNetCore.SwaggerUI.SwaggerUIMiddleware.Invoke(HttpContext httpContext)
   at Swashbuckle.AspNetCore.Swagger.SwaggerMiddleware.Invoke(HttpContext httpContext, ISwaggerProvider swaggerProvider)
   at Serilog.AspNetCore.RequestLoggingMiddleware.Invoke(HttpContext httpContext)
   at Microsoft.AspNetCore.Diagnostics.DeveloperExceptionPageMiddlewareImpl.Invoke(HttpContext context)
2026-07-05 16:35:30.378 +03:00 [INF] ShelfsService Serilog.AspNetCore.RequestLoggingMiddleware HTTP OPTIONS /shelfs/items responded 204 in 0.1621 ms
2026-07-05 16:36:20.286 +03:00 [INF] ShelfsService Microsoft.EntityFrameworkCore.Database.Command Executed DbCommand (5ms) [Parameters=[@__itemId_0='?' (DbType = Guid)], CommandType='"Text"', CommandTimeout='30']
SELECT i."Id", i."AttributeColorMain", i."AttributeColorSecond", i."AttributeMatterial", i."AttributePattern", i."AttributeSeason", i."AttributeType", i."BigImage", i."DateCreated", i."Name", i."ShelfId", i."SmallImage", i."UpdatedAt", i."UserId", i."isFavorite", i."positionKey"
FROM shelf_service."Items" AS i
WHERE i."Id" = @__itemId_0
LIMIT 1
2026-07-05 16:36:20.299 +03:00 [INF] ShelfsService Microsoft.EntityFrameworkCore.Database.Command Executed DbCommand (7ms) [Parameters=[@p15='?' (DbType = Guid), @p0='?', @p1='?', @p2='?' (DbType = Int32), @p3='?' (DbType = Int32), @p4='?' (DbType = Int32), @p5='?' (DbType = Int32), @p6='?', @p7='?' (DbType = DateTime), @p8='?', @p9='?' (DbType = Guid), @p10='?', @p11='?' (DbType = DateTime), @p12='?' (DbType = Guid), @p13='?' (DbType = Boolean), @p14='?'], CommandType='"Text"', CommandTimeout='30']
UPDATE shelf_service."Items" SET "AttributeColorMain" = @p0, "AttributeColorSecond" = @p1, "AttributeMatterial" = @p2, "AttributePattern" = @p3, "AttributeSeason" = @p4, "AttributeType" = @p5, "BigImage" = @p6, "DateCreated" = @p7, "Name" = @p8, "ShelfId" = @p9, "SmallImage" = @p10, "UpdatedAt" = @p11, "UserId" = @p12, "isFavorite" = @p13, "positionKey" = @p14
WHERE "Id" = @p15;
2026-07-05 16:36:20.300 +03:00 [INF] ShelfsService Serilog.AspNetCore.RequestLoggingMiddleware HTTP PUT /shelfs/items responded 200 in 49918.1036 ms
2026-07-05 16:36:20.310 +03:00 [INF] ShelfsService Serilog.AspNetCore.RequestLoggingMiddleware HTTP OPTIONS /shelfs/items/bc540d10-cc61-41a6-8d42-5afdac6a0b1b responded 204 in 0.0985 ms
2026-07-05 16:36:20.336 +03:00 [INF] ShelfsService Microsoft.EntityFrameworkCore.Database.Command Executed DbCommand (6ms) [Parameters=[@__itemId_0='?' (DbType = Guid)], CommandType='"Text"', CommandTimeout='30']
SELECT i."Id", i."AttributeColorMain", i."AttributeColorSecond", i."AttributeMatterial", i."AttributePattern", i."AttributeSeason", i."AttributeType", i."BigImage", i."DateCreated", i."Name", i."ShelfId", i."SmallImage", i."UpdatedAt", i."UserId", i."isFavorite", i."positionKey"
FROM shelf_service."Items" AS i
WHERE i."Id" = @__itemId_0
LIMIT 1
2026-07-05 16:36:20.337 +03:00 [INF] ShelfsService ShelfsService.src.ShelfsService.Host.Features.Items.GetItemById Item "bc540d10-cc61-41a6-8d42-5afdac6a0b1b" was returned
2026-07-05 16:36:20.338 +03:00 [INF] ShelfsService Serilog.AspNetCore.RequestLoggingMiddleware HTTP GET /shelfs/items/bc540d10-cc61-41a6-8d42-5afdac6a0b1b responded 200 in 11.5496 ms
2026-07-05 16:36:33.487 +03:00 [INF] ShelfsService Serilog.AspNetCore.RequestLoggingMiddleware HTTP OPTIONS /shelfs/items/attributes responded 204 in 0.1371 ms
2026-07-05 16:36:33.493 +03:00 [INF] ShelfsService Serilog.AspNetCore.RequestLoggingMiddleware HTTP OPTIONS /shelfs/image/get-image/4b1f3cdf-fa97-4744-a677-47c0969b6af8_big.webp responded 204 in 0.4161 ms
2026-07-05 16:36:33.515 +03:00 [INF] ShelfsService Serilog.AspNetCore.RequestLoggingMiddleware HTTP GET /shelfs/items/attributes responded 200 in 8.8800 ms
2026-07-05 16:36:35.330 +03:00 [INF] ShelfsService Grpc.Net.Client.Internal.GrpcCall Call failed with gRPC error status. Status code: '"Unavailable"', Message: 'Error connecting to subchannel.'.
System.Net.Sockets.SocketException (11001): No such host is known.
   at System.Net.Sockets.Socket.AwaitableSocketAsyncEventArgs.ThrowException(SocketError error, CancellationToken cancellationToken)
   at System.Net.Sockets.Socket.AwaitableSocketAsyncEventArgs.System.Threading.Tasks.Sources.IValueTaskSource.GetResult(Int16 token)
   at System.Net.Sockets.Socket.<ConnectAsync>g__WaitForConnectWithCancellation|285_0(AwaitableSocketAsyncEventArgs saea, ValueTask connectTask, CancellationToken cancellationToken)
   at Grpc.Net.Client.Balancer.Internal.SocketConnectivitySubchannelTransport.TryConnectAsync(ConnectContext context, Int32 attempt)
2026-07-05 16:36:35.389 +03:00 [ERR] ShelfsService Serilog.AspNetCore.RequestLoggingMiddleware HTTP GET /shelfs/image/get-image/4b1f3cdf-fa97-4744-a677-47c0969b6af8_big.webp responded 500 in 1883.4062 ms
Grpc.Core.RpcException: Status(StatusCode="Unavailable", Detail="Error connecting to subchannel.", DebugException="System.Net.Sockets.SocketException: No such host is known.")
 ---> System.Net.Sockets.SocketException (11001): No such host is known.
   at System.Net.Sockets.Socket.AwaitableSocketAsyncEventArgs.ThrowException(SocketError error, CancellationToken cancellationToken)
   at System.Net.Sockets.Socket.AwaitableSocketAsyncEventArgs.System.Threading.Tasks.Sources.IValueTaskSource.GetResult(Int16 token)
   at System.Net.Sockets.Socket.<ConnectAsync>g__WaitForConnectWithCancellation|285_0(AwaitableSocketAsyncEventArgs saea, ValueTask connectTask, CancellationToken cancellationToken)
   at Grpc.Net.Client.Balancer.Internal.SocketConnectivitySubchannelTransport.TryConnectAsync(ConnectContext context, Int32 attempt)
   --- End of inner exception stack trace ---
   at Grpc.Net.Client.Internal.HttpContentClientStreamReader`2.MoveNextCore(CancellationToken cancellationToken)
   at Grpc.Core.AsyncStreamReaderExtensions.ReadAllAsyncCore[T](IAsyncStreamReader`1 streamReader, CancellationToken cancellationToken)+MoveNext()
   at Grpc.Core.AsyncStreamReaderExtensions.ReadAllAsyncCore[T](IAsyncStreamReader`1 streamReader, CancellationToken cancellationToken)+System.Threading.Tasks.Sources.IValueTaskSource<System.Boolean>.GetResult()
   at ShelfsService.src.ShelfsService.Host.Features.Items.GetPhotoByName.ExecuteAsync(GetImageByName req, CancellationToken ct) in D:\visualStudio\Projects\OnlineShelf\backend\Microservices\ShelfsService\src\ShelfsService.Host\Features\Images\GetImageByName.cs:line 50
   at ShelfsService.src.ShelfsService.Host.Features.Items.GetPhotoByName.ExecuteAsync(GetImageByName req, CancellationToken ct) in D:\visualStudio\Projects\OnlineShelf\backend\Microservices\ShelfsService\src\ShelfsService.Host\Features\Images\GetImageByName.cs:line 50
   at FastEndpoints.Endpoint`2.ExecAsync(CancellationToken ct)
   at FastEndpoints.Endpoint`2.ExecAsync(CancellationToken ct)
   at Microsoft.AspNetCore.Http.RequestDelegateFactory.ExecuteResultWriteResponse(IResult result, HttpContext httpContext)
   at Microsoft.AspNetCore.Authorization.AuthorizationMiddleware.Invoke(HttpContext context)
   at Microsoft.AspNetCore.Authentication.AuthenticationMiddleware.Invoke(HttpContext context)
   at Swashbuckle.AspNetCore.SwaggerUI.SwaggerUIMiddleware.Invoke(HttpContext httpContext)
   at Swashbuckle.AspNetCore.Swagger.SwaggerMiddleware.Invoke(HttpContext httpContext, ISwaggerProvider swaggerProvider)
   at Serilog.AspNetCore.RequestLoggingMiddleware.Invoke(HttpContext httpContext)
2026-07-05 16:36:35.394 +03:00 [ERR] ShelfsService Microsoft.AspNetCore.Diagnostics.DeveloperExceptionPageMiddleware An unhandled exception has occurred while executing the request.
Grpc.Core.RpcException: Status(StatusCode="Unavailable", Detail="Error connecting to subchannel.", DebugException="System.Net.Sockets.SocketException: No such host is known.")
 ---> System.Net.Sockets.SocketException (11001): No such host is known.
   at System.Net.Sockets.Socket.AwaitableSocketAsyncEventArgs.ThrowException(SocketError error, CancellationToken cancellationToken)
   at System.Net.Sockets.Socket.AwaitableSocketAsyncEventArgs.System.Threading.Tasks.Sources.IValueTaskSource.GetResult(Int16 token)
   at System.Net.Sockets.Socket.<ConnectAsync>g__WaitForConnectWithCancellation|285_0(AwaitableSocketAsyncEventArgs saea, ValueTask connectTask, CancellationToken cancellationToken)
   at Grpc.Net.Client.Balancer.Internal.SocketConnectivitySubchannelTransport.TryConnectAsync(ConnectContext context, Int32 attempt)
   --- End of inner exception stack trace ---
   at Grpc.Net.Client.Internal.HttpContentClientStreamReader`2.MoveNextCore(CancellationToken cancellationToken)
   at Grpc.Core.AsyncStreamReaderExtensions.ReadAllAsyncCore[T](IAsyncStreamReader`1 streamReader, CancellationToken cancellationToken)+MoveNext()
   at Grpc.Core.AsyncStreamReaderExtensions.ReadAllAsyncCore[T](IAsyncStreamReader`1 streamReader, CancellationToken cancellationToken)+System.Threading.Tasks.Sources.IValueTaskSource<System.Boolean>.GetResult()
   at ShelfsService.src.ShelfsService.Host.Features.Items.GetPhotoByName.ExecuteAsync(GetImageByName req, CancellationToken ct) in D:\visualStudio\Projects\OnlineShelf\backend\Microservices\ShelfsService\src\ShelfsService.Host\Features\Images\GetImageByName.cs:line 50
   at ShelfsService.src.ShelfsService.Host.Features.Items.GetPhotoByName.ExecuteAsync(GetImageByName req, CancellationToken ct) in D:\visualStudio\Projects\OnlineShelf\backend\Microservices\ShelfsService\src\ShelfsService.Host\Features\Images\GetImageByName.cs:line 50
   at FastEndpoints.Endpoint`2.ExecAsync(CancellationToken ct)
   at FastEndpoints.Endpoint`2.ExecAsync(CancellationToken ct)
   at Microsoft.AspNetCore.Http.RequestDelegateFactory.ExecuteResultWriteResponse(IResult result, HttpContext httpContext)
   at Microsoft.AspNetCore.Authorization.AuthorizationMiddleware.Invoke(HttpContext context)
   at Microsoft.AspNetCore.Authentication.AuthenticationMiddleware.Invoke(HttpContext context)
   at Swashbuckle.AspNetCore.SwaggerUI.SwaggerUIMiddleware.Invoke(HttpContext httpContext)
   at Swashbuckle.AspNetCore.Swagger.SwaggerMiddleware.Invoke(HttpContext httpContext, ISwaggerProvider swaggerProvider)
   at Serilog.AspNetCore.RequestLoggingMiddleware.Invoke(HttpContext httpContext)
   at Microsoft.AspNetCore.Diagnostics.DeveloperExceptionPageMiddlewareImpl.Invoke(HttpContext context)
2026-07-05 16:36:36.413 +03:00 [INF] ShelfsService Grpc.Net.Client.Internal.GrpcCall Call failed with gRPC error status. Status code: '"Unavailable"', Message: 'Error connecting to subchannel.'.
System.Net.Sockets.SocketException (11001): No such host is known.
   at System.Net.Sockets.Socket.AwaitableSocketAsyncEventArgs.ThrowException(SocketError error, CancellationToken cancellationToken)
   at System.Net.Sockets.Socket.AwaitableSocketAsyncEventArgs.System.Threading.Tasks.Sources.IValueTaskSource.GetResult(Int16 token)
   at System.Net.Sockets.Socket.<ConnectAsync>g__WaitForConnectWithCancellation|285_0(AwaitableSocketAsyncEventArgs saea, ValueTask connectTask, CancellationToken cancellationToken)
   at Grpc.Net.Client.Balancer.Internal.SocketConnectivitySubchannelTransport.TryConnectAsync(ConnectContext context, Int32 attempt)
2026-07-05 16:36:36.490 +03:00 [ERR] ShelfsService Serilog.AspNetCore.RequestLoggingMiddleware HTTP GET /shelfs/image/get-image/4b1f3cdf-fa97-4744-a677-47c0969b6af8_big.webp responded 500 in 80.1057 ms
Grpc.Core.RpcException: Status(StatusCode="Unavailable", Detail="Error connecting to subchannel.", DebugException="System.Net.Sockets.SocketException: No such host is known.")
 ---> System.Net.Sockets.SocketException (11001): No such host is known.
   at System.Net.Sockets.Socket.AwaitableSocketAsyncEventArgs.ThrowException(SocketError error, CancellationToken cancellationToken)
   at System.Net.Sockets.Socket.AwaitableSocketAsyncEventArgs.System.Threading.Tasks.Sources.IValueTaskSource.GetResult(Int16 token)
   at System.Net.Sockets.Socket.<ConnectAsync>g__WaitForConnectWithCancellation|285_0(AwaitableSocketAsyncEventArgs saea, ValueTask connectTask, CancellationToken cancellationToken)
   at Grpc.Net.Client.Balancer.Internal.SocketConnectivitySubchannelTransport.TryConnectAsync(ConnectContext context, Int32 attempt)
   --- End of inner exception stack trace ---
   at Grpc.Core.AsyncStreamReaderExtensions.ReadAllAsyncCore[T](IAsyncStreamReader`1 streamReader, CancellationToken cancellationToken)+MoveNext()
   at Grpc.Core.AsyncStreamReaderExtensions.ReadAllAsyncCore[T](IAsyncStreamReader`1 streamReader, CancellationToken cancellationToken)+System.Threading.Tasks.Sources.IValueTaskSource<System.Boolean>.GetResult()
   at ShelfsService.src.ShelfsService.Host.Features.Items.GetPhotoByName.ExecuteAsync(GetImageByName req, CancellationToken ct) in D:\visualStudio\Projects\OnlineShelf\backend\Microservices\ShelfsService\src\ShelfsService.Host\Features\Images\GetImageByName.cs:line 50
   at ShelfsService.src.ShelfsService.Host.Features.Items.GetPhotoByName.ExecuteAsync(GetImageByName req, CancellationToken ct) in D:\visualStudio\Projects\OnlineShelf\backend\Microservices\ShelfsService\src\ShelfsService.Host\Features\Images\GetImageByName.cs:line 50
   at FastEndpoints.Endpoint`2.ExecAsync(CancellationToken ct)
   at FastEndpoints.Endpoint`2.ExecAsync(CancellationToken ct)
   at Microsoft.AspNetCore.Http.RequestDelegateFactory.ExecuteResultWriteResponse(IResult result, HttpContext httpContext)
   at Microsoft.AspNetCore.Authorization.AuthorizationMiddleware.Invoke(HttpContext context)
   at Microsoft.AspNetCore.Authentication.AuthenticationMiddleware.Invoke(HttpContext context)
   at Swashbuckle.AspNetCore.SwaggerUI.SwaggerUIMiddleware.Invoke(HttpContext httpContext)
   at Swashbuckle.AspNetCore.Swagger.SwaggerMiddleware.Invoke(HttpContext httpContext, ISwaggerProvider swaggerProvider)
   at Serilog.AspNetCore.RequestLoggingMiddleware.Invoke(HttpContext httpContext)
2026-07-05 16:36:36.496 +03:00 [ERR] ShelfsService Microsoft.AspNetCore.Diagnostics.DeveloperExceptionPageMiddleware An unhandled exception has occurred while executing the request.
Grpc.Core.RpcException: Status(StatusCode="Unavailable", Detail="Error connecting to subchannel.", DebugException="System.Net.Sockets.SocketException: No such host is known.")
 ---> System.Net.Sockets.SocketException (11001): No such host is known.
   at System.Net.Sockets.Socket.AwaitableSocketAsyncEventArgs.ThrowException(SocketError error, CancellationToken cancellationToken)
   at System.Net.Sockets.Socket.AwaitableSocketAsyncEventArgs.System.Threading.Tasks.Sources.IValueTaskSource.GetResult(Int16 token)
   at System.Net.Sockets.Socket.<ConnectAsync>g__WaitForConnectWithCancellation|285_0(AwaitableSocketAsyncEventArgs saea, ValueTask connectTask, CancellationToken cancellationToken)
   at Grpc.Net.Client.Balancer.Internal.SocketConnectivitySubchannelTransport.TryConnectAsync(ConnectContext context, Int32 attempt)
   --- End of inner exception stack trace ---
   at Grpc.Core.AsyncStreamReaderExtensions.ReadAllAsyncCore[T](IAsyncStreamReader`1 streamReader, CancellationToken cancellationToken)+MoveNext()
   at Grpc.Core.AsyncStreamReaderExtensions.ReadAllAsyncCore[T](IAsyncStreamReader`1 streamReader, CancellationToken cancellationToken)+System.Threading.Tasks.Sources.IValueTaskSource<System.Boolean>.GetResult()
   at ShelfsService.src.ShelfsService.Host.Features.Items.GetPhotoByName.ExecuteAsync(GetImageByName req, CancellationToken ct) in D:\visualStudio\Projects\OnlineShelf\backend\Microservices\ShelfsService\src\ShelfsService.Host\Features\Images\GetImageByName.cs:line 50
   at ShelfsService.src.ShelfsService.Host.Features.Items.GetPhotoByName.ExecuteAsync(GetImageByName req, CancellationToken ct) in D:\visualStudio\Projects\OnlineShelf\backend\Microservices\ShelfsService\src\ShelfsService.Host\Features\Images\GetImageByName.cs:line 50
   at FastEndpoints.Endpoint`2.ExecAsync(CancellationToken ct)
   at FastEndpoints.Endpoint`2.ExecAsync(CancellationToken ct)
   at Microsoft.AspNetCore.Http.RequestDelegateFactory.ExecuteResultWriteResponse(IResult result, HttpContext httpContext)
   at Microsoft.AspNetCore.Authorization.AuthorizationMiddleware.Invoke(HttpContext context)
   at Microsoft.AspNetCore.Authentication.AuthenticationMiddleware.Invoke(HttpContext context)
   at Swashbuckle.AspNetCore.SwaggerUI.SwaggerUIMiddleware.Invoke(HttpContext httpContext)
   at Swashbuckle.AspNetCore.Swagger.SwaggerMiddleware.Invoke(HttpContext httpContext, ISwaggerProvider swaggerProvider)
   at Serilog.AspNetCore.RequestLoggingMiddleware.Invoke(HttpContext httpContext)
   at Microsoft.AspNetCore.Diagnostics.DeveloperExceptionPageMiddlewareImpl.Invoke(HttpContext context)
2026-07-05 16:36:37.312 +03:00 [INF] ShelfsService Serilog.AspNetCore.RequestLoggingMiddleware HTTP OPTIONS /shelfs/items responded 204 in 0.2575 ms
2026-07-05 16:36:37.325 +03:00 [INF] ShelfsService Microsoft.EntityFrameworkCore.Database.Command Executed DbCommand (3ms) [Parameters=[@__itemId_0='?' (DbType = Guid)], CommandType='"Text"', CommandTimeout='30']
SELECT i."Id", i."AttributeColorMain", i."AttributeColorSecond", i."AttributeMatterial", i."AttributePattern", i."AttributeSeason", i."AttributeType", i."BigImage", i."DateCreated", i."Name", i."ShelfId", i."SmallImage", i."UpdatedAt", i."UserId", i."isFavorite", i."positionKey"
FROM shelf_service."Items" AS i
WHERE i."Id" = @__itemId_0
LIMIT 1
2026-07-05 16:37:31.114 +03:00 [INF] ShelfsService Microsoft.EntityFrameworkCore.Database.Command Executed DbCommand (12ms) [Parameters=[@p15='?' (DbType = Guid), @p0='?', @p1='?', @p2='?' (DbType = Int32), @p3='?' (DbType = Int32), @p4='?' (DbType = Int32), @p5='?' (DbType = Int32), @p6='?', @p7='?' (DbType = DateTime), @p8='?', @p9='?' (DbType = Guid), @p10='?', @p11='?' (DbType = DateTime), @p12='?' (DbType = Guid), @p13='?' (DbType = Boolean), @p14='?'], CommandType='"Text"', CommandTimeout='30']
UPDATE shelf_service."Items" SET "AttributeColorMain" = @p0, "AttributeColorSecond" = @p1, "AttributeMatterial" = @p2, "AttributePattern" = @p3, "AttributeSeason" = @p4, "AttributeType" = @p5, "BigImage" = @p6, "DateCreated" = @p7, "Name" = @p8, "ShelfId" = @p9, "SmallImage" = @p10, "UpdatedAt" = @p11, "UserId" = @p12, "isFavorite" = @p13, "positionKey" = @p14
WHERE "Id" = @p15;
2026-07-05 16:37:31.116 +03:00 [INF] ShelfsService Serilog.AspNetCore.RequestLoggingMiddleware HTTP PUT /shelfs/items responded 200 in 53800.0496 ms
2026-07-05 16:37:31.151 +03:00 [INF] ShelfsService Serilog.AspNetCore.RequestLoggingMiddleware HTTP OPTIONS /shelfs/items/bc540d10-cc61-41a6-8d42-5afdac6a0b1b responded 204 in 0.1305 ms
2026-07-05 16:37:31.175 +03:00 [INF] ShelfsService Microsoft.EntityFrameworkCore.Database.Command Executed DbCommand (8ms) [Parameters=[@__itemId_0='?' (DbType = Guid)], CommandType='"Text"', CommandTimeout='30']
SELECT i."Id", i."AttributeColorMain", i."AttributeColorSecond", i."AttributeMatterial", i."AttributePattern", i."AttributeSeason", i."AttributeType", i."BigImage", i."DateCreated", i."Name", i."ShelfId", i."SmallImage", i."UpdatedAt", i."UserId", i."isFavorite", i."positionKey"
FROM shelf_service."Items" AS i
WHERE i."Id" = @__itemId_0
LIMIT 1
2026-07-05 16:37:31.176 +03:00 [INF] ShelfsService ShelfsService.src.ShelfsService.Host.Features.Items.GetItemById Item "bc540d10-cc61-41a6-8d42-5afdac6a0b1b" was returned
2026-07-05 16:37:31.184 +03:00 [INF] ShelfsService Serilog.AspNetCore.RequestLoggingMiddleware HTTP GET /shelfs/items/bc540d10-cc61-41a6-8d42-5afdac6a0b1b responded 200 in 22.8604 ms
2026-07-05 16:37:34.788 +03:00 [INF] ShelfsService Serilog.AspNetCore.RequestLoggingMiddleware HTTP OPTIONS /shelfs/items/aaaaaaaa-aaaa-aaaa-aaaa-aaaaaaaaaaaa responded 204 in 0.1328 ms
2026-07-05 16:37:34.802 +03:00 [INF] ShelfsService Microsoft.EntityFrameworkCore.Database.Command Executed DbCommand (5ms) [Parameters=[@__itemId_0='?' (DbType = Guid)], CommandType='"Text"', CommandTimeout='30']
SELECT i."Id", i."AttributeColorMain", i."AttributeColorSecond", i."AttributeMatterial", i."AttributePattern", i."AttributeSeason", i."AttributeType", i."BigImage", i."DateCreated", i."Name", i."ShelfId", i."SmallImage", i."UpdatedAt", i."UserId", i."isFavorite", i."positionKey"
FROM shelf_service."Items" AS i
WHERE i."Id" = @__itemId_0
LIMIT 1
2026-07-05 16:37:34.803 +03:00 [INF] ShelfsService ShelfsService.src.ShelfsService.Host.Features.Items.GetItemById Item "aaaaaaaa-aaaa-aaaa-aaaa-aaaaaaaaaaaa" was returned
2026-07-05 16:37:34.807 +03:00 [INF] ShelfsService Serilog.AspNetCore.RequestLoggingMiddleware HTTP GET /shelfs/items/aaaaaaaa-aaaa-aaaa-aaaa-aaaaaaaaaaaa responded 200 in 14.3674 ms
2026-07-05 16:37:37.985 +03:00 [INF] ShelfsService Serilog.AspNetCore.RequestLoggingMiddleware HTTP OPTIONS /shelfs/image/get-image/4b1f3cdf-fa97-4744-a677-47c0969b6af8_big.webp responded 204 in 0.1571 ms
2026-07-05 16:37:37.998 +03:00 [INF] ShelfsService Grpc.Net.Client.Internal.GrpcCall Call failed with gRPC error status. Status code: '"Unavailable"', Message: 'Error connecting to subchannel.'.
System.Net.Sockets.SocketException (11001): No such host is known.
   at System.Net.Sockets.Socket.AwaitableSocketAsyncEventArgs.ThrowException(SocketError error, CancellationToken cancellationToken)
   at System.Net.Sockets.Socket.AwaitableSocketAsyncEventArgs.System.Threading.Tasks.Sources.IValueTaskSource.GetResult(Int16 token)
   at System.Net.Sockets.Socket.<ConnectAsync>g__WaitForConnectWithCancellation|285_0(AwaitableSocketAsyncEventArgs saea, ValueTask connectTask, CancellationToken cancellationToken)
   at Grpc.Net.Client.Balancer.Internal.SocketConnectivitySubchannelTransport.TryConnectAsync(ConnectContext context, Int32 attempt)
2026-07-05 16:37:38.084 +03:00 [ERR] ShelfsService Serilog.AspNetCore.RequestLoggingMiddleware HTTP GET /shelfs/image/get-image/4b1f3cdf-fa97-4744-a677-47c0969b6af8_big.webp responded 500 in 90.4555 ms
Grpc.Core.RpcException: Status(StatusCode="Unavailable", Detail="Error connecting to subchannel.", DebugException="System.Net.Sockets.SocketException: No such host is known.")
 ---> System.Net.Sockets.SocketException (11001): No such host is known.
   at System.Net.Sockets.Socket.AwaitableSocketAsyncEventArgs.ThrowException(SocketError error, CancellationToken cancellationToken)
   at System.Net.Sockets.Socket.AwaitableSocketAsyncEventArgs.System.Threading.Tasks.Sources.IValueTaskSource.GetResult(Int16 token)
   at System.Net.Sockets.Socket.<ConnectAsync>g__WaitForConnectWithCancellation|285_0(AwaitableSocketAsyncEventArgs saea, ValueTask connectTask, CancellationToken cancellationToken)
   at Grpc.Net.Client.Balancer.Internal.SocketConnectivitySubchannelTransport.TryConnectAsync(ConnectContext context, Int32 attempt)
   --- End of inner exception stack trace ---
   at Grpc.Core.AsyncStreamReaderExtensions.ReadAllAsyncCore[T](IAsyncStreamReader`1 streamReader, CancellationToken cancellationToken)+MoveNext()
   at Grpc.Core.AsyncStreamReaderExtensions.ReadAllAsyncCore[T](IAsyncStreamReader`1 streamReader, CancellationToken cancellationToken)+System.Threading.Tasks.Sources.IValueTaskSource<System.Boolean>.GetResult()
   at ShelfsService.src.ShelfsService.Host.Features.Items.GetPhotoByName.ExecuteAsync(GetImageByName req, CancellationToken ct) in D:\visualStudio\Projects\OnlineShelf\backend\Microservices\ShelfsService\src\ShelfsService.Host\Features\Images\GetImageByName.cs:line 50
   at ShelfsService.src.ShelfsService.Host.Features.Items.GetPhotoByName.ExecuteAsync(GetImageByName req, CancellationToken ct) in D:\visualStudio\Projects\OnlineShelf\backend\Microservices\ShelfsService\src\ShelfsService.Host\Features\Images\GetImageByName.cs:line 50
   at FastEndpoints.Endpoint`2.ExecAsync(CancellationToken ct)
   at FastEndpoints.Endpoint`2.ExecAsync(CancellationToken ct)
   at Microsoft.AspNetCore.Http.RequestDelegateFactory.ExecuteResultWriteResponse(IResult result, HttpContext httpContext)
   at Microsoft.AspNetCore.Authorization.AuthorizationMiddleware.Invoke(HttpContext context)
   at Microsoft.AspNetCore.Authentication.AuthenticationMiddleware.Invoke(HttpContext context)
   at Swashbuckle.AspNetCore.SwaggerUI.SwaggerUIMiddleware.Invoke(HttpContext httpContext)
   at Swashbuckle.AspNetCore.Swagger.SwaggerMiddleware.Invoke(HttpContext httpContext, ISwaggerProvider swaggerProvider)
   at Serilog.AspNetCore.RequestLoggingMiddleware.Invoke(HttpContext httpContext)
2026-07-05 16:37:38.090 +03:00 [ERR] ShelfsService Microsoft.AspNetCore.Diagnostics.DeveloperExceptionPageMiddleware An unhandled exception has occurred while executing the request.
Grpc.Core.RpcException: Status(StatusCode="Unavailable", Detail="Error connecting to subchannel.", DebugException="System.Net.Sockets.SocketException: No such host is known.")
 ---> System.Net.Sockets.SocketException (11001): No such host is known.
   at System.Net.Sockets.Socket.AwaitableSocketAsyncEventArgs.ThrowException(SocketError error, CancellationToken cancellationToken)
   at System.Net.Sockets.Socket.AwaitableSocketAsyncEventArgs.System.Threading.Tasks.Sources.IValueTaskSource.GetResult(Int16 token)
   at System.Net.Sockets.Socket.<ConnectAsync>g__WaitForConnectWithCancellation|285_0(AwaitableSocketAsyncEventArgs saea, ValueTask connectTask, CancellationToken cancellationToken)
   at Grpc.Net.Client.Balancer.Internal.SocketConnectivitySubchannelTransport.TryConnectAsync(ConnectContext context, Int32 attempt)
   --- End of inner exception stack trace ---
   at Grpc.Core.AsyncStreamReaderExtensions.ReadAllAsyncCore[T](IAsyncStreamReader`1 streamReader, CancellationToken cancellationToken)+MoveNext()
   at Grpc.Core.AsyncStreamReaderExtensions.ReadAllAsyncCore[T](IAsyncStreamReader`1 streamReader, CancellationToken cancellationToken)+System.Threading.Tasks.Sources.IValueTaskSource<System.Boolean>.GetResult()
   at ShelfsService.src.ShelfsService.Host.Features.Items.GetPhotoByName.ExecuteAsync(GetImageByName req, CancellationToken ct) in D:\visualStudio\Projects\OnlineShelf\backend\Microservices\ShelfsService\src\ShelfsService.Host\Features\Images\GetImageByName.cs:line 50
   at ShelfsService.src.ShelfsService.Host.Features.Items.GetPhotoByName.ExecuteAsync(GetImageByName req, CancellationToken ct) in D:\visualStudio\Projects\OnlineShelf\backend\Microservices\ShelfsService\src\ShelfsService.Host\Features\Images\GetImageByName.cs:line 50
   at FastEndpoints.Endpoint`2.ExecAsync(CancellationToken ct)
   at FastEndpoints.Endpoint`2.ExecAsync(CancellationToken ct)
   at Microsoft.AspNetCore.Http.RequestDelegateFactory.ExecuteResultWriteResponse(IResult result, HttpContext httpContext)
   at Microsoft.AspNetCore.Authorization.AuthorizationMiddleware.Invoke(HttpContext context)
   at Microsoft.AspNetCore.Authentication.AuthenticationMiddleware.Invoke(HttpContext context)
   at Swashbuckle.AspNetCore.SwaggerUI.SwaggerUIMiddleware.Invoke(HttpContext httpContext)
   at Swashbuckle.AspNetCore.Swagger.SwaggerMiddleware.Invoke(HttpContext httpContext, ISwaggerProvider swaggerProvider)
   at Serilog.AspNetCore.RequestLoggingMiddleware.Invoke(HttpContext httpContext)
   at Microsoft.AspNetCore.Diagnostics.DeveloperExceptionPageMiddlewareImpl.Invoke(HttpContext context)
2026-07-05 16:37:39.112 +03:00 [INF] ShelfsService Grpc.Net.Client.Internal.GrpcCall Call failed with gRPC error status. Status code: '"Unavailable"', Message: 'Error connecting to subchannel.'.
System.Net.Sockets.SocketException (11001): No such host is known.
   at System.Net.Sockets.Socket.AwaitableSocketAsyncEventArgs.ThrowException(SocketError error, CancellationToken cancellationToken)
   at System.Net.Sockets.Socket.AwaitableSocketAsyncEventArgs.System.Threading.Tasks.Sources.IValueTaskSource.GetResult(Int16 token)
   at System.Net.Sockets.Socket.<ConnectAsync>g__WaitForConnectWithCancellation|285_0(AwaitableSocketAsyncEventArgs saea, ValueTask connectTask, CancellationToken cancellationToken)
   at Grpc.Net.Client.Balancer.Internal.SocketConnectivitySubchannelTransport.TryConnectAsync(ConnectContext context, Int32 attempt)
2026-07-05 16:37:39.176 +03:00 [ERR] ShelfsService Serilog.AspNetCore.RequestLoggingMiddleware HTTP GET /shelfs/image/get-image/4b1f3cdf-fa97-4744-a677-47c0969b6af8_big.webp responded 500 in 67.1896 ms
Grpc.Core.RpcException: Status(StatusCode="Unavailable", Detail="Error connecting to subchannel.", DebugException="System.Net.Sockets.SocketException: No such host is known.")
 ---> System.Net.Sockets.SocketException (11001): No such host is known.
   at System.Net.Sockets.Socket.AwaitableSocketAsyncEventArgs.ThrowException(SocketError error, CancellationToken cancellationToken)
   at System.Net.Sockets.Socket.AwaitableSocketAsyncEventArgs.System.Threading.Tasks.Sources.IValueTaskSource.GetResult(Int16 token)
   at System.Net.Sockets.Socket.<ConnectAsync>g__WaitForConnectWithCancellation|285_0(AwaitableSocketAsyncEventArgs saea, ValueTask connectTask, CancellationToken cancellationToken)
   at Grpc.Net.Client.Balancer.Internal.SocketConnectivitySubchannelTransport.TryConnectAsync(ConnectContext context, Int32 attempt)
   --- End of inner exception stack trace ---
   at Grpc.Core.AsyncStreamReaderExtensions.ReadAllAsyncCore[T](IAsyncStreamReader`1 streamReader, CancellationToken cancellationToken)+MoveNext()
   at Grpc.Core.AsyncStreamReaderExtensions.ReadAllAsyncCore[T](IAsyncStreamReader`1 streamReader, CancellationToken cancellationToken)+System.Threading.Tasks.Sources.IValueTaskSource<System.Boolean>.GetResult()
   at ShelfsService.src.ShelfsService.Host.Features.Items.GetPhotoByName.ExecuteAsync(GetImageByName req, CancellationToken ct) in D:\visualStudio\Projects\OnlineShelf\backend\Microservices\ShelfsService\src\ShelfsService.Host\Features\Images\GetImageByName.cs:line 50
   at ShelfsService.src.ShelfsService.Host.Features.Items.GetPhotoByName.ExecuteAsync(GetImageByName req, CancellationToken ct) in D:\visualStudio\Projects\OnlineShelf\backend\Microservices\ShelfsService\src\ShelfsService.Host\Features\Images\GetImageByName.cs:line 50
   at FastEndpoints.Endpoint`2.ExecAsync(CancellationToken ct)
   at FastEndpoints.Endpoint`2.ExecAsync(CancellationToken ct)
   at Microsoft.AspNetCore.Http.RequestDelegateFactory.ExecuteResultWriteResponse(IResult result, HttpContext httpContext)
   at Microsoft.AspNetCore.Authorization.AuthorizationMiddleware.Invoke(HttpContext context)
   at Microsoft.AspNetCore.Authentication.AuthenticationMiddleware.Invoke(HttpContext context)
   at Swashbuckle.AspNetCore.SwaggerUI.SwaggerUIMiddleware.Invoke(HttpContext httpContext)
   at Swashbuckle.AspNetCore.Swagger.SwaggerMiddleware.Invoke(HttpContext httpContext, ISwaggerProvider swaggerProvider)
   at Serilog.AspNetCore.RequestLoggingMiddleware.Invoke(HttpContext httpContext)
2026-07-05 16:37:39.180 +03:00 [ERR] ShelfsService Microsoft.AspNetCore.Diagnostics.DeveloperExceptionPageMiddleware An unhandled exception has occurred while executing the request.
Grpc.Core.RpcException: Status(StatusCode="Unavailable", Detail="Error connecting to subchannel.", DebugException="System.Net.Sockets.SocketException: No such host is known.")
 ---> System.Net.Sockets.SocketException (11001): No such host is known.
   at System.Net.Sockets.Socket.AwaitableSocketAsyncEventArgs.ThrowException(SocketError error, CancellationToken cancellationToken)
   at System.Net.Sockets.Socket.AwaitableSocketAsyncEventArgs.System.Threading.Tasks.Sources.IValueTaskSource.GetResult(Int16 token)
   at System.Net.Sockets.Socket.<ConnectAsync>g__WaitForConnectWithCancellation|285_0(AwaitableSocketAsyncEventArgs saea, ValueTask connectTask, CancellationToken cancellationToken)
   at Grpc.Net.Client.Balancer.Internal.SocketConnectivitySubchannelTransport.TryConnectAsync(ConnectContext context, Int32 attempt)
   --- End of inner exception stack trace ---
   at Grpc.Core.AsyncStreamReaderExtensions.ReadAllAsyncCore[T](IAsyncStreamReader`1 streamReader, CancellationToken cancellationToken)+MoveNext()
   at Grpc.Core.AsyncStreamReaderExtensions.ReadAllAsyncCore[T](IAsyncStreamReader`1 streamReader, CancellationToken cancellationToken)+System.Threading.Tasks.Sources.IValueTaskSource<System.Boolean>.GetResult()
   at ShelfsService.src.ShelfsService.Host.Features.Items.GetPhotoByName.ExecuteAsync(GetImageByName req, CancellationToken ct) in D:\visualStudio\Projects\OnlineShelf\backend\Microservices\ShelfsService\src\ShelfsService.Host\Features\Images\GetImageByName.cs:line 50
   at ShelfsService.src.ShelfsService.Host.Features.Items.GetPhotoByName.ExecuteAsync(GetImageByName req, CancellationToken ct) in D:\visualStudio\Projects\OnlineShelf\backend\Microservices\ShelfsService\src\ShelfsService.Host\Features\Images\GetImageByName.cs:line 50
   at FastEndpoints.Endpoint`2.ExecAsync(CancellationToken ct)
   at FastEndpoints.Endpoint`2.ExecAsync(CancellationToken ct)
   at Microsoft.AspNetCore.Http.RequestDelegateFactory.ExecuteResultWriteResponse(IResult result, HttpContext httpContext)
   at Microsoft.AspNetCore.Authorization.AuthorizationMiddleware.Invoke(HttpContext context)
   at Microsoft.AspNetCore.Authentication.AuthenticationMiddleware.Invoke(HttpContext context)
   at Swashbuckle.AspNetCore.SwaggerUI.SwaggerUIMiddleware.Invoke(HttpContext httpContext)
   at Swashbuckle.AspNetCore.Swagger.SwaggerMiddleware.Invoke(HttpContext httpContext, ISwaggerProvider swaggerProvider)
   at Serilog.AspNetCore.RequestLoggingMiddleware.Invoke(HttpContext httpContext)
   at Microsoft.AspNetCore.Diagnostics.DeveloperExceptionPageMiddlewareImpl.Invoke(HttpContext context)
2026-07-05 16:37:41.203 +03:00 [INF] ShelfsService Grpc.Net.Client.Internal.GrpcCall Call failed with gRPC error status. Status code: '"Unavailable"', Message: 'Error connecting to subchannel.'.
System.Net.Sockets.SocketException (11001): No such host is known.
   at System.Net.Sockets.Socket.AwaitableSocketAsyncEventArgs.ThrowException(SocketError error, CancellationToken cancellationToken)
   at System.Net.Sockets.Socket.AwaitableSocketAsyncEventArgs.System.Threading.Tasks.Sources.IValueTaskSource.GetResult(Int16 token)
   at System.Net.Sockets.Socket.<ConnectAsync>g__WaitForConnectWithCancellation|285_0(AwaitableSocketAsyncEventArgs saea, ValueTask connectTask, CancellationToken cancellationToken)
   at Grpc.Net.Client.Balancer.Internal.SocketConnectivitySubchannelTransport.TryConnectAsync(ConnectContext context, Int32 attempt)
2026-07-05 16:37:41.260 +03:00 [ERR] ShelfsService Serilog.AspNetCore.RequestLoggingMiddleware HTTP GET /shelfs/image/get-image/4b1f3cdf-fa97-4744-a677-47c0969b6af8_big.webp responded 500 in 59.6943 ms
Grpc.Core.RpcException: Status(StatusCode="Unavailable", Detail="Error connecting to subchannel.", DebugException="System.Net.Sockets.SocketException: No such host is known.")
 ---> System.Net.Sockets.SocketException (11001): No such host is known.
   at System.Net.Sockets.Socket.AwaitableSocketAsyncEventArgs.ThrowException(SocketError error, CancellationToken cancellationToken)
   at System.Net.Sockets.Socket.AwaitableSocketAsyncEventArgs.System.Threading.Tasks.Sources.IValueTaskSource.GetResult(Int16 token)
   at System.Net.Sockets.Socket.<ConnectAsync>g__WaitForConnectWithCancellation|285_0(AwaitableSocketAsyncEventArgs saea, ValueTask connectTask, CancellationToken cancellationToken)
   at Grpc.Net.Client.Balancer.Internal.SocketConnectivitySubchannelTransport.TryConnectAsync(ConnectContext context, Int32 attempt)
   --- End of inner exception stack trace ---
   at Grpc.Core.AsyncStreamReaderExtensions.ReadAllAsyncCore[T](IAsyncStreamReader`1 streamReader, CancellationToken cancellationToken)+MoveNext()
   at Grpc.Core.AsyncStreamReaderExtensions.ReadAllAsyncCore[T](IAsyncStreamReader`1 streamReader, CancellationToken cancellationToken)+System.Threading.Tasks.Sources.IValueTaskSource<System.Boolean>.GetResult()
   at ShelfsService.src.ShelfsService.Host.Features.Items.GetPhotoByName.ExecuteAsync(GetImageByName req, CancellationToken ct) in D:\visualStudio\Projects\OnlineShelf\backend\Microservices\ShelfsService\src\ShelfsService.Host\Features\Images\GetImageByName.cs:line 50
   at ShelfsService.src.ShelfsService.Host.Features.Items.GetPhotoByName.ExecuteAsync(GetImageByName req, CancellationToken ct) in D:\visualStudio\Projects\OnlineShelf\backend\Microservices\ShelfsService\src\ShelfsService.Host\Features\Images\GetImageByName.cs:line 50
   at FastEndpoints.Endpoint`2.ExecAsync(CancellationToken ct)
   at FastEndpoints.Endpoint`2.ExecAsync(CancellationToken ct)
   at Microsoft.AspNetCore.Http.RequestDelegateFactory.ExecuteResultWriteResponse(IResult result, HttpContext httpContext)
   at Microsoft.AspNetCore.Authorization.AuthorizationMiddleware.Invoke(HttpContext context)
   at Microsoft.AspNetCore.Authentication.AuthenticationMiddleware.Invoke(HttpContext context)
   at Swashbuckle.AspNetCore.SwaggerUI.SwaggerUIMiddleware.Invoke(HttpContext httpContext)
   at Swashbuckle.AspNetCore.Swagger.SwaggerMiddleware.Invoke(HttpContext httpContext, ISwaggerProvider swaggerProvider)
   at Serilog.AspNetCore.RequestLoggingMiddleware.Invoke(HttpContext httpContext)
2026-07-05 16:37:41.264 +03:00 [ERR] ShelfsService Microsoft.AspNetCore.Diagnostics.DeveloperExceptionPageMiddleware An unhandled exception has occurred while executing the request.
Grpc.Core.RpcException: Status(StatusCode="Unavailable", Detail="Error connecting to subchannel.", DebugException="System.Net.Sockets.SocketException: No such host is known.")
 ---> System.Net.Sockets.SocketException (11001): No such host is known.
   at System.Net.Sockets.Socket.AwaitableSocketAsyncEventArgs.ThrowException(SocketError error, CancellationToken cancellationToken)
   at System.Net.Sockets.Socket.AwaitableSocketAsyncEventArgs.System.Threading.Tasks.Sources.IValueTaskSource.GetResult(Int16 token)
   at System.Net.Sockets.Socket.<ConnectAsync>g__WaitForConnectWithCancellation|285_0(AwaitableSocketAsyncEventArgs saea, ValueTask connectTask, CancellationToken cancellationToken)
   at Grpc.Net.Client.Balancer.Internal.SocketConnectivitySubchannelTransport.TryConnectAsync(ConnectContext context, Int32 attempt)
   --- End of inner exception stack trace ---
   at Grpc.Core.AsyncStreamReaderExtensions.ReadAllAsyncCore[T](IAsyncStreamReader`1 streamReader, CancellationToken cancellationToken)+MoveNext()
   at Grpc.Core.AsyncStreamReaderExtensions.ReadAllAsyncCore[T](IAsyncStreamReader`1 streamReader, CancellationToken cancellationToken)+System.Threading.Tasks.Sources.IValueTaskSource<System.Boolean>.GetResult()
   at ShelfsService.src.ShelfsService.Host.Features.Items.GetPhotoByName.ExecuteAsync(GetImageByName req, CancellationToken ct) in D:\visualStudio\Projects\OnlineShelf\backend\Microservices\ShelfsService\src\ShelfsService.Host\Features\Images\GetImageByName.cs:line 50
   at ShelfsService.src.ShelfsService.Host.Features.Items.GetPhotoByName.ExecuteAsync(GetImageByName req, CancellationToken ct) in D:\visualStudio\Projects\OnlineShelf\backend\Microservices\ShelfsService\src\ShelfsService.Host\Features\Images\GetImageByName.cs:line 50
   at FastEndpoints.Endpoint`2.ExecAsync(CancellationToken ct)
   at FastEndpoints.Endpoint`2.ExecAsync(CancellationToken ct)
   at Microsoft.AspNetCore.Http.RequestDelegateFactory.ExecuteResultWriteResponse(IResult result, HttpContext httpContext)
   at Microsoft.AspNetCore.Authorization.AuthorizationMiddleware.Invoke(HttpContext context)
   at Microsoft.AspNetCore.Authentication.AuthenticationMiddleware.Invoke(HttpContext context)
   at Swashbuckle.AspNetCore.SwaggerUI.SwaggerUIMiddleware.Invoke(HttpContext httpContext)
   at Swashbuckle.AspNetCore.Swagger.SwaggerMiddleware.Invoke(HttpContext httpContext, ISwaggerProvider swaggerProvider)
   at Serilog.AspNetCore.RequestLoggingMiddleware.Invoke(HttpContext httpContext)
   at Microsoft.AspNetCore.Diagnostics.DeveloperExceptionPageMiddlewareImpl.Invoke(HttpContext context)
2026-07-05 16:37:43.011 +03:00 [INF] ShelfsService Serilog.AspNetCore.RequestLoggingMiddleware HTTP OPTIONS /shelfs/items responded 204 in 0.1400 ms
2026-07-05 16:37:43.069 +03:00 [INF] ShelfsService Microsoft.EntityFrameworkCore.Database.Command Executed DbCommand (6ms) [Parameters=[@__itemId_0='?' (DbType = Guid)], CommandType='"Text"', CommandTimeout='30']
SELECT i."Id", i."AttributeColorMain", i."AttributeColorSecond", i."AttributeMatterial", i."AttributePattern", i."AttributeSeason", i."AttributeType", i."BigImage", i."DateCreated", i."Name", i."ShelfId", i."SmallImage", i."UpdatedAt", i."UserId", i."isFavorite", i."positionKey"
FROM shelf_service."Items" AS i
WHERE i."Id" = @__itemId_0
LIMIT 1
2026-07-05 16:51:43.594 +03:00 [INF] ShelfsService Microsoft.EntityFrameworkCore.Database.Command Executed DbCommand (92ms) [Parameters=[], CommandType='"Text"', CommandTimeout='30']
CREATE SCHEMA IF NOT EXISTS shelf_service;
2026-07-05 16:51:43.740 +03:00 [INF] ShelfsService Microsoft.EntityFrameworkCore.Database.Command Executed DbCommand (10ms) [Parameters=[], CommandType='"Text"', CommandTimeout='30']
SELECT "MigrationId", "ProductVersion"
FROM shelf_service."__EFMigrationsHistory"
ORDER BY "MigrationId";
2026-07-05 16:51:44.443 +03:00 [INF] ShelfsService Microsoft.EntityFrameworkCore.Database.Command Executed DbCommand (16ms) [Parameters=[], CommandType='"Text"', CommandTimeout='30']
DO $EF$
BEGIN
    IF NOT EXISTS(SELECT 1 FROM pg_namespace WHERE nspname = 'shelf_service') THEN
        CREATE SCHEMA shelf_service;
    END IF;
END $EF$;
CREATE TABLE IF NOT EXISTS shelf_service."__EFMigrationsHistory" (
    "MigrationId" character varying(150) NOT NULL,
    "ProductVersion" character varying(32) NOT NULL,
    CONSTRAINT "PK___EFMigrationsHistory" PRIMARY KEY ("MigrationId")
);
2026-07-05 16:51:44.466 +03:00 [INF] ShelfsService Microsoft.EntityFrameworkCore.Migrations Acquiring an exclusive lock for migration application. See https://aka.ms/efcore-docs-migrations-lock for more information if this takes too long.
2026-07-05 16:51:44.471 +03:00 [INF] ShelfsService Microsoft.EntityFrameworkCore.Database.Command Executed DbCommand (2ms) [Parameters=[], CommandType='"Text"', CommandTimeout='30']
LOCK TABLE shelf_service."__EFMigrationsHistory" IN ACCESS EXCLUSIVE MODE
2026-07-05 16:51:44.474 +03:00 [INF] ShelfsService Microsoft.EntityFrameworkCore.Database.Command Executed DbCommand (2ms) [Parameters=[], CommandType='"Text"', CommandTimeout='30']
SELECT "MigrationId", "ProductVersion"
FROM shelf_service."__EFMigrationsHistory"
ORDER BY "MigrationId";
2026-07-05 16:51:44.484 +03:00 [INF] ShelfsService Microsoft.EntityFrameworkCore.Migrations No migrations were applied. The database is already up to date.
2026-07-05 16:51:45.231 +03:00 [INF] ShelfsService Microsoft.EntityFrameworkCore.Database.Command Executed DbCommand (21ms) [Parameters=[], CommandType='"Text"', CommandTimeout='30']
SELECT a."Id", a."AttributeKey", a."Name"
FROM shelf_service."Attributes" AS a
2026-07-05 16:51:45.331 +03:00 [INF] ShelfsService Microsoft.EntityFrameworkCore.Database.Command Executed DbCommand (4ms) [Parameters=[], CommandType='"Text"', CommandTimeout='30']
SELECT a."Id", a."AttributeId", a."AttributeKey", a."AttributeValue"
FROM shelf_service."AttributesValues" AS a
2026-07-05 16:51:45.380 +03:00 [INF] ShelfsService FastEndpoints.StartupTimer Registered 12 endpoints in 5 863 milliseconds.
2026-07-05 16:51:45.439 +03:00 [INF] ShelfsService Microsoft.EntityFrameworkCore.Database.Command Executed DbCommand (7ms) [Parameters=[], CommandType='"Text"', CommandTimeout='30']
CREATE SCHEMA IF NOT EXISTS shelf_service;
2026-07-05 16:51:45.452 +03:00 [INF] ShelfsService Microsoft.EntityFrameworkCore.Database.Command Executed DbCommand (2ms) [Parameters=[], CommandType='"Text"', CommandTimeout='30']
SELECT "MigrationId", "ProductVersion"
FROM shelf_service."__EFMigrationsHistory"
ORDER BY "MigrationId";
2026-07-05 16:51:45.538 +03:00 [INF] ShelfsService Microsoft.EntityFrameworkCore.Database.Command Executed DbCommand (2ms) [Parameters=[], CommandType='"Text"', CommandTimeout='30']
DO $EF$
BEGIN
    IF NOT EXISTS(SELECT 1 FROM pg_namespace WHERE nspname = 'shelf_service') THEN
        CREATE SCHEMA shelf_service;
    END IF;
END $EF$;
CREATE TABLE IF NOT EXISTS shelf_service."__EFMigrationsHistory" (
    "MigrationId" character varying(150) NOT NULL,
    "ProductVersion" character varying(32) NOT NULL,
    CONSTRAINT "PK___EFMigrationsHistory" PRIMARY KEY ("MigrationId")
);
2026-07-05 16:51:45.559 +03:00 [INF] ShelfsService Microsoft.EntityFrameworkCore.Database.Command Executed DbCommand (2ms) [Parameters=[], CommandType='"Text"', CommandTimeout='30']
LOCK TABLE shelf_service."__EFMigrationsHistory" IN ACCESS EXCLUSIVE MODE
2026-07-05 16:51:45.565 +03:00 [INF] ShelfsService Microsoft.EntityFrameworkCore.Database.Command Executed DbCommand (2ms) [Parameters=[], CommandType='"Text"', CommandTimeout='30']
SELECT "MigrationId", "ProductVersion"
FROM shelf_service."__EFMigrationsHistory"
ORDER BY "MigrationId";
2026-07-05 16:51:45.569 +03:00 [INF] ShelfsService Microsoft.EntityFrameworkCore.Migrations No migrations were applied. The database is already up to date.
2026-07-05 16:51:45.590 +03:00 [INF] ShelfsService Microsoft.EntityFrameworkCore.Database.Command Executed DbCommand (3ms) [Parameters=[], CommandType='"Text"', CommandTimeout='30']
SELECT "MigrationId", "ProductVersion"
FROM shelf_service."__EFMigrationsHistory"
ORDER BY "MigrationId";
2026-07-05 16:51:45.618 +03:00 [INF] ShelfsService Microsoft.EntityFrameworkCore.Database.Command Executed DbCommand (2ms) [Parameters=[], CommandType='"Text"', CommandTimeout='30']
DO $EF$
BEGIN
    IF NOT EXISTS(SELECT 1 FROM pg_namespace WHERE nspname = 'shelf_service') THEN
        CREATE SCHEMA shelf_service;
    END IF;
END $EF$;
CREATE TABLE IF NOT EXISTS shelf_service."__EFMigrationsHistory" (
    "MigrationId" character varying(150) NOT NULL,
    "ProductVersion" character varying(32) NOT NULL,
    CONSTRAINT "PK___EFMigrationsHistory" PRIMARY KEY ("MigrationId")
);
2026-07-05 16:51:45.622 +03:00 [INF] ShelfsService Microsoft.EntityFrameworkCore.Database.Command Executed DbCommand (2ms) [Parameters=[], CommandType='"Text"', CommandTimeout='30']
LOCK TABLE shelf_service."__EFMigrationsHistory" IN ACCESS EXCLUSIVE MODE
2026-07-05 16:51:45.624 +03:00 [INF] ShelfsService Microsoft.EntityFrameworkCore.Database.Command Executed DbCommand (2ms) [Parameters=[], CommandType='"Text"', CommandTimeout='30']
SELECT "MigrationId", "ProductVersion"
FROM shelf_service."__EFMigrationsHistory"
ORDER BY "MigrationId";
2026-07-05 16:51:45.625 +03:00 [INF] ShelfsService Microsoft.EntityFrameworkCore.Migrations No migrations were applied. The database is already up to date.
2026-07-05 16:51:45.732 +03:00 [INF] ShelfsService Microsoft.EntityFrameworkCore.Database.Command Executed DbCommand (2ms) [Parameters=[], CommandType='"Text"', CommandTimeout='30']
SELECT EXISTS (
    SELECT 1
    FROM shelf_service."Shelfs" AS s)
2026-07-05 16:51:45.748 +03:00 [INF] ShelfsService Microsoft.EntityFrameworkCore.Database.Command Executed DbCommand (3ms) [Parameters=[], CommandType='"Text"', CommandTimeout='30']
SELECT EXISTS (
    SELECT 1
    FROM shelf_service."Items" AS i)
2026-07-05 16:51:45.758 +03:00 [INF] ShelfsService Microsoft.EntityFrameworkCore.Database.Command Executed DbCommand (4ms) [Parameters=[], CommandType='"Text"', CommandTimeout='30']
SELECT EXISTS (
    SELECT 1
    FROM shelf_service."AttributesValues" AS a)
2026-07-05 16:51:45.764 +03:00 [INF] ShelfsService Microsoft.EntityFrameworkCore.Database.Command Executed DbCommand (3ms) [Parameters=[], CommandType='"Text"', CommandTimeout='30']
SELECT EXISTS (
    SELECT 1
    FROM shelf_service."Attributes" AS a)
2026-07-05 16:51:45.951 +03:00 [INF] ShelfsService Microsoft.Hosting.Lifetime Application started. Press Ctrl+C to shut down.
2026-07-05 16:51:45.952 +03:00 [INF] ShelfsService Microsoft.Hosting.Lifetime Hosting environment: Development
2026-07-05 16:51:45.952 +03:00 [INF] ShelfsService Microsoft.Hosting.Lifetime Content root path: D:\visualStudio\Projects\OnlineShelf\backend\Microservices\ShelfsService
2026-07-05 16:51:46.286 +03:00 [INF] ShelfsService Serilog.AspNetCore.RequestLoggingMiddleware HTTP GET /swagger/index.html responded 200 in 253.2510 ms
2026-07-05 16:51:46.884 +03:00 [INF] ShelfsService Serilog.AspNetCore.RequestLoggingMiddleware HTTP GET /swagger/v1/swagger.json responded 200 in 133.6535 ms
2026-07-05 16:51:52.199 +03:00 [INF] ShelfsService Serilog.AspNetCore.RequestLoggingMiddleware HTTP OPTIONS /shelfs/items/bc540d10-cc61-41a6-8d42-5afdac6a0b1b responded 204 in 6.2500 ms
2026-07-05 16:51:52.199 +03:00 [INF] ShelfsService Serilog.AspNetCore.RequestLoggingMiddleware HTTP OPTIONS /shelfs/items/attributes responded 204 in 6.3489 ms
2026-07-05 16:51:52.836 +03:00 [INF] ShelfsService Serilog.AspNetCore.RequestLoggingMiddleware HTTP GET /shelfs/items/attributes responded 200 in 624.6006 ms
2026-07-05 16:51:52.992 +03:00 [INF] ShelfsService Microsoft.EntityFrameworkCore.Database.Command Executed DbCommand (39ms) [Parameters=[@__itemId_0='?' (DbType = Guid)], CommandType='"Text"', CommandTimeout='30']
SELECT i."Id", i."AttributeColorMain", i."AttributeColorSecond", i."AttributeMatterial", i."AttributePattern", i."AttributeSeason", i."AttributeType", i."BigImage", i."DateCreated", i."Name", i."ShelfId", i."SmallImage", i."UpdatedAt", i."UserId", i."isFavorite", i."positionKey"
FROM shelf_service."Items" AS i
WHERE i."Id" = @__itemId_0
LIMIT 1
2026-07-05 16:51:53.102 +03:00 [INF] ShelfsService ShelfsService.src.ShelfsService.Host.Features.Items.GetItemById Item "bc540d10-cc61-41a6-8d42-5afdac6a0b1b" was returned
2026-07-05 16:51:53.214 +03:00 [INF] ShelfsService Serilog.AspNetCore.RequestLoggingMiddleware HTTP GET /shelfs/items/bc540d10-cc61-41a6-8d42-5afdac6a0b1b responded 200 in 1000.1748 ms
2026-07-05 16:51:53.557 +03:00 [INF] ShelfsService Serilog.AspNetCore.RequestLoggingMiddleware HTTP OPTIONS /shelfs/image/get-image/4b1f3cdf-fa97-4744-a677-47c0969b6af8_big.webp responded 204 in 0.1700 ms
2026-07-05 16:51:56.592 +03:00 [INF] ShelfsService Grpc.Net.Client.Internal.GrpcCall Call failed with gRPC error status. Status code: '"Unavailable"', Message: 'Error connecting to subchannel.'.
System.Net.Sockets.SocketException (11001): No such host is known.
   at System.Net.Sockets.Socket.AwaitableSocketAsyncEventArgs.ThrowException(SocketError error, CancellationToken cancellationToken)
   at System.Net.Sockets.Socket.AwaitableSocketAsyncEventArgs.System.Threading.Tasks.Sources.IValueTaskSource.GetResult(Int16 token)
   at System.Net.Sockets.Socket.<ConnectAsync>g__WaitForConnectWithCancellation|285_0(AwaitableSocketAsyncEventArgs saea, ValueTask connectTask, CancellationToken cancellationToken)
   at Grpc.Net.Client.Balancer.Internal.SocketConnectivitySubchannelTransport.TryConnectAsync(ConnectContext context, Int32 attempt)
2026-07-05 16:51:57.020 +03:00 [ERR] ShelfsService Serilog.AspNetCore.RequestLoggingMiddleware HTTP GET /shelfs/image/get-image/4b1f3cdf-fa97-4744-a677-47c0969b6af8_big.webp responded 500 in 3455.8288 ms
Grpc.Core.RpcException: Status(StatusCode="Unavailable", Detail="Error connecting to subchannel.", DebugException="System.Net.Sockets.SocketException: No such host is known.")
 ---> System.Net.Sockets.SocketException (11001): No such host is known.
   at System.Net.Sockets.Socket.AwaitableSocketAsyncEventArgs.ThrowException(SocketError error, CancellationToken cancellationToken)
   at System.Net.Sockets.Socket.AwaitableSocketAsyncEventArgs.System.Threading.Tasks.Sources.IValueTaskSource.GetResult(Int16 token)
   at System.Net.Sockets.Socket.<ConnectAsync>g__WaitForConnectWithCancellation|285_0(AwaitableSocketAsyncEventArgs saea, ValueTask connectTask, CancellationToken cancellationToken)
   at Grpc.Net.Client.Balancer.Internal.SocketConnectivitySubchannelTransport.TryConnectAsync(ConnectContext context, Int32 attempt)
   --- End of inner exception stack trace ---
   at Grpc.Net.Client.Internal.HttpContentClientStreamReader`2.MoveNextCore(CancellationToken cancellationToken)
   at Grpc.Core.AsyncStreamReaderExtensions.ReadAllAsyncCore[T](IAsyncStreamReader`1 streamReader, CancellationToken cancellationToken)+MoveNext()
   at Grpc.Core.AsyncStreamReaderExtensions.ReadAllAsyncCore[T](IAsyncStreamReader`1 streamReader, CancellationToken cancellationToken)+System.Threading.Tasks.Sources.IValueTaskSource<System.Boolean>.GetResult()
   at ShelfsService.src.ShelfsService.Host.Features.Items.GetPhotoByName.ExecuteAsync(GetImageByName req, CancellationToken ct) in D:\visualStudio\Projects\OnlineShelf\backend\Microservices\ShelfsService\src\ShelfsService.Host\Features\Images\GetImageByName.cs:line 50
   at ShelfsService.src.ShelfsService.Host.Features.Items.GetPhotoByName.ExecuteAsync(GetImageByName req, CancellationToken ct) in D:\visualStudio\Projects\OnlineShelf\backend\Microservices\ShelfsService\src\ShelfsService.Host\Features\Images\GetImageByName.cs:line 50
   at FastEndpoints.Endpoint`2.ExecAsync(CancellationToken ct)
   at FastEndpoints.Endpoint`2.ExecAsync(CancellationToken ct)
   at Microsoft.AspNetCore.Http.RequestDelegateFactory.ExecuteResultWriteResponse(IResult result, HttpContext httpContext)
   at Microsoft.AspNetCore.Authorization.AuthorizationMiddleware.Invoke(HttpContext context)
   at Microsoft.AspNetCore.Authentication.AuthenticationMiddleware.Invoke(HttpContext context)
   at Swashbuckle.AspNetCore.SwaggerUI.SwaggerUIMiddleware.Invoke(HttpContext httpContext)
   at Swashbuckle.AspNetCore.Swagger.SwaggerMiddleware.Invoke(HttpContext httpContext, ISwaggerProvider swaggerProvider)
   at Serilog.AspNetCore.RequestLoggingMiddleware.Invoke(HttpContext httpContext)
2026-07-05 16:51:57.041 +03:00 [ERR] ShelfsService Microsoft.AspNetCore.Diagnostics.DeveloperExceptionPageMiddleware An unhandled exception has occurred while executing the request.
Grpc.Core.RpcException: Status(StatusCode="Unavailable", Detail="Error connecting to subchannel.", DebugException="System.Net.Sockets.SocketException: No such host is known.")
 ---> System.Net.Sockets.SocketException (11001): No such host is known.
   at System.Net.Sockets.Socket.AwaitableSocketAsyncEventArgs.ThrowException(SocketError error, CancellationToken cancellationToken)
   at System.Net.Sockets.Socket.AwaitableSocketAsyncEventArgs.System.Threading.Tasks.Sources.IValueTaskSource.GetResult(Int16 token)
   at System.Net.Sockets.Socket.<ConnectAsync>g__WaitForConnectWithCancellation|285_0(AwaitableSocketAsyncEventArgs saea, ValueTask connectTask, CancellationToken cancellationToken)
   at Grpc.Net.Client.Balancer.Internal.SocketConnectivitySubchannelTransport.TryConnectAsync(ConnectContext context, Int32 attempt)
   --- End of inner exception stack trace ---
   at Grpc.Net.Client.Internal.HttpContentClientStreamReader`2.MoveNextCore(CancellationToken cancellationToken)
   at Grpc.Core.AsyncStreamReaderExtensions.ReadAllAsyncCore[T](IAsyncStreamReader`1 streamReader, CancellationToken cancellationToken)+MoveNext()
   at Grpc.Core.AsyncStreamReaderExtensions.ReadAllAsyncCore[T](IAsyncStreamReader`1 streamReader, CancellationToken cancellationToken)+System.Threading.Tasks.Sources.IValueTaskSource<System.Boolean>.GetResult()
   at ShelfsService.src.ShelfsService.Host.Features.Items.GetPhotoByName.ExecuteAsync(GetImageByName req, CancellationToken ct) in D:\visualStudio\Projects\OnlineShelf\backend\Microservices\ShelfsService\src\ShelfsService.Host\Features\Images\GetImageByName.cs:line 50
   at ShelfsService.src.ShelfsService.Host.Features.Items.GetPhotoByName.ExecuteAsync(GetImageByName req, CancellationToken ct) in D:\visualStudio\Projects\OnlineShelf\backend\Microservices\ShelfsService\src\ShelfsService.Host\Features\Images\GetImageByName.cs:line 50
   at FastEndpoints.Endpoint`2.ExecAsync(CancellationToken ct)
   at FastEndpoints.Endpoint`2.ExecAsync(CancellationToken ct)
   at Microsoft.AspNetCore.Http.RequestDelegateFactory.ExecuteResultWriteResponse(IResult result, HttpContext httpContext)
   at Microsoft.AspNetCore.Authorization.AuthorizationMiddleware.Invoke(HttpContext context)
   at Microsoft.AspNetCore.Authentication.AuthenticationMiddleware.Invoke(HttpContext context)
   at Swashbuckle.AspNetCore.SwaggerUI.SwaggerUIMiddleware.Invoke(HttpContext httpContext)
   at Swashbuckle.AspNetCore.Swagger.SwaggerMiddleware.Invoke(HttpContext httpContext, ISwaggerProvider swaggerProvider)
   at Serilog.AspNetCore.RequestLoggingMiddleware.Invoke(HttpContext httpContext)
   at Microsoft.AspNetCore.Diagnostics.DeveloperExceptionPageMiddlewareImpl.Invoke(HttpContext context)
2026-07-05 16:51:58.009 +03:00 [INF] ShelfsService Serilog.AspNetCore.RequestLoggingMiddleware HTTP OPTIONS /shelfs/items responded 204 in 0.1148 ms
2026-07-05 16:51:58.082 +03:00 [INF] ShelfsService Microsoft.EntityFrameworkCore.Database.Command Executed DbCommand (5ms) [Parameters=[@__itemId_0='?' (DbType = Guid)], CommandType='"Text"', CommandTimeout='30']
SELECT i."Id", i."AttributeColorMain", i."AttributeColorSecond", i."AttributeMatterial", i."AttributePattern", i."AttributeSeason", i."AttributeType", i."BigImage", i."DateCreated", i."Name", i."ShelfId", i."SmallImage", i."UpdatedAt", i."UserId", i."isFavorite", i."positionKey"
FROM shelf_service."Items" AS i
WHERE i."Id" = @__itemId_0
LIMIT 1
2026-07-05 16:51:58.418 +03:00 [INF] ShelfsService Microsoft.EntityFrameworkCore.Database.Command Executed DbCommand (24ms) [Parameters=[@p15='?' (DbType = Guid), @p0='?', @p1='?', @p2='?' (DbType = Int32), @p3='?' (DbType = Int32), @p4='?' (DbType = Int32), @p5='?' (DbType = Int32), @p6='?', @p7='?' (DbType = DateTime), @p8='?', @p9='?' (DbType = Guid), @p10='?', @p11='?' (DbType = DateTime), @p12='?' (DbType = Guid), @p13='?' (DbType = Boolean), @p14='?'], CommandType='"Text"', CommandTimeout='30']
UPDATE shelf_service."Items" SET "AttributeColorMain" = @p0, "AttributeColorSecond" = @p1, "AttributeMatterial" = @p2, "AttributePattern" = @p3, "AttributeSeason" = @p4, "AttributeType" = @p5, "BigImage" = @p6, "DateCreated" = @p7, "Name" = @p8, "ShelfId" = @p9, "SmallImage" = @p10, "UpdatedAt" = @p11, "UserId" = @p12, "isFavorite" = @p13, "positionKey" = @p14
WHERE "Id" = @p15;
2026-07-05 16:51:58.454 +03:00 [INF] ShelfsService Serilog.AspNetCore.RequestLoggingMiddleware HTTP PUT /shelfs/items responded 200 in 436.2370 ms
2026-07-05 16:51:58.469 +03:00 [INF] ShelfsService Serilog.AspNetCore.RequestLoggingMiddleware HTTP OPTIONS /shelfs/items/bc540d10-cc61-41a6-8d42-5afdac6a0b1b responded 204 in 0.1692 ms
2026-07-05 16:51:58.484 +03:00 [INF] ShelfsService Microsoft.EntityFrameworkCore.Database.Command Executed DbCommand (5ms) [Parameters=[@__itemId_0='?' (DbType = Guid)], CommandType='"Text"', CommandTimeout='30']
SELECT i."Id", i."AttributeColorMain", i."AttributeColorSecond", i."AttributeMatterial", i."AttributePattern", i."AttributeSeason", i."AttributeType", i."BigImage", i."DateCreated", i."Name", i."ShelfId", i."SmallImage", i."UpdatedAt", i."UserId", i."isFavorite", i."positionKey"
FROM shelf_service."Items" AS i
WHERE i."Id" = @__itemId_0
LIMIT 1
2026-07-05 16:51:58.486 +03:00 [INF] ShelfsService ShelfsService.src.ShelfsService.Host.Features.Items.GetItemById Item "bc540d10-cc61-41a6-8d42-5afdac6a0b1b" was returned
2026-07-05 16:51:58.490 +03:00 [INF] ShelfsService Serilog.AspNetCore.RequestLoggingMiddleware HTTP GET /shelfs/items/bc540d10-cc61-41a6-8d42-5afdac6a0b1b responded 200 in 15.4762 ms
2026-07-05 16:52:00.396 +03:00 [INF] ShelfsService Grpc.Net.Client.Internal.GrpcCall Call failed with gRPC error status. Status code: '"Unavailable"', Message: 'Error connecting to subchannel.'.
System.Net.Sockets.SocketException (11001): No such host is known.
   at System.Net.Sockets.Socket.AwaitableSocketAsyncEventArgs.ThrowException(SocketError error, CancellationToken cancellationToken)
   at System.Net.Sockets.Socket.AwaitableSocketAsyncEventArgs.System.Threading.Tasks.Sources.IValueTaskSource.GetResult(Int16 token)
   at System.Net.Sockets.Socket.<ConnectAsync>g__WaitForConnectWithCancellation|285_0(AwaitableSocketAsyncEventArgs saea, ValueTask connectTask, CancellationToken cancellationToken)
   at Grpc.Net.Client.Balancer.Internal.SocketConnectivitySubchannelTransport.TryConnectAsync(ConnectContext context, Int32 attempt)
2026-07-05 16:52:00.458 +03:00 [ERR] ShelfsService Serilog.AspNetCore.RequestLoggingMiddleware HTTP GET /shelfs/image/get-image/4b1f3cdf-fa97-4744-a677-47c0969b6af8_big.webp responded 500 in 2381.4762 ms
Grpc.Core.RpcException: Status(StatusCode="Unavailable", Detail="Error connecting to subchannel.", DebugException="System.Net.Sockets.SocketException: No such host is known.")
 ---> System.Net.Sockets.SocketException (11001): No such host is known.
   at System.Net.Sockets.Socket.AwaitableSocketAsyncEventArgs.ThrowException(SocketError error, CancellationToken cancellationToken)
   at System.Net.Sockets.Socket.AwaitableSocketAsyncEventArgs.System.Threading.Tasks.Sources.IValueTaskSource.GetResult(Int16 token)
   at System.Net.Sockets.Socket.<ConnectAsync>g__WaitForConnectWithCancellation|285_0(AwaitableSocketAsyncEventArgs saea, ValueTask connectTask, CancellationToken cancellationToken)
   at Grpc.Net.Client.Balancer.Internal.SocketConnectivitySubchannelTransport.TryConnectAsync(ConnectContext context, Int32 attempt)
   --- End of inner exception stack trace ---
   at Grpc.Net.Client.Internal.HttpContentClientStreamReader`2.MoveNextCore(CancellationToken cancellationToken)
   at Grpc.Core.AsyncStreamReaderExtensions.ReadAllAsyncCore[T](IAsyncStreamReader`1 streamReader, CancellationToken cancellationToken)+MoveNext()
   at Grpc.Core.AsyncStreamReaderExtensions.ReadAllAsyncCore[T](IAsyncStreamReader`1 streamReader, CancellationToken cancellationToken)+System.Threading.Tasks.Sources.IValueTaskSource<System.Boolean>.GetResult()
   at ShelfsService.src.ShelfsService.Host.Features.Items.GetPhotoByName.ExecuteAsync(GetImageByName req, CancellationToken ct) in D:\visualStudio\Projects\OnlineShelf\backend\Microservices\ShelfsService\src\ShelfsService.Host\Features\Images\GetImageByName.cs:line 50
   at ShelfsService.src.ShelfsService.Host.Features.Items.GetPhotoByName.ExecuteAsync(GetImageByName req, CancellationToken ct) in D:\visualStudio\Projects\OnlineShelf\backend\Microservices\ShelfsService\src\ShelfsService.Host\Features\Images\GetImageByName.cs:line 50
   at FastEndpoints.Endpoint`2.ExecAsync(CancellationToken ct)
   at FastEndpoints.Endpoint`2.ExecAsync(CancellationToken ct)
   at Microsoft.AspNetCore.Http.RequestDelegateFactory.ExecuteResultWriteResponse(IResult result, HttpContext httpContext)
   at Microsoft.AspNetCore.Authorization.AuthorizationMiddleware.Invoke(HttpContext context)
   at Microsoft.AspNetCore.Authentication.AuthenticationMiddleware.Invoke(HttpContext context)
   at Swashbuckle.AspNetCore.SwaggerUI.SwaggerUIMiddleware.Invoke(HttpContext httpContext)
   at Swashbuckle.AspNetCore.Swagger.SwaggerMiddleware.Invoke(HttpContext httpContext, ISwaggerProvider swaggerProvider)
   at Serilog.AspNetCore.RequestLoggingMiddleware.Invoke(HttpContext httpContext)
2026-07-05 16:52:00.462 +03:00 [ERR] ShelfsService Microsoft.AspNetCore.Diagnostics.DeveloperExceptionPageMiddleware An unhandled exception has occurred while executing the request.
Grpc.Core.RpcException: Status(StatusCode="Unavailable", Detail="Error connecting to subchannel.", DebugException="System.Net.Sockets.SocketException: No such host is known.")
 ---> System.Net.Sockets.SocketException (11001): No such host is known.
   at System.Net.Sockets.Socket.AwaitableSocketAsyncEventArgs.ThrowException(SocketError error, CancellationToken cancellationToken)
   at System.Net.Sockets.Socket.AwaitableSocketAsyncEventArgs.System.Threading.Tasks.Sources.IValueTaskSource.GetResult(Int16 token)
   at System.Net.Sockets.Socket.<ConnectAsync>g__WaitForConnectWithCancellation|285_0(AwaitableSocketAsyncEventArgs saea, ValueTask connectTask, CancellationToken cancellationToken)
   at Grpc.Net.Client.Balancer.Internal.SocketConnectivitySubchannelTransport.TryConnectAsync(ConnectContext context, Int32 attempt)
   --- End of inner exception stack trace ---
   at Grpc.Net.Client.Internal.HttpContentClientStreamReader`2.MoveNextCore(CancellationToken cancellationToken)
   at Grpc.Core.AsyncStreamReaderExtensions.ReadAllAsyncCore[T](IAsyncStreamReader`1 streamReader, CancellationToken cancellationToken)+MoveNext()
   at Grpc.Core.AsyncStreamReaderExtensions.ReadAllAsyncCore[T](IAsyncStreamReader`1 streamReader, CancellationToken cancellationToken)+System.Threading.Tasks.Sources.IValueTaskSource<System.Boolean>.GetResult()
   at ShelfsService.src.ShelfsService.Host.Features.Items.GetPhotoByName.ExecuteAsync(GetImageByName req, CancellationToken ct) in D:\visualStudio\Projects\OnlineShelf\backend\Microservices\ShelfsService\src\ShelfsService.Host\Features\Images\GetImageByName.cs:line 50
   at ShelfsService.src.ShelfsService.Host.Features.Items.GetPhotoByName.ExecuteAsync(GetImageByName req, CancellationToken ct) in D:\visualStudio\Projects\OnlineShelf\backend\Microservices\ShelfsService\src\ShelfsService.Host\Features\Images\GetImageByName.cs:line 50
   at FastEndpoints.Endpoint`2.ExecAsync(CancellationToken ct)
   at FastEndpoints.Endpoint`2.ExecAsync(CancellationToken ct)
   at Microsoft.AspNetCore.Http.RequestDelegateFactory.ExecuteResultWriteResponse(IResult result, HttpContext httpContext)
   at Microsoft.AspNetCore.Authorization.AuthorizationMiddleware.Invoke(HttpContext context)
   at Microsoft.AspNetCore.Authentication.AuthenticationMiddleware.Invoke(HttpContext context)
   at Swashbuckle.AspNetCore.SwaggerUI.SwaggerUIMiddleware.Invoke(HttpContext httpContext)
   at Swashbuckle.AspNetCore.Swagger.SwaggerMiddleware.Invoke(HttpContext httpContext, ISwaggerProvider swaggerProvider)
   at Serilog.AspNetCore.RequestLoggingMiddleware.Invoke(HttpContext httpContext)
   at Microsoft.AspNetCore.Diagnostics.DeveloperExceptionPageMiddlewareImpl.Invoke(HttpContext context)
2026-07-05 16:52:07.424 +03:00 [INF] ShelfsService Serilog.AspNetCore.RequestLoggingMiddleware HTTP OPTIONS /shelfs/items/aaaaaaaa-aaaa-aaaa-aaaa-aaaaaaaaaaaa responded 204 in 0.1792 ms
2026-07-05 16:52:07.439 +03:00 [INF] ShelfsService Microsoft.EntityFrameworkCore.Database.Command Executed DbCommand (7ms) [Parameters=[@__itemId_0='?' (DbType = Guid)], CommandType='"Text"', CommandTimeout='30']
SELECT i."Id", i."AttributeColorMain", i."AttributeColorSecond", i."AttributeMatterial", i."AttributePattern", i."AttributeSeason", i."AttributeType", i."BigImage", i."DateCreated", i."Name", i."ShelfId", i."SmallImage", i."UpdatedAt", i."UserId", i."isFavorite", i."positionKey"
FROM shelf_service."Items" AS i
WHERE i."Id" = @__itemId_0
LIMIT 1
2026-07-05 16:52:07.439 +03:00 [INF] ShelfsService ShelfsService.src.ShelfsService.Host.Features.Items.GetItemById Item "aaaaaaaa-aaaa-aaaa-aaaa-aaaaaaaaaaaa" was returned
2026-07-05 16:52:07.443 +03:00 [INF] ShelfsService Serilog.AspNetCore.RequestLoggingMiddleware HTTP GET /shelfs/items/aaaaaaaa-aaaa-aaaa-aaaa-aaaaaaaaaaaa responded 200 in 14.6029 ms
2026-07-05 16:52:10.917 +03:00 [INF] ShelfsService Serilog.AspNetCore.RequestLoggingMiddleware HTTP OPTIONS /shelfs/image/get-image/4b1f3cdf-fa97-4744-a677-47c0969b6af8_big.webp responded 204 in 0.1227 ms
2026-07-05 16:52:10.927 +03:00 [INF] ShelfsService Grpc.Net.Client.Internal.GrpcCall Call failed with gRPC error status. Status code: '"Unavailable"', Message: 'Error connecting to subchannel.'.
System.Net.Sockets.SocketException (11001): No such host is known.
   at System.Net.Sockets.Socket.AwaitableSocketAsyncEventArgs.ThrowException(SocketError error, CancellationToken cancellationToken)
   at System.Net.Sockets.Socket.AwaitableSocketAsyncEventArgs.System.Threading.Tasks.Sources.IValueTaskSource.GetResult(Int16 token)
   at System.Net.Sockets.Socket.<ConnectAsync>g__WaitForConnectWithCancellation|285_0(AwaitableSocketAsyncEventArgs saea, ValueTask connectTask, CancellationToken cancellationToken)
   at Grpc.Net.Client.Balancer.Internal.SocketConnectivitySubchannelTransport.TryConnectAsync(ConnectContext context, Int32 attempt)
2026-07-05 16:52:11.024 +03:00 [ERR] ShelfsService Serilog.AspNetCore.RequestLoggingMiddleware HTTP GET /shelfs/image/get-image/4b1f3cdf-fa97-4744-a677-47c0969b6af8_big.webp responded 500 in 101.4458 ms
Grpc.Core.RpcException: Status(StatusCode="Unavailable", Detail="Error connecting to subchannel.", DebugException="System.Net.Sockets.SocketException: No such host is known.")
 ---> System.Net.Sockets.SocketException (11001): No such host is known.
   at System.Net.Sockets.Socket.AwaitableSocketAsyncEventArgs.ThrowException(SocketError error, CancellationToken cancellationToken)
   at System.Net.Sockets.Socket.AwaitableSocketAsyncEventArgs.System.Threading.Tasks.Sources.IValueTaskSource.GetResult(Int16 token)
   at System.Net.Sockets.Socket.<ConnectAsync>g__WaitForConnectWithCancellation|285_0(AwaitableSocketAsyncEventArgs saea, ValueTask connectTask, CancellationToken cancellationToken)
   at Grpc.Net.Client.Balancer.Internal.SocketConnectivitySubchannelTransport.TryConnectAsync(ConnectContext context, Int32 attempt)
   --- End of inner exception stack trace ---
   at Grpc.Core.AsyncStreamReaderExtensions.ReadAllAsyncCore[T](IAsyncStreamReader`1 streamReader, CancellationToken cancellationToken)+MoveNext()
   at Grpc.Core.AsyncStreamReaderExtensions.ReadAllAsyncCore[T](IAsyncStreamReader`1 streamReader, CancellationToken cancellationToken)+System.Threading.Tasks.Sources.IValueTaskSource<System.Boolean>.GetResult()
   at ShelfsService.src.ShelfsService.Host.Features.Items.GetPhotoByName.ExecuteAsync(GetImageByName req, CancellationToken ct) in D:\visualStudio\Projects\OnlineShelf\backend\Microservices\ShelfsService\src\ShelfsService.Host\Features\Images\GetImageByName.cs:line 50
   at ShelfsService.src.ShelfsService.Host.Features.Items.GetPhotoByName.ExecuteAsync(GetImageByName req, CancellationToken ct) in D:\visualStudio\Projects\OnlineShelf\backend\Microservices\ShelfsService\src\ShelfsService.Host\Features\Images\GetImageByName.cs:line 50
   at FastEndpoints.Endpoint`2.ExecAsync(CancellationToken ct)
   at FastEndpoints.Endpoint`2.ExecAsync(CancellationToken ct)
   at Microsoft.AspNetCore.Http.RequestDelegateFactory.ExecuteResultWriteResponse(IResult result, HttpContext httpContext)
   at Microsoft.AspNetCore.Authorization.AuthorizationMiddleware.Invoke(HttpContext context)
   at Microsoft.AspNetCore.Authentication.AuthenticationMiddleware.Invoke(HttpContext context)
   at Swashbuckle.AspNetCore.SwaggerUI.SwaggerUIMiddleware.Invoke(HttpContext httpContext)
   at Swashbuckle.AspNetCore.Swagger.SwaggerMiddleware.Invoke(HttpContext httpContext, ISwaggerProvider swaggerProvider)
   at Serilog.AspNetCore.RequestLoggingMiddleware.Invoke(HttpContext httpContext)
2026-07-05 16:52:11.029 +03:00 [ERR] ShelfsService Microsoft.AspNetCore.Diagnostics.DeveloperExceptionPageMiddleware An unhandled exception has occurred while executing the request.
Grpc.Core.RpcException: Status(StatusCode="Unavailable", Detail="Error connecting to subchannel.", DebugException="System.Net.Sockets.SocketException: No such host is known.")
 ---> System.Net.Sockets.SocketException (11001): No such host is known.
   at System.Net.Sockets.Socket.AwaitableSocketAsyncEventArgs.ThrowException(SocketError error, CancellationToken cancellationToken)
   at System.Net.Sockets.Socket.AwaitableSocketAsyncEventArgs.System.Threading.Tasks.Sources.IValueTaskSource.GetResult(Int16 token)
   at System.Net.Sockets.Socket.<ConnectAsync>g__WaitForConnectWithCancellation|285_0(AwaitableSocketAsyncEventArgs saea, ValueTask connectTask, CancellationToken cancellationToken)
   at Grpc.Net.Client.Balancer.Internal.SocketConnectivitySubchannelTransport.TryConnectAsync(ConnectContext context, Int32 attempt)
   --- End of inner exception stack trace ---
   at Grpc.Core.AsyncStreamReaderExtensions.ReadAllAsyncCore[T](IAsyncStreamReader`1 streamReader, CancellationToken cancellationToken)+MoveNext()
   at Grpc.Core.AsyncStreamReaderExtensions.ReadAllAsyncCore[T](IAsyncStreamReader`1 streamReader, CancellationToken cancellationToken)+System.Threading.Tasks.Sources.IValueTaskSource<System.Boolean>.GetResult()
   at ShelfsService.src.ShelfsService.Host.Features.Items.GetPhotoByName.ExecuteAsync(GetImageByName req, CancellationToken ct) in D:\visualStudio\Projects\OnlineShelf\backend\Microservices\ShelfsService\src\ShelfsService.Host\Features\Images\GetImageByName.cs:line 50
   at ShelfsService.src.ShelfsService.Host.Features.Items.GetPhotoByName.ExecuteAsync(GetImageByName req, CancellationToken ct) in D:\visualStudio\Projects\OnlineShelf\backend\Microservices\ShelfsService\src\ShelfsService.Host\Features\Images\GetImageByName.cs:line 50
   at FastEndpoints.Endpoint`2.ExecAsync(CancellationToken ct)
   at FastEndpoints.Endpoint`2.ExecAsync(CancellationToken ct)
   at Microsoft.AspNetCore.Http.RequestDelegateFactory.ExecuteResultWriteResponse(IResult result, HttpContext httpContext)
   at Microsoft.AspNetCore.Authorization.AuthorizationMiddleware.Invoke(HttpContext context)
   at Microsoft.AspNetCore.Authentication.AuthenticationMiddleware.Invoke(HttpContext context)
   at Swashbuckle.AspNetCore.SwaggerUI.SwaggerUIMiddleware.Invoke(HttpContext httpContext)
   at Swashbuckle.AspNetCore.Swagger.SwaggerMiddleware.Invoke(HttpContext httpContext, ISwaggerProvider swaggerProvider)
   at Serilog.AspNetCore.RequestLoggingMiddleware.Invoke(HttpContext httpContext)
   at Microsoft.AspNetCore.Diagnostics.DeveloperExceptionPageMiddlewareImpl.Invoke(HttpContext context)
2026-07-05 16:52:12.049 +03:00 [INF] ShelfsService Grpc.Net.Client.Internal.GrpcCall Call failed with gRPC error status. Status code: '"Unavailable"', Message: 'Error connecting to subchannel.'.
System.Net.Sockets.SocketException (11001): No such host is known.
   at System.Net.Sockets.Socket.AwaitableSocketAsyncEventArgs.ThrowException(SocketError error, CancellationToken cancellationToken)
   at System.Net.Sockets.Socket.AwaitableSocketAsyncEventArgs.System.Threading.Tasks.Sources.IValueTaskSource.GetResult(Int16 token)
   at System.Net.Sockets.Socket.<ConnectAsync>g__WaitForConnectWithCancellation|285_0(AwaitableSocketAsyncEventArgs saea, ValueTask connectTask, CancellationToken cancellationToken)
   at Grpc.Net.Client.Balancer.Internal.SocketConnectivitySubchannelTransport.TryConnectAsync(ConnectContext context, Int32 attempt)
2026-07-05 16:52:12.109 +03:00 [ERR] ShelfsService Serilog.AspNetCore.RequestLoggingMiddleware HTTP GET /shelfs/image/get-image/4b1f3cdf-fa97-4744-a677-47c0969b6af8_big.webp responded 500 in 62.9092 ms
Grpc.Core.RpcException: Status(StatusCode="Unavailable", Detail="Error connecting to subchannel.", DebugException="System.Net.Sockets.SocketException: No such host is known.")
 ---> System.Net.Sockets.SocketException (11001): No such host is known.
   at System.Net.Sockets.Socket.AwaitableSocketAsyncEventArgs.ThrowException(SocketError error, CancellationToken cancellationToken)
   at System.Net.Sockets.Socket.AwaitableSocketAsyncEventArgs.System.Threading.Tasks.Sources.IValueTaskSource.GetResult(Int16 token)
   at System.Net.Sockets.Socket.<ConnectAsync>g__WaitForConnectWithCancellation|285_0(AwaitableSocketAsyncEventArgs saea, ValueTask connectTask, CancellationToken cancellationToken)
   at Grpc.Net.Client.Balancer.Internal.SocketConnectivitySubchannelTransport.TryConnectAsync(ConnectContext context, Int32 attempt)
   --- End of inner exception stack trace ---
   at Grpc.Core.AsyncStreamReaderExtensions.ReadAllAsyncCore[T](IAsyncStreamReader`1 streamReader, CancellationToken cancellationToken)+MoveNext()
   at Grpc.Core.AsyncStreamReaderExtensions.ReadAllAsyncCore[T](IAsyncStreamReader`1 streamReader, CancellationToken cancellationToken)+System.Threading.Tasks.Sources.IValueTaskSource<System.Boolean>.GetResult()
   at ShelfsService.src.ShelfsService.Host.Features.Items.GetPhotoByName.ExecuteAsync(GetImageByName req, CancellationToken ct) in D:\visualStudio\Projects\OnlineShelf\backend\Microservices\ShelfsService\src\ShelfsService.Host\Features\Images\GetImageByName.cs:line 50
   at ShelfsService.src.ShelfsService.Host.Features.Items.GetPhotoByName.ExecuteAsync(GetImageByName req, CancellationToken ct) in D:\visualStudio\Projects\OnlineShelf\backend\Microservices\ShelfsService\src\ShelfsService.Host\Features\Images\GetImageByName.cs:line 50
   at FastEndpoints.Endpoint`2.ExecAsync(CancellationToken ct)
   at FastEndpoints.Endpoint`2.ExecAsync(CancellationToken ct)
   at Microsoft.AspNetCore.Http.RequestDelegateFactory.ExecuteResultWriteResponse(IResult result, HttpContext httpContext)
   at Microsoft.AspNetCore.Authorization.AuthorizationMiddleware.Invoke(HttpContext context)
   at Microsoft.AspNetCore.Authentication.AuthenticationMiddleware.Invoke(HttpContext context)
   at Swashbuckle.AspNetCore.SwaggerUI.SwaggerUIMiddleware.Invoke(HttpContext httpContext)
   at Swashbuckle.AspNetCore.Swagger.SwaggerMiddleware.Invoke(HttpContext httpContext, ISwaggerProvider swaggerProvider)
   at Serilog.AspNetCore.RequestLoggingMiddleware.Invoke(HttpContext httpContext)
2026-07-05 16:52:12.114 +03:00 [ERR] ShelfsService Microsoft.AspNetCore.Diagnostics.DeveloperExceptionPageMiddleware An unhandled exception has occurred while executing the request.
Grpc.Core.RpcException: Status(StatusCode="Unavailable", Detail="Error connecting to subchannel.", DebugException="System.Net.Sockets.SocketException: No such host is known.")
 ---> System.Net.Sockets.SocketException (11001): No such host is known.
   at System.Net.Sockets.Socket.AwaitableSocketAsyncEventArgs.ThrowException(SocketError error, CancellationToken cancellationToken)
   at System.Net.Sockets.Socket.AwaitableSocketAsyncEventArgs.System.Threading.Tasks.Sources.IValueTaskSource.GetResult(Int16 token)
   at System.Net.Sockets.Socket.<ConnectAsync>g__WaitForConnectWithCancellation|285_0(AwaitableSocketAsyncEventArgs saea, ValueTask connectTask, CancellationToken cancellationToken)
   at Grpc.Net.Client.Balancer.Internal.SocketConnectivitySubchannelTransport.TryConnectAsync(ConnectContext context, Int32 attempt)
   --- End of inner exception stack trace ---
   at Grpc.Core.AsyncStreamReaderExtensions.ReadAllAsyncCore[T](IAsyncStreamReader`1 streamReader, CancellationToken cancellationToken)+MoveNext()
   at Grpc.Core.AsyncStreamReaderExtensions.ReadAllAsyncCore[T](IAsyncStreamReader`1 streamReader, CancellationToken cancellationToken)+System.Threading.Tasks.Sources.IValueTaskSource<System.Boolean>.GetResult()
   at ShelfsService.src.ShelfsService.Host.Features.Items.GetPhotoByName.ExecuteAsync(GetImageByName req, CancellationToken ct) in D:\visualStudio\Projects\OnlineShelf\backend\Microservices\ShelfsService\src\ShelfsService.Host\Features\Images\GetImageByName.cs:line 50
   at ShelfsService.src.ShelfsService.Host.Features.Items.GetPhotoByName.ExecuteAsync(GetImageByName req, CancellationToken ct) in D:\visualStudio\Projects\OnlineShelf\backend\Microservices\ShelfsService\src\ShelfsService.Host\Features\Images\GetImageByName.cs:line 50
   at FastEndpoints.Endpoint`2.ExecAsync(CancellationToken ct)
   at FastEndpoints.Endpoint`2.ExecAsync(CancellationToken ct)
   at Microsoft.AspNetCore.Http.RequestDelegateFactory.ExecuteResultWriteResponse(IResult result, HttpContext httpContext)
   at Microsoft.AspNetCore.Authorization.AuthorizationMiddleware.Invoke(HttpContext context)
   at Microsoft.AspNetCore.Authentication.AuthenticationMiddleware.Invoke(HttpContext context)
   at Swashbuckle.AspNetCore.SwaggerUI.SwaggerUIMiddleware.Invoke(HttpContext httpContext)
   at Swashbuckle.AspNetCore.Swagger.SwaggerMiddleware.Invoke(HttpContext httpContext, ISwaggerProvider swaggerProvider)
   at Serilog.AspNetCore.RequestLoggingMiddleware.Invoke(HttpContext httpContext)
   at Microsoft.AspNetCore.Diagnostics.DeveloperExceptionPageMiddlewareImpl.Invoke(HttpContext context)
2026-07-05 16:52:16.766 +03:00 [INF] ShelfsService Grpc.Net.Client.Internal.GrpcCall Call failed with gRPC error status. Status code: '"Unavailable"', Message: 'Error connecting to subchannel.'.
System.Net.Sockets.SocketException (11001): No such host is known.
   at System.Net.Sockets.Socket.AwaitableSocketAsyncEventArgs.ThrowException(SocketError error, CancellationToken cancellationToken)
   at System.Net.Sockets.Socket.AwaitableSocketAsyncEventArgs.System.Threading.Tasks.Sources.IValueTaskSource.GetResult(Int16 token)
   at System.Net.Sockets.Socket.<ConnectAsync>g__WaitForConnectWithCancellation|285_0(AwaitableSocketAsyncEventArgs saea, ValueTask connectTask, CancellationToken cancellationToken)
   at Grpc.Net.Client.Balancer.Internal.SocketConnectivitySubchannelTransport.TryConnectAsync(ConnectContext context, Int32 attempt)
2026-07-05 16:52:16.824 +03:00 [ERR] ShelfsService Serilog.AspNetCore.RequestLoggingMiddleware HTTP GET /shelfs/image/get-image/4b1f3cdf-fa97-4744-a677-47c0969b6af8_big.webp responded 500 in 2688.3469 ms
Grpc.Core.RpcException: Status(StatusCode="Unavailable", Detail="Error connecting to subchannel.", DebugException="System.Net.Sockets.SocketException: No such host is known.")
 ---> System.Net.Sockets.SocketException (11001): No such host is known.
   at System.Net.Sockets.Socket.AwaitableSocketAsyncEventArgs.ThrowException(SocketError error, CancellationToken cancellationToken)
   at System.Net.Sockets.Socket.AwaitableSocketAsyncEventArgs.System.Threading.Tasks.Sources.IValueTaskSource.GetResult(Int16 token)
   at System.Net.Sockets.Socket.<ConnectAsync>g__WaitForConnectWithCancellation|285_0(AwaitableSocketAsyncEventArgs saea, ValueTask connectTask, CancellationToken cancellationToken)
   at Grpc.Net.Client.Balancer.Internal.SocketConnectivitySubchannelTransport.TryConnectAsync(ConnectContext context, Int32 attempt)
   --- End of inner exception stack trace ---
   at Grpc.Net.Client.Internal.HttpContentClientStreamReader`2.MoveNextCore(CancellationToken cancellationToken)
   at Grpc.Core.AsyncStreamReaderExtensions.ReadAllAsyncCore[T](IAsyncStreamReader`1 streamReader, CancellationToken cancellationToken)+MoveNext()
   at Grpc.Core.AsyncStreamReaderExtensions.ReadAllAsyncCore[T](IAsyncStreamReader`1 streamReader, CancellationToken cancellationToken)+System.Threading.Tasks.Sources.IValueTaskSource<System.Boolean>.GetResult()
   at ShelfsService.src.ShelfsService.Host.Features.Items.GetPhotoByName.ExecuteAsync(GetImageByName req, CancellationToken ct) in D:\visualStudio\Projects\OnlineShelf\backend\Microservices\ShelfsService\src\ShelfsService.Host\Features\Images\GetImageByName.cs:line 50
   at ShelfsService.src.ShelfsService.Host.Features.Items.GetPhotoByName.ExecuteAsync(GetImageByName req, CancellationToken ct) in D:\visualStudio\Projects\OnlineShelf\backend\Microservices\ShelfsService\src\ShelfsService.Host\Features\Images\GetImageByName.cs:line 50
   at FastEndpoints.Endpoint`2.ExecAsync(CancellationToken ct)
   at FastEndpoints.Endpoint`2.ExecAsync(CancellationToken ct)
   at Microsoft.AspNetCore.Http.RequestDelegateFactory.ExecuteResultWriteResponse(IResult result, HttpContext httpContext)
   at Microsoft.AspNetCore.Authorization.AuthorizationMiddleware.Invoke(HttpContext context)
   at Microsoft.AspNetCore.Authentication.AuthenticationMiddleware.Invoke(HttpContext context)
   at Swashbuckle.AspNetCore.SwaggerUI.SwaggerUIMiddleware.Invoke(HttpContext httpContext)
   at Swashbuckle.AspNetCore.Swagger.SwaggerMiddleware.Invoke(HttpContext httpContext, ISwaggerProvider swaggerProvider)
   at Serilog.AspNetCore.RequestLoggingMiddleware.Invoke(HttpContext httpContext)
2026-07-05 16:52:16.831 +03:00 [ERR] ShelfsService Microsoft.AspNetCore.Diagnostics.DeveloperExceptionPageMiddleware An unhandled exception has occurred while executing the request.
Grpc.Core.RpcException: Status(StatusCode="Unavailable", Detail="Error connecting to subchannel.", DebugException="System.Net.Sockets.SocketException: No such host is known.")
 ---> System.Net.Sockets.SocketException (11001): No such host is known.
   at System.Net.Sockets.Socket.AwaitableSocketAsyncEventArgs.ThrowException(SocketError error, CancellationToken cancellationToken)
   at System.Net.Sockets.Socket.AwaitableSocketAsyncEventArgs.System.Threading.Tasks.Sources.IValueTaskSource.GetResult(Int16 token)
   at System.Net.Sockets.Socket.<ConnectAsync>g__WaitForConnectWithCancellation|285_0(AwaitableSocketAsyncEventArgs saea, ValueTask connectTask, CancellationToken cancellationToken)
   at Grpc.Net.Client.Balancer.Internal.SocketConnectivitySubchannelTransport.TryConnectAsync(ConnectContext context, Int32 attempt)
   --- End of inner exception stack trace ---
   at Grpc.Net.Client.Internal.HttpContentClientStreamReader`2.MoveNextCore(CancellationToken cancellationToken)
   at Grpc.Core.AsyncStreamReaderExtensions.ReadAllAsyncCore[T](IAsyncStreamReader`1 streamReader, CancellationToken cancellationToken)+MoveNext()
   at Grpc.Core.AsyncStreamReaderExtensions.ReadAllAsyncCore[T](IAsyncStreamReader`1 streamReader, CancellationToken cancellationToken)+System.Threading.Tasks.Sources.IValueTaskSource<System.Boolean>.GetResult()
   at ShelfsService.src.ShelfsService.Host.Features.Items.GetPhotoByName.ExecuteAsync(GetImageByName req, CancellationToken ct) in D:\visualStudio\Projects\OnlineShelf\backend\Microservices\ShelfsService\src\ShelfsService.Host\Features\Images\GetImageByName.cs:line 50
   at ShelfsService.src.ShelfsService.Host.Features.Items.GetPhotoByName.ExecuteAsync(GetImageByName req, CancellationToken ct) in D:\visualStudio\Projects\OnlineShelf\backend\Microservices\ShelfsService\src\ShelfsService.Host\Features\Images\GetImageByName.cs:line 50
   at FastEndpoints.Endpoint`2.ExecAsync(CancellationToken ct)
   at FastEndpoints.Endpoint`2.ExecAsync(CancellationToken ct)
   at Microsoft.AspNetCore.Http.RequestDelegateFactory.ExecuteResultWriteResponse(IResult result, HttpContext httpContext)
   at Microsoft.AspNetCore.Authorization.AuthorizationMiddleware.Invoke(HttpContext context)
   at Microsoft.AspNetCore.Authentication.AuthenticationMiddleware.Invoke(HttpContext context)
   at Swashbuckle.AspNetCore.SwaggerUI.SwaggerUIMiddleware.Invoke(HttpContext httpContext)
   at Swashbuckle.AspNetCore.Swagger.SwaggerMiddleware.Invoke(HttpContext httpContext, ISwaggerProvider swaggerProvider)
   at Serilog.AspNetCore.RequestLoggingMiddleware.Invoke(HttpContext httpContext)
   at Microsoft.AspNetCore.Diagnostics.DeveloperExceptionPageMiddlewareImpl.Invoke(HttpContext context)
2026-07-05 16:52:19.424 +03:00 [INF] ShelfsService Serilog.AspNetCore.RequestLoggingMiddleware HTTP OPTIONS /shelfs/items responded 204 in 0.1176 ms
2026-07-05 16:52:19.508 +03:00 [INF] ShelfsService Microsoft.EntityFrameworkCore.Database.Command Executed DbCommand (4ms) [Parameters=[@__itemId_0='?' (DbType = Guid)], CommandType='"Text"', CommandTimeout='30']
SELECT i."Id", i."AttributeColorMain", i."AttributeColorSecond", i."AttributeMatterial", i."AttributePattern", i."AttributeSeason", i."AttributeType", i."BigImage", i."DateCreated", i."Name", i."ShelfId", i."SmallImage", i."UpdatedAt", i."UserId", i."isFavorite", i."positionKey"
FROM shelf_service."Items" AS i
WHERE i."Id" = @__itemId_0
LIMIT 1
2026-07-05 16:52:19.520 +03:00 [INF] ShelfsService Microsoft.EntityFrameworkCore.Database.Command Executed DbCommand (7ms) [Parameters=[@p15='?' (DbType = Guid), @p0='?', @p1='?', @p2='?' (DbType = Int32), @p3='?' (DbType = Int32), @p4='?' (DbType = Int32), @p5='?' (DbType = Int32), @p6='?', @p7='?' (DbType = DateTime), @p8='?', @p9='?' (DbType = Guid), @p10='?', @p11='?' (DbType = DateTime), @p12='?' (DbType = Guid), @p13='?' (DbType = Boolean), @p14='?'], CommandType='"Text"', CommandTimeout='30']
UPDATE shelf_service."Items" SET "AttributeColorMain" = @p0, "AttributeColorSecond" = @p1, "AttributeMatterial" = @p2, "AttributePattern" = @p3, "AttributeSeason" = @p4, "AttributeType" = @p5, "BigImage" = @p6, "DateCreated" = @p7, "Name" = @p8, "ShelfId" = @p9, "SmallImage" = @p10, "UpdatedAt" = @p11, "UserId" = @p12, "isFavorite" = @p13, "positionKey" = @p14
WHERE "Id" = @p15;
2026-07-05 16:52:19.522 +03:00 [INF] ShelfsService Serilog.AspNetCore.RequestLoggingMiddleware HTTP PUT /shelfs/items responded 200 in 93.3461 ms
2026-07-05 16:52:19.539 +03:00 [INF] ShelfsService Serilog.AspNetCore.RequestLoggingMiddleware HTTP OPTIONS /shelfs/items/bc540d10-cc61-41a6-8d42-5afdac6a0b1b responded 204 in 0.2952 ms
2026-07-05 16:52:19.555 +03:00 [INF] ShelfsService Microsoft.EntityFrameworkCore.Database.Command Executed DbCommand (6ms) [Parameters=[@__itemId_0='?' (DbType = Guid)], CommandType='"Text"', CommandTimeout='30']
SELECT i."Id", i."AttributeColorMain", i."AttributeColorSecond", i."AttributeMatterial", i."AttributePattern", i."AttributeSeason", i."AttributeType", i."BigImage", i."DateCreated", i."Name", i."ShelfId", i."SmallImage", i."UpdatedAt", i."UserId", i."isFavorite", i."positionKey"
FROM shelf_service."Items" AS i
WHERE i."Id" = @__itemId_0
LIMIT 1
2026-07-05 16:52:19.556 +03:00 [INF] ShelfsService ShelfsService.src.ShelfsService.Host.Features.Items.GetItemById Item "bc540d10-cc61-41a6-8d42-5afdac6a0b1b" was returned
2026-07-05 16:52:19.557 +03:00 [INF] ShelfsService Serilog.AspNetCore.RequestLoggingMiddleware HTTP GET /shelfs/items/bc540d10-cc61-41a6-8d42-5afdac6a0b1b responded 200 in 11.3280 ms
2026-07-05 16:56:12.050 +03:00 [INF] ShelfsService Serilog.AspNetCore.RequestLoggingMiddleware HTTP OPTIONS /shelfs/items/attributes responded 204 in 0.1193 ms
2026-07-05 16:56:12.050 +03:00 [INF] ShelfsService Serilog.AspNetCore.RequestLoggingMiddleware HTTP OPTIONS /shelfs/items/bc540d10-cc61-41a6-8d42-5afdac6a0b1b responded 204 in 0.0450 ms
2026-07-05 16:56:12.059 +03:00 [INF] ShelfsService Serilog.AspNetCore.RequestLoggingMiddleware HTTP GET /shelfs/items/attributes responded 200 in 1.9773 ms
2026-07-05 16:56:12.067 +03:00 [INF] ShelfsService Microsoft.EntityFrameworkCore.Database.Command Executed DbCommand (5ms) [Parameters=[@__itemId_0='?' (DbType = Guid)], CommandType='"Text"', CommandTimeout='30']
SELECT i."Id", i."AttributeColorMain", i."AttributeColorSecond", i."AttributeMatterial", i."AttributePattern", i."AttributeSeason", i."AttributeType", i."BigImage", i."DateCreated", i."Name", i."ShelfId", i."SmallImage", i."UpdatedAt", i."UserId", i."isFavorite", i."positionKey"
FROM shelf_service."Items" AS i
WHERE i."Id" = @__itemId_0
LIMIT 1
2026-07-05 16:56:12.074 +03:00 [INF] ShelfsService ShelfsService.src.ShelfsService.Host.Features.Items.GetItemById Item "bc540d10-cc61-41a6-8d42-5afdac6a0b1b" was returned
2026-07-05 16:56:12.075 +03:00 [INF] ShelfsService Serilog.AspNetCore.RequestLoggingMiddleware HTTP GET /shelfs/items/bc540d10-cc61-41a6-8d42-5afdac6a0b1b responded 200 in 17.4534 ms
2026-07-05 16:56:12.383 +03:00 [INF] ShelfsService Serilog.AspNetCore.RequestLoggingMiddleware HTTP OPTIONS /shelfs/image/get-image/4b1f3cdf-fa97-4744-a677-47c0969b6af8_big.webp responded 204 in 0.1360 ms
2026-07-05 16:56:12.390 +03:00 [INF] ShelfsService Grpc.Net.Client.Internal.GrpcCall Call failed with gRPC error status. Status code: '"Unavailable"', Message: 'Error connecting to subchannel.'.
System.Net.Sockets.SocketException (11001): No such host is known.
   at System.Net.Sockets.Socket.AwaitableSocketAsyncEventArgs.ThrowException(SocketError error, CancellationToken cancellationToken)
   at System.Net.Sockets.Socket.AwaitableSocketAsyncEventArgs.System.Threading.Tasks.Sources.IValueTaskSource.GetResult(Int16 token)
   at System.Net.Sockets.Socket.<ConnectAsync>g__WaitForConnectWithCancellation|285_0(AwaitableSocketAsyncEventArgs saea, ValueTask connectTask, CancellationToken cancellationToken)
   at Grpc.Net.Client.Balancer.Internal.SocketConnectivitySubchannelTransport.TryConnectAsync(ConnectContext context, Int32 attempt)
2026-07-05 16:56:12.444 +03:00 [ERR] ShelfsService Serilog.AspNetCore.RequestLoggingMiddleware HTTP GET /shelfs/image/get-image/4b1f3cdf-fa97-4744-a677-47c0969b6af8_big.webp responded 500 in 57.6664 ms
Grpc.Core.RpcException: Status(StatusCode="Unavailable", Detail="Error connecting to subchannel.", DebugException="System.Net.Sockets.SocketException: No such host is known.")
 ---> System.Net.Sockets.SocketException (11001): No such host is known.
   at System.Net.Sockets.Socket.AwaitableSocketAsyncEventArgs.ThrowException(SocketError error, CancellationToken cancellationToken)
   at System.Net.Sockets.Socket.AwaitableSocketAsyncEventArgs.System.Threading.Tasks.Sources.IValueTaskSource.GetResult(Int16 token)
   at System.Net.Sockets.Socket.<ConnectAsync>g__WaitForConnectWithCancellation|285_0(AwaitableSocketAsyncEventArgs saea, ValueTask connectTask, CancellationToken cancellationToken)
   at Grpc.Net.Client.Balancer.Internal.SocketConnectivitySubchannelTransport.TryConnectAsync(ConnectContext context, Int32 attempt)
   --- End of inner exception stack trace ---
   at Grpc.Core.AsyncStreamReaderExtensions.ReadAllAsyncCore[T](IAsyncStreamReader`1 streamReader, CancellationToken cancellationToken)+MoveNext()
   at Grpc.Core.AsyncStreamReaderExtensions.ReadAllAsyncCore[T](IAsyncStreamReader`1 streamReader, CancellationToken cancellationToken)+System.Threading.Tasks.Sources.IValueTaskSource<System.Boolean>.GetResult()
   at ShelfsService.src.ShelfsService.Host.Features.Items.GetPhotoByName.ExecuteAsync(GetImageByName req, CancellationToken ct) in D:\visualStudio\Projects\OnlineShelf\backend\Microservices\ShelfsService\src\ShelfsService.Host\Features\Images\GetImageByName.cs:line 50
   at ShelfsService.src.ShelfsService.Host.Features.Items.GetPhotoByName.ExecuteAsync(GetImageByName req, CancellationToken ct) in D:\visualStudio\Projects\OnlineShelf\backend\Microservices\ShelfsService\src\ShelfsService.Host\Features\Images\GetImageByName.cs:line 50
   at FastEndpoints.Endpoint`2.ExecAsync(CancellationToken ct)
   at FastEndpoints.Endpoint`2.ExecAsync(CancellationToken ct)
   at Microsoft.AspNetCore.Http.RequestDelegateFactory.ExecuteResultWriteResponse(IResult result, HttpContext httpContext)
   at Microsoft.AspNetCore.Authorization.AuthorizationMiddleware.Invoke(HttpContext context)
   at Microsoft.AspNetCore.Authentication.AuthenticationMiddleware.Invoke(HttpContext context)
   at Swashbuckle.AspNetCore.SwaggerUI.SwaggerUIMiddleware.Invoke(HttpContext httpContext)
   at Swashbuckle.AspNetCore.Swagger.SwaggerMiddleware.Invoke(HttpContext httpContext, ISwaggerProvider swaggerProvider)
   at Serilog.AspNetCore.RequestLoggingMiddleware.Invoke(HttpContext httpContext)
2026-07-05 16:56:12.449 +03:00 [ERR] ShelfsService Microsoft.AspNetCore.Diagnostics.DeveloperExceptionPageMiddleware An unhandled exception has occurred while executing the request.
Grpc.Core.RpcException: Status(StatusCode="Unavailable", Detail="Error connecting to subchannel.", DebugException="System.Net.Sockets.SocketException: No such host is known.")
 ---> System.Net.Sockets.SocketException (11001): No such host is known.
   at System.Net.Sockets.Socket.AwaitableSocketAsyncEventArgs.ThrowException(SocketError error, CancellationToken cancellationToken)
   at System.Net.Sockets.Socket.AwaitableSocketAsyncEventArgs.System.Threading.Tasks.Sources.IValueTaskSource.GetResult(Int16 token)
   at System.Net.Sockets.Socket.<ConnectAsync>g__WaitForConnectWithCancellation|285_0(AwaitableSocketAsyncEventArgs saea, ValueTask connectTask, CancellationToken cancellationToken)
   at Grpc.Net.Client.Balancer.Internal.SocketConnectivitySubchannelTransport.TryConnectAsync(ConnectContext context, Int32 attempt)
   --- End of inner exception stack trace ---
   at Grpc.Core.AsyncStreamReaderExtensions.ReadAllAsyncCore[T](IAsyncStreamReader`1 streamReader, CancellationToken cancellationToken)+MoveNext()
   at Grpc.Core.AsyncStreamReaderExtensions.ReadAllAsyncCore[T](IAsyncStreamReader`1 streamReader, CancellationToken cancellationToken)+System.Threading.Tasks.Sources.IValueTaskSource<System.Boolean>.GetResult()
   at ShelfsService.src.ShelfsService.Host.Features.Items.GetPhotoByName.ExecuteAsync(GetImageByName req, CancellationToken ct) in D:\visualStudio\Projects\OnlineShelf\backend\Microservices\ShelfsService\src\ShelfsService.Host\Features\Images\GetImageByName.cs:line 50
   at ShelfsService.src.ShelfsService.Host.Features.Items.GetPhotoByName.ExecuteAsync(GetImageByName req, CancellationToken ct) in D:\visualStudio\Projects\OnlineShelf\backend\Microservices\ShelfsService\src\ShelfsService.Host\Features\Images\GetImageByName.cs:line 50
   at FastEndpoints.Endpoint`2.ExecAsync(CancellationToken ct)
   at FastEndpoints.Endpoint`2.ExecAsync(CancellationToken ct)
   at Microsoft.AspNetCore.Http.RequestDelegateFactory.ExecuteResultWriteResponse(IResult result, HttpContext httpContext)
   at Microsoft.AspNetCore.Authorization.AuthorizationMiddleware.Invoke(HttpContext context)
   at Microsoft.AspNetCore.Authentication.AuthenticationMiddleware.Invoke(HttpContext context)
   at Swashbuckle.AspNetCore.SwaggerUI.SwaggerUIMiddleware.Invoke(HttpContext httpContext)
   at Swashbuckle.AspNetCore.Swagger.SwaggerMiddleware.Invoke(HttpContext httpContext, ISwaggerProvider swaggerProvider)
   at Serilog.AspNetCore.RequestLoggingMiddleware.Invoke(HttpContext httpContext)
   at Microsoft.AspNetCore.Diagnostics.DeveloperExceptionPageMiddlewareImpl.Invoke(HttpContext context)
2026-07-05 16:56:13.468 +03:00 [INF] ShelfsService Grpc.Net.Client.Internal.GrpcCall Call failed with gRPC error status. Status code: '"Unavailable"', Message: 'Error connecting to subchannel.'.
System.Net.Sockets.SocketException (11001): No such host is known.
   at System.Net.Sockets.Socket.AwaitableSocketAsyncEventArgs.ThrowException(SocketError error, CancellationToken cancellationToken)
   at System.Net.Sockets.Socket.AwaitableSocketAsyncEventArgs.System.Threading.Tasks.Sources.IValueTaskSource.GetResult(Int16 token)
   at System.Net.Sockets.Socket.<ConnectAsync>g__WaitForConnectWithCancellation|285_0(AwaitableSocketAsyncEventArgs saea, ValueTask connectTask, CancellationToken cancellationToken)
   at Grpc.Net.Client.Balancer.Internal.SocketConnectivitySubchannelTransport.TryConnectAsync(ConnectContext context, Int32 attempt)
2026-07-05 16:56:13.518 +03:00 [ERR] ShelfsService Serilog.AspNetCore.RequestLoggingMiddleware HTTP GET /shelfs/image/get-image/4b1f3cdf-fa97-4744-a677-47c0969b6af8_big.webp responded 500 in 53.5586 ms
Grpc.Core.RpcException: Status(StatusCode="Unavailable", Detail="Error connecting to subchannel.", DebugException="System.Net.Sockets.SocketException: No such host is known.")
 ---> System.Net.Sockets.SocketException (11001): No such host is known.
   at System.Net.Sockets.Socket.AwaitableSocketAsyncEventArgs.ThrowException(SocketError error, CancellationToken cancellationToken)
   at System.Net.Sockets.Socket.AwaitableSocketAsyncEventArgs.System.Threading.Tasks.Sources.IValueTaskSource.GetResult(Int16 token)
   at System.Net.Sockets.Socket.<ConnectAsync>g__WaitForConnectWithCancellation|285_0(AwaitableSocketAsyncEventArgs saea, ValueTask connectTask, CancellationToken cancellationToken)
   at Grpc.Net.Client.Balancer.Internal.SocketConnectivitySubchannelTransport.TryConnectAsync(ConnectContext context, Int32 attempt)
   --- End of inner exception stack trace ---
   at Grpc.Core.AsyncStreamReaderExtensions.ReadAllAsyncCore[T](IAsyncStreamReader`1 streamReader, CancellationToken cancellationToken)+MoveNext()
   at Grpc.Core.AsyncStreamReaderExtensions.ReadAllAsyncCore[T](IAsyncStreamReader`1 streamReader, CancellationToken cancellationToken)+System.Threading.Tasks.Sources.IValueTaskSource<System.Boolean>.GetResult()
   at ShelfsService.src.ShelfsService.Host.Features.Items.GetPhotoByName.ExecuteAsync(GetImageByName req, CancellationToken ct) in D:\visualStudio\Projects\OnlineShelf\backend\Microservices\ShelfsService\src\ShelfsService.Host\Features\Images\GetImageByName.cs:line 50
   at ShelfsService.src.ShelfsService.Host.Features.Items.GetPhotoByName.ExecuteAsync(GetImageByName req, CancellationToken ct) in D:\visualStudio\Projects\OnlineShelf\backend\Microservices\ShelfsService\src\ShelfsService.Host\Features\Images\GetImageByName.cs:line 50
   at FastEndpoints.Endpoint`2.ExecAsync(CancellationToken ct)
   at FastEndpoints.Endpoint`2.ExecAsync(CancellationToken ct)
   at Microsoft.AspNetCore.Http.RequestDelegateFactory.ExecuteResultWriteResponse(IResult result, HttpContext httpContext)
   at Microsoft.AspNetCore.Authorization.AuthorizationMiddleware.Invoke(HttpContext context)
   at Microsoft.AspNetCore.Authentication.AuthenticationMiddleware.Invoke(HttpContext context)
   at Swashbuckle.AspNetCore.SwaggerUI.SwaggerUIMiddleware.Invoke(HttpContext httpContext)
   at Swashbuckle.AspNetCore.Swagger.SwaggerMiddleware.Invoke(HttpContext httpContext, ISwaggerProvider swaggerProvider)
   at Serilog.AspNetCore.RequestLoggingMiddleware.Invoke(HttpContext httpContext)
2026-07-05 16:56:13.521 +03:00 [ERR] ShelfsService Microsoft.AspNetCore.Diagnostics.DeveloperExceptionPageMiddleware An unhandled exception has occurred while executing the request.
Grpc.Core.RpcException: Status(StatusCode="Unavailable", Detail="Error connecting to subchannel.", DebugException="System.Net.Sockets.SocketException: No such host is known.")
 ---> System.Net.Sockets.SocketException (11001): No such host is known.
   at System.Net.Sockets.Socket.AwaitableSocketAsyncEventArgs.ThrowException(SocketError error, CancellationToken cancellationToken)
   at System.Net.Sockets.Socket.AwaitableSocketAsyncEventArgs.System.Threading.Tasks.Sources.IValueTaskSource.GetResult(Int16 token)
   at System.Net.Sockets.Socket.<ConnectAsync>g__WaitForConnectWithCancellation|285_0(AwaitableSocketAsyncEventArgs saea, ValueTask connectTask, CancellationToken cancellationToken)
   at Grpc.Net.Client.Balancer.Internal.SocketConnectivitySubchannelTransport.TryConnectAsync(ConnectContext context, Int32 attempt)
   --- End of inner exception stack trace ---
   at Grpc.Core.AsyncStreamReaderExtensions.ReadAllAsyncCore[T](IAsyncStreamReader`1 streamReader, CancellationToken cancellationToken)+MoveNext()
   at Grpc.Core.AsyncStreamReaderExtensions.ReadAllAsyncCore[T](IAsyncStreamReader`1 streamReader, CancellationToken cancellationToken)+System.Threading.Tasks.Sources.IValueTaskSource<System.Boolean>.GetResult()
   at ShelfsService.src.ShelfsService.Host.Features.Items.GetPhotoByName.ExecuteAsync(GetImageByName req, CancellationToken ct) in D:\visualStudio\Projects\OnlineShelf\backend\Microservices\ShelfsService\src\ShelfsService.Host\Features\Images\GetImageByName.cs:line 50
   at ShelfsService.src.ShelfsService.Host.Features.Items.GetPhotoByName.ExecuteAsync(GetImageByName req, CancellationToken ct) in D:\visualStudio\Projects\OnlineShelf\backend\Microservices\ShelfsService\src\ShelfsService.Host\Features\Images\GetImageByName.cs:line 50
   at FastEndpoints.Endpoint`2.ExecAsync(CancellationToken ct)
   at FastEndpoints.Endpoint`2.ExecAsync(CancellationToken ct)
   at Microsoft.AspNetCore.Http.RequestDelegateFactory.ExecuteResultWriteResponse(IResult result, HttpContext httpContext)
   at Microsoft.AspNetCore.Authorization.AuthorizationMiddleware.Invoke(HttpContext context)
   at Microsoft.AspNetCore.Authentication.AuthenticationMiddleware.Invoke(HttpContext context)
   at Swashbuckle.AspNetCore.SwaggerUI.SwaggerUIMiddleware.Invoke(HttpContext httpContext)
   at Swashbuckle.AspNetCore.Swagger.SwaggerMiddleware.Invoke(HttpContext httpContext, ISwaggerProvider swaggerProvider)
   at Serilog.AspNetCore.RequestLoggingMiddleware.Invoke(HttpContext httpContext)
   at Microsoft.AspNetCore.Diagnostics.DeveloperExceptionPageMiddlewareImpl.Invoke(HttpContext context)
2026-07-05 16:56:15.544 +03:00 [INF] ShelfsService Grpc.Net.Client.Internal.GrpcCall Call failed with gRPC error status. Status code: '"Unavailable"', Message: 'Error connecting to subchannel.'.
System.Net.Sockets.SocketException (11001): No such host is known.
   at System.Net.Sockets.Socket.AwaitableSocketAsyncEventArgs.ThrowException(SocketError error, CancellationToken cancellationToken)
   at System.Net.Sockets.Socket.AwaitableSocketAsyncEventArgs.System.Threading.Tasks.Sources.IValueTaskSource.GetResult(Int16 token)
   at System.Net.Sockets.Socket.<ConnectAsync>g__WaitForConnectWithCancellation|285_0(AwaitableSocketAsyncEventArgs saea, ValueTask connectTask, CancellationToken cancellationToken)
   at Grpc.Net.Client.Balancer.Internal.SocketConnectivitySubchannelTransport.TryConnectAsync(ConnectContext context, Int32 attempt)
2026-07-05 16:56:15.591 +03:00 [ERR] ShelfsService Serilog.AspNetCore.RequestLoggingMiddleware HTTP GET /shelfs/image/get-image/4b1f3cdf-fa97-4744-a677-47c0969b6af8_big.webp responded 500 in 50.5072 ms
Grpc.Core.RpcException: Status(StatusCode="Unavailable", Detail="Error connecting to subchannel.", DebugException="System.Net.Sockets.SocketException: No such host is known.")
 ---> System.Net.Sockets.SocketException (11001): No such host is known.
   at System.Net.Sockets.Socket.AwaitableSocketAsyncEventArgs.ThrowException(SocketError error, CancellationToken cancellationToken)
   at System.Net.Sockets.Socket.AwaitableSocketAsyncEventArgs.System.Threading.Tasks.Sources.IValueTaskSource.GetResult(Int16 token)
   at System.Net.Sockets.Socket.<ConnectAsync>g__WaitForConnectWithCancellation|285_0(AwaitableSocketAsyncEventArgs saea, ValueTask connectTask, CancellationToken cancellationToken)
   at Grpc.Net.Client.Balancer.Internal.SocketConnectivitySubchannelTransport.TryConnectAsync(ConnectContext context, Int32 attempt)
   --- End of inner exception stack trace ---
   at Grpc.Core.AsyncStreamReaderExtensions.ReadAllAsyncCore[T](IAsyncStreamReader`1 streamReader, CancellationToken cancellationToken)+MoveNext()
   at Grpc.Core.AsyncStreamReaderExtensions.ReadAllAsyncCore[T](IAsyncStreamReader`1 streamReader, CancellationToken cancellationToken)+System.Threading.Tasks.Sources.IValueTaskSource<System.Boolean>.GetResult()
   at ShelfsService.src.ShelfsService.Host.Features.Items.GetPhotoByName.ExecuteAsync(GetImageByName req, CancellationToken ct) in D:\visualStudio\Projects\OnlineShelf\backend\Microservices\ShelfsService\src\ShelfsService.Host\Features\Images\GetImageByName.cs:line 50
   at ShelfsService.src.ShelfsService.Host.Features.Items.GetPhotoByName.ExecuteAsync(GetImageByName req, CancellationToken ct) in D:\visualStudio\Projects\OnlineShelf\backend\Microservices\ShelfsService\src\ShelfsService.Host\Features\Images\GetImageByName.cs:line 50
   at FastEndpoints.Endpoint`2.ExecAsync(CancellationToken ct)
   at FastEndpoints.Endpoint`2.ExecAsync(CancellationToken ct)
   at Microsoft.AspNetCore.Http.RequestDelegateFactory.ExecuteResultWriteResponse(IResult result, HttpContext httpContext)
   at Microsoft.AspNetCore.Authorization.AuthorizationMiddleware.Invoke(HttpContext context)
   at Microsoft.AspNetCore.Authentication.AuthenticationMiddleware.Invoke(HttpContext context)
   at Swashbuckle.AspNetCore.SwaggerUI.SwaggerUIMiddleware.Invoke(HttpContext httpContext)
   at Swashbuckle.AspNetCore.Swagger.SwaggerMiddleware.Invoke(HttpContext httpContext, ISwaggerProvider swaggerProvider)
   at Serilog.AspNetCore.RequestLoggingMiddleware.Invoke(HttpContext httpContext)
2026-07-05 16:56:15.595 +03:00 [ERR] ShelfsService Microsoft.AspNetCore.Diagnostics.DeveloperExceptionPageMiddleware An unhandled exception has occurred while executing the request.
Grpc.Core.RpcException: Status(StatusCode="Unavailable", Detail="Error connecting to subchannel.", DebugException="System.Net.Sockets.SocketException: No such host is known.")
 ---> System.Net.Sockets.SocketException (11001): No such host is known.
   at System.Net.Sockets.Socket.AwaitableSocketAsyncEventArgs.ThrowException(SocketError error, CancellationToken cancellationToken)
   at System.Net.Sockets.Socket.AwaitableSocketAsyncEventArgs.System.Threading.Tasks.Sources.IValueTaskSource.GetResult(Int16 token)
   at System.Net.Sockets.Socket.<ConnectAsync>g__WaitForConnectWithCancellation|285_0(AwaitableSocketAsyncEventArgs saea, ValueTask connectTask, CancellationToken cancellationToken)
   at Grpc.Net.Client.Balancer.Internal.SocketConnectivitySubchannelTransport.TryConnectAsync(ConnectContext context, Int32 attempt)
   --- End of inner exception stack trace ---
   at Grpc.Core.AsyncStreamReaderExtensions.ReadAllAsyncCore[T](IAsyncStreamReader`1 streamReader, CancellationToken cancellationToken)+MoveNext()
   at Grpc.Core.AsyncStreamReaderExtensions.ReadAllAsyncCore[T](IAsyncStreamReader`1 streamReader, CancellationToken cancellationToken)+System.Threading.Tasks.Sources.IValueTaskSource<System.Boolean>.GetResult()
   at ShelfsService.src.ShelfsService.Host.Features.Items.GetPhotoByName.ExecuteAsync(GetImageByName req, CancellationToken ct) in D:\visualStudio\Projects\OnlineShelf\backend\Microservices\ShelfsService\src\ShelfsService.Host\Features\Images\GetImageByName.cs:line 50
   at ShelfsService.src.ShelfsService.Host.Features.Items.GetPhotoByName.ExecuteAsync(GetImageByName req, CancellationToken ct) in D:\visualStudio\Projects\OnlineShelf\backend\Microservices\ShelfsService\src\ShelfsService.Host\Features\Images\GetImageByName.cs:line 50
   at FastEndpoints.Endpoint`2.ExecAsync(CancellationToken ct)
   at FastEndpoints.Endpoint`2.ExecAsync(CancellationToken ct)
   at Microsoft.AspNetCore.Http.RequestDelegateFactory.ExecuteResultWriteResponse(IResult result, HttpContext httpContext)
   at Microsoft.AspNetCore.Authorization.AuthorizationMiddleware.Invoke(HttpContext context)
   at Microsoft.AspNetCore.Authentication.AuthenticationMiddleware.Invoke(HttpContext context)
   at Swashbuckle.AspNetCore.SwaggerUI.SwaggerUIMiddleware.Invoke(HttpContext httpContext)
   at Swashbuckle.AspNetCore.Swagger.SwaggerMiddleware.Invoke(HttpContext httpContext, ISwaggerProvider swaggerProvider)
   at Serilog.AspNetCore.RequestLoggingMiddleware.Invoke(HttpContext httpContext)
   at Microsoft.AspNetCore.Diagnostics.DeveloperExceptionPageMiddlewareImpl.Invoke(HttpContext context)
2026-07-05 16:56:19.611 +03:00 [INF] ShelfsService Serilog.AspNetCore.RequestLoggingMiddleware HTTP OPTIONS /shelfs/image/get-image/4b1f3cdf-fa97-4744-a677-47c0969b6af8_big.webp responded 204 in 0.1049 ms
2026-07-05 16:56:19.618 +03:00 [INF] ShelfsService Grpc.Net.Client.Internal.GrpcCall Call failed with gRPC error status. Status code: '"Unavailable"', Message: 'Error connecting to subchannel.'.
System.Net.Sockets.SocketException (11001): No such host is known.
   at System.Net.Sockets.Socket.AwaitableSocketAsyncEventArgs.ThrowException(SocketError error, CancellationToken cancellationToken)
   at System.Net.Sockets.Socket.AwaitableSocketAsyncEventArgs.System.Threading.Tasks.Sources.IValueTaskSource.GetResult(Int16 token)
   at System.Net.Sockets.Socket.<ConnectAsync>g__WaitForConnectWithCancellation|285_0(AwaitableSocketAsyncEventArgs saea, ValueTask connectTask, CancellationToken cancellationToken)
   at Grpc.Net.Client.Balancer.Internal.SocketConnectivitySubchannelTransport.TryConnectAsync(ConnectContext context, Int32 attempt)
2026-07-05 16:56:19.660 +03:00 [ERR] ShelfsService Serilog.AspNetCore.RequestLoggingMiddleware HTTP GET /shelfs/image/get-image/4b1f3cdf-fa97-4744-a677-47c0969b6af8_big.webp responded 500 in 45.1006 ms
Grpc.Core.RpcException: Status(StatusCode="Unavailable", Detail="Error connecting to subchannel.", DebugException="System.Net.Sockets.SocketException: No such host is known.")
 ---> System.Net.Sockets.SocketException (11001): No such host is known.
   at System.Net.Sockets.Socket.AwaitableSocketAsyncEventArgs.ThrowException(SocketError error, CancellationToken cancellationToken)
   at System.Net.Sockets.Socket.AwaitableSocketAsyncEventArgs.System.Threading.Tasks.Sources.IValueTaskSource.GetResult(Int16 token)
   at System.Net.Sockets.Socket.<ConnectAsync>g__WaitForConnectWithCancellation|285_0(AwaitableSocketAsyncEventArgs saea, ValueTask connectTask, CancellationToken cancellationToken)
   at Grpc.Net.Client.Balancer.Internal.SocketConnectivitySubchannelTransport.TryConnectAsync(ConnectContext context, Int32 attempt)
   --- End of inner exception stack trace ---
   at Grpc.Core.AsyncStreamReaderExtensions.ReadAllAsyncCore[T](IAsyncStreamReader`1 streamReader, CancellationToken cancellationToken)+MoveNext()
   at Grpc.Core.AsyncStreamReaderExtensions.ReadAllAsyncCore[T](IAsyncStreamReader`1 streamReader, CancellationToken cancellationToken)+System.Threading.Tasks.Sources.IValueTaskSource<System.Boolean>.GetResult()
   at ShelfsService.src.ShelfsService.Host.Features.Items.GetPhotoByName.ExecuteAsync(GetImageByName req, CancellationToken ct) in D:\visualStudio\Projects\OnlineShelf\backend\Microservices\ShelfsService\src\ShelfsService.Host\Features\Images\GetImageByName.cs:line 50
   at ShelfsService.src.ShelfsService.Host.Features.Items.GetPhotoByName.ExecuteAsync(GetImageByName req, CancellationToken ct) in D:\visualStudio\Projects\OnlineShelf\backend\Microservices\ShelfsService\src\ShelfsService.Host\Features\Images\GetImageByName.cs:line 50
   at FastEndpoints.Endpoint`2.ExecAsync(CancellationToken ct)
   at FastEndpoints.Endpoint`2.ExecAsync(CancellationToken ct)
   at Microsoft.AspNetCore.Http.RequestDelegateFactory.ExecuteResultWriteResponse(IResult result, HttpContext httpContext)
   at Microsoft.AspNetCore.Authorization.AuthorizationMiddleware.Invoke(HttpContext context)
   at Microsoft.AspNetCore.Authentication.AuthenticationMiddleware.Invoke(HttpContext context)
   at Swashbuckle.AspNetCore.SwaggerUI.SwaggerUIMiddleware.Invoke(HttpContext httpContext)
   at Swashbuckle.AspNetCore.Swagger.SwaggerMiddleware.Invoke(HttpContext httpContext, ISwaggerProvider swaggerProvider)
   at Serilog.AspNetCore.RequestLoggingMiddleware.Invoke(HttpContext httpContext)
2026-07-05 16:56:19.663 +03:00 [ERR] ShelfsService Microsoft.AspNetCore.Diagnostics.DeveloperExceptionPageMiddleware An unhandled exception has occurred while executing the request.
Grpc.Core.RpcException: Status(StatusCode="Unavailable", Detail="Error connecting to subchannel.", DebugException="System.Net.Sockets.SocketException: No such host is known.")
 ---> System.Net.Sockets.SocketException (11001): No such host is known.
   at System.Net.Sockets.Socket.AwaitableSocketAsyncEventArgs.ThrowException(SocketError error, CancellationToken cancellationToken)
   at System.Net.Sockets.Socket.AwaitableSocketAsyncEventArgs.System.Threading.Tasks.Sources.IValueTaskSource.GetResult(Int16 token)
   at System.Net.Sockets.Socket.<ConnectAsync>g__WaitForConnectWithCancellation|285_0(AwaitableSocketAsyncEventArgs saea, ValueTask connectTask, CancellationToken cancellationToken)
   at Grpc.Net.Client.Balancer.Internal.SocketConnectivitySubchannelTransport.TryConnectAsync(ConnectContext context, Int32 attempt)
   --- End of inner exception stack trace ---
   at Grpc.Core.AsyncStreamReaderExtensions.ReadAllAsyncCore[T](IAsyncStreamReader`1 streamReader, CancellationToken cancellationToken)+MoveNext()
   at Grpc.Core.AsyncStreamReaderExtensions.ReadAllAsyncCore[T](IAsyncStreamReader`1 streamReader, CancellationToken cancellationToken)+System.Threading.Tasks.Sources.IValueTaskSource<System.Boolean>.GetResult()
   at ShelfsService.src.ShelfsService.Host.Features.Items.GetPhotoByName.ExecuteAsync(GetImageByName req, CancellationToken ct) in D:\visualStudio\Projects\OnlineShelf\backend\Microservices\ShelfsService\src\ShelfsService.Host\Features\Images\GetImageByName.cs:line 50
   at ShelfsService.src.ShelfsService.Host.Features.Items.GetPhotoByName.ExecuteAsync(GetImageByName req, CancellationToken ct) in D:\visualStudio\Projects\OnlineShelf\backend\Microservices\ShelfsService\src\ShelfsService.Host\Features\Images\GetImageByName.cs:line 50
   at FastEndpoints.Endpoint`2.ExecAsync(CancellationToken ct)
   at FastEndpoints.Endpoint`2.ExecAsync(CancellationToken ct)
   at Microsoft.AspNetCore.Http.RequestDelegateFactory.ExecuteResultWriteResponse(IResult result, HttpContext httpContext)
   at Microsoft.AspNetCore.Authorization.AuthorizationMiddleware.Invoke(HttpContext context)
   at Microsoft.AspNetCore.Authentication.AuthenticationMiddleware.Invoke(HttpContext context)
   at Swashbuckle.AspNetCore.SwaggerUI.SwaggerUIMiddleware.Invoke(HttpContext httpContext)
   at Swashbuckle.AspNetCore.Swagger.SwaggerMiddleware.Invoke(HttpContext httpContext, ISwaggerProvider swaggerProvider)
   at Serilog.AspNetCore.RequestLoggingMiddleware.Invoke(HttpContext httpContext)
   at Microsoft.AspNetCore.Diagnostics.DeveloperExceptionPageMiddlewareImpl.Invoke(HttpContext context)
2026-07-05 16:56:28.932 +03:00 [INF] ShelfsService Serilog.AspNetCore.RequestLoggingMiddleware HTTP OPTIONS /shelfs/image/get-image/4b1f3cdf-fa97-4744-a677-47c0969b6af8_big.webp responded 204 in 0.1149 ms
2026-07-05 16:56:28.964 +03:00 [INF] ShelfsService Grpc.Net.Client.Internal.GrpcCall Call failed with gRPC error status. Status code: '"Unavailable"', Message: 'Error connecting to subchannel.'.
System.Net.Sockets.SocketException (11001): No such host is known.
   at System.Net.Sockets.Socket.AwaitableSocketAsyncEventArgs.ThrowException(SocketError error, CancellationToken cancellationToken)
   at System.Net.Sockets.Socket.AwaitableSocketAsyncEventArgs.System.Threading.Tasks.Sources.IValueTaskSource.GetResult(Int16 token)
   at System.Net.Sockets.Socket.<ConnectAsync>g__WaitForConnectWithCancellation|285_0(AwaitableSocketAsyncEventArgs saea, ValueTask connectTask, CancellationToken cancellationToken)
   at Grpc.Net.Client.Balancer.Internal.SocketConnectivitySubchannelTransport.TryConnectAsync(ConnectContext context, Int32 attempt)
2026-07-05 16:56:29.022 +03:00 [ERR] ShelfsService Serilog.AspNetCore.RequestLoggingMiddleware HTTP GET /shelfs/image/get-image/4b1f3cdf-fa97-4744-a677-47c0969b6af8_big.webp responded 500 in 63.2937 ms
Grpc.Core.RpcException: Status(StatusCode="Unavailable", Detail="Error connecting to subchannel.", DebugException="System.Net.Sockets.SocketException: No such host is known.")
 ---> System.Net.Sockets.SocketException (11001): No such host is known.
   at System.Net.Sockets.Socket.AwaitableSocketAsyncEventArgs.ThrowException(SocketError error, CancellationToken cancellationToken)
   at System.Net.Sockets.Socket.AwaitableSocketAsyncEventArgs.System.Threading.Tasks.Sources.IValueTaskSource.GetResult(Int16 token)
   at System.Net.Sockets.Socket.<ConnectAsync>g__WaitForConnectWithCancellation|285_0(AwaitableSocketAsyncEventArgs saea, ValueTask connectTask, CancellationToken cancellationToken)
   at Grpc.Net.Client.Balancer.Internal.SocketConnectivitySubchannelTransport.TryConnectAsync(ConnectContext context, Int32 attempt)
   --- End of inner exception stack trace ---
   at Grpc.Core.AsyncStreamReaderExtensions.ReadAllAsyncCore[T](IAsyncStreamReader`1 streamReader, CancellationToken cancellationToken)+MoveNext()
   at Grpc.Core.AsyncStreamReaderExtensions.ReadAllAsyncCore[T](IAsyncStreamReader`1 streamReader, CancellationToken cancellationToken)+System.Threading.Tasks.Sources.IValueTaskSource<System.Boolean>.GetResult()
   at ShelfsService.src.ShelfsService.Host.Features.Items.GetPhotoByName.ExecuteAsync(GetImageByName req, CancellationToken ct) in D:\visualStudio\Projects\OnlineShelf\backend\Microservices\ShelfsService\src\ShelfsService.Host\Features\Images\GetImageByName.cs:line 50
   at ShelfsService.src.ShelfsService.Host.Features.Items.GetPhotoByName.ExecuteAsync(GetImageByName req, CancellationToken ct) in D:\visualStudio\Projects\OnlineShelf\backend\Microservices\ShelfsService\src\ShelfsService.Host\Features\Images\GetImageByName.cs:line 50
   at FastEndpoints.Endpoint`2.ExecAsync(CancellationToken ct)
   at FastEndpoints.Endpoint`2.ExecAsync(CancellationToken ct)
   at Microsoft.AspNetCore.Http.RequestDelegateFactory.ExecuteResultWriteResponse(IResult result, HttpContext httpContext)
   at Microsoft.AspNetCore.Authorization.AuthorizationMiddleware.Invoke(HttpContext context)
   at Microsoft.AspNetCore.Authentication.AuthenticationMiddleware.Invoke(HttpContext context)
   at Swashbuckle.AspNetCore.SwaggerUI.SwaggerUIMiddleware.Invoke(HttpContext httpContext)
   at Swashbuckle.AspNetCore.Swagger.SwaggerMiddleware.Invoke(HttpContext httpContext, ISwaggerProvider swaggerProvider)
   at Serilog.AspNetCore.RequestLoggingMiddleware.Invoke(HttpContext httpContext)
2026-07-05 16:56:29.027 +03:00 [ERR] ShelfsService Microsoft.AspNetCore.Diagnostics.DeveloperExceptionPageMiddleware An unhandled exception has occurred while executing the request.
Grpc.Core.RpcException: Status(StatusCode="Unavailable", Detail="Error connecting to subchannel.", DebugException="System.Net.Sockets.SocketException: No such host is known.")
 ---> System.Net.Sockets.SocketException (11001): No such host is known.
   at System.Net.Sockets.Socket.AwaitableSocketAsyncEventArgs.ThrowException(SocketError error, CancellationToken cancellationToken)
   at System.Net.Sockets.Socket.AwaitableSocketAsyncEventArgs.System.Threading.Tasks.Sources.IValueTaskSource.GetResult(Int16 token)
   at System.Net.Sockets.Socket.<ConnectAsync>g__WaitForConnectWithCancellation|285_0(AwaitableSocketAsyncEventArgs saea, ValueTask connectTask, CancellationToken cancellationToken)
   at Grpc.Net.Client.Balancer.Internal.SocketConnectivitySubchannelTransport.TryConnectAsync(ConnectContext context, Int32 attempt)
   --- End of inner exception stack trace ---
   at Grpc.Core.AsyncStreamReaderExtensions.ReadAllAsyncCore[T](IAsyncStreamReader`1 streamReader, CancellationToken cancellationToken)+MoveNext()
   at Grpc.Core.AsyncStreamReaderExtensions.ReadAllAsyncCore[T](IAsyncStreamReader`1 streamReader, CancellationToken cancellationToken)+System.Threading.Tasks.Sources.IValueTaskSource<System.Boolean>.GetResult()
   at ShelfsService.src.ShelfsService.Host.Features.Items.GetPhotoByName.ExecuteAsync(GetImageByName req, CancellationToken ct) in D:\visualStudio\Projects\OnlineShelf\backend\Microservices\ShelfsService\src\ShelfsService.Host\Features\Images\GetImageByName.cs:line 50
   at ShelfsService.src.ShelfsService.Host.Features.Items.GetPhotoByName.ExecuteAsync(GetImageByName req, CancellationToken ct) in D:\visualStudio\Projects\OnlineShelf\backend\Microservices\ShelfsService\src\ShelfsService.Host\Features\Images\GetImageByName.cs:line 50
   at FastEndpoints.Endpoint`2.ExecAsync(CancellationToken ct)
   at FastEndpoints.Endpoint`2.ExecAsync(CancellationToken ct)
   at Microsoft.AspNetCore.Http.RequestDelegateFactory.ExecuteResultWriteResponse(IResult result, HttpContext httpContext)
   at Microsoft.AspNetCore.Authorization.AuthorizationMiddleware.Invoke(HttpContext context)
   at Microsoft.AspNetCore.Authentication.AuthenticationMiddleware.Invoke(HttpContext context)
   at Swashbuckle.AspNetCore.SwaggerUI.SwaggerUIMiddleware.Invoke(HttpContext httpContext)
   at Swashbuckle.AspNetCore.Swagger.SwaggerMiddleware.Invoke(HttpContext httpContext, ISwaggerProvider swaggerProvider)
   at Serilog.AspNetCore.RequestLoggingMiddleware.Invoke(HttpContext httpContext)
   at Microsoft.AspNetCore.Diagnostics.DeveloperExceptionPageMiddlewareImpl.Invoke(HttpContext context)
2026-07-05 16:56:30.047 +03:00 [INF] ShelfsService Grpc.Net.Client.Internal.GrpcCall Call failed with gRPC error status. Status code: '"Unavailable"', Message: 'Error connecting to subchannel.'.
System.Net.Sockets.SocketException (11001): No such host is known.
   at System.Net.Sockets.Socket.AwaitableSocketAsyncEventArgs.ThrowException(SocketError error, CancellationToken cancellationToken)
   at System.Net.Sockets.Socket.AwaitableSocketAsyncEventArgs.System.Threading.Tasks.Sources.IValueTaskSource.GetResult(Int16 token)
   at System.Net.Sockets.Socket.<ConnectAsync>g__WaitForConnectWithCancellation|285_0(AwaitableSocketAsyncEventArgs saea, ValueTask connectTask, CancellationToken cancellationToken)
   at Grpc.Net.Client.Balancer.Internal.SocketConnectivitySubchannelTransport.TryConnectAsync(ConnectContext context, Int32 attempt)
2026-07-05 16:56:30.089 +03:00 [ERR] ShelfsService Serilog.AspNetCore.RequestLoggingMiddleware HTTP GET /shelfs/image/get-image/4b1f3cdf-fa97-4744-a677-47c0969b6af8_big.webp responded 500 in 44.7845 ms
Grpc.Core.RpcException: Status(StatusCode="Unavailable", Detail="Error connecting to subchannel.", DebugException="System.Net.Sockets.SocketException: No such host is known.")
 ---> System.Net.Sockets.SocketException (11001): No such host is known.
   at System.Net.Sockets.Socket.AwaitableSocketAsyncEventArgs.ThrowException(SocketError error, CancellationToken cancellationToken)
   at System.Net.Sockets.Socket.AwaitableSocketAsyncEventArgs.System.Threading.Tasks.Sources.IValueTaskSource.GetResult(Int16 token)
   at System.Net.Sockets.Socket.<ConnectAsync>g__WaitForConnectWithCancellation|285_0(AwaitableSocketAsyncEventArgs saea, ValueTask connectTask, CancellationToken cancellationToken)
   at Grpc.Net.Client.Balancer.Internal.SocketConnectivitySubchannelTransport.TryConnectAsync(ConnectContext context, Int32 attempt)
   --- End of inner exception stack trace ---
   at Grpc.Core.AsyncStreamReaderExtensions.ReadAllAsyncCore[T](IAsyncStreamReader`1 streamReader, CancellationToken cancellationToken)+MoveNext()
   at Grpc.Core.AsyncStreamReaderExtensions.ReadAllAsyncCore[T](IAsyncStreamReader`1 streamReader, CancellationToken cancellationToken)+System.Threading.Tasks.Sources.IValueTaskSource<System.Boolean>.GetResult()
   at ShelfsService.src.ShelfsService.Host.Features.Items.GetPhotoByName.ExecuteAsync(GetImageByName req, CancellationToken ct) in D:\visualStudio\Projects\OnlineShelf\backend\Microservices\ShelfsService\src\ShelfsService.Host\Features\Images\GetImageByName.cs:line 50
   at ShelfsService.src.ShelfsService.Host.Features.Items.GetPhotoByName.ExecuteAsync(GetImageByName req, CancellationToken ct) in D:\visualStudio\Projects\OnlineShelf\backend\Microservices\ShelfsService\src\ShelfsService.Host\Features\Images\GetImageByName.cs:line 50
   at FastEndpoints.Endpoint`2.ExecAsync(CancellationToken ct)
   at FastEndpoints.Endpoint`2.ExecAsync(CancellationToken ct)
   at Microsoft.AspNetCore.Http.RequestDelegateFactory.ExecuteResultWriteResponse(IResult result, HttpContext httpContext)
   at Microsoft.AspNetCore.Authorization.AuthorizationMiddleware.Invoke(HttpContext context)
   at Microsoft.AspNetCore.Authentication.AuthenticationMiddleware.Invoke(HttpContext context)
   at Swashbuckle.AspNetCore.SwaggerUI.SwaggerUIMiddleware.Invoke(HttpContext httpContext)
   at Swashbuckle.AspNetCore.Swagger.SwaggerMiddleware.Invoke(HttpContext httpContext, ISwaggerProvider swaggerProvider)
   at Serilog.AspNetCore.RequestLoggingMiddleware.Invoke(HttpContext httpContext)
2026-07-05 16:56:30.093 +03:00 [ERR] ShelfsService Microsoft.AspNetCore.Diagnostics.DeveloperExceptionPageMiddleware An unhandled exception has occurred while executing the request.
Grpc.Core.RpcException: Status(StatusCode="Unavailable", Detail="Error connecting to subchannel.", DebugException="System.Net.Sockets.SocketException: No such host is known.")
 ---> System.Net.Sockets.SocketException (11001): No such host is known.
   at System.Net.Sockets.Socket.AwaitableSocketAsyncEventArgs.ThrowException(SocketError error, CancellationToken cancellationToken)
   at System.Net.Sockets.Socket.AwaitableSocketAsyncEventArgs.System.Threading.Tasks.Sources.IValueTaskSource.GetResult(Int16 token)
   at System.Net.Sockets.Socket.<ConnectAsync>g__WaitForConnectWithCancellation|285_0(AwaitableSocketAsyncEventArgs saea, ValueTask connectTask, CancellationToken cancellationToken)
   at Grpc.Net.Client.Balancer.Internal.SocketConnectivitySubchannelTransport.TryConnectAsync(ConnectContext context, Int32 attempt)
   --- End of inner exception stack trace ---
   at Grpc.Core.AsyncStreamReaderExtensions.ReadAllAsyncCore[T](IAsyncStreamReader`1 streamReader, CancellationToken cancellationToken)+MoveNext()
   at Grpc.Core.AsyncStreamReaderExtensions.ReadAllAsyncCore[T](IAsyncStreamReader`1 streamReader, CancellationToken cancellationToken)+System.Threading.Tasks.Sources.IValueTaskSource<System.Boolean>.GetResult()
   at ShelfsService.src.ShelfsService.Host.Features.Items.GetPhotoByName.ExecuteAsync(GetImageByName req, CancellationToken ct) in D:\visualStudio\Projects\OnlineShelf\backend\Microservices\ShelfsService\src\ShelfsService.Host\Features\Images\GetImageByName.cs:line 50
   at ShelfsService.src.ShelfsService.Host.Features.Items.GetPhotoByName.ExecuteAsync(GetImageByName req, CancellationToken ct) in D:\visualStudio\Projects\OnlineShelf\backend\Microservices\ShelfsService\src\ShelfsService.Host\Features\Images\GetImageByName.cs:line 50
   at FastEndpoints.Endpoint`2.ExecAsync(CancellationToken ct)
   at FastEndpoints.Endpoint`2.ExecAsync(CancellationToken ct)
   at Microsoft.AspNetCore.Http.RequestDelegateFactory.ExecuteResultWriteResponse(IResult result, HttpContext httpContext)
   at Microsoft.AspNetCore.Authorization.AuthorizationMiddleware.Invoke(HttpContext context)
   at Microsoft.AspNetCore.Authentication.AuthenticationMiddleware.Invoke(HttpContext context)
   at Swashbuckle.AspNetCore.SwaggerUI.SwaggerUIMiddleware.Invoke(HttpContext httpContext)
   at Swashbuckle.AspNetCore.Swagger.SwaggerMiddleware.Invoke(HttpContext httpContext, ISwaggerProvider swaggerProvider)
   at Serilog.AspNetCore.RequestLoggingMiddleware.Invoke(HttpContext httpContext)
   at Microsoft.AspNetCore.Diagnostics.DeveloperExceptionPageMiddlewareImpl.Invoke(HttpContext context)
2026-07-05 16:56:32.107 +03:00 [INF] ShelfsService Grpc.Net.Client.Internal.GrpcCall Call failed with gRPC error status. Status code: '"Unavailable"', Message: 'Error connecting to subchannel.'.
System.Net.Sockets.SocketException (11001): No such host is known.
   at System.Net.Sockets.Socket.AwaitableSocketAsyncEventArgs.ThrowException(SocketError error, CancellationToken cancellationToken)
   at System.Net.Sockets.Socket.AwaitableSocketAsyncEventArgs.System.Threading.Tasks.Sources.IValueTaskSource.GetResult(Int16 token)
   at System.Net.Sockets.Socket.<ConnectAsync>g__WaitForConnectWithCancellation|285_0(AwaitableSocketAsyncEventArgs saea, ValueTask connectTask, CancellationToken cancellationToken)
   at Grpc.Net.Client.Balancer.Internal.SocketConnectivitySubchannelTransport.TryConnectAsync(ConnectContext context, Int32 attempt)
2026-07-05 16:56:32.149 +03:00 [ERR] ShelfsService Serilog.AspNetCore.RequestLoggingMiddleware HTTP GET /shelfs/image/get-image/4b1f3cdf-fa97-4744-a677-47c0969b6af8_big.webp responded 500 in 44.2859 ms
Grpc.Core.RpcException: Status(StatusCode="Unavailable", Detail="Error connecting to subchannel.", DebugException="System.Net.Sockets.SocketException: No such host is known.")
 ---> System.Net.Sockets.SocketException (11001): No such host is known.
   at System.Net.Sockets.Socket.AwaitableSocketAsyncEventArgs.ThrowException(SocketError error, CancellationToken cancellationToken)
   at System.Net.Sockets.Socket.AwaitableSocketAsyncEventArgs.System.Threading.Tasks.Sources.IValueTaskSource.GetResult(Int16 token)
   at System.Net.Sockets.Socket.<ConnectAsync>g__WaitForConnectWithCancellation|285_0(AwaitableSocketAsyncEventArgs saea, ValueTask connectTask, CancellationToken cancellationToken)
   at Grpc.Net.Client.Balancer.Internal.SocketConnectivitySubchannelTransport.TryConnectAsync(ConnectContext context, Int32 attempt)
   --- End of inner exception stack trace ---
   at Grpc.Core.AsyncStreamReaderExtensions.ReadAllAsyncCore[T](IAsyncStreamReader`1 streamReader, CancellationToken cancellationToken)+MoveNext()
   at Grpc.Core.AsyncStreamReaderExtensions.ReadAllAsyncCore[T](IAsyncStreamReader`1 streamReader, CancellationToken cancellationToken)+System.Threading.Tasks.Sources.IValueTaskSource<System.Boolean>.GetResult()
   at ShelfsService.src.ShelfsService.Host.Features.Items.GetPhotoByName.ExecuteAsync(GetImageByName req, CancellationToken ct) in D:\visualStudio\Projects\OnlineShelf\backend\Microservices\ShelfsService\src\ShelfsService.Host\Features\Images\GetImageByName.cs:line 50
   at ShelfsService.src.ShelfsService.Host.Features.Items.GetPhotoByName.ExecuteAsync(GetImageByName req, CancellationToken ct) in D:\visualStudio\Projects\OnlineShelf\backend\Microservices\ShelfsService\src\ShelfsService.Host\Features\Images\GetImageByName.cs:line 50
   at FastEndpoints.Endpoint`2.ExecAsync(CancellationToken ct)
   at FastEndpoints.Endpoint`2.ExecAsync(CancellationToken ct)
   at Microsoft.AspNetCore.Http.RequestDelegateFactory.ExecuteResultWriteResponse(IResult result, HttpContext httpContext)
   at Microsoft.AspNetCore.Authorization.AuthorizationMiddleware.Invoke(HttpContext context)
   at Microsoft.AspNetCore.Authentication.AuthenticationMiddleware.Invoke(HttpContext context)
   at Swashbuckle.AspNetCore.SwaggerUI.SwaggerUIMiddleware.Invoke(HttpContext httpContext)
   at Swashbuckle.AspNetCore.Swagger.SwaggerMiddleware.Invoke(HttpContext httpContext, ISwaggerProvider swaggerProvider)
   at Serilog.AspNetCore.RequestLoggingMiddleware.Invoke(HttpContext httpContext)
2026-07-05 16:56:32.152 +03:00 [ERR] ShelfsService Microsoft.AspNetCore.Diagnostics.DeveloperExceptionPageMiddleware An unhandled exception has occurred while executing the request.
Grpc.Core.RpcException: Status(StatusCode="Unavailable", Detail="Error connecting to subchannel.", DebugException="System.Net.Sockets.SocketException: No such host is known.")
 ---> System.Net.Sockets.SocketException (11001): No such host is known.
   at System.Net.Sockets.Socket.AwaitableSocketAsyncEventArgs.ThrowException(SocketError error, CancellationToken cancellationToken)
   at System.Net.Sockets.Socket.AwaitableSocketAsyncEventArgs.System.Threading.Tasks.Sources.IValueTaskSource.GetResult(Int16 token)
   at System.Net.Sockets.Socket.<ConnectAsync>g__WaitForConnectWithCancellation|285_0(AwaitableSocketAsyncEventArgs saea, ValueTask connectTask, CancellationToken cancellationToken)
   at Grpc.Net.Client.Balancer.Internal.SocketConnectivitySubchannelTransport.TryConnectAsync(ConnectContext context, Int32 attempt)
   --- End of inner exception stack trace ---
   at Grpc.Core.AsyncStreamReaderExtensions.ReadAllAsyncCore[T](IAsyncStreamReader`1 streamReader, CancellationToken cancellationToken)+MoveNext()
   at Grpc.Core.AsyncStreamReaderExtensions.ReadAllAsyncCore[T](IAsyncStreamReader`1 streamReader, CancellationToken cancellationToken)+System.Threading.Tasks.Sources.IValueTaskSource<System.Boolean>.GetResult()
   at ShelfsService.src.ShelfsService.Host.Features.Items.GetPhotoByName.ExecuteAsync(GetImageByName req, CancellationToken ct) in D:\visualStudio\Projects\OnlineShelf\backend\Microservices\ShelfsService\src\ShelfsService.Host\Features\Images\GetImageByName.cs:line 50
   at ShelfsService.src.ShelfsService.Host.Features.Items.GetPhotoByName.ExecuteAsync(GetImageByName req, CancellationToken ct) in D:\visualStudio\Projects\OnlineShelf\backend\Microservices\ShelfsService\src\ShelfsService.Host\Features\Images\GetImageByName.cs:line 50
   at FastEndpoints.Endpoint`2.ExecAsync(CancellationToken ct)
   at FastEndpoints.Endpoint`2.ExecAsync(CancellationToken ct)
   at Microsoft.AspNetCore.Http.RequestDelegateFactory.ExecuteResultWriteResponse(IResult result, HttpContext httpContext)
   at Microsoft.AspNetCore.Authorization.AuthorizationMiddleware.Invoke(HttpContext context)
   at Microsoft.AspNetCore.Authentication.AuthenticationMiddleware.Invoke(HttpContext context)
   at Swashbuckle.AspNetCore.SwaggerUI.SwaggerUIMiddleware.Invoke(HttpContext httpContext)
   at Swashbuckle.AspNetCore.Swagger.SwaggerMiddleware.Invoke(HttpContext httpContext, ISwaggerProvider swaggerProvider)
   at Serilog.AspNetCore.RequestLoggingMiddleware.Invoke(HttpContext httpContext)
   at Microsoft.AspNetCore.Diagnostics.DeveloperExceptionPageMiddlewareImpl.Invoke(HttpContext context)
2026-07-05 16:56:36.169 +03:00 [INF] ShelfsService Serilog.AspNetCore.RequestLoggingMiddleware HTTP OPTIONS /shelfs/image/get-image/4b1f3cdf-fa97-4744-a677-47c0969b6af8_big.webp responded 204 in 0.1375 ms
2026-07-05 16:56:36.176 +03:00 [INF] ShelfsService Grpc.Net.Client.Internal.GrpcCall Call failed with gRPC error status. Status code: '"Unavailable"', Message: 'Error connecting to subchannel.'.
System.Net.Sockets.SocketException (11001): No such host is known.
   at System.Net.Sockets.Socket.AwaitableSocketAsyncEventArgs.ThrowException(SocketError error, CancellationToken cancellationToken)
   at System.Net.Sockets.Socket.AwaitableSocketAsyncEventArgs.System.Threading.Tasks.Sources.IValueTaskSource.GetResult(Int16 token)
   at System.Net.Sockets.Socket.<ConnectAsync>g__WaitForConnectWithCancellation|285_0(AwaitableSocketAsyncEventArgs saea, ValueTask connectTask, CancellationToken cancellationToken)
   at Grpc.Net.Client.Balancer.Internal.SocketConnectivitySubchannelTransport.TryConnectAsync(ConnectContext context, Int32 attempt)
2026-07-05 16:56:36.222 +03:00 [ERR] ShelfsService Serilog.AspNetCore.RequestLoggingMiddleware HTTP GET /shelfs/image/get-image/4b1f3cdf-fa97-4744-a677-47c0969b6af8_big.webp responded 500 in 49.0734 ms
Grpc.Core.RpcException: Status(StatusCode="Unavailable", Detail="Error connecting to subchannel.", DebugException="System.Net.Sockets.SocketException: No such host is known.")
 ---> System.Net.Sockets.SocketException (11001): No such host is known.
   at System.Net.Sockets.Socket.AwaitableSocketAsyncEventArgs.ThrowException(SocketError error, CancellationToken cancellationToken)
   at System.Net.Sockets.Socket.AwaitableSocketAsyncEventArgs.System.Threading.Tasks.Sources.IValueTaskSource.GetResult(Int16 token)
   at System.Net.Sockets.Socket.<ConnectAsync>g__WaitForConnectWithCancellation|285_0(AwaitableSocketAsyncEventArgs saea, ValueTask connectTask, CancellationToken cancellationToken)
   at Grpc.Net.Client.Balancer.Internal.SocketConnectivitySubchannelTransport.TryConnectAsync(ConnectContext context, Int32 attempt)
   --- End of inner exception stack trace ---
   at Grpc.Core.AsyncStreamReaderExtensions.ReadAllAsyncCore[T](IAsyncStreamReader`1 streamReader, CancellationToken cancellationToken)+MoveNext()
   at Grpc.Core.AsyncStreamReaderExtensions.ReadAllAsyncCore[T](IAsyncStreamReader`1 streamReader, CancellationToken cancellationToken)+System.Threading.Tasks.Sources.IValueTaskSource<System.Boolean>.GetResult()
   at ShelfsService.src.ShelfsService.Host.Features.Items.GetPhotoByName.ExecuteAsync(GetImageByName req, CancellationToken ct) in D:\visualStudio\Projects\OnlineShelf\backend\Microservices\ShelfsService\src\ShelfsService.Host\Features\Images\GetImageByName.cs:line 50
   at ShelfsService.src.ShelfsService.Host.Features.Items.GetPhotoByName.ExecuteAsync(GetImageByName req, CancellationToken ct) in D:\visualStudio\Projects\OnlineShelf\backend\Microservices\ShelfsService\src\ShelfsService.Host\Features\Images\GetImageByName.cs:line 50
   at FastEndpoints.Endpoint`2.ExecAsync(CancellationToken ct)
   at FastEndpoints.Endpoint`2.ExecAsync(CancellationToken ct)
   at Microsoft.AspNetCore.Http.RequestDelegateFactory.ExecuteResultWriteResponse(IResult result, HttpContext httpContext)
   at Microsoft.AspNetCore.Authorization.AuthorizationMiddleware.Invoke(HttpContext context)
   at Microsoft.AspNetCore.Authentication.AuthenticationMiddleware.Invoke(HttpContext context)
   at Swashbuckle.AspNetCore.SwaggerUI.SwaggerUIMiddleware.Invoke(HttpContext httpContext)
   at Swashbuckle.AspNetCore.Swagger.SwaggerMiddleware.Invoke(HttpContext httpContext, ISwaggerProvider swaggerProvider)
   at Serilog.AspNetCore.RequestLoggingMiddleware.Invoke(HttpContext httpContext)
2026-07-05 16:56:36.225 +03:00 [ERR] ShelfsService Microsoft.AspNetCore.Diagnostics.DeveloperExceptionPageMiddleware An unhandled exception has occurred while executing the request.
Grpc.Core.RpcException: Status(StatusCode="Unavailable", Detail="Error connecting to subchannel.", DebugException="System.Net.Sockets.SocketException: No such host is known.")
 ---> System.Net.Sockets.SocketException (11001): No such host is known.
   at System.Net.Sockets.Socket.AwaitableSocketAsyncEventArgs.ThrowException(SocketError error, CancellationToken cancellationToken)
   at System.Net.Sockets.Socket.AwaitableSocketAsyncEventArgs.System.Threading.Tasks.Sources.IValueTaskSource.GetResult(Int16 token)
   at System.Net.Sockets.Socket.<ConnectAsync>g__WaitForConnectWithCancellation|285_0(AwaitableSocketAsyncEventArgs saea, ValueTask connectTask, CancellationToken cancellationToken)
   at Grpc.Net.Client.Balancer.Internal.SocketConnectivitySubchannelTransport.TryConnectAsync(ConnectContext context, Int32 attempt)
   --- End of inner exception stack trace ---
   at Grpc.Core.AsyncStreamReaderExtensions.ReadAllAsyncCore[T](IAsyncStreamReader`1 streamReader, CancellationToken cancellationToken)+MoveNext()
   at Grpc.Core.AsyncStreamReaderExtensions.ReadAllAsyncCore[T](IAsyncStreamReader`1 streamReader, CancellationToken cancellationToken)+System.Threading.Tasks.Sources.IValueTaskSource<System.Boolean>.GetResult()
   at ShelfsService.src.ShelfsService.Host.Features.Items.GetPhotoByName.ExecuteAsync(GetImageByName req, CancellationToken ct) in D:\visualStudio\Projects\OnlineShelf\backend\Microservices\ShelfsService\src\ShelfsService.Host\Features\Images\GetImageByName.cs:line 50
   at ShelfsService.src.ShelfsService.Host.Features.Items.GetPhotoByName.ExecuteAsync(GetImageByName req, CancellationToken ct) in D:\visualStudio\Projects\OnlineShelf\backend\Microservices\ShelfsService\src\ShelfsService.Host\Features\Images\GetImageByName.cs:line 50
   at FastEndpoints.Endpoint`2.ExecAsync(CancellationToken ct)
   at FastEndpoints.Endpoint`2.ExecAsync(CancellationToken ct)
   at Microsoft.AspNetCore.Http.RequestDelegateFactory.ExecuteResultWriteResponse(IResult result, HttpContext httpContext)
   at Microsoft.AspNetCore.Authorization.AuthorizationMiddleware.Invoke(HttpContext context)
   at Microsoft.AspNetCore.Authentication.AuthenticationMiddleware.Invoke(HttpContext context)
   at Swashbuckle.AspNetCore.SwaggerUI.SwaggerUIMiddleware.Invoke(HttpContext httpContext)
   at Swashbuckle.AspNetCore.Swagger.SwaggerMiddleware.Invoke(HttpContext httpContext, ISwaggerProvider swaggerProvider)
   at Serilog.AspNetCore.RequestLoggingMiddleware.Invoke(HttpContext httpContext)
   at Microsoft.AspNetCore.Diagnostics.DeveloperExceptionPageMiddlewareImpl.Invoke(HttpContext context)
2026-07-05 17:00:29.167 +03:00 [INF] ShelfsService Microsoft.EntityFrameworkCore.Database.Command Executed DbCommand (28ms) [Parameters=[], CommandType='"Text"', CommandTimeout='30']
CREATE SCHEMA IF NOT EXISTS shelf_service;
2026-07-05 17:00:29.231 +03:00 [INF] ShelfsService Microsoft.EntityFrameworkCore.Database.Command Executed DbCommand (5ms) [Parameters=[], CommandType='"Text"', CommandTimeout='30']
SELECT "MigrationId", "ProductVersion"
FROM shelf_service."__EFMigrationsHistory"
ORDER BY "MigrationId";
2026-07-05 17:00:29.532 +03:00 [INF] ShelfsService Microsoft.EntityFrameworkCore.Database.Command Executed DbCommand (10ms) [Parameters=[], CommandType='"Text"', CommandTimeout='30']
DO $EF$
BEGIN
    IF NOT EXISTS(SELECT 1 FROM pg_namespace WHERE nspname = 'shelf_service') THEN
        CREATE SCHEMA shelf_service;
    END IF;
END $EF$;
CREATE TABLE IF NOT EXISTS shelf_service."__EFMigrationsHistory" (
    "MigrationId" character varying(150) NOT NULL,
    "ProductVersion" character varying(32) NOT NULL,
    CONSTRAINT "PK___EFMigrationsHistory" PRIMARY KEY ("MigrationId")
);
2026-07-05 17:00:29.548 +03:00 [INF] ShelfsService Microsoft.EntityFrameworkCore.Migrations Acquiring an exclusive lock for migration application. See https://aka.ms/efcore-docs-migrations-lock for more information if this takes too long.
2026-07-05 17:00:29.551 +03:00 [INF] ShelfsService Microsoft.EntityFrameworkCore.Database.Command Executed DbCommand (2ms) [Parameters=[], CommandType='"Text"', CommandTimeout='30']
LOCK TABLE shelf_service."__EFMigrationsHistory" IN ACCESS EXCLUSIVE MODE
2026-07-05 17:00:29.553 +03:00 [INF] ShelfsService Microsoft.EntityFrameworkCore.Database.Command Executed DbCommand (2ms) [Parameters=[], CommandType='"Text"', CommandTimeout='30']
SELECT "MigrationId", "ProductVersion"
FROM shelf_service."__EFMigrationsHistory"
ORDER BY "MigrationId";
2026-07-05 17:00:29.559 +03:00 [INF] ShelfsService Microsoft.EntityFrameworkCore.Migrations No migrations were applied. The database is already up to date.
2026-07-05 17:00:30.528 +03:00 [INF] ShelfsService Microsoft.EntityFrameworkCore.Database.Command Executed DbCommand (16ms) [Parameters=[], CommandType='"Text"', CommandTimeout='30']
SELECT a."Id", a."AttributeKey", a."Name"
FROM shelf_service."Attributes" AS a
2026-07-05 17:00:30.616 +03:00 [INF] ShelfsService Microsoft.EntityFrameworkCore.Database.Command Executed DbCommand (3ms) [Parameters=[], CommandType='"Text"', CommandTimeout='30']
SELECT a."Id", a."AttributeId", a."AttributeKey", a."AttributeValue"
FROM shelf_service."AttributesValues" AS a
2026-07-05 17:00:30.659 +03:00 [INF] ShelfsService FastEndpoints.StartupTimer Registered 12 endpoints in 3 030 milliseconds.
2026-07-05 17:00:30.761 +03:00 [INF] ShelfsService Microsoft.EntityFrameworkCore.Database.Command Executed DbCommand (6ms) [Parameters=[], CommandType='"Text"', CommandTimeout='30']
CREATE SCHEMA IF NOT EXISTS shelf_service;
2026-07-05 17:00:30.777 +03:00 [INF] ShelfsService Microsoft.EntityFrameworkCore.Database.Command Executed DbCommand (2ms) [Parameters=[], CommandType='"Text"', CommandTimeout='30']
SELECT "MigrationId", "ProductVersion"
FROM shelf_service."__EFMigrationsHistory"
ORDER BY "MigrationId";
2026-07-05 17:00:30.860 +03:00 [INF] ShelfsService Microsoft.EntityFrameworkCore.Database.Command Executed DbCommand (2ms) [Parameters=[], CommandType='"Text"', CommandTimeout='30']
DO $EF$
BEGIN
    IF NOT EXISTS(SELECT 1 FROM pg_namespace WHERE nspname = 'shelf_service') THEN
        CREATE SCHEMA shelf_service;
    END IF;
END $EF$;
CREATE TABLE IF NOT EXISTS shelf_service."__EFMigrationsHistory" (
    "MigrationId" character varying(150) NOT NULL,
    "ProductVersion" character varying(32) NOT NULL,
    CONSTRAINT "PK___EFMigrationsHistory" PRIMARY KEY ("MigrationId")
);
2026-07-05 17:00:30.877 +03:00 [INF] ShelfsService Microsoft.EntityFrameworkCore.Database.Command Executed DbCommand (2ms) [Parameters=[], CommandType='"Text"', CommandTimeout='30']
LOCK TABLE shelf_service."__EFMigrationsHistory" IN ACCESS EXCLUSIVE MODE
2026-07-05 17:00:30.883 +03:00 [INF] ShelfsService Microsoft.EntityFrameworkCore.Database.Command Executed DbCommand (2ms) [Parameters=[], CommandType='"Text"', CommandTimeout='30']
SELECT "MigrationId", "ProductVersion"
FROM shelf_service."__EFMigrationsHistory"
ORDER BY "MigrationId";
2026-07-05 17:00:30.884 +03:00 [INF] ShelfsService Microsoft.EntityFrameworkCore.Migrations No migrations were applied. The database is already up to date.
2026-07-05 17:00:30.900 +03:00 [INF] ShelfsService Microsoft.EntityFrameworkCore.Database.Command Executed DbCommand (2ms) [Parameters=[], CommandType='"Text"', CommandTimeout='30']
SELECT "MigrationId", "ProductVersion"
FROM shelf_service."__EFMigrationsHistory"
ORDER BY "MigrationId";
2026-07-05 17:00:30.930 +03:00 [INF] ShelfsService Microsoft.EntityFrameworkCore.Database.Command Executed DbCommand (2ms) [Parameters=[], CommandType='"Text"', CommandTimeout='30']
DO $EF$
BEGIN
    IF NOT EXISTS(SELECT 1 FROM pg_namespace WHERE nspname = 'shelf_service') THEN
        CREATE SCHEMA shelf_service;
    END IF;
END $EF$;
CREATE TABLE IF NOT EXISTS shelf_service."__EFMigrationsHistory" (
    "MigrationId" character varying(150) NOT NULL,
    "ProductVersion" character varying(32) NOT NULL,
    CONSTRAINT "PK___EFMigrationsHistory" PRIMARY KEY ("MigrationId")
);
2026-07-05 17:00:30.933 +03:00 [INF] ShelfsService Microsoft.EntityFrameworkCore.Database.Command Executed DbCommand (2ms) [Parameters=[], CommandType='"Text"', CommandTimeout='30']
LOCK TABLE shelf_service."__EFMigrationsHistory" IN ACCESS EXCLUSIVE MODE
2026-07-05 17:00:30.936 +03:00 [INF] ShelfsService Microsoft.EntityFrameworkCore.Database.Command Executed DbCommand (2ms) [Parameters=[], CommandType='"Text"', CommandTimeout='30']
SELECT "MigrationId", "ProductVersion"
FROM shelf_service."__EFMigrationsHistory"
ORDER BY "MigrationId";
2026-07-05 17:00:30.936 +03:00 [INF] ShelfsService Microsoft.EntityFrameworkCore.Migrations No migrations were applied. The database is already up to date.
2026-07-05 17:00:31.012 +03:00 [INF] ShelfsService Microsoft.EntityFrameworkCore.Database.Command Executed DbCommand (2ms) [Parameters=[], CommandType='"Text"', CommandTimeout='30']
SELECT EXISTS (
    SELECT 1
    FROM shelf_service."Shelfs" AS s)
2026-07-05 17:00:31.025 +03:00 [INF] ShelfsService Microsoft.EntityFrameworkCore.Database.Command Executed DbCommand (3ms) [Parameters=[], CommandType='"Text"', CommandTimeout='30']
SELECT EXISTS (
    SELECT 1
    FROM shelf_service."Items" AS i)
2026-07-05 17:00:31.034 +03:00 [INF] ShelfsService Microsoft.EntityFrameworkCore.Database.Command Executed DbCommand (3ms) [Parameters=[], CommandType='"Text"', CommandTimeout='30']
SELECT EXISTS (
    SELECT 1
    FROM shelf_service."AttributesValues" AS a)
2026-07-05 17:00:31.041 +03:00 [INF] ShelfsService Microsoft.EntityFrameworkCore.Database.Command Executed DbCommand (2ms) [Parameters=[], CommandType='"Text"', CommandTimeout='30']
SELECT EXISTS (
    SELECT 1
    FROM shelf_service."Attributes" AS a)
2026-07-05 17:00:31.387 +03:00 [INF] ShelfsService Microsoft.Hosting.Lifetime Application started. Press Ctrl+C to shut down.
2026-07-05 17:00:31.390 +03:00 [INF] ShelfsService Microsoft.Hosting.Lifetime Hosting environment: Development
2026-07-05 17:00:31.390 +03:00 [INF] ShelfsService Microsoft.Hosting.Lifetime Content root path: D:\visualStudio\Projects\OnlineShelf\backend\Microservices\ShelfsService
2026-07-05 17:00:33.384 +03:00 [INF] ShelfsService Serilog.AspNetCore.RequestLoggingMiddleware HTTP GET /swagger/index.html responded 200 in 121.6712 ms
2026-07-05 17:00:34.169 +03:00 [INF] ShelfsService Serilog.AspNetCore.RequestLoggingMiddleware HTTP GET /swagger/v1/swagger.json responded 200 in 16.3835 ms
2026-07-05 17:00:35.167 +03:00 [INF] ShelfsService Serilog.AspNetCore.RequestLoggingMiddleware HTTP OPTIONS /shelfs/image/get-image/4b1f3cdf-fa97-4744-a677-47c0969b6af8_big.webp responded 204 in 5.5369 ms
2026-07-05 17:00:35.167 +03:00 [INF] ShelfsService Serilog.AspNetCore.RequestLoggingMiddleware HTTP OPTIONS /shelfs/items/bc540d10-cc61-41a6-8d42-5afdac6a0b1b responded 204 in 5.5896 ms
2026-07-05 17:00:35.577 +03:00 [INF] ShelfsService Grpc.Net.Client.Internal.GrpcCall Call failed with gRPC error status. Status code: '"Cancelled"', Message: 'Call canceled by the client.'.
System.OperationCanceledException: The operation was canceled.
2026-07-05 17:00:35.703 +03:00 [ERR] ShelfsService Serilog.AspNetCore.RequestLoggingMiddleware HTTP GET /shelfs/image/get-image/4b1f3cdf-fa97-4744-a677-47c0969b6af8_big.webp responded 500 in 522.0621 ms
Grpc.Core.RpcException: Status(StatusCode="Cancelled", Detail="Call canceled by the client.", DebugException="System.OperationCanceledException: The operation was canceled.")
 ---> System.OperationCanceledException: The operation was canceled.
   --- End of inner exception stack trace ---
   at Grpc.Core.AsyncStreamReaderExtensions.ReadAllAsyncCore[T](IAsyncStreamReader`1 streamReader, CancellationToken cancellationToken)+MoveNext()
   at Grpc.Core.AsyncStreamReaderExtensions.ReadAllAsyncCore[T](IAsyncStreamReader`1 streamReader, CancellationToken cancellationToken)+System.Threading.Tasks.Sources.IValueTaskSource<System.Boolean>.GetResult()
   at ShelfsService.src.ShelfsService.Host.Features.Items.GetPhotoByName.ExecuteAsync(GetImageByName req, CancellationToken ct) in D:\visualStudio\Projects\OnlineShelf\backend\Microservices\ShelfsService\src\ShelfsService.Host\Features\Images\GetImageByName.cs:line 50
   at ShelfsService.src.ShelfsService.Host.Features.Items.GetPhotoByName.ExecuteAsync(GetImageByName req, CancellationToken ct) in D:\visualStudio\Projects\OnlineShelf\backend\Microservices\ShelfsService\src\ShelfsService.Host\Features\Images\GetImageByName.cs:line 50
   at FastEndpoints.Endpoint`2.ExecAsync(CancellationToken ct)
   at FastEndpoints.Endpoint`2.ExecAsync(CancellationToken ct)
   at Microsoft.AspNetCore.Http.RequestDelegateFactory.ExecuteResultWriteResponse(IResult result, HttpContext httpContext)
   at Microsoft.AspNetCore.Authorization.AuthorizationMiddleware.Invoke(HttpContext context)
   at Microsoft.AspNetCore.Authentication.AuthenticationMiddleware.Invoke(HttpContext context)
   at Swashbuckle.AspNetCore.SwaggerUI.SwaggerUIMiddleware.Invoke(HttpContext httpContext)
   at Swashbuckle.AspNetCore.Swagger.SwaggerMiddleware.Invoke(HttpContext httpContext, ISwaggerProvider swaggerProvider)
   at Serilog.AspNetCore.RequestLoggingMiddleware.Invoke(HttpContext httpContext)
2026-07-05 17:00:35.704 +03:00 [ERR] ShelfsService Serilog.AspNetCore.RequestLoggingMiddleware HTTP GET /shelfs/items/bc540d10-cc61-41a6-8d42-5afdac6a0b1b responded 500 in 522.9403 ms
System.OperationCanceledException: The operation was canceled.
   at System.Threading.CancellationToken.ThrowOperationCanceledException()
   at System.Threading.CancellationToken.ThrowIfCancellationRequested()
   at Npgsql.NpgsqlCommand.ExecuteReader(Boolean async, CommandBehavior behavior, CancellationToken cancellationToken)
   at Npgsql.NpgsqlCommand.ExecuteReader(Boolean async, CommandBehavior behavior, CancellationToken cancellationToken)
   at Npgsql.NpgsqlCommand.ExecuteDbDataReaderAsync(CommandBehavior behavior, CancellationToken cancellationToken)
   at Microsoft.EntityFrameworkCore.Storage.RelationalCommand.ExecuteReaderAsync(RelationalCommandParameterObject parameterObject, CancellationToken cancellationToken)
   at Microsoft.EntityFrameworkCore.Storage.RelationalCommand.ExecuteReaderAsync(RelationalCommandParameterObject parameterObject, CancellationToken cancellationToken)
   at Microsoft.EntityFrameworkCore.Query.Internal.SingleQueryingEnumerable`1.AsyncEnumerator.InitializeReaderAsync(AsyncEnumerator enumerator, CancellationToken cancellationToken)
   at Npgsql.EntityFrameworkCore.PostgreSQL.Storage.Internal.NpgsqlExecutionStrategy.ExecuteAsync[TState,TResult](TState state, Func`4 operation, Func`4 verifySucceeded, CancellationToken cancellationToken)
   at Microsoft.EntityFrameworkCore.Query.Internal.SingleQueryingEnumerable`1.AsyncEnumerator.MoveNextAsync()
   at Microsoft.EntityFrameworkCore.Query.ShapedQueryCompilingExpressionVisitor.SingleOrDefaultAsync[TSource](IAsyncEnumerable`1 asyncEnumerable, CancellationToken cancellationToken)
   at Microsoft.EntityFrameworkCore.Query.ShapedQueryCompilingExpressionVisitor.SingleOrDefaultAsync[TSource](IAsyncEnumerable`1 asyncEnumerable, CancellationToken cancellationToken)
   at ShelfsService.src.ShelfsService.Host.Features.Items.GetItemById.ExecuteAsync(GetItemByIdRequest req, CancellationToken ct) in D:\visualStudio\Projects\OnlineShelf\backend\Microservices\ShelfsService\src\ShelfsService.Host\Features\Items\GetItemById.cs:line 33
   at FastEndpoints.Endpoint`2.ExecAsync(CancellationToken ct)
   at FastEndpoints.Endpoint`2.ExecAsync(CancellationToken ct)
   at Microsoft.AspNetCore.Http.RequestDelegateFactory.ExecuteResultWriteResponse(IResult result, HttpContext httpContext)
   at Microsoft.AspNetCore.Authorization.AuthorizationMiddleware.Invoke(HttpContext context)
   at Microsoft.AspNetCore.Authentication.AuthenticationMiddleware.Invoke(HttpContext context)
   at Swashbuckle.AspNetCore.SwaggerUI.SwaggerUIMiddleware.Invoke(HttpContext httpContext)
   at Swashbuckle.AspNetCore.Swagger.SwaggerMiddleware.Invoke(HttpContext httpContext, ISwaggerProvider swaggerProvider)
   at Serilog.AspNetCore.RequestLoggingMiddleware.Invoke(HttpContext httpContext)
2026-07-05 17:00:35.714 +03:00 [ERR] ShelfsService Microsoft.AspNetCore.Diagnostics.DeveloperExceptionPageMiddleware An unhandled exception has occurred while executing the request.
Grpc.Core.RpcException: Status(StatusCode="Cancelled", Detail="Call canceled by the client.", DebugException="System.OperationCanceledException: The operation was canceled.")
 ---> System.OperationCanceledException: The operation was canceled.
   --- End of inner exception stack trace ---
   at Grpc.Core.AsyncStreamReaderExtensions.ReadAllAsyncCore[T](IAsyncStreamReader`1 streamReader, CancellationToken cancellationToken)+MoveNext()
   at Grpc.Core.AsyncStreamReaderExtensions.ReadAllAsyncCore[T](IAsyncStreamReader`1 streamReader, CancellationToken cancellationToken)+System.Threading.Tasks.Sources.IValueTaskSource<System.Boolean>.GetResult()
   at ShelfsService.src.ShelfsService.Host.Features.Items.GetPhotoByName.ExecuteAsync(GetImageByName req, CancellationToken ct) in D:\visualStudio\Projects\OnlineShelf\backend\Microservices\ShelfsService\src\ShelfsService.Host\Features\Images\GetImageByName.cs:line 50
   at ShelfsService.src.ShelfsService.Host.Features.Items.GetPhotoByName.ExecuteAsync(GetImageByName req, CancellationToken ct) in D:\visualStudio\Projects\OnlineShelf\backend\Microservices\ShelfsService\src\ShelfsService.Host\Features\Images\GetImageByName.cs:line 50
   at FastEndpoints.Endpoint`2.ExecAsync(CancellationToken ct)
   at FastEndpoints.Endpoint`2.ExecAsync(CancellationToken ct)
   at Microsoft.AspNetCore.Http.RequestDelegateFactory.ExecuteResultWriteResponse(IResult result, HttpContext httpContext)
   at Microsoft.AspNetCore.Authorization.AuthorizationMiddleware.Invoke(HttpContext context)
   at Microsoft.AspNetCore.Authentication.AuthenticationMiddleware.Invoke(HttpContext context)
   at Swashbuckle.AspNetCore.SwaggerUI.SwaggerUIMiddleware.Invoke(HttpContext httpContext)
   at Swashbuckle.AspNetCore.Swagger.SwaggerMiddleware.Invoke(HttpContext httpContext, ISwaggerProvider swaggerProvider)
   at Serilog.AspNetCore.RequestLoggingMiddleware.Invoke(HttpContext httpContext)
   at Microsoft.AspNetCore.Diagnostics.DeveloperExceptionPageMiddlewareImpl.Invoke(HttpContext context)
2026-07-05 17:00:36.211 +03:00 [INF] ShelfsService Serilog.AspNetCore.RequestLoggingMiddleware HTTP OPTIONS /shelfs/items/attributes responded 204 in 0.1944 ms
2026-07-05 17:00:36.239 +03:00 [INF] ShelfsService Serilog.AspNetCore.RequestLoggingMiddleware HTTP GET /shelfs/items/attributes responded 200 in 22.7032 ms
2026-07-05 17:00:36.241 +03:00 [INF] ShelfsService Microsoft.EntityFrameworkCore.Database.Command Executed DbCommand (15ms) [Parameters=[@__itemId_0='?' (DbType = Guid)], CommandType='"Text"', CommandTimeout='30']
SELECT i."Id", i."AttributeColorMain", i."AttributeColorSecond", i."AttributeMatterial", i."AttributePattern", i."AttributeSeason", i."AttributeType", i."BigImage", i."DateCreated", i."Name", i."ShelfId", i."SmallImage", i."UpdatedAt", i."UserId", i."isFavorite", i."positionKey"
FROM shelf_service."Items" AS i
WHERE i."Id" = @__itemId_0
LIMIT 1
2026-07-05 17:00:36.293 +03:00 [INF] ShelfsService ShelfsService.src.ShelfsService.Host.Features.Items.GetItemById Item "bc540d10-cc61-41a6-8d42-5afdac6a0b1b" was returned
2026-07-05 17:00:36.320 +03:00 [INF] ShelfsService Serilog.AspNetCore.RequestLoggingMiddleware HTTP GET /shelfs/items/bc540d10-cc61-41a6-8d42-5afdac6a0b1b responded 200 in 108.0083 ms
2026-07-05 17:00:39.446 +03:00 [INF] ShelfsService Grpc.Net.Client.Internal.GrpcCall Call failed with gRPC error status. Status code: '"Unavailable"', Message: 'Error connecting to subchannel.'.
System.Net.Sockets.SocketException (11001): No such host is known.
   at System.Net.Sockets.Socket.AwaitableSocketAsyncEventArgs.ThrowException(SocketError error, CancellationToken cancellationToken)
   at System.Net.Sockets.Socket.AwaitableSocketAsyncEventArgs.System.Threading.Tasks.Sources.IValueTaskSource.GetResult(Int16 token)
   at System.Net.Sockets.Socket.<ConnectAsync>g__WaitForConnectWithCancellation|285_0(AwaitableSocketAsyncEventArgs saea, ValueTask connectTask, CancellationToken cancellationToken)
   at Grpc.Net.Client.Balancer.Internal.SocketConnectivitySubchannelTransport.TryConnectAsync(ConnectContext context, Int32 attempt)
2026-07-05 17:00:39.509 +03:00 [ERR] ShelfsService Serilog.AspNetCore.RequestLoggingMiddleware HTTP GET /shelfs/image/get-image/4b1f3cdf-fa97-4744-a677-47c0969b6af8_big.webp responded 500 in 2852.3351 ms
Grpc.Core.RpcException: Status(StatusCode="Unavailable", Detail="Error connecting to subchannel.", DebugException="System.Net.Sockets.SocketException: No such host is known.")
 ---> System.Net.Sockets.SocketException (11001): No such host is known.
   at System.Net.Sockets.Socket.AwaitableSocketAsyncEventArgs.ThrowException(SocketError error, CancellationToken cancellationToken)
   at System.Net.Sockets.Socket.AwaitableSocketAsyncEventArgs.System.Threading.Tasks.Sources.IValueTaskSource.GetResult(Int16 token)
   at System.Net.Sockets.Socket.<ConnectAsync>g__WaitForConnectWithCancellation|285_0(AwaitableSocketAsyncEventArgs saea, ValueTask connectTask, CancellationToken cancellationToken)
   at Grpc.Net.Client.Balancer.Internal.SocketConnectivitySubchannelTransport.TryConnectAsync(ConnectContext context, Int32 attempt)
   --- End of inner exception stack trace ---
   at Grpc.Net.Client.Internal.HttpContentClientStreamReader`2.MoveNextCore(CancellationToken cancellationToken)
   at Grpc.Core.AsyncStreamReaderExtensions.ReadAllAsyncCore[T](IAsyncStreamReader`1 streamReader, CancellationToken cancellationToken)+MoveNext()
   at Grpc.Core.AsyncStreamReaderExtensions.ReadAllAsyncCore[T](IAsyncStreamReader`1 streamReader, CancellationToken cancellationToken)+System.Threading.Tasks.Sources.IValueTaskSource<System.Boolean>.GetResult()
   at ShelfsService.src.ShelfsService.Host.Features.Items.GetPhotoByName.ExecuteAsync(GetImageByName req, CancellationToken ct) in D:\visualStudio\Projects\OnlineShelf\backend\Microservices\ShelfsService\src\ShelfsService.Host\Features\Images\GetImageByName.cs:line 50
   at ShelfsService.src.ShelfsService.Host.Features.Items.GetPhotoByName.ExecuteAsync(GetImageByName req, CancellationToken ct) in D:\visualStudio\Projects\OnlineShelf\backend\Microservices\ShelfsService\src\ShelfsService.Host\Features\Images\GetImageByName.cs:line 50
   at FastEndpoints.Endpoint`2.ExecAsync(CancellationToken ct)
   at FastEndpoints.Endpoint`2.ExecAsync(CancellationToken ct)
   at Microsoft.AspNetCore.Http.RequestDelegateFactory.ExecuteResultWriteResponse(IResult result, HttpContext httpContext)
   at Microsoft.AspNetCore.Authorization.AuthorizationMiddleware.Invoke(HttpContext context)
   at Microsoft.AspNetCore.Authentication.AuthenticationMiddleware.Invoke(HttpContext context)
   at Swashbuckle.AspNetCore.SwaggerUI.SwaggerUIMiddleware.Invoke(HttpContext httpContext)
   at Swashbuckle.AspNetCore.Swagger.SwaggerMiddleware.Invoke(HttpContext httpContext, ISwaggerProvider swaggerProvider)
   at Serilog.AspNetCore.RequestLoggingMiddleware.Invoke(HttpContext httpContext)
2026-07-05 17:00:39.513 +03:00 [ERR] ShelfsService Microsoft.AspNetCore.Diagnostics.DeveloperExceptionPageMiddleware An unhandled exception has occurred while executing the request.
Grpc.Core.RpcException: Status(StatusCode="Unavailable", Detail="Error connecting to subchannel.", DebugException="System.Net.Sockets.SocketException: No such host is known.")
 ---> System.Net.Sockets.SocketException (11001): No such host is known.
   at System.Net.Sockets.Socket.AwaitableSocketAsyncEventArgs.ThrowException(SocketError error, CancellationToken cancellationToken)
   at System.Net.Sockets.Socket.AwaitableSocketAsyncEventArgs.System.Threading.Tasks.Sources.IValueTaskSource.GetResult(Int16 token)
   at System.Net.Sockets.Socket.<ConnectAsync>g__WaitForConnectWithCancellation|285_0(AwaitableSocketAsyncEventArgs saea, ValueTask connectTask, CancellationToken cancellationToken)
   at Grpc.Net.Client.Balancer.Internal.SocketConnectivitySubchannelTransport.TryConnectAsync(ConnectContext context, Int32 attempt)
   --- End of inner exception stack trace ---
   at Grpc.Net.Client.Internal.HttpContentClientStreamReader`2.MoveNextCore(CancellationToken cancellationToken)
   at Grpc.Core.AsyncStreamReaderExtensions.ReadAllAsyncCore[T](IAsyncStreamReader`1 streamReader, CancellationToken cancellationToken)+MoveNext()
   at Grpc.Core.AsyncStreamReaderExtensions.ReadAllAsyncCore[T](IAsyncStreamReader`1 streamReader, CancellationToken cancellationToken)+System.Threading.Tasks.Sources.IValueTaskSource<System.Boolean>.GetResult()
   at ShelfsService.src.ShelfsService.Host.Features.Items.GetPhotoByName.ExecuteAsync(GetImageByName req, CancellationToken ct) in D:\visualStudio\Projects\OnlineShelf\backend\Microservices\ShelfsService\src\ShelfsService.Host\Features\Images\GetImageByName.cs:line 50
   at ShelfsService.src.ShelfsService.Host.Features.Items.GetPhotoByName.ExecuteAsync(GetImageByName req, CancellationToken ct) in D:\visualStudio\Projects\OnlineShelf\backend\Microservices\ShelfsService\src\ShelfsService.Host\Features\Images\GetImageByName.cs:line 50
   at FastEndpoints.Endpoint`2.ExecAsync(CancellationToken ct)
   at FastEndpoints.Endpoint`2.ExecAsync(CancellationToken ct)
   at Microsoft.AspNetCore.Http.RequestDelegateFactory.ExecuteResultWriteResponse(IResult result, HttpContext httpContext)
   at Microsoft.AspNetCore.Authorization.AuthorizationMiddleware.Invoke(HttpContext context)
   at Microsoft.AspNetCore.Authentication.AuthenticationMiddleware.Invoke(HttpContext context)
   at Swashbuckle.AspNetCore.SwaggerUI.SwaggerUIMiddleware.Invoke(HttpContext httpContext)
   at Swashbuckle.AspNetCore.Swagger.SwaggerMiddleware.Invoke(HttpContext httpContext, ISwaggerProvider swaggerProvider)
   at Serilog.AspNetCore.RequestLoggingMiddleware.Invoke(HttpContext httpContext)
   at Microsoft.AspNetCore.Diagnostics.DeveloperExceptionPageMiddlewareImpl.Invoke(HttpContext context)
2026-07-05 17:00:40.531 +03:00 [INF] ShelfsService Serilog.AspNetCore.RequestLoggingMiddleware HTTP OPTIONS /shelfs/image/get-image/4b1f3cdf-fa97-4744-a677-47c0969b6af8_big.webp responded 204 in 0.1821 ms
2026-07-05 17:00:42.971 +03:00 [INF] ShelfsService Grpc.Net.Client.Internal.GrpcCall Call failed with gRPC error status. Status code: '"Unavailable"', Message: 'Error connecting to subchannel.'.
System.Net.Sockets.SocketException (11001): No such host is known.
   at System.Net.Sockets.Socket.AwaitableSocketAsyncEventArgs.ThrowException(SocketError error, CancellationToken cancellationToken)
   at System.Net.Sockets.Socket.AwaitableSocketAsyncEventArgs.System.Threading.Tasks.Sources.IValueTaskSource.GetResult(Int16 token)
   at System.Net.Sockets.Socket.<ConnectAsync>g__WaitForConnectWithCancellation|285_0(AwaitableSocketAsyncEventArgs saea, ValueTask connectTask, CancellationToken cancellationToken)
   at Grpc.Net.Client.Balancer.Internal.SocketConnectivitySubchannelTransport.TryConnectAsync(ConnectContext context, Int32 attempt)
2026-07-05 17:00:43.025 +03:00 [ERR] ShelfsService Serilog.AspNetCore.RequestLoggingMiddleware HTTP GET /shelfs/image/get-image/4b1f3cdf-fa97-4744-a677-47c0969b6af8_big.webp responded 500 in 2491.6151 ms
Grpc.Core.RpcException: Status(StatusCode="Unavailable", Detail="Error connecting to subchannel.", DebugException="System.Net.Sockets.SocketException: No such host is known.")
 ---> System.Net.Sockets.SocketException (11001): No such host is known.
   at System.Net.Sockets.Socket.AwaitableSocketAsyncEventArgs.ThrowException(SocketError error, CancellationToken cancellationToken)
   at System.Net.Sockets.Socket.AwaitableSocketAsyncEventArgs.System.Threading.Tasks.Sources.IValueTaskSource.GetResult(Int16 token)
   at System.Net.Sockets.Socket.<ConnectAsync>g__WaitForConnectWithCancellation|285_0(AwaitableSocketAsyncEventArgs saea, ValueTask connectTask, CancellationToken cancellationToken)
   at Grpc.Net.Client.Balancer.Internal.SocketConnectivitySubchannelTransport.TryConnectAsync(ConnectContext context, Int32 attempt)
   --- End of inner exception stack trace ---
   at Grpc.Net.Client.Internal.HttpContentClientStreamReader`2.MoveNextCore(CancellationToken cancellationToken)
   at Grpc.Core.AsyncStreamReaderExtensions.ReadAllAsyncCore[T](IAsyncStreamReader`1 streamReader, CancellationToken cancellationToken)+MoveNext()
   at Grpc.Core.AsyncStreamReaderExtensions.ReadAllAsyncCore[T](IAsyncStreamReader`1 streamReader, CancellationToken cancellationToken)+System.Threading.Tasks.Sources.IValueTaskSource<System.Boolean>.GetResult()
   at ShelfsService.src.ShelfsService.Host.Features.Items.GetPhotoByName.ExecuteAsync(GetImageByName req, CancellationToken ct) in D:\visualStudio\Projects\OnlineShelf\backend\Microservices\ShelfsService\src\ShelfsService.Host\Features\Images\GetImageByName.cs:line 50
   at ShelfsService.src.ShelfsService.Host.Features.Items.GetPhotoByName.ExecuteAsync(GetImageByName req, CancellationToken ct) in D:\visualStudio\Projects\OnlineShelf\backend\Microservices\ShelfsService\src\ShelfsService.Host\Features\Images\GetImageByName.cs:line 50
   at FastEndpoints.Endpoint`2.ExecAsync(CancellationToken ct)
   at FastEndpoints.Endpoint`2.ExecAsync(CancellationToken ct)
   at Microsoft.AspNetCore.Http.RequestDelegateFactory.ExecuteResultWriteResponse(IResult result, HttpContext httpContext)
   at Microsoft.AspNetCore.Authorization.AuthorizationMiddleware.Invoke(HttpContext context)
   at Microsoft.AspNetCore.Authentication.AuthenticationMiddleware.Invoke(HttpContext context)
   at Swashbuckle.AspNetCore.SwaggerUI.SwaggerUIMiddleware.Invoke(HttpContext httpContext)
   at Swashbuckle.AspNetCore.Swagger.SwaggerMiddleware.Invoke(HttpContext httpContext, ISwaggerProvider swaggerProvider)
   at Serilog.AspNetCore.RequestLoggingMiddleware.Invoke(HttpContext httpContext)
2026-07-05 17:00:43.028 +03:00 [ERR] ShelfsService Microsoft.AspNetCore.Diagnostics.DeveloperExceptionPageMiddleware An unhandled exception has occurred while executing the request.
Grpc.Core.RpcException: Status(StatusCode="Unavailable", Detail="Error connecting to subchannel.", DebugException="System.Net.Sockets.SocketException: No such host is known.")
 ---> System.Net.Sockets.SocketException (11001): No such host is known.
   at System.Net.Sockets.Socket.AwaitableSocketAsyncEventArgs.ThrowException(SocketError error, CancellationToken cancellationToken)
   at System.Net.Sockets.Socket.AwaitableSocketAsyncEventArgs.System.Threading.Tasks.Sources.IValueTaskSource.GetResult(Int16 token)
   at System.Net.Sockets.Socket.<ConnectAsync>g__WaitForConnectWithCancellation|285_0(AwaitableSocketAsyncEventArgs saea, ValueTask connectTask, CancellationToken cancellationToken)
   at Grpc.Net.Client.Balancer.Internal.SocketConnectivitySubchannelTransport.TryConnectAsync(ConnectContext context, Int32 attempt)
   --- End of inner exception stack trace ---
   at Grpc.Net.Client.Internal.HttpContentClientStreamReader`2.MoveNextCore(CancellationToken cancellationToken)
   at Grpc.Core.AsyncStreamReaderExtensions.ReadAllAsyncCore[T](IAsyncStreamReader`1 streamReader, CancellationToken cancellationToken)+MoveNext()
   at Grpc.Core.AsyncStreamReaderExtensions.ReadAllAsyncCore[T](IAsyncStreamReader`1 streamReader, CancellationToken cancellationToken)+System.Threading.Tasks.Sources.IValueTaskSource<System.Boolean>.GetResult()
   at ShelfsService.src.ShelfsService.Host.Features.Items.GetPhotoByName.ExecuteAsync(GetImageByName req, CancellationToken ct) in D:\visualStudio\Projects\OnlineShelf\backend\Microservices\ShelfsService\src\ShelfsService.Host\Features\Images\GetImageByName.cs:line 50
   at ShelfsService.src.ShelfsService.Host.Features.Items.GetPhotoByName.ExecuteAsync(GetImageByName req, CancellationToken ct) in D:\visualStudio\Projects\OnlineShelf\backend\Microservices\ShelfsService\src\ShelfsService.Host\Features\Images\GetImageByName.cs:line 50
   at FastEndpoints.Endpoint`2.ExecAsync(CancellationToken ct)
   at FastEndpoints.Endpoint`2.ExecAsync(CancellationToken ct)
   at Microsoft.AspNetCore.Http.RequestDelegateFactory.ExecuteResultWriteResponse(IResult result, HttpContext httpContext)
   at Microsoft.AspNetCore.Authorization.AuthorizationMiddleware.Invoke(HttpContext context)
   at Microsoft.AspNetCore.Authentication.AuthenticationMiddleware.Invoke(HttpContext context)
   at Swashbuckle.AspNetCore.SwaggerUI.SwaggerUIMiddleware.Invoke(HttpContext httpContext)
   at Swashbuckle.AspNetCore.Swagger.SwaggerMiddleware.Invoke(HttpContext httpContext, ISwaggerProvider swaggerProvider)
   at Serilog.AspNetCore.RequestLoggingMiddleware.Invoke(HttpContext httpContext)
   at Microsoft.AspNetCore.Diagnostics.DeveloperExceptionPageMiddlewareImpl.Invoke(HttpContext context)
2026-07-05 17:00:47.101 +03:00 [INF] ShelfsService Grpc.Net.Client.Internal.GrpcCall Call failed with gRPC error status. Status code: '"Unavailable"', Message: 'Error connecting to subchannel.'.
System.Net.Sockets.SocketException (11001): No such host is known.
   at System.Net.Sockets.Socket.AwaitableSocketAsyncEventArgs.ThrowException(SocketError error, CancellationToken cancellationToken)
   at System.Net.Sockets.Socket.AwaitableSocketAsyncEventArgs.System.Threading.Tasks.Sources.IValueTaskSource.GetResult(Int16 token)
   at System.Net.Sockets.Socket.<ConnectAsync>g__WaitForConnectWithCancellation|285_0(AwaitableSocketAsyncEventArgs saea, ValueTask connectTask, CancellationToken cancellationToken)
   at Grpc.Net.Client.Balancer.Internal.SocketConnectivitySubchannelTransport.TryConnectAsync(ConnectContext context, Int32 attempt)
2026-07-05 17:00:47.144 +03:00 [ERR] ShelfsService Serilog.AspNetCore.RequestLoggingMiddleware HTTP GET /shelfs/image/get-image/4b1f3cdf-fa97-4744-a677-47c0969b6af8_big.webp responded 500 in 2096.5584 ms
Grpc.Core.RpcException: Status(StatusCode="Unavailable", Detail="Error connecting to subchannel.", DebugException="System.Net.Sockets.SocketException: No such host is known.")
 ---> System.Net.Sockets.SocketException (11001): No such host is known.
   at System.Net.Sockets.Socket.AwaitableSocketAsyncEventArgs.ThrowException(SocketError error, CancellationToken cancellationToken)
   at System.Net.Sockets.Socket.AwaitableSocketAsyncEventArgs.System.Threading.Tasks.Sources.IValueTaskSource.GetResult(Int16 token)
   at System.Net.Sockets.Socket.<ConnectAsync>g__WaitForConnectWithCancellation|285_0(AwaitableSocketAsyncEventArgs saea, ValueTask connectTask, CancellationToken cancellationToken)
   at Grpc.Net.Client.Balancer.Internal.SocketConnectivitySubchannelTransport.TryConnectAsync(ConnectContext context, Int32 attempt)
   --- End of inner exception stack trace ---
   at Grpc.Net.Client.Internal.HttpContentClientStreamReader`2.MoveNextCore(CancellationToken cancellationToken)
   at Grpc.Core.AsyncStreamReaderExtensions.ReadAllAsyncCore[T](IAsyncStreamReader`1 streamReader, CancellationToken cancellationToken)+MoveNext()
   at Grpc.Core.AsyncStreamReaderExtensions.ReadAllAsyncCore[T](IAsyncStreamReader`1 streamReader, CancellationToken cancellationToken)+System.Threading.Tasks.Sources.IValueTaskSource<System.Boolean>.GetResult()
   at ShelfsService.src.ShelfsService.Host.Features.Items.GetPhotoByName.ExecuteAsync(GetImageByName req, CancellationToken ct) in D:\visualStudio\Projects\OnlineShelf\backend\Microservices\ShelfsService\src\ShelfsService.Host\Features\Images\GetImageByName.cs:line 50
   at ShelfsService.src.ShelfsService.Host.Features.Items.GetPhotoByName.ExecuteAsync(GetImageByName req, CancellationToken ct) in D:\visualStudio\Projects\OnlineShelf\backend\Microservices\ShelfsService\src\ShelfsService.Host\Features\Images\GetImageByName.cs:line 50
   at FastEndpoints.Endpoint`2.ExecAsync(CancellationToken ct)
   at FastEndpoints.Endpoint`2.ExecAsync(CancellationToken ct)
   at Microsoft.AspNetCore.Http.RequestDelegateFactory.ExecuteResultWriteResponse(IResult result, HttpContext httpContext)
   at Microsoft.AspNetCore.Authorization.AuthorizationMiddleware.Invoke(HttpContext context)
   at Microsoft.AspNetCore.Authentication.AuthenticationMiddleware.Invoke(HttpContext context)
   at Swashbuckle.AspNetCore.SwaggerUI.SwaggerUIMiddleware.Invoke(HttpContext httpContext)
   at Swashbuckle.AspNetCore.Swagger.SwaggerMiddleware.Invoke(HttpContext httpContext, ISwaggerProvider swaggerProvider)
   at Serilog.AspNetCore.RequestLoggingMiddleware.Invoke(HttpContext httpContext)
2026-07-05 17:00:47.148 +03:00 [ERR] ShelfsService Microsoft.AspNetCore.Diagnostics.DeveloperExceptionPageMiddleware An unhandled exception has occurred while executing the request.
Grpc.Core.RpcException: Status(StatusCode="Unavailable", Detail="Error connecting to subchannel.", DebugException="System.Net.Sockets.SocketException: No such host is known.")
 ---> System.Net.Sockets.SocketException (11001): No such host is known.
   at System.Net.Sockets.Socket.AwaitableSocketAsyncEventArgs.ThrowException(SocketError error, CancellationToken cancellationToken)
   at System.Net.Sockets.Socket.AwaitableSocketAsyncEventArgs.System.Threading.Tasks.Sources.IValueTaskSource.GetResult(Int16 token)
   at System.Net.Sockets.Socket.<ConnectAsync>g__WaitForConnectWithCancellation|285_0(AwaitableSocketAsyncEventArgs saea, ValueTask connectTask, CancellationToken cancellationToken)
   at Grpc.Net.Client.Balancer.Internal.SocketConnectivitySubchannelTransport.TryConnectAsync(ConnectContext context, Int32 attempt)
   --- End of inner exception stack trace ---
   at Grpc.Net.Client.Internal.HttpContentClientStreamReader`2.MoveNextCore(CancellationToken cancellationToken)
   at Grpc.Core.AsyncStreamReaderExtensions.ReadAllAsyncCore[T](IAsyncStreamReader`1 streamReader, CancellationToken cancellationToken)+MoveNext()
   at Grpc.Core.AsyncStreamReaderExtensions.ReadAllAsyncCore[T](IAsyncStreamReader`1 streamReader, CancellationToken cancellationToken)+System.Threading.Tasks.Sources.IValueTaskSource<System.Boolean>.GetResult()
   at ShelfsService.src.ShelfsService.Host.Features.Items.GetPhotoByName.ExecuteAsync(GetImageByName req, CancellationToken ct) in D:\visualStudio\Projects\OnlineShelf\backend\Microservices\ShelfsService\src\ShelfsService.Host\Features\Images\GetImageByName.cs:line 50
   at ShelfsService.src.ShelfsService.Host.Features.Items.GetPhotoByName.ExecuteAsync(GetImageByName req, CancellationToken ct) in D:\visualStudio\Projects\OnlineShelf\backend\Microservices\ShelfsService\src\ShelfsService.Host\Features\Images\GetImageByName.cs:line 50
   at FastEndpoints.Endpoint`2.ExecAsync(CancellationToken ct)
   at FastEndpoints.Endpoint`2.ExecAsync(CancellationToken ct)
   at Microsoft.AspNetCore.Http.RequestDelegateFactory.ExecuteResultWriteResponse(IResult result, HttpContext httpContext)
   at Microsoft.AspNetCore.Authorization.AuthorizationMiddleware.Invoke(HttpContext context)
   at Microsoft.AspNetCore.Authentication.AuthenticationMiddleware.Invoke(HttpContext context)
   at Swashbuckle.AspNetCore.SwaggerUI.SwaggerUIMiddleware.Invoke(HttpContext httpContext)
   at Swashbuckle.AspNetCore.Swagger.SwaggerMiddleware.Invoke(HttpContext httpContext, ISwaggerProvider swaggerProvider)
   at Serilog.AspNetCore.RequestLoggingMiddleware.Invoke(HttpContext httpContext)
   at Microsoft.AspNetCore.Diagnostics.DeveloperExceptionPageMiddlewareImpl.Invoke(HttpContext context)
2026-07-05 17:00:51.165 +03:00 [INF] ShelfsService Serilog.AspNetCore.RequestLoggingMiddleware HTTP OPTIONS /shelfs/image/get-image/4b1f3cdf-fa97-4744-a677-47c0969b6af8_big.webp responded 204 in 0.1072 ms
2026-07-05 17:00:52.483 +03:00 [INF] ShelfsService Grpc.Net.Client.Internal.GrpcCall Call failed with gRPC error status. Status code: '"Unavailable"', Message: 'Error connecting to subchannel.'.
System.Net.Sockets.SocketException (11001): No such host is known.
   at System.Net.Sockets.Socket.AwaitableSocketAsyncEventArgs.ThrowException(SocketError error, CancellationToken cancellationToken)
   at System.Net.Sockets.Socket.AwaitableSocketAsyncEventArgs.System.Threading.Tasks.Sources.IValueTaskSource.GetResult(Int16 token)
   at System.Net.Sockets.Socket.<ConnectAsync>g__WaitForConnectWithCancellation|285_0(AwaitableSocketAsyncEventArgs saea, ValueTask connectTask, CancellationToken cancellationToken)
   at Grpc.Net.Client.Balancer.Internal.SocketConnectivitySubchannelTransport.TryConnectAsync(ConnectContext context, Int32 attempt)
2026-07-05 17:00:52.514 +03:00 [ERR] ShelfsService Serilog.AspNetCore.RequestLoggingMiddleware HTTP GET /shelfs/image/get-image/4b1f3cdf-fa97-4744-a677-47c0969b6af8_big.webp responded 500 in 1345.4603 ms
Grpc.Core.RpcException: Status(StatusCode="Unavailable", Detail="Error connecting to subchannel.", DebugException="System.Net.Sockets.SocketException: No such host is known.")
 ---> System.Net.Sockets.SocketException (11001): No such host is known.
   at System.Net.Sockets.Socket.AwaitableSocketAsyncEventArgs.ThrowException(SocketError error, CancellationToken cancellationToken)
   at System.Net.Sockets.Socket.AwaitableSocketAsyncEventArgs.System.Threading.Tasks.Sources.IValueTaskSource.GetResult(Int16 token)
   at System.Net.Sockets.Socket.<ConnectAsync>g__WaitForConnectWithCancellation|285_0(AwaitableSocketAsyncEventArgs saea, ValueTask connectTask, CancellationToken cancellationToken)
   at Grpc.Net.Client.Balancer.Internal.SocketConnectivitySubchannelTransport.TryConnectAsync(ConnectContext context, Int32 attempt)
   --- End of inner exception stack trace ---
   at Grpc.Net.Client.Internal.HttpContentClientStreamReader`2.MoveNextCore(CancellationToken cancellationToken)
   at Grpc.Core.AsyncStreamReaderExtensions.ReadAllAsyncCore[T](IAsyncStreamReader`1 streamReader, CancellationToken cancellationToken)+MoveNext()
   at Grpc.Core.AsyncStreamReaderExtensions.ReadAllAsyncCore[T](IAsyncStreamReader`1 streamReader, CancellationToken cancellationToken)+System.Threading.Tasks.Sources.IValueTaskSource<System.Boolean>.GetResult()
   at ShelfsService.src.ShelfsService.Host.Features.Items.GetPhotoByName.ExecuteAsync(GetImageByName req, CancellationToken ct) in D:\visualStudio\Projects\OnlineShelf\backend\Microservices\ShelfsService\src\ShelfsService.Host\Features\Images\GetImageByName.cs:line 50
   at ShelfsService.src.ShelfsService.Host.Features.Items.GetPhotoByName.ExecuteAsync(GetImageByName req, CancellationToken ct) in D:\visualStudio\Projects\OnlineShelf\backend\Microservices\ShelfsService\src\ShelfsService.Host\Features\Images\GetImageByName.cs:line 50
   at FastEndpoints.Endpoint`2.ExecAsync(CancellationToken ct)
   at FastEndpoints.Endpoint`2.ExecAsync(CancellationToken ct)
   at Microsoft.AspNetCore.Http.RequestDelegateFactory.ExecuteResultWriteResponse(IResult result, HttpContext httpContext)
   at Microsoft.AspNetCore.Authorization.AuthorizationMiddleware.Invoke(HttpContext context)
   at Microsoft.AspNetCore.Authentication.AuthenticationMiddleware.Invoke(HttpContext context)
   at Swashbuckle.AspNetCore.SwaggerUI.SwaggerUIMiddleware.Invoke(HttpContext httpContext)
   at Swashbuckle.AspNetCore.Swagger.SwaggerMiddleware.Invoke(HttpContext httpContext, ISwaggerProvider swaggerProvider)
   at Serilog.AspNetCore.RequestLoggingMiddleware.Invoke(HttpContext httpContext)
2026-07-05 17:00:52.518 +03:00 [ERR] ShelfsService Microsoft.AspNetCore.Diagnostics.DeveloperExceptionPageMiddleware An unhandled exception has occurred while executing the request.
Grpc.Core.RpcException: Status(StatusCode="Unavailable", Detail="Error connecting to subchannel.", DebugException="System.Net.Sockets.SocketException: No such host is known.")
 ---> System.Net.Sockets.SocketException (11001): No such host is known.
   at System.Net.Sockets.Socket.AwaitableSocketAsyncEventArgs.ThrowException(SocketError error, CancellationToken cancellationToken)
   at System.Net.Sockets.Socket.AwaitableSocketAsyncEventArgs.System.Threading.Tasks.Sources.IValueTaskSource.GetResult(Int16 token)
   at System.Net.Sockets.Socket.<ConnectAsync>g__WaitForConnectWithCancellation|285_0(AwaitableSocketAsyncEventArgs saea, ValueTask connectTask, CancellationToken cancellationToken)
   at Grpc.Net.Client.Balancer.Internal.SocketConnectivitySubchannelTransport.TryConnectAsync(ConnectContext context, Int32 attempt)
   --- End of inner exception stack trace ---
   at Grpc.Net.Client.Internal.HttpContentClientStreamReader`2.MoveNextCore(CancellationToken cancellationToken)
   at Grpc.Core.AsyncStreamReaderExtensions.ReadAllAsyncCore[T](IAsyncStreamReader`1 streamReader, CancellationToken cancellationToken)+MoveNext()
   at Grpc.Core.AsyncStreamReaderExtensions.ReadAllAsyncCore[T](IAsyncStreamReader`1 streamReader, CancellationToken cancellationToken)+System.Threading.Tasks.Sources.IValueTaskSource<System.Boolean>.GetResult()
   at ShelfsService.src.ShelfsService.Host.Features.Items.GetPhotoByName.ExecuteAsync(GetImageByName req, CancellationToken ct) in D:\visualStudio\Projects\OnlineShelf\backend\Microservices\ShelfsService\src\ShelfsService.Host\Features\Images\GetImageByName.cs:line 50
   at ShelfsService.src.ShelfsService.Host.Features.Items.GetPhotoByName.ExecuteAsync(GetImageByName req, CancellationToken ct) in D:\visualStudio\Projects\OnlineShelf\backend\Microservices\ShelfsService\src\ShelfsService.Host\Features\Images\GetImageByName.cs:line 50
   at FastEndpoints.Endpoint`2.ExecAsync(CancellationToken ct)
   at FastEndpoints.Endpoint`2.ExecAsync(CancellationToken ct)
   at Microsoft.AspNetCore.Http.RequestDelegateFactory.ExecuteResultWriteResponse(IResult result, HttpContext httpContext)
   at Microsoft.AspNetCore.Authorization.AuthorizationMiddleware.Invoke(HttpContext context)
   at Microsoft.AspNetCore.Authentication.AuthenticationMiddleware.Invoke(HttpContext context)
   at Swashbuckle.AspNetCore.SwaggerUI.SwaggerUIMiddleware.Invoke(HttpContext httpContext)
   at Swashbuckle.AspNetCore.Swagger.SwaggerMiddleware.Invoke(HttpContext httpContext, ISwaggerProvider swaggerProvider)
   at Serilog.AspNetCore.RequestLoggingMiddleware.Invoke(HttpContext httpContext)
   at Microsoft.AspNetCore.Diagnostics.DeveloperExceptionPageMiddlewareImpl.Invoke(HttpContext context)
2026-07-05 17:01:08.672 +03:00 [INF] ShelfsService Serilog.AspNetCore.RequestLoggingMiddleware HTTP OPTIONS /shelfs/image/get-image/4b1f3cdf-fa97-4744-a677-47c0969b6af8_big.webp responded 204 in 0.1212 ms
2026-07-05 17:01:08.680 +03:00 [INF] ShelfsService Grpc.Net.Client.Internal.GrpcCall Call failed with gRPC error status. Status code: '"Unavailable"', Message: 'Error connecting to subchannel.'.
System.Net.Sockets.SocketException (11001): No such host is known.
   at System.Net.Sockets.Socket.AwaitableSocketAsyncEventArgs.ThrowException(SocketError error, CancellationToken cancellationToken)
   at System.Net.Sockets.Socket.AwaitableSocketAsyncEventArgs.System.Threading.Tasks.Sources.IValueTaskSource.GetResult(Int16 token)
   at System.Net.Sockets.Socket.<ConnectAsync>g__WaitForConnectWithCancellation|285_0(AwaitableSocketAsyncEventArgs saea, ValueTask connectTask, CancellationToken cancellationToken)
   at Grpc.Net.Client.Balancer.Internal.SocketConnectivitySubchannelTransport.TryConnectAsync(ConnectContext context, Int32 attempt)
2026-07-05 17:01:08.733 +03:00 [ERR] ShelfsService Serilog.AspNetCore.RequestLoggingMiddleware HTTP GET /shelfs/image/get-image/4b1f3cdf-fa97-4744-a677-47c0969b6af8_big.webp responded 500 in 57.5729 ms
Grpc.Core.RpcException: Status(StatusCode="Unavailable", Detail="Error connecting to subchannel.", DebugException="System.Net.Sockets.SocketException: No such host is known.")
 ---> System.Net.Sockets.SocketException (11001): No such host is known.
   at System.Net.Sockets.Socket.AwaitableSocketAsyncEventArgs.ThrowException(SocketError error, CancellationToken cancellationToken)
   at System.Net.Sockets.Socket.AwaitableSocketAsyncEventArgs.System.Threading.Tasks.Sources.IValueTaskSource.GetResult(Int16 token)
   at System.Net.Sockets.Socket.<ConnectAsync>g__WaitForConnectWithCancellation|285_0(AwaitableSocketAsyncEventArgs saea, ValueTask connectTask, CancellationToken cancellationToken)
   at Grpc.Net.Client.Balancer.Internal.SocketConnectivitySubchannelTransport.TryConnectAsync(ConnectContext context, Int32 attempt)
   --- End of inner exception stack trace ---
   at Grpc.Core.AsyncStreamReaderExtensions.ReadAllAsyncCore[T](IAsyncStreamReader`1 streamReader, CancellationToken cancellationToken)+MoveNext()
   at Grpc.Core.AsyncStreamReaderExtensions.ReadAllAsyncCore[T](IAsyncStreamReader`1 streamReader, CancellationToken cancellationToken)+System.Threading.Tasks.Sources.IValueTaskSource<System.Boolean>.GetResult()
   at ShelfsService.src.ShelfsService.Host.Features.Items.GetPhotoByName.ExecuteAsync(GetImageByName req, CancellationToken ct) in D:\visualStudio\Projects\OnlineShelf\backend\Microservices\ShelfsService\src\ShelfsService.Host\Features\Images\GetImageByName.cs:line 50
   at ShelfsService.src.ShelfsService.Host.Features.Items.GetPhotoByName.ExecuteAsync(GetImageByName req, CancellationToken ct) in D:\visualStudio\Projects\OnlineShelf\backend\Microservices\ShelfsService\src\ShelfsService.Host\Features\Images\GetImageByName.cs:line 50
   at FastEndpoints.Endpoint`2.ExecAsync(CancellationToken ct)
   at FastEndpoints.Endpoint`2.ExecAsync(CancellationToken ct)
   at Microsoft.AspNetCore.Http.RequestDelegateFactory.ExecuteResultWriteResponse(IResult result, HttpContext httpContext)
   at Microsoft.AspNetCore.Authorization.AuthorizationMiddleware.Invoke(HttpContext context)
   at Microsoft.AspNetCore.Authentication.AuthenticationMiddleware.Invoke(HttpContext context)
   at Swashbuckle.AspNetCore.SwaggerUI.SwaggerUIMiddleware.Invoke(HttpContext httpContext)
   at Swashbuckle.AspNetCore.Swagger.SwaggerMiddleware.Invoke(HttpContext httpContext, ISwaggerProvider swaggerProvider)
   at Serilog.AspNetCore.RequestLoggingMiddleware.Invoke(HttpContext httpContext)
2026-07-05 17:01:08.737 +03:00 [ERR] ShelfsService Microsoft.AspNetCore.Diagnostics.DeveloperExceptionPageMiddleware An unhandled exception has occurred while executing the request.
Grpc.Core.RpcException: Status(StatusCode="Unavailable", Detail="Error connecting to subchannel.", DebugException="System.Net.Sockets.SocketException: No such host is known.")
 ---> System.Net.Sockets.SocketException (11001): No such host is known.
   at System.Net.Sockets.Socket.AwaitableSocketAsyncEventArgs.ThrowException(SocketError error, CancellationToken cancellationToken)
   at System.Net.Sockets.Socket.AwaitableSocketAsyncEventArgs.System.Threading.Tasks.Sources.IValueTaskSource.GetResult(Int16 token)
   at System.Net.Sockets.Socket.<ConnectAsync>g__WaitForConnectWithCancellation|285_0(AwaitableSocketAsyncEventArgs saea, ValueTask connectTask, CancellationToken cancellationToken)
   at Grpc.Net.Client.Balancer.Internal.SocketConnectivitySubchannelTransport.TryConnectAsync(ConnectContext context, Int32 attempt)
   --- End of inner exception stack trace ---
   at Grpc.Core.AsyncStreamReaderExtensions.ReadAllAsyncCore[T](IAsyncStreamReader`1 streamReader, CancellationToken cancellationToken)+MoveNext()
   at Grpc.Core.AsyncStreamReaderExtensions.ReadAllAsyncCore[T](IAsyncStreamReader`1 streamReader, CancellationToken cancellationToken)+System.Threading.Tasks.Sources.IValueTaskSource<System.Boolean>.GetResult()
   at ShelfsService.src.ShelfsService.Host.Features.Items.GetPhotoByName.ExecuteAsync(GetImageByName req, CancellationToken ct) in D:\visualStudio\Projects\OnlineShelf\backend\Microservices\ShelfsService\src\ShelfsService.Host\Features\Images\GetImageByName.cs:line 50
   at ShelfsService.src.ShelfsService.Host.Features.Items.GetPhotoByName.ExecuteAsync(GetImageByName req, CancellationToken ct) in D:\visualStudio\Projects\OnlineShelf\backend\Microservices\ShelfsService\src\ShelfsService.Host\Features\Images\GetImageByName.cs:line 50
   at FastEndpoints.Endpoint`2.ExecAsync(CancellationToken ct)
   at FastEndpoints.Endpoint`2.ExecAsync(CancellationToken ct)
   at Microsoft.AspNetCore.Http.RequestDelegateFactory.ExecuteResultWriteResponse(IResult result, HttpContext httpContext)
   at Microsoft.AspNetCore.Authorization.AuthorizationMiddleware.Invoke(HttpContext context)
   at Microsoft.AspNetCore.Authentication.AuthenticationMiddleware.Invoke(HttpContext context)
   at Swashbuckle.AspNetCore.SwaggerUI.SwaggerUIMiddleware.Invoke(HttpContext httpContext)
   at Swashbuckle.AspNetCore.Swagger.SwaggerMiddleware.Invoke(HttpContext httpContext, ISwaggerProvider swaggerProvider)
   at Serilog.AspNetCore.RequestLoggingMiddleware.Invoke(HttpContext httpContext)
   at Microsoft.AspNetCore.Diagnostics.DeveloperExceptionPageMiddlewareImpl.Invoke(HttpContext context)
2026-07-05 17:01:09.953 +03:00 [INF] ShelfsService Serilog.AspNetCore.RequestLoggingMiddleware HTTP OPTIONS /shelfs/items/attributes responded 204 in 0.0934 ms
2026-07-05 17:01:09.955 +03:00 [INF] ShelfsService Serilog.AspNetCore.RequestLoggingMiddleware HTTP OPTIONS /shelfs/items/bc540d10-cc61-41a6-8d42-5afdac6a0b1b responded 204 in 0.1008 ms
2026-07-05 17:01:09.965 +03:00 [INF] ShelfsService Serilog.AspNetCore.RequestLoggingMiddleware HTTP GET /shelfs/items/attributes responded 200 in 5.6626 ms
2026-07-05 17:01:09.975 +03:00 [INF] ShelfsService Microsoft.EntityFrameworkCore.Database.Command Executed DbCommand (4ms) [Parameters=[@__itemId_0='?' (DbType = Guid)], CommandType='"Text"', CommandTimeout='30']
SELECT i."Id", i."AttributeColorMain", i."AttributeColorSecond", i."AttributeMatterial", i."AttributePattern", i."AttributeSeason", i."AttributeType", i."BigImage", i."DateCreated", i."Name", i."ShelfId", i."SmallImage", i."UpdatedAt", i."UserId", i."isFavorite", i."positionKey"
FROM shelf_service."Items" AS i
WHERE i."Id" = @__itemId_0
LIMIT 1
2026-07-05 17:01:09.983 +03:00 [INF] ShelfsService ShelfsService.src.ShelfsService.Host.Features.Items.GetItemById Item "bc540d10-cc61-41a6-8d42-5afdac6a0b1b" was returned
2026-07-05 17:01:09.987 +03:00 [INF] ShelfsService Serilog.AspNetCore.RequestLoggingMiddleware HTTP GET /shelfs/items/bc540d10-cc61-41a6-8d42-5afdac6a0b1b responded 200 in 22.6845 ms
2026-07-05 17:01:10.351 +03:00 [INF] ShelfsService Grpc.Net.Client.Internal.GrpcCall Call failed with gRPC error status. Status code: '"Unavailable"', Message: 'Error connecting to subchannel.'.
System.Net.Sockets.SocketException (11001): No such host is known.
   at System.Net.Sockets.Socket.AwaitableSocketAsyncEventArgs.ThrowException(SocketError error, CancellationToken cancellationToken)
   at System.Net.Sockets.Socket.AwaitableSocketAsyncEventArgs.System.Threading.Tasks.Sources.IValueTaskSource.GetResult(Int16 token)
   at System.Net.Sockets.Socket.<ConnectAsync>g__WaitForConnectWithCancellation|285_0(AwaitableSocketAsyncEventArgs saea, ValueTask connectTask, CancellationToken cancellationToken)
   at Grpc.Net.Client.Balancer.Internal.SocketConnectivitySubchannelTransport.TryConnectAsync(ConnectContext context, Int32 attempt)
2026-07-05 17:01:10.402 +03:00 [ERR] ShelfsService Serilog.AspNetCore.RequestLoggingMiddleware HTTP GET /shelfs/image/get-image/4b1f3cdf-fa97-4744-a677-47c0969b6af8_big.webp responded 500 in 54.8848 ms
Grpc.Core.RpcException: Status(StatusCode="Unavailable", Detail="Error connecting to subchannel.", DebugException="System.Net.Sockets.SocketException: No such host is known.")
 ---> System.Net.Sockets.SocketException (11001): No such host is known.
   at System.Net.Sockets.Socket.AwaitableSocketAsyncEventArgs.ThrowException(SocketError error, CancellationToken cancellationToken)
   at System.Net.Sockets.Socket.AwaitableSocketAsyncEventArgs.System.Threading.Tasks.Sources.IValueTaskSource.GetResult(Int16 token)
   at System.Net.Sockets.Socket.<ConnectAsync>g__WaitForConnectWithCancellation|285_0(AwaitableSocketAsyncEventArgs saea, ValueTask connectTask, CancellationToken cancellationToken)
   at Grpc.Net.Client.Balancer.Internal.SocketConnectivitySubchannelTransport.TryConnectAsync(ConnectContext context, Int32 attempt)
   --- End of inner exception stack trace ---
   at Grpc.Core.AsyncStreamReaderExtensions.ReadAllAsyncCore[T](IAsyncStreamReader`1 streamReader, CancellationToken cancellationToken)+MoveNext()
   at Grpc.Core.AsyncStreamReaderExtensions.ReadAllAsyncCore[T](IAsyncStreamReader`1 streamReader, CancellationToken cancellationToken)+System.Threading.Tasks.Sources.IValueTaskSource<System.Boolean>.GetResult()
   at ShelfsService.src.ShelfsService.Host.Features.Items.GetPhotoByName.ExecuteAsync(GetImageByName req, CancellationToken ct) in D:\visualStudio\Projects\OnlineShelf\backend\Microservices\ShelfsService\src\ShelfsService.Host\Features\Images\GetImageByName.cs:line 50
   at ShelfsService.src.ShelfsService.Host.Features.Items.GetPhotoByName.ExecuteAsync(GetImageByName req, CancellationToken ct) in D:\visualStudio\Projects\OnlineShelf\backend\Microservices\ShelfsService\src\ShelfsService.Host\Features\Images\GetImageByName.cs:line 50
   at FastEndpoints.Endpoint`2.ExecAsync(CancellationToken ct)
   at FastEndpoints.Endpoint`2.ExecAsync(CancellationToken ct)
   at Microsoft.AspNetCore.Http.RequestDelegateFactory.ExecuteResultWriteResponse(IResult result, HttpContext httpContext)
   at Microsoft.AspNetCore.Authorization.AuthorizationMiddleware.Invoke(HttpContext context)
   at Microsoft.AspNetCore.Authentication.AuthenticationMiddleware.Invoke(HttpContext context)
   at Swashbuckle.AspNetCore.SwaggerUI.SwaggerUIMiddleware.Invoke(HttpContext httpContext)
   at Swashbuckle.AspNetCore.Swagger.SwaggerMiddleware.Invoke(HttpContext httpContext, ISwaggerProvider swaggerProvider)
   at Serilog.AspNetCore.RequestLoggingMiddleware.Invoke(HttpContext httpContext)
2026-07-05 17:01:10.406 +03:00 [ERR] ShelfsService Microsoft.AspNetCore.Diagnostics.DeveloperExceptionPageMiddleware An unhandled exception has occurred while executing the request.
Grpc.Core.RpcException: Status(StatusCode="Unavailable", Detail="Error connecting to subchannel.", DebugException="System.Net.Sockets.SocketException: No such host is known.")
 ---> System.Net.Sockets.SocketException (11001): No such host is known.
   at System.Net.Sockets.Socket.AwaitableSocketAsyncEventArgs.ThrowException(SocketError error, CancellationToken cancellationToken)
   at System.Net.Sockets.Socket.AwaitableSocketAsyncEventArgs.System.Threading.Tasks.Sources.IValueTaskSource.GetResult(Int16 token)
   at System.Net.Sockets.Socket.<ConnectAsync>g__WaitForConnectWithCancellation|285_0(AwaitableSocketAsyncEventArgs saea, ValueTask connectTask, CancellationToken cancellationToken)
   at Grpc.Net.Client.Balancer.Internal.SocketConnectivitySubchannelTransport.TryConnectAsync(ConnectContext context, Int32 attempt)
   --- End of inner exception stack trace ---
   at Grpc.Core.AsyncStreamReaderExtensions.ReadAllAsyncCore[T](IAsyncStreamReader`1 streamReader, CancellationToken cancellationToken)+MoveNext()
   at Grpc.Core.AsyncStreamReaderExtensions.ReadAllAsyncCore[T](IAsyncStreamReader`1 streamReader, CancellationToken cancellationToken)+System.Threading.Tasks.Sources.IValueTaskSource<System.Boolean>.GetResult()
   at ShelfsService.src.ShelfsService.Host.Features.Items.GetPhotoByName.ExecuteAsync(GetImageByName req, CancellationToken ct) in D:\visualStudio\Projects\OnlineShelf\backend\Microservices\ShelfsService\src\ShelfsService.Host\Features\Images\GetImageByName.cs:line 50
   at ShelfsService.src.ShelfsService.Host.Features.Items.GetPhotoByName.ExecuteAsync(GetImageByName req, CancellationToken ct) in D:\visualStudio\Projects\OnlineShelf\backend\Microservices\ShelfsService\src\ShelfsService.Host\Features\Images\GetImageByName.cs:line 50
   at FastEndpoints.Endpoint`2.ExecAsync(CancellationToken ct)
   at FastEndpoints.Endpoint`2.ExecAsync(CancellationToken ct)
   at Microsoft.AspNetCore.Http.RequestDelegateFactory.ExecuteResultWriteResponse(IResult result, HttpContext httpContext)
   at Microsoft.AspNetCore.Authorization.AuthorizationMiddleware.Invoke(HttpContext context)
   at Microsoft.AspNetCore.Authentication.AuthenticationMiddleware.Invoke(HttpContext context)
   at Swashbuckle.AspNetCore.SwaggerUI.SwaggerUIMiddleware.Invoke(HttpContext httpContext)
   at Swashbuckle.AspNetCore.Swagger.SwaggerMiddleware.Invoke(HttpContext httpContext, ISwaggerProvider swaggerProvider)
   at Serilog.AspNetCore.RequestLoggingMiddleware.Invoke(HttpContext httpContext)
   at Microsoft.AspNetCore.Diagnostics.DeveloperExceptionPageMiddlewareImpl.Invoke(HttpContext context)
2026-07-05 17:01:11.465 +03:00 [INF] ShelfsService Grpc.Net.Client.Internal.GrpcCall Call failed with gRPC error status. Status code: '"Unavailable"', Message: 'Error connecting to subchannel.'.
System.Net.Sockets.SocketException (11001): No such host is known.
   at System.Net.Sockets.Socket.AwaitableSocketAsyncEventArgs.ThrowException(SocketError error, CancellationToken cancellationToken)
   at System.Net.Sockets.Socket.AwaitableSocketAsyncEventArgs.System.Threading.Tasks.Sources.IValueTaskSource.GetResult(Int16 token)
   at System.Net.Sockets.Socket.<ConnectAsync>g__WaitForConnectWithCancellation|285_0(AwaitableSocketAsyncEventArgs saea, ValueTask connectTask, CancellationToken cancellationToken)
   at Grpc.Net.Client.Balancer.Internal.SocketConnectivitySubchannelTransport.TryConnectAsync(ConnectContext context, Int32 attempt)
2026-07-05 17:01:11.513 +03:00 [ERR] ShelfsService Serilog.AspNetCore.RequestLoggingMiddleware HTTP GET /shelfs/image/get-image/4b1f3cdf-fa97-4744-a677-47c0969b6af8_big.webp responded 500 in 51.7938 ms
Grpc.Core.RpcException: Status(StatusCode="Unavailable", Detail="Error connecting to subchannel.", DebugException="System.Net.Sockets.SocketException: No such host is known.")
 ---> System.Net.Sockets.SocketException (11001): No such host is known.
   at System.Net.Sockets.Socket.AwaitableSocketAsyncEventArgs.ThrowException(SocketError error, CancellationToken cancellationToken)
   at System.Net.Sockets.Socket.AwaitableSocketAsyncEventArgs.System.Threading.Tasks.Sources.IValueTaskSource.GetResult(Int16 token)
   at System.Net.Sockets.Socket.<ConnectAsync>g__WaitForConnectWithCancellation|285_0(AwaitableSocketAsyncEventArgs saea, ValueTask connectTask, CancellationToken cancellationToken)
   at Grpc.Net.Client.Balancer.Internal.SocketConnectivitySubchannelTransport.TryConnectAsync(ConnectContext context, Int32 attempt)
   --- End of inner exception stack trace ---
   at Grpc.Core.AsyncStreamReaderExtensions.ReadAllAsyncCore[T](IAsyncStreamReader`1 streamReader, CancellationToken cancellationToken)+MoveNext()
   at Grpc.Core.AsyncStreamReaderExtensions.ReadAllAsyncCore[T](IAsyncStreamReader`1 streamReader, CancellationToken cancellationToken)+System.Threading.Tasks.Sources.IValueTaskSource<System.Boolean>.GetResult()
   at ShelfsService.src.ShelfsService.Host.Features.Items.GetPhotoByName.ExecuteAsync(GetImageByName req, CancellationToken ct) in D:\visualStudio\Projects\OnlineShelf\backend\Microservices\ShelfsService\src\ShelfsService.Host\Features\Images\GetImageByName.cs:line 50
   at ShelfsService.src.ShelfsService.Host.Features.Items.GetPhotoByName.ExecuteAsync(GetImageByName req, CancellationToken ct) in D:\visualStudio\Projects\OnlineShelf\backend\Microservices\ShelfsService\src\ShelfsService.Host\Features\Images\GetImageByName.cs:line 50
   at FastEndpoints.Endpoint`2.ExecAsync(CancellationToken ct)
   at FastEndpoints.Endpoint`2.ExecAsync(CancellationToken ct)
   at Microsoft.AspNetCore.Http.RequestDelegateFactory.ExecuteResultWriteResponse(IResult result, HttpContext httpContext)
   at Microsoft.AspNetCore.Authorization.AuthorizationMiddleware.Invoke(HttpContext context)
   at Microsoft.AspNetCore.Authentication.AuthenticationMiddleware.Invoke(HttpContext context)
   at Swashbuckle.AspNetCore.SwaggerUI.SwaggerUIMiddleware.Invoke(HttpContext httpContext)
   at Swashbuckle.AspNetCore.Swagger.SwaggerMiddleware.Invoke(HttpContext httpContext, ISwaggerProvider swaggerProvider)
   at Serilog.AspNetCore.RequestLoggingMiddleware.Invoke(HttpContext httpContext)
2026-07-05 17:01:11.515 +03:00 [ERR] ShelfsService Microsoft.AspNetCore.Diagnostics.DeveloperExceptionPageMiddleware An unhandled exception has occurred while executing the request.
Grpc.Core.RpcException: Status(StatusCode="Unavailable", Detail="Error connecting to subchannel.", DebugException="System.Net.Sockets.SocketException: No such host is known.")
 ---> System.Net.Sockets.SocketException (11001): No such host is known.
   at System.Net.Sockets.Socket.AwaitableSocketAsyncEventArgs.ThrowException(SocketError error, CancellationToken cancellationToken)
   at System.Net.Sockets.Socket.AwaitableSocketAsyncEventArgs.System.Threading.Tasks.Sources.IValueTaskSource.GetResult(Int16 token)
   at System.Net.Sockets.Socket.<ConnectAsync>g__WaitForConnectWithCancellation|285_0(AwaitableSocketAsyncEventArgs saea, ValueTask connectTask, CancellationToken cancellationToken)
   at Grpc.Net.Client.Balancer.Internal.SocketConnectivitySubchannelTransport.TryConnectAsync(ConnectContext context, Int32 attempt)
   --- End of inner exception stack trace ---
   at Grpc.Core.AsyncStreamReaderExtensions.ReadAllAsyncCore[T](IAsyncStreamReader`1 streamReader, CancellationToken cancellationToken)+MoveNext()
   at Grpc.Core.AsyncStreamReaderExtensions.ReadAllAsyncCore[T](IAsyncStreamReader`1 streamReader, CancellationToken cancellationToken)+System.Threading.Tasks.Sources.IValueTaskSource<System.Boolean>.GetResult()
   at ShelfsService.src.ShelfsService.Host.Features.Items.GetPhotoByName.ExecuteAsync(GetImageByName req, CancellationToken ct) in D:\visualStudio\Projects\OnlineShelf\backend\Microservices\ShelfsService\src\ShelfsService.Host\Features\Images\GetImageByName.cs:line 50
   at ShelfsService.src.ShelfsService.Host.Features.Items.GetPhotoByName.ExecuteAsync(GetImageByName req, CancellationToken ct) in D:\visualStudio\Projects\OnlineShelf\backend\Microservices\ShelfsService\src\ShelfsService.Host\Features\Images\GetImageByName.cs:line 50
   at FastEndpoints.Endpoint`2.ExecAsync(CancellationToken ct)
   at FastEndpoints.Endpoint`2.ExecAsync(CancellationToken ct)
   at Microsoft.AspNetCore.Http.RequestDelegateFactory.ExecuteResultWriteResponse(IResult result, HttpContext httpContext)
   at Microsoft.AspNetCore.Authorization.AuthorizationMiddleware.Invoke(HttpContext context)
   at Microsoft.AspNetCore.Authentication.AuthenticationMiddleware.Invoke(HttpContext context)
   at Swashbuckle.AspNetCore.SwaggerUI.SwaggerUIMiddleware.Invoke(HttpContext httpContext)
   at Swashbuckle.AspNetCore.Swagger.SwaggerMiddleware.Invoke(HttpContext httpContext, ISwaggerProvider swaggerProvider)
   at Serilog.AspNetCore.RequestLoggingMiddleware.Invoke(HttpContext httpContext)
   at Microsoft.AspNetCore.Diagnostics.DeveloperExceptionPageMiddlewareImpl.Invoke(HttpContext context)
2026-07-05 17:01:13.529 +03:00 [INF] ShelfsService Grpc.Net.Client.Internal.GrpcCall Call failed with gRPC error status. Status code: '"Unavailable"', Message: 'Error connecting to subchannel.'.
System.Net.Sockets.SocketException (11001): No such host is known.
   at System.Net.Sockets.Socket.AwaitableSocketAsyncEventArgs.ThrowException(SocketError error, CancellationToken cancellationToken)
   at System.Net.Sockets.Socket.AwaitableSocketAsyncEventArgs.System.Threading.Tasks.Sources.IValueTaskSource.GetResult(Int16 token)
   at System.Net.Sockets.Socket.<ConnectAsync>g__WaitForConnectWithCancellation|285_0(AwaitableSocketAsyncEventArgs saea, ValueTask connectTask, CancellationToken cancellationToken)
   at Grpc.Net.Client.Balancer.Internal.SocketConnectivitySubchannelTransport.TryConnectAsync(ConnectContext context, Int32 attempt)
2026-07-05 17:01:13.587 +03:00 [ERR] ShelfsService Serilog.AspNetCore.RequestLoggingMiddleware HTTP GET /shelfs/image/get-image/4b1f3cdf-fa97-4744-a677-47c0969b6af8_big.webp responded 500 in 61.6637 ms
Grpc.Core.RpcException: Status(StatusCode="Unavailable", Detail="Error connecting to subchannel.", DebugException="System.Net.Sockets.SocketException: No such host is known.")
 ---> System.Net.Sockets.SocketException (11001): No such host is known.
   at System.Net.Sockets.Socket.AwaitableSocketAsyncEventArgs.ThrowException(SocketError error, CancellationToken cancellationToken)
   at System.Net.Sockets.Socket.AwaitableSocketAsyncEventArgs.System.Threading.Tasks.Sources.IValueTaskSource.GetResult(Int16 token)
   at System.Net.Sockets.Socket.<ConnectAsync>g__WaitForConnectWithCancellation|285_0(AwaitableSocketAsyncEventArgs saea, ValueTask connectTask, CancellationToken cancellationToken)
   at Grpc.Net.Client.Balancer.Internal.SocketConnectivitySubchannelTransport.TryConnectAsync(ConnectContext context, Int32 attempt)
   --- End of inner exception stack trace ---
   at Grpc.Core.AsyncStreamReaderExtensions.ReadAllAsyncCore[T](IAsyncStreamReader`1 streamReader, CancellationToken cancellationToken)+MoveNext()
   at Grpc.Core.AsyncStreamReaderExtensions.ReadAllAsyncCore[T](IAsyncStreamReader`1 streamReader, CancellationToken cancellationToken)+System.Threading.Tasks.Sources.IValueTaskSource<System.Boolean>.GetResult()
   at ShelfsService.src.ShelfsService.Host.Features.Items.GetPhotoByName.ExecuteAsync(GetImageByName req, CancellationToken ct) in D:\visualStudio\Projects\OnlineShelf\backend\Microservices\ShelfsService\src\ShelfsService.Host\Features\Images\GetImageByName.cs:line 50
   at ShelfsService.src.ShelfsService.Host.Features.Items.GetPhotoByName.ExecuteAsync(GetImageByName req, CancellationToken ct) in D:\visualStudio\Projects\OnlineShelf\backend\Microservices\ShelfsService\src\ShelfsService.Host\Features\Images\GetImageByName.cs:line 50
   at FastEndpoints.Endpoint`2.ExecAsync(CancellationToken ct)
   at FastEndpoints.Endpoint`2.ExecAsync(CancellationToken ct)
   at Microsoft.AspNetCore.Http.RequestDelegateFactory.ExecuteResultWriteResponse(IResult result, HttpContext httpContext)
   at Microsoft.AspNetCore.Authorization.AuthorizationMiddleware.Invoke(HttpContext context)
   at Microsoft.AspNetCore.Authentication.AuthenticationMiddleware.Invoke(HttpContext context)
   at Swashbuckle.AspNetCore.SwaggerUI.SwaggerUIMiddleware.Invoke(HttpContext httpContext)
   at Swashbuckle.AspNetCore.Swagger.SwaggerMiddleware.Invoke(HttpContext httpContext, ISwaggerProvider swaggerProvider)
   at Serilog.AspNetCore.RequestLoggingMiddleware.Invoke(HttpContext httpContext)
2026-07-05 17:01:13.590 +03:00 [ERR] ShelfsService Microsoft.AspNetCore.Diagnostics.DeveloperExceptionPageMiddleware An unhandled exception has occurred while executing the request.
Grpc.Core.RpcException: Status(StatusCode="Unavailable", Detail="Error connecting to subchannel.", DebugException="System.Net.Sockets.SocketException: No such host is known.")
 ---> System.Net.Sockets.SocketException (11001): No such host is known.
   at System.Net.Sockets.Socket.AwaitableSocketAsyncEventArgs.ThrowException(SocketError error, CancellationToken cancellationToken)
   at System.Net.Sockets.Socket.AwaitableSocketAsyncEventArgs.System.Threading.Tasks.Sources.IValueTaskSource.GetResult(Int16 token)
   at System.Net.Sockets.Socket.<ConnectAsync>g__WaitForConnectWithCancellation|285_0(AwaitableSocketAsyncEventArgs saea, ValueTask connectTask, CancellationToken cancellationToken)
   at Grpc.Net.Client.Balancer.Internal.SocketConnectivitySubchannelTransport.TryConnectAsync(ConnectContext context, Int32 attempt)
   --- End of inner exception stack trace ---
   at Grpc.Core.AsyncStreamReaderExtensions.ReadAllAsyncCore[T](IAsyncStreamReader`1 streamReader, CancellationToken cancellationToken)+MoveNext()
   at Grpc.Core.AsyncStreamReaderExtensions.ReadAllAsyncCore[T](IAsyncStreamReader`1 streamReader, CancellationToken cancellationToken)+System.Threading.Tasks.Sources.IValueTaskSource<System.Boolean>.GetResult()
   at ShelfsService.src.ShelfsService.Host.Features.Items.GetPhotoByName.ExecuteAsync(GetImageByName req, CancellationToken ct) in D:\visualStudio\Projects\OnlineShelf\backend\Microservices\ShelfsService\src\ShelfsService.Host\Features\Images\GetImageByName.cs:line 50
   at ShelfsService.src.ShelfsService.Host.Features.Items.GetPhotoByName.ExecuteAsync(GetImageByName req, CancellationToken ct) in D:\visualStudio\Projects\OnlineShelf\backend\Microservices\ShelfsService\src\ShelfsService.Host\Features\Images\GetImageByName.cs:line 50
   at FastEndpoints.Endpoint`2.ExecAsync(CancellationToken ct)
   at FastEndpoints.Endpoint`2.ExecAsync(CancellationToken ct)
   at Microsoft.AspNetCore.Http.RequestDelegateFactory.ExecuteResultWriteResponse(IResult result, HttpContext httpContext)
   at Microsoft.AspNetCore.Authorization.AuthorizationMiddleware.Invoke(HttpContext context)
   at Microsoft.AspNetCore.Authentication.AuthenticationMiddleware.Invoke(HttpContext context)
   at Swashbuckle.AspNetCore.SwaggerUI.SwaggerUIMiddleware.Invoke(HttpContext httpContext)
   at Swashbuckle.AspNetCore.Swagger.SwaggerMiddleware.Invoke(HttpContext httpContext, ISwaggerProvider swaggerProvider)
   at Serilog.AspNetCore.RequestLoggingMiddleware.Invoke(HttpContext httpContext)
   at Microsoft.AspNetCore.Diagnostics.DeveloperExceptionPageMiddlewareImpl.Invoke(HttpContext context)
2026-07-05 17:01:17.602 +03:00 [INF] ShelfsService Serilog.AspNetCore.RequestLoggingMiddleware HTTP OPTIONS /shelfs/image/get-image/4b1f3cdf-fa97-4744-a677-47c0969b6af8_big.webp responded 204 in 0.2863 ms
2026-07-05 17:01:17.608 +03:00 [INF] ShelfsService Grpc.Net.Client.Internal.GrpcCall Call failed with gRPC error status. Status code: '"Unavailable"', Message: 'Error connecting to subchannel.'.
System.Net.Sockets.SocketException (11001): No such host is known.
   at System.Net.Sockets.Socket.AwaitableSocketAsyncEventArgs.ThrowException(SocketError error, CancellationToken cancellationToken)
   at System.Net.Sockets.Socket.AwaitableSocketAsyncEventArgs.System.Threading.Tasks.Sources.IValueTaskSource.GetResult(Int16 token)
   at System.Net.Sockets.Socket.<ConnectAsync>g__WaitForConnectWithCancellation|285_0(AwaitableSocketAsyncEventArgs saea, ValueTask connectTask, CancellationToken cancellationToken)
   at Grpc.Net.Client.Balancer.Internal.SocketConnectivitySubchannelTransport.TryConnectAsync(ConnectContext context, Int32 attempt)
2026-07-05 17:01:17.657 +03:00 [ERR] ShelfsService Serilog.AspNetCore.RequestLoggingMiddleware HTTP GET /shelfs/image/get-image/4b1f3cdf-fa97-4744-a677-47c0969b6af8_big.webp responded 500 in 52.1184 ms
Grpc.Core.RpcException: Status(StatusCode="Unavailable", Detail="Error connecting to subchannel.", DebugException="System.Net.Sockets.SocketException: No such host is known.")
 ---> System.Net.Sockets.SocketException (11001): No such host is known.
   at System.Net.Sockets.Socket.AwaitableSocketAsyncEventArgs.ThrowException(SocketError error, CancellationToken cancellationToken)
   at System.Net.Sockets.Socket.AwaitableSocketAsyncEventArgs.System.Threading.Tasks.Sources.IValueTaskSource.GetResult(Int16 token)
   at System.Net.Sockets.Socket.<ConnectAsync>g__WaitForConnectWithCancellation|285_0(AwaitableSocketAsyncEventArgs saea, ValueTask connectTask, CancellationToken cancellationToken)
   at Grpc.Net.Client.Balancer.Internal.SocketConnectivitySubchannelTransport.TryConnectAsync(ConnectContext context, Int32 attempt)
   --- End of inner exception stack trace ---
   at Grpc.Core.AsyncStreamReaderExtensions.ReadAllAsyncCore[T](IAsyncStreamReader`1 streamReader, CancellationToken cancellationToken)+MoveNext()
   at Grpc.Core.AsyncStreamReaderExtensions.ReadAllAsyncCore[T](IAsyncStreamReader`1 streamReader, CancellationToken cancellationToken)+System.Threading.Tasks.Sources.IValueTaskSource<System.Boolean>.GetResult()
   at ShelfsService.src.ShelfsService.Host.Features.Items.GetPhotoByName.ExecuteAsync(GetImageByName req, CancellationToken ct) in D:\visualStudio\Projects\OnlineShelf\backend\Microservices\ShelfsService\src\ShelfsService.Host\Features\Images\GetImageByName.cs:line 50
   at ShelfsService.src.ShelfsService.Host.Features.Items.GetPhotoByName.ExecuteAsync(GetImageByName req, CancellationToken ct) in D:\visualStudio\Projects\OnlineShelf\backend\Microservices\ShelfsService\src\ShelfsService.Host\Features\Images\GetImageByName.cs:line 50
   at FastEndpoints.Endpoint`2.ExecAsync(CancellationToken ct)
   at FastEndpoints.Endpoint`2.ExecAsync(CancellationToken ct)
   at Microsoft.AspNetCore.Http.RequestDelegateFactory.ExecuteResultWriteResponse(IResult result, HttpContext httpContext)
   at Microsoft.AspNetCore.Authorization.AuthorizationMiddleware.Invoke(HttpContext context)
   at Microsoft.AspNetCore.Authentication.AuthenticationMiddleware.Invoke(HttpContext context)
   at Swashbuckle.AspNetCore.SwaggerUI.SwaggerUIMiddleware.Invoke(HttpContext httpContext)
   at Swashbuckle.AspNetCore.Swagger.SwaggerMiddleware.Invoke(HttpContext httpContext, ISwaggerProvider swaggerProvider)
   at Serilog.AspNetCore.RequestLoggingMiddleware.Invoke(HttpContext httpContext)
2026-07-05 17:01:17.660 +03:00 [ERR] ShelfsService Microsoft.AspNetCore.Diagnostics.DeveloperExceptionPageMiddleware An unhandled exception has occurred while executing the request.
Grpc.Core.RpcException: Status(StatusCode="Unavailable", Detail="Error connecting to subchannel.", DebugException="System.Net.Sockets.SocketException: No such host is known.")
 ---> System.Net.Sockets.SocketException (11001): No such host is known.
   at System.Net.Sockets.Socket.AwaitableSocketAsyncEventArgs.ThrowException(SocketError error, CancellationToken cancellationToken)
   at System.Net.Sockets.Socket.AwaitableSocketAsyncEventArgs.System.Threading.Tasks.Sources.IValueTaskSource.GetResult(Int16 token)
   at System.Net.Sockets.Socket.<ConnectAsync>g__WaitForConnectWithCancellation|285_0(AwaitableSocketAsyncEventArgs saea, ValueTask connectTask, CancellationToken cancellationToken)
   at Grpc.Net.Client.Balancer.Internal.SocketConnectivitySubchannelTransport.TryConnectAsync(ConnectContext context, Int32 attempt)
   --- End of inner exception stack trace ---
   at Grpc.Core.AsyncStreamReaderExtensions.ReadAllAsyncCore[T](IAsyncStreamReader`1 streamReader, CancellationToken cancellationToken)+MoveNext()
   at Grpc.Core.AsyncStreamReaderExtensions.ReadAllAsyncCore[T](IAsyncStreamReader`1 streamReader, CancellationToken cancellationToken)+System.Threading.Tasks.Sources.IValueTaskSource<System.Boolean>.GetResult()
   at ShelfsService.src.ShelfsService.Host.Features.Items.GetPhotoByName.ExecuteAsync(GetImageByName req, CancellationToken ct) in D:\visualStudio\Projects\OnlineShelf\backend\Microservices\ShelfsService\src\ShelfsService.Host\Features\Images\GetImageByName.cs:line 50
   at ShelfsService.src.ShelfsService.Host.Features.Items.GetPhotoByName.ExecuteAsync(GetImageByName req, CancellationToken ct) in D:\visualStudio\Projects\OnlineShelf\backend\Microservices\ShelfsService\src\ShelfsService.Host\Features\Images\GetImageByName.cs:line 50
   at FastEndpoints.Endpoint`2.ExecAsync(CancellationToken ct)
   at FastEndpoints.Endpoint`2.ExecAsync(CancellationToken ct)
   at Microsoft.AspNetCore.Http.RequestDelegateFactory.ExecuteResultWriteResponse(IResult result, HttpContext httpContext)
   at Microsoft.AspNetCore.Authorization.AuthorizationMiddleware.Invoke(HttpContext context)
   at Microsoft.AspNetCore.Authentication.AuthenticationMiddleware.Invoke(HttpContext context)
   at Swashbuckle.AspNetCore.SwaggerUI.SwaggerUIMiddleware.Invoke(HttpContext httpContext)
   at Swashbuckle.AspNetCore.Swagger.SwaggerMiddleware.Invoke(HttpContext httpContext, ISwaggerProvider swaggerProvider)
   at Serilog.AspNetCore.RequestLoggingMiddleware.Invoke(HttpContext httpContext)
   at Microsoft.AspNetCore.Diagnostics.DeveloperExceptionPageMiddlewareImpl.Invoke(HttpContext context)
2026-07-05 17:02:15.576 +03:00 [INF] ShelfsService Serilog.AspNetCore.RequestLoggingMiddleware HTTP OPTIONS /shelfs/image/get-image/4b1f3cdf-fa97-4744-a677-47c0969b6af8_big.webp responded 204 in 0.1026 ms
2026-07-05 17:02:15.579 +03:00 [INF] ShelfsService Serilog.AspNetCore.RequestLoggingMiddleware HTTP OPTIONS /shelfs/items/bc540d10-cc61-41a6-8d42-5afdac6a0b1b responded 204 in 0.0854 ms
2026-07-05 17:02:15.602 +03:00 [INF] ShelfsService Microsoft.EntityFrameworkCore.Database.Command Executed DbCommand (7ms) [Parameters=[@__itemId_0='?' (DbType = Guid)], CommandType='"Text"', CommandTimeout='30']
SELECT i."Id", i."AttributeColorMain", i."AttributeColorSecond", i."AttributeMatterial", i."AttributePattern", i."AttributeSeason", i."AttributeType", i."BigImage", i."DateCreated", i."Name", i."ShelfId", i."SmallImage", i."UpdatedAt", i."UserId", i."isFavorite", i."positionKey"
FROM shelf_service."Items" AS i
WHERE i."Id" = @__itemId_0
LIMIT 1
2026-07-05 17:02:15.605 +03:00 [INF] ShelfsService ShelfsService.src.ShelfsService.Host.Features.Items.GetItemById Item "bc540d10-cc61-41a6-8d42-5afdac6a0b1b" was returned
2026-07-05 17:02:15.609 +03:00 [INF] ShelfsService Serilog.AspNetCore.RequestLoggingMiddleware HTTP GET /shelfs/items/bc540d10-cc61-41a6-8d42-5afdac6a0b1b responded 200 in 23.8948 ms
2026-07-05 17:02:17.798 +03:00 [INF] ShelfsService Grpc.Net.Client.Internal.GrpcCall Call failed with gRPC error status. Status code: '"Unavailable"', Message: 'Error connecting to subchannel.'.
System.Net.Sockets.SocketException (11001): No such host is known.
   at System.Net.Sockets.Socket.AwaitableSocketAsyncEventArgs.ThrowException(SocketError error, CancellationToken cancellationToken)
   at System.Net.Sockets.Socket.AwaitableSocketAsyncEventArgs.System.Threading.Tasks.Sources.IValueTaskSource.GetResult(Int16 token)
   at System.Net.Sockets.Socket.<ConnectAsync>g__WaitForConnectWithCancellation|285_0(AwaitableSocketAsyncEventArgs saea, ValueTask connectTask, CancellationToken cancellationToken)
   at Grpc.Net.Client.Balancer.Internal.SocketConnectivitySubchannelTransport.TryConnectAsync(ConnectContext context, Int32 attempt)
2026-07-05 17:02:17.838 +03:00 [ERR] ShelfsService Serilog.AspNetCore.RequestLoggingMiddleware HTTP GET /shelfs/image/get-image/4b1f3cdf-fa97-4744-a677-47c0969b6af8_big.webp responded 500 in 2257.4082 ms
Grpc.Core.RpcException: Status(StatusCode="Unavailable", Detail="Error connecting to subchannel.", DebugException="System.Net.Sockets.SocketException: No such host is known.")
 ---> System.Net.Sockets.SocketException (11001): No such host is known.
   at System.Net.Sockets.Socket.AwaitableSocketAsyncEventArgs.ThrowException(SocketError error, CancellationToken cancellationToken)
   at System.Net.Sockets.Socket.AwaitableSocketAsyncEventArgs.System.Threading.Tasks.Sources.IValueTaskSource.GetResult(Int16 token)
   at System.Net.Sockets.Socket.<ConnectAsync>g__WaitForConnectWithCancellation|285_0(AwaitableSocketAsyncEventArgs saea, ValueTask connectTask, CancellationToken cancellationToken)
   at Grpc.Net.Client.Balancer.Internal.SocketConnectivitySubchannelTransport.TryConnectAsync(ConnectContext context, Int32 attempt)
   --- End of inner exception stack trace ---
   at Grpc.Net.Client.Internal.HttpContentClientStreamReader`2.MoveNextCore(CancellationToken cancellationToken)
   at Grpc.Core.AsyncStreamReaderExtensions.ReadAllAsyncCore[T](IAsyncStreamReader`1 streamReader, CancellationToken cancellationToken)+MoveNext()
   at Grpc.Core.AsyncStreamReaderExtensions.ReadAllAsyncCore[T](IAsyncStreamReader`1 streamReader, CancellationToken cancellationToken)+System.Threading.Tasks.Sources.IValueTaskSource<System.Boolean>.GetResult()
   at ShelfsService.src.ShelfsService.Host.Features.Items.GetPhotoByName.ExecuteAsync(GetImageByName req, CancellationToken ct) in D:\visualStudio\Projects\OnlineShelf\backend\Microservices\ShelfsService\src\ShelfsService.Host\Features\Images\GetImageByName.cs:line 50
   at ShelfsService.src.ShelfsService.Host.Features.Items.GetPhotoByName.ExecuteAsync(GetImageByName req, CancellationToken ct) in D:\visualStudio\Projects\OnlineShelf\backend\Microservices\ShelfsService\src\ShelfsService.Host\Features\Images\GetImageByName.cs:line 50
   at FastEndpoints.Endpoint`2.ExecAsync(CancellationToken ct)
   at FastEndpoints.Endpoint`2.ExecAsync(CancellationToken ct)
   at Microsoft.AspNetCore.Http.RequestDelegateFactory.ExecuteResultWriteResponse(IResult result, HttpContext httpContext)
   at Microsoft.AspNetCore.Authorization.AuthorizationMiddleware.Invoke(HttpContext context)
   at Microsoft.AspNetCore.Authentication.AuthenticationMiddleware.Invoke(HttpContext context)
   at Swashbuckle.AspNetCore.SwaggerUI.SwaggerUIMiddleware.Invoke(HttpContext httpContext)
   at Swashbuckle.AspNetCore.Swagger.SwaggerMiddleware.Invoke(HttpContext httpContext, ISwaggerProvider swaggerProvider)
   at Serilog.AspNetCore.RequestLoggingMiddleware.Invoke(HttpContext httpContext)
2026-07-05 17:02:17.841 +03:00 [ERR] ShelfsService Microsoft.AspNetCore.Diagnostics.DeveloperExceptionPageMiddleware An unhandled exception has occurred while executing the request.
Grpc.Core.RpcException: Status(StatusCode="Unavailable", Detail="Error connecting to subchannel.", DebugException="System.Net.Sockets.SocketException: No such host is known.")
 ---> System.Net.Sockets.SocketException (11001): No such host is known.
   at System.Net.Sockets.Socket.AwaitableSocketAsyncEventArgs.ThrowException(SocketError error, CancellationToken cancellationToken)
   at System.Net.Sockets.Socket.AwaitableSocketAsyncEventArgs.System.Threading.Tasks.Sources.IValueTaskSource.GetResult(Int16 token)
   at System.Net.Sockets.Socket.<ConnectAsync>g__WaitForConnectWithCancellation|285_0(AwaitableSocketAsyncEventArgs saea, ValueTask connectTask, CancellationToken cancellationToken)
   at Grpc.Net.Client.Balancer.Internal.SocketConnectivitySubchannelTransport.TryConnectAsync(ConnectContext context, Int32 attempt)
   --- End of inner exception stack trace ---
   at Grpc.Net.Client.Internal.HttpContentClientStreamReader`2.MoveNextCore(CancellationToken cancellationToken)
   at Grpc.Core.AsyncStreamReaderExtensions.ReadAllAsyncCore[T](IAsyncStreamReader`1 streamReader, CancellationToken cancellationToken)+MoveNext()
   at Grpc.Core.AsyncStreamReaderExtensions.ReadAllAsyncCore[T](IAsyncStreamReader`1 streamReader, CancellationToken cancellationToken)+System.Threading.Tasks.Sources.IValueTaskSource<System.Boolean>.GetResult()
   at ShelfsService.src.ShelfsService.Host.Features.Items.GetPhotoByName.ExecuteAsync(GetImageByName req, CancellationToken ct) in D:\visualStudio\Projects\OnlineShelf\backend\Microservices\ShelfsService\src\ShelfsService.Host\Features\Images\GetImageByName.cs:line 50
   at ShelfsService.src.ShelfsService.Host.Features.Items.GetPhotoByName.ExecuteAsync(GetImageByName req, CancellationToken ct) in D:\visualStudio\Projects\OnlineShelf\backend\Microservices\ShelfsService\src\ShelfsService.Host\Features\Images\GetImageByName.cs:line 50
   at FastEndpoints.Endpoint`2.ExecAsync(CancellationToken ct)
   at FastEndpoints.Endpoint`2.ExecAsync(CancellationToken ct)
   at Microsoft.AspNetCore.Http.RequestDelegateFactory.ExecuteResultWriteResponse(IResult result, HttpContext httpContext)
   at Microsoft.AspNetCore.Authorization.AuthorizationMiddleware.Invoke(HttpContext context)
   at Microsoft.AspNetCore.Authentication.AuthenticationMiddleware.Invoke(HttpContext context)
   at Swashbuckle.AspNetCore.SwaggerUI.SwaggerUIMiddleware.Invoke(HttpContext httpContext)
   at Swashbuckle.AspNetCore.Swagger.SwaggerMiddleware.Invoke(HttpContext httpContext, ISwaggerProvider swaggerProvider)
   at Serilog.AspNetCore.RequestLoggingMiddleware.Invoke(HttpContext httpContext)
   at Microsoft.AspNetCore.Diagnostics.DeveloperExceptionPageMiddlewareImpl.Invoke(HttpContext context)
2026-07-05 17:05:19.822 +03:00 [INF] ShelfsService Serilog.AspNetCore.RequestLoggingMiddleware HTTP OPTIONS /shelfs/items/bc540d10-cc61-41a6-8d42-5afdac6a0b1b responded 204 in 0.1409 ms
2026-07-05 17:05:19.836 +03:00 [INF] ShelfsService Microsoft.EntityFrameworkCore.Database.Command Executed DbCommand (4ms) [Parameters=[@__itemId_0='?' (DbType = Guid)], CommandType='"Text"', CommandTimeout='30']
SELECT i."Id", i."AttributeColorMain", i."AttributeColorSecond", i."AttributeMatterial", i."AttributePattern", i."AttributeSeason", i."AttributeType", i."BigImage", i."DateCreated", i."Name", i."ShelfId", i."SmallImage", i."UpdatedAt", i."UserId", i."isFavorite", i."positionKey"
FROM shelf_service."Items" AS i
WHERE i."Id" = @__itemId_0
LIMIT 1
2026-07-05 17:05:19.839 +03:00 [INF] ShelfsService ShelfsService.src.ShelfsService.Host.Features.Items.GetItemById Item "bc540d10-cc61-41a6-8d42-5afdac6a0b1b" was returned
2026-07-05 17:05:19.840 +03:00 [INF] ShelfsService Serilog.AspNetCore.RequestLoggingMiddleware HTTP GET /shelfs/items/bc540d10-cc61-41a6-8d42-5afdac6a0b1b responded 200 in 12.1455 ms
2026-07-05 17:06:31.536 +03:00 [INF] ShelfsService Serilog.AspNetCore.RequestLoggingMiddleware HTTP OPTIONS /shelfs/items/attributes responded 204 in 0.9471 ms
2026-07-05 17:06:31.536 +03:00 [INF] ShelfsService Serilog.AspNetCore.RequestLoggingMiddleware HTTP OPTIONS /shelfs/items/bc540d10-cc61-41a6-8d42-5afdac6a0b1b responded 204 in 0.9791 ms
2026-07-05 17:06:31.569 +03:00 [INF] ShelfsService Serilog.AspNetCore.RequestLoggingMiddleware HTTP GET /shelfs/items/attributes responded 200 in 2.0104 ms
2026-07-05 17:06:31.601 +03:00 [INF] ShelfsService Microsoft.EntityFrameworkCore.Database.Command Executed DbCommand (3ms) [Parameters=[@__itemId_0='?' (DbType = Guid)], CommandType='"Text"', CommandTimeout='30']
SELECT i."Id", i."AttributeColorMain", i."AttributeColorSecond", i."AttributeMatterial", i."AttributePattern", i."AttributeSeason", i."AttributeType", i."BigImage", i."DateCreated", i."Name", i."ShelfId", i."SmallImage", i."UpdatedAt", i."UserId", i."isFavorite", i."positionKey"
FROM shelf_service."Items" AS i
WHERE i."Id" = @__itemId_0
LIMIT 1
2026-07-05 17:06:31.602 +03:00 [INF] ShelfsService ShelfsService.src.ShelfsService.Host.Features.Items.GetItemById Item "bc540d10-cc61-41a6-8d42-5afdac6a0b1b" was returned
2026-07-05 17:06:31.603 +03:00 [INF] ShelfsService Serilog.AspNetCore.RequestLoggingMiddleware HTTP GET /shelfs/items/bc540d10-cc61-41a6-8d42-5afdac6a0b1b responded 200 in 62.1069 ms
2026-07-05 17:07:57.532 +03:00 [INF] ShelfsService Serilog.AspNetCore.RequestLoggingMiddleware HTTP OPTIONS /shelfs/items/bc540d10-cc61-41a6-8d42-5afdac6a0b1b responded 204 in 0.1676 ms
2026-07-05 17:07:57.547 +03:00 [INF] ShelfsService Microsoft.EntityFrameworkCore.Database.Command Executed DbCommand (8ms) [Parameters=[@__itemId_0='?' (DbType = Guid)], CommandType='"Text"', CommandTimeout='30']
SELECT i."Id", i."AttributeColorMain", i."AttributeColorSecond", i."AttributeMatterial", i."AttributePattern", i."AttributeSeason", i."AttributeType", i."BigImage", i."DateCreated", i."Name", i."ShelfId", i."SmallImage", i."UpdatedAt", i."UserId", i."isFavorite", i."positionKey"
FROM shelf_service."Items" AS i
WHERE i."Id" = @__itemId_0
LIMIT 1
2026-07-05 17:07:57.549 +03:00 [INF] ShelfsService ShelfsService.src.ShelfsService.Host.Features.Items.GetItemById Item "bc540d10-cc61-41a6-8d42-5afdac6a0b1b" was returned
2026-07-05 17:07:57.550 +03:00 [INF] ShelfsService Serilog.AspNetCore.RequestLoggingMiddleware HTTP GET /shelfs/items/bc540d10-cc61-41a6-8d42-5afdac6a0b1b responded 200 in 13.9432 ms
2026-07-05 17:09:33.624 +03:00 [INF] ShelfsService Serilog.AspNetCore.RequestLoggingMiddleware HTTP OPTIONS /shelfs/items/bc540d10-cc61-41a6-8d42-5afdac6a0b1b responded 204 in 0.3070 ms
2026-07-05 17:09:33.643 +03:00 [INF] ShelfsService Microsoft.EntityFrameworkCore.Database.Command Executed DbCommand (9ms) [Parameters=[@__itemId_0='?' (DbType = Guid)], CommandType='"Text"', CommandTimeout='30']
SELECT i."Id", i."AttributeColorMain", i."AttributeColorSecond", i."AttributeMatterial", i."AttributePattern", i."AttributeSeason", i."AttributeType", i."BigImage", i."DateCreated", i."Name", i."ShelfId", i."SmallImage", i."UpdatedAt", i."UserId", i."isFavorite", i."positionKey"
FROM shelf_service."Items" AS i
WHERE i."Id" = @__itemId_0
LIMIT 1
2026-07-05 17:09:33.646 +03:00 [INF] ShelfsService ShelfsService.src.ShelfsService.Host.Features.Items.GetItemById Item "bc540d10-cc61-41a6-8d42-5afdac6a0b1b" was returned
2026-07-05 17:09:33.647 +03:00 [INF] ShelfsService Serilog.AspNetCore.RequestLoggingMiddleware HTTP GET /shelfs/items/bc540d10-cc61-41a6-8d42-5afdac6a0b1b responded 200 in 18.6906 ms
2026-07-05 17:10:10.446 +03:00 [INF] ShelfsService Serilog.AspNetCore.RequestLoggingMiddleware HTTP OPTIONS /shelfs/image/get-image/4b1f3cdf-fa97-4744-a677-47c0969b6af8_big.webp responded 204 in 0.2482 ms
2026-07-05 17:10:10.453 +03:00 [INF] ShelfsService Grpc.Net.Client.Internal.GrpcCall Call failed with gRPC error status. Status code: '"Unavailable"', Message: 'Error connecting to subchannel.'.
System.Net.Sockets.SocketException (11001): No such host is known.
   at System.Net.Sockets.Socket.AwaitableSocketAsyncEventArgs.ThrowException(SocketError error, CancellationToken cancellationToken)
   at System.Net.Sockets.Socket.AwaitableSocketAsyncEventArgs.System.Threading.Tasks.Sources.IValueTaskSource.GetResult(Int16 token)
   at System.Net.Sockets.Socket.<ConnectAsync>g__WaitForConnectWithCancellation|285_0(AwaitableSocketAsyncEventArgs saea, ValueTask connectTask, CancellationToken cancellationToken)
   at Grpc.Net.Client.Balancer.Internal.SocketConnectivitySubchannelTransport.TryConnectAsync(ConnectContext context, Int32 attempt)
2026-07-05 17:10:10.524 +03:00 [ERR] ShelfsService Serilog.AspNetCore.RequestLoggingMiddleware HTTP GET /shelfs/image/get-image/4b1f3cdf-fa97-4744-a677-47c0969b6af8_big.webp responded 500 in 74.7459 ms
Grpc.Core.RpcException: Status(StatusCode="Unavailable", Detail="Error connecting to subchannel.", DebugException="System.Net.Sockets.SocketException: No such host is known.")
 ---> System.Net.Sockets.SocketException (11001): No such host is known.
   at System.Net.Sockets.Socket.AwaitableSocketAsyncEventArgs.ThrowException(SocketError error, CancellationToken cancellationToken)
   at System.Net.Sockets.Socket.AwaitableSocketAsyncEventArgs.System.Threading.Tasks.Sources.IValueTaskSource.GetResult(Int16 token)
   at System.Net.Sockets.Socket.<ConnectAsync>g__WaitForConnectWithCancellation|285_0(AwaitableSocketAsyncEventArgs saea, ValueTask connectTask, CancellationToken cancellationToken)
   at Grpc.Net.Client.Balancer.Internal.SocketConnectivitySubchannelTransport.TryConnectAsync(ConnectContext context, Int32 attempt)
   --- End of inner exception stack trace ---
   at Grpc.Core.AsyncStreamReaderExtensions.ReadAllAsyncCore[T](IAsyncStreamReader`1 streamReader, CancellationToken cancellationToken)+MoveNext()
   at Grpc.Core.AsyncStreamReaderExtensions.ReadAllAsyncCore[T](IAsyncStreamReader`1 streamReader, CancellationToken cancellationToken)+System.Threading.Tasks.Sources.IValueTaskSource<System.Boolean>.GetResult()
   at ShelfsService.src.ShelfsService.Host.Features.Items.GetPhotoByName.ExecuteAsync(GetImageByName req, CancellationToken ct) in D:\visualStudio\Projects\OnlineShelf\backend\Microservices\ShelfsService\src\ShelfsService.Host\Features\Images\GetImageByName.cs:line 50
   at ShelfsService.src.ShelfsService.Host.Features.Items.GetPhotoByName.ExecuteAsync(GetImageByName req, CancellationToken ct) in D:\visualStudio\Projects\OnlineShelf\backend\Microservices\ShelfsService\src\ShelfsService.Host\Features\Images\GetImageByName.cs:line 50
   at FastEndpoints.Endpoint`2.ExecAsync(CancellationToken ct)
   at FastEndpoints.Endpoint`2.ExecAsync(CancellationToken ct)
   at Microsoft.AspNetCore.Http.RequestDelegateFactory.ExecuteResultWriteResponse(IResult result, HttpContext httpContext)
   at Microsoft.AspNetCore.Authorization.AuthorizationMiddleware.Invoke(HttpContext context)
   at Microsoft.AspNetCore.Authentication.AuthenticationMiddleware.Invoke(HttpContext context)
   at Swashbuckle.AspNetCore.SwaggerUI.SwaggerUIMiddleware.Invoke(HttpContext httpContext)
   at Swashbuckle.AspNetCore.Swagger.SwaggerMiddleware.Invoke(HttpContext httpContext, ISwaggerProvider swaggerProvider)
   at Serilog.AspNetCore.RequestLoggingMiddleware.Invoke(HttpContext httpContext)
2026-07-05 17:10:10.527 +03:00 [ERR] ShelfsService Microsoft.AspNetCore.Diagnostics.DeveloperExceptionPageMiddleware An unhandled exception has occurred while executing the request.
Grpc.Core.RpcException: Status(StatusCode="Unavailable", Detail="Error connecting to subchannel.", DebugException="System.Net.Sockets.SocketException: No such host is known.")
 ---> System.Net.Sockets.SocketException (11001): No such host is known.
   at System.Net.Sockets.Socket.AwaitableSocketAsyncEventArgs.ThrowException(SocketError error, CancellationToken cancellationToken)
   at System.Net.Sockets.Socket.AwaitableSocketAsyncEventArgs.System.Threading.Tasks.Sources.IValueTaskSource.GetResult(Int16 token)
   at System.Net.Sockets.Socket.<ConnectAsync>g__WaitForConnectWithCancellation|285_0(AwaitableSocketAsyncEventArgs saea, ValueTask connectTask, CancellationToken cancellationToken)
   at Grpc.Net.Client.Balancer.Internal.SocketConnectivitySubchannelTransport.TryConnectAsync(ConnectContext context, Int32 attempt)
   --- End of inner exception stack trace ---
   at Grpc.Core.AsyncStreamReaderExtensions.ReadAllAsyncCore[T](IAsyncStreamReader`1 streamReader, CancellationToken cancellationToken)+MoveNext()
   at Grpc.Core.AsyncStreamReaderExtensions.ReadAllAsyncCore[T](IAsyncStreamReader`1 streamReader, CancellationToken cancellationToken)+System.Threading.Tasks.Sources.IValueTaskSource<System.Boolean>.GetResult()
   at ShelfsService.src.ShelfsService.Host.Features.Items.GetPhotoByName.ExecuteAsync(GetImageByName req, CancellationToken ct) in D:\visualStudio\Projects\OnlineShelf\backend\Microservices\ShelfsService\src\ShelfsService.Host\Features\Images\GetImageByName.cs:line 50
   at ShelfsService.src.ShelfsService.Host.Features.Items.GetPhotoByName.ExecuteAsync(GetImageByName req, CancellationToken ct) in D:\visualStudio\Projects\OnlineShelf\backend\Microservices\ShelfsService\src\ShelfsService.Host\Features\Images\GetImageByName.cs:line 50
   at FastEndpoints.Endpoint`2.ExecAsync(CancellationToken ct)
   at FastEndpoints.Endpoint`2.ExecAsync(CancellationToken ct)
   at Microsoft.AspNetCore.Http.RequestDelegateFactory.ExecuteResultWriteResponse(IResult result, HttpContext httpContext)
   at Microsoft.AspNetCore.Authorization.AuthorizationMiddleware.Invoke(HttpContext context)
   at Microsoft.AspNetCore.Authentication.AuthenticationMiddleware.Invoke(HttpContext context)
   at Swashbuckle.AspNetCore.SwaggerUI.SwaggerUIMiddleware.Invoke(HttpContext httpContext)
   at Swashbuckle.AspNetCore.Swagger.SwaggerMiddleware.Invoke(HttpContext httpContext, ISwaggerProvider swaggerProvider)
   at Serilog.AspNetCore.RequestLoggingMiddleware.Invoke(HttpContext httpContext)
   at Microsoft.AspNetCore.Diagnostics.DeveloperExceptionPageMiddlewareImpl.Invoke(HttpContext context)
2026-07-05 17:10:12.111 +03:00 [INF] ShelfsService Serilog.AspNetCore.RequestLoggingMiddleware HTTP OPTIONS /shelfs/items/attributes responded 204 in 0.2825 ms
2026-07-05 17:10:12.112 +03:00 [INF] ShelfsService Serilog.AspNetCore.RequestLoggingMiddleware HTTP OPTIONS /shelfs/items/bc540d10-cc61-41a6-8d42-5afdac6a0b1b responded 204 in 0.0505 ms
2026-07-05 17:10:12.129 +03:00 [INF] ShelfsService Serilog.AspNetCore.RequestLoggingMiddleware HTTP GET /shelfs/items/attributes responded 200 in 4.0479 ms
2026-07-05 17:10:12.136 +03:00 [INF] ShelfsService Microsoft.EntityFrameworkCore.Database.Command Executed DbCommand (4ms) [Parameters=[@__itemId_0='?' (DbType = Guid)], CommandType='"Text"', CommandTimeout='30']
SELECT i."Id", i."AttributeColorMain", i."AttributeColorSecond", i."AttributeMatterial", i."AttributePattern", i."AttributeSeason", i."AttributeType", i."BigImage", i."DateCreated", i."Name", i."ShelfId", i."SmallImage", i."UpdatedAt", i."UserId", i."isFavorite", i."positionKey"
FROM shelf_service."Items" AS i
WHERE i."Id" = @__itemId_0
LIMIT 1
2026-07-05 17:10:12.138 +03:00 [INF] ShelfsService ShelfsService.src.ShelfsService.Host.Features.Items.GetItemById Item "bc540d10-cc61-41a6-8d42-5afdac6a0b1b" was returned
2026-07-05 17:10:12.143 +03:00 [INF] ShelfsService Serilog.AspNetCore.RequestLoggingMiddleware HTTP GET /shelfs/items/bc540d10-cc61-41a6-8d42-5afdac6a0b1b responded 200 in 14.9325 ms
2026-07-05 17:10:23.279 +03:00 [INF] ShelfsService Serilog.AspNetCore.RequestLoggingMiddleware HTTP OPTIONS /shelfs/items responded 204 in 0.0675 ms
2026-07-05 17:10:23.378 +03:00 [INF] ShelfsService Microsoft.EntityFrameworkCore.Database.Command Executed DbCommand (3ms) [Parameters=[@__itemId_0='?' (DbType = Guid)], CommandType='"Text"', CommandTimeout='30']
SELECT i."Id", i."AttributeColorMain", i."AttributeColorSecond", i."AttributeMatterial", i."AttributePattern", i."AttributeSeason", i."AttributeType", i."BigImage", i."DateCreated", i."Name", i."ShelfId", i."SmallImage", i."UpdatedAt", i."UserId", i."isFavorite", i."positionKey"
FROM shelf_service."Items" AS i
WHERE i."Id" = @__itemId_0
LIMIT 1
2026-07-05 17:10:23.395 +03:00 [INF] ShelfsService Grpc.Net.Client.Internal.GrpcCall Call failed with gRPC error status. Status code: '"Unavailable"', Message: 'Error connecting to subchannel.'.
System.Net.Sockets.SocketException (11001): No such host is known.
   at System.Net.Sockets.Socket.AwaitableSocketAsyncEventArgs.ThrowException(SocketError error, CancellationToken cancellationToken)
   at System.Net.Sockets.Socket.AwaitableSocketAsyncEventArgs.System.Threading.Tasks.Sources.IValueTaskSource.GetResult(Int16 token)
   at System.Net.Sockets.Socket.<ConnectAsync>g__WaitForConnectWithCancellation|285_0(AwaitableSocketAsyncEventArgs saea, ValueTask connectTask, CancellationToken cancellationToken)
   at Grpc.Net.Client.Balancer.Internal.SocketConnectivitySubchannelTransport.TryConnectAsync(ConnectContext context, Int32 attempt)
2026-07-05 17:10:23.425 +03:00 [ERR] ShelfsService Serilog.AspNetCore.RequestLoggingMiddleware HTTP PUT /shelfs/items responded 500 in 140.8605 ms
Grpc.Core.RpcException: Status(StatusCode="Unavailable", Detail="Error connecting to subchannel.", DebugException="System.Net.Sockets.SocketException: No such host is known.")
 ---> System.Net.Sockets.SocketException (11001): No such host is known.
   at System.Net.Sockets.Socket.AwaitableSocketAsyncEventArgs.ThrowException(SocketError error, CancellationToken cancellationToken)
   at System.Net.Sockets.Socket.AwaitableSocketAsyncEventArgs.System.Threading.Tasks.Sources.IValueTaskSource.GetResult(Int16 token)
   at System.Net.Sockets.Socket.<ConnectAsync>g__WaitForConnectWithCancellation|285_0(AwaitableSocketAsyncEventArgs saea, ValueTask connectTask, CancellationToken cancellationToken)
   at Grpc.Net.Client.Balancer.Internal.SocketConnectivitySubchannelTransport.TryConnectAsync(ConnectContext context, Int32 attempt)
   --- End of inner exception stack trace ---
   at Grpc.Net.Client.Balancer.Internal.ConnectionManager.PickAsync(PickContext context, Boolean waitForReady, CancellationToken cancellationToken)
   at Grpc.Net.Client.Balancer.Internal.BalancerHttpHandler.SendAsync(HttpRequestMessage request, CancellationToken cancellationToken)
   at System.Net.Http.HttpMessageInvoker.<SendAsync>g__SendAsyncWithTelemetry|6_0(HttpMessageHandler handler, HttpRequestMessage request, CancellationToken cancellationToken)
   at Grpc.Net.Client.Internal.GrpcCall`2.RunCall(HttpRequestMessage request, Nullable`1 timeout)
   at ShelfsService.src.ShelfsService.Host.Features.Items.UpdateItemCommandHandler.HandleAsync(UpdateItemCommand request, CancellationToken ct) in D:\visualStudio\Projects\OnlineShelf\backend\Microservices\ShelfsService\src\ShelfsService.Host\Features\Items\UpdateItem.cs:line 101
   at FastEndpoints.Endpoint`2.ExecAsync(CancellationToken ct)
   at FastEndpoints.Endpoint`2.ExecAsync(CancellationToken ct)
   at Microsoft.AspNetCore.Http.RequestDelegateFactory.ExecuteResultWriteResponse(IResult result, HttpContext httpContext)
   at Microsoft.AspNetCore.Authorization.AuthorizationMiddleware.Invoke(HttpContext context)
   at Microsoft.AspNetCore.Authentication.AuthenticationMiddleware.Invoke(HttpContext context)
   at Swashbuckle.AspNetCore.SwaggerUI.SwaggerUIMiddleware.Invoke(HttpContext httpContext)
   at Swashbuckle.AspNetCore.Swagger.SwaggerMiddleware.Invoke(HttpContext httpContext, ISwaggerProvider swaggerProvider)
   at Serilog.AspNetCore.RequestLoggingMiddleware.Invoke(HttpContext httpContext)
2026-07-05 17:10:23.430 +03:00 [ERR] ShelfsService Microsoft.AspNetCore.Diagnostics.DeveloperExceptionPageMiddleware An unhandled exception has occurred while executing the request.
Grpc.Core.RpcException: Status(StatusCode="Unavailable", Detail="Error connecting to subchannel.", DebugException="System.Net.Sockets.SocketException: No such host is known.")
 ---> System.Net.Sockets.SocketException (11001): No such host is known.
   at System.Net.Sockets.Socket.AwaitableSocketAsyncEventArgs.ThrowException(SocketError error, CancellationToken cancellationToken)
   at System.Net.Sockets.Socket.AwaitableSocketAsyncEventArgs.System.Threading.Tasks.Sources.IValueTaskSource.GetResult(Int16 token)
   at System.Net.Sockets.Socket.<ConnectAsync>g__WaitForConnectWithCancellation|285_0(AwaitableSocketAsyncEventArgs saea, ValueTask connectTask, CancellationToken cancellationToken)
   at Grpc.Net.Client.Balancer.Internal.SocketConnectivitySubchannelTransport.TryConnectAsync(ConnectContext context, Int32 attempt)
   --- End of inner exception stack trace ---
   at Grpc.Net.Client.Balancer.Internal.ConnectionManager.PickAsync(PickContext context, Boolean waitForReady, CancellationToken cancellationToken)
   at Grpc.Net.Client.Balancer.Internal.BalancerHttpHandler.SendAsync(HttpRequestMessage request, CancellationToken cancellationToken)
   at System.Net.Http.HttpMessageInvoker.<SendAsync>g__SendAsyncWithTelemetry|6_0(HttpMessageHandler handler, HttpRequestMessage request, CancellationToken cancellationToken)
   at Grpc.Net.Client.Internal.GrpcCall`2.RunCall(HttpRequestMessage request, Nullable`1 timeout)
   at ShelfsService.src.ShelfsService.Host.Features.Items.UpdateItemCommandHandler.HandleAsync(UpdateItemCommand request, CancellationToken ct) in D:\visualStudio\Projects\OnlineShelf\backend\Microservices\ShelfsService\src\ShelfsService.Host\Features\Items\UpdateItem.cs:line 101
   at FastEndpoints.Endpoint`2.ExecAsync(CancellationToken ct)
   at FastEndpoints.Endpoint`2.ExecAsync(CancellationToken ct)
   at Microsoft.AspNetCore.Http.RequestDelegateFactory.ExecuteResultWriteResponse(IResult result, HttpContext httpContext)
   at Microsoft.AspNetCore.Authorization.AuthorizationMiddleware.Invoke(HttpContext context)
   at Microsoft.AspNetCore.Authentication.AuthenticationMiddleware.Invoke(HttpContext context)
   at Swashbuckle.AspNetCore.SwaggerUI.SwaggerUIMiddleware.Invoke(HttpContext httpContext)
   at Swashbuckle.AspNetCore.Swagger.SwaggerMiddleware.Invoke(HttpContext httpContext, ISwaggerProvider swaggerProvider)
   at Serilog.AspNetCore.RequestLoggingMiddleware.Invoke(HttpContext httpContext)
   at Microsoft.AspNetCore.Diagnostics.DeveloperExceptionPageMiddlewareImpl.Invoke(HttpContext context)
2026-07-05 17:12:16.246 +03:00 [INF] ShelfsService Serilog.AspNetCore.RequestLoggingMiddleware HTTP OPTIONS /shelfs/items/bc540d10-cc61-41a6-8d42-5afdac6a0b1b responded 204 in 0.0884 ms
2026-07-05 17:12:16.286 +03:00 [INF] ShelfsService Microsoft.EntityFrameworkCore.Database.Command Executed DbCommand (4ms) [Parameters=[@__itemId_0='?' (DbType = Guid)], CommandType='"Text"', CommandTimeout='30']
SELECT i."Id", i."AttributeColorMain", i."AttributeColorSecond", i."AttributeMatterial", i."AttributePattern", i."AttributeSeason", i."AttributeType", i."BigImage", i."DateCreated", i."Name", i."ShelfId", i."SmallImage", i."UpdatedAt", i."UserId", i."isFavorite", i."positionKey"
FROM shelf_service."Items" AS i
WHERE i."Id" = @__itemId_0
LIMIT 1
2026-07-05 17:12:16.286 +03:00 [INF] ShelfsService ShelfsService.src.ShelfsService.Host.Features.Items.GetItemById Item "bc540d10-cc61-41a6-8d42-5afdac6a0b1b" was returned
2026-07-05 17:12:16.287 +03:00 [INF] ShelfsService Serilog.AspNetCore.RequestLoggingMiddleware HTTP GET /shelfs/items/bc540d10-cc61-41a6-8d42-5afdac6a0b1b responded 200 in 37.3215 ms
2026-07-05 17:12:18.838 +03:00 [INF] ShelfsService Serilog.AspNetCore.RequestLoggingMiddleware HTTP OPTIONS /shelfs/items responded 204 in 0.0667 ms
2026-07-05 17:12:18.878 +03:00 [INF] ShelfsService Microsoft.EntityFrameworkCore.Database.Command Executed DbCommand (4ms) [Parameters=[@__itemId_0='?' (DbType = Guid)], CommandType='"Text"', CommandTimeout='30']
SELECT i."Id", i."AttributeColorMain", i."AttributeColorSecond", i."AttributeMatterial", i."AttributePattern", i."AttributeSeason", i."AttributeType", i."BigImage", i."DateCreated", i."Name", i."ShelfId", i."SmallImage", i."UpdatedAt", i."UserId", i."isFavorite", i."positionKey"
FROM shelf_service."Items" AS i
WHERE i."Id" = @__itemId_0
LIMIT 1
2026-07-05 17:12:18.886 +03:00 [INF] ShelfsService Grpc.Net.Client.Internal.GrpcCall Call failed with gRPC error status. Status code: '"Unavailable"', Message: 'Error connecting to subchannel.'.
System.Net.Sockets.SocketException (11001): No such host is known.
   at System.Net.Sockets.Socket.AwaitableSocketAsyncEventArgs.ThrowException(SocketError error, CancellationToken cancellationToken)
   at System.Net.Sockets.Socket.AwaitableSocketAsyncEventArgs.System.Threading.Tasks.Sources.IValueTaskSource.GetResult(Int16 token)
   at System.Net.Sockets.Socket.<ConnectAsync>g__WaitForConnectWithCancellation|285_0(AwaitableSocketAsyncEventArgs saea, ValueTask connectTask, CancellationToken cancellationToken)
   at Grpc.Net.Client.Balancer.Internal.SocketConnectivitySubchannelTransport.TryConnectAsync(ConnectContext context, Int32 attempt)
2026-07-05 17:12:18.912 +03:00 [ERR] ShelfsService Serilog.AspNetCore.RequestLoggingMiddleware HTTP PUT /shelfs/items responded 500 in 71.3027 ms
Grpc.Core.RpcException: Status(StatusCode="Unavailable", Detail="Error connecting to subchannel.", DebugException="System.Net.Sockets.SocketException: No such host is known.")
 ---> System.Net.Sockets.SocketException (11001): No such host is known.
   at System.Net.Sockets.Socket.AwaitableSocketAsyncEventArgs.ThrowException(SocketError error, CancellationToken cancellationToken)
   at System.Net.Sockets.Socket.AwaitableSocketAsyncEventArgs.System.Threading.Tasks.Sources.IValueTaskSource.GetResult(Int16 token)
   at System.Net.Sockets.Socket.<ConnectAsync>g__WaitForConnectWithCancellation|285_0(AwaitableSocketAsyncEventArgs saea, ValueTask connectTask, CancellationToken cancellationToken)
   at Grpc.Net.Client.Balancer.Internal.SocketConnectivitySubchannelTransport.TryConnectAsync(ConnectContext context, Int32 attempt)
   --- End of inner exception stack trace ---
   at Grpc.Net.Client.Balancer.Internal.ConnectionManager.PickAsync(PickContext context, Boolean waitForReady, CancellationToken cancellationToken)
   at Grpc.Net.Client.Balancer.Internal.BalancerHttpHandler.SendAsync(HttpRequestMessage request, CancellationToken cancellationToken)
   at System.Net.Http.HttpMessageInvoker.<SendAsync>g__SendAsyncWithTelemetry|6_0(HttpMessageHandler handler, HttpRequestMessage request, CancellationToken cancellationToken)
   at Grpc.Net.Client.Internal.GrpcCall`2.RunCall(HttpRequestMessage request, Nullable`1 timeout)
   at ShelfsService.src.ShelfsService.Host.Features.Items.UpdateItemCommandHandler.HandleAsync(UpdateItemCommand request, CancellationToken ct) in D:\visualStudio\Projects\OnlineShelf\backend\Microservices\ShelfsService\src\ShelfsService.Host\Features\Items\UpdateItem.cs:line 101
   at FastEndpoints.Endpoint`2.ExecAsync(CancellationToken ct)
   at FastEndpoints.Endpoint`2.ExecAsync(CancellationToken ct)
   at Microsoft.AspNetCore.Http.RequestDelegateFactory.ExecuteResultWriteResponse(IResult result, HttpContext httpContext)
   at Microsoft.AspNetCore.Authorization.AuthorizationMiddleware.Invoke(HttpContext context)
   at Microsoft.AspNetCore.Authentication.AuthenticationMiddleware.Invoke(HttpContext context)
   at Swashbuckle.AspNetCore.SwaggerUI.SwaggerUIMiddleware.Invoke(HttpContext httpContext)
   at Swashbuckle.AspNetCore.Swagger.SwaggerMiddleware.Invoke(HttpContext httpContext, ISwaggerProvider swaggerProvider)
   at Serilog.AspNetCore.RequestLoggingMiddleware.Invoke(HttpContext httpContext)
2026-07-05 17:12:18.916 +03:00 [ERR] ShelfsService Microsoft.AspNetCore.Diagnostics.DeveloperExceptionPageMiddleware An unhandled exception has occurred while executing the request.
Grpc.Core.RpcException: Status(StatusCode="Unavailable", Detail="Error connecting to subchannel.", DebugException="System.Net.Sockets.SocketException: No such host is known.")
 ---> System.Net.Sockets.SocketException (11001): No such host is known.
   at System.Net.Sockets.Socket.AwaitableSocketAsyncEventArgs.ThrowException(SocketError error, CancellationToken cancellationToken)
   at System.Net.Sockets.Socket.AwaitableSocketAsyncEventArgs.System.Threading.Tasks.Sources.IValueTaskSource.GetResult(Int16 token)
   at System.Net.Sockets.Socket.<ConnectAsync>g__WaitForConnectWithCancellation|285_0(AwaitableSocketAsyncEventArgs saea, ValueTask connectTask, CancellationToken cancellationToken)
   at Grpc.Net.Client.Balancer.Internal.SocketConnectivitySubchannelTransport.TryConnectAsync(ConnectContext context, Int32 attempt)
   --- End of inner exception stack trace ---
   at Grpc.Net.Client.Balancer.Internal.ConnectionManager.PickAsync(PickContext context, Boolean waitForReady, CancellationToken cancellationToken)
   at Grpc.Net.Client.Balancer.Internal.BalancerHttpHandler.SendAsync(HttpRequestMessage request, CancellationToken cancellationToken)
   at System.Net.Http.HttpMessageInvoker.<SendAsync>g__SendAsyncWithTelemetry|6_0(HttpMessageHandler handler, HttpRequestMessage request, CancellationToken cancellationToken)
   at Grpc.Net.Client.Internal.GrpcCall`2.RunCall(HttpRequestMessage request, Nullable`1 timeout)
   at ShelfsService.src.ShelfsService.Host.Features.Items.UpdateItemCommandHandler.HandleAsync(UpdateItemCommand request, CancellationToken ct) in D:\visualStudio\Projects\OnlineShelf\backend\Microservices\ShelfsService\src\ShelfsService.Host\Features\Items\UpdateItem.cs:line 101
   at FastEndpoints.Endpoint`2.ExecAsync(CancellationToken ct)
   at FastEndpoints.Endpoint`2.ExecAsync(CancellationToken ct)
   at Microsoft.AspNetCore.Http.RequestDelegateFactory.ExecuteResultWriteResponse(IResult result, HttpContext httpContext)
   at Microsoft.AspNetCore.Authorization.AuthorizationMiddleware.Invoke(HttpContext context)
   at Microsoft.AspNetCore.Authentication.AuthenticationMiddleware.Invoke(HttpContext context)
   at Swashbuckle.AspNetCore.SwaggerUI.SwaggerUIMiddleware.Invoke(HttpContext httpContext)
   at Swashbuckle.AspNetCore.Swagger.SwaggerMiddleware.Invoke(HttpContext httpContext, ISwaggerProvider swaggerProvider)
   at Serilog.AspNetCore.RequestLoggingMiddleware.Invoke(HttpContext httpContext)
   at Microsoft.AspNetCore.Diagnostics.DeveloperExceptionPageMiddlewareImpl.Invoke(HttpContext context)
2026-07-05 17:12:54.068 +03:00 [INF] ShelfsService Serilog.AspNetCore.RequestLoggingMiddleware HTTP OPTIONS /shelfs/image/get-image/4b1f3cdf-fa97-4744-a677-47c0969b6af8_big.webp responded 204 in 0.0605 ms
2026-07-05 17:12:54.081 +03:00 [INF] ShelfsService Grpc.Net.Client.Internal.GrpcCall Call failed with gRPC error status. Status code: '"Unavailable"', Message: 'Error connecting to subchannel.'.
System.Net.Sockets.SocketException (11001): No such host is known.
   at System.Net.Sockets.Socket.AwaitableSocketAsyncEventArgs.ThrowException(SocketError error, CancellationToken cancellationToken)
   at System.Net.Sockets.Socket.AwaitableSocketAsyncEventArgs.System.Threading.Tasks.Sources.IValueTaskSource.GetResult(Int16 token)
   at System.Net.Sockets.Socket.<ConnectAsync>g__WaitForConnectWithCancellation|285_0(AwaitableSocketAsyncEventArgs saea, ValueTask connectTask, CancellationToken cancellationToken)
   at Grpc.Net.Client.Balancer.Internal.SocketConnectivitySubchannelTransport.TryConnectAsync(ConnectContext context, Int32 attempt)
2026-07-05 17:12:54.149 +03:00 [ERR] ShelfsService Serilog.AspNetCore.RequestLoggingMiddleware HTTP GET /shelfs/image/get-image/4b1f3cdf-fa97-4744-a677-47c0969b6af8_big.webp responded 500 in 70.6657 ms
Grpc.Core.RpcException: Status(StatusCode="Unavailable", Detail="Error connecting to subchannel.", DebugException="System.Net.Sockets.SocketException: No such host is known.")
 ---> System.Net.Sockets.SocketException (11001): No such host is known.
   at System.Net.Sockets.Socket.AwaitableSocketAsyncEventArgs.ThrowException(SocketError error, CancellationToken cancellationToken)
   at System.Net.Sockets.Socket.AwaitableSocketAsyncEventArgs.System.Threading.Tasks.Sources.IValueTaskSource.GetResult(Int16 token)
   at System.Net.Sockets.Socket.<ConnectAsync>g__WaitForConnectWithCancellation|285_0(AwaitableSocketAsyncEventArgs saea, ValueTask connectTask, CancellationToken cancellationToken)
   at Grpc.Net.Client.Balancer.Internal.SocketConnectivitySubchannelTransport.TryConnectAsync(ConnectContext context, Int32 attempt)
   --- End of inner exception stack trace ---
   at Grpc.Core.AsyncStreamReaderExtensions.ReadAllAsyncCore[T](IAsyncStreamReader`1 streamReader, CancellationToken cancellationToken)+MoveNext()
   at Grpc.Core.AsyncStreamReaderExtensions.ReadAllAsyncCore[T](IAsyncStreamReader`1 streamReader, CancellationToken cancellationToken)+System.Threading.Tasks.Sources.IValueTaskSource<System.Boolean>.GetResult()
   at ShelfsService.src.ShelfsService.Host.Features.Items.GetPhotoByName.ExecuteAsync(GetImageByName req, CancellationToken ct) in D:\visualStudio\Projects\OnlineShelf\backend\Microservices\ShelfsService\src\ShelfsService.Host\Features\Images\GetImageByName.cs:line 50
   at ShelfsService.src.ShelfsService.Host.Features.Items.GetPhotoByName.ExecuteAsync(GetImageByName req, CancellationToken ct) in D:\visualStudio\Projects\OnlineShelf\backend\Microservices\ShelfsService\src\ShelfsService.Host\Features\Images\GetImageByName.cs:line 50
   at FastEndpoints.Endpoint`2.ExecAsync(CancellationToken ct)
   at FastEndpoints.Endpoint`2.ExecAsync(CancellationToken ct)
   at Microsoft.AspNetCore.Http.RequestDelegateFactory.ExecuteResultWriteResponse(IResult result, HttpContext httpContext)
   at Microsoft.AspNetCore.Authorization.AuthorizationMiddleware.Invoke(HttpContext context)
   at Microsoft.AspNetCore.Authentication.AuthenticationMiddleware.Invoke(HttpContext context)
   at Swashbuckle.AspNetCore.SwaggerUI.SwaggerUIMiddleware.Invoke(HttpContext httpContext)
   at Swashbuckle.AspNetCore.Swagger.SwaggerMiddleware.Invoke(HttpContext httpContext, ISwaggerProvider swaggerProvider)
   at Serilog.AspNetCore.RequestLoggingMiddleware.Invoke(HttpContext httpContext)
2026-07-05 17:12:54.152 +03:00 [ERR] ShelfsService Microsoft.AspNetCore.Diagnostics.DeveloperExceptionPageMiddleware An unhandled exception has occurred while executing the request.
Grpc.Core.RpcException: Status(StatusCode="Unavailable", Detail="Error connecting to subchannel.", DebugException="System.Net.Sockets.SocketException: No such host is known.")
 ---> System.Net.Sockets.SocketException (11001): No such host is known.
   at System.Net.Sockets.Socket.AwaitableSocketAsyncEventArgs.ThrowException(SocketError error, CancellationToken cancellationToken)
   at System.Net.Sockets.Socket.AwaitableSocketAsyncEventArgs.System.Threading.Tasks.Sources.IValueTaskSource.GetResult(Int16 token)
   at System.Net.Sockets.Socket.<ConnectAsync>g__WaitForConnectWithCancellation|285_0(AwaitableSocketAsyncEventArgs saea, ValueTask connectTask, CancellationToken cancellationToken)
   at Grpc.Net.Client.Balancer.Internal.SocketConnectivitySubchannelTransport.TryConnectAsync(ConnectContext context, Int32 attempt)
   --- End of inner exception stack trace ---
   at Grpc.Core.AsyncStreamReaderExtensions.ReadAllAsyncCore[T](IAsyncStreamReader`1 streamReader, CancellationToken cancellationToken)+MoveNext()
   at Grpc.Core.AsyncStreamReaderExtensions.ReadAllAsyncCore[T](IAsyncStreamReader`1 streamReader, CancellationToken cancellationToken)+System.Threading.Tasks.Sources.IValueTaskSource<System.Boolean>.GetResult()
   at ShelfsService.src.ShelfsService.Host.Features.Items.GetPhotoByName.ExecuteAsync(GetImageByName req, CancellationToken ct) in D:\visualStudio\Projects\OnlineShelf\backend\Microservices\ShelfsService\src\ShelfsService.Host\Features\Images\GetImageByName.cs:line 50
   at ShelfsService.src.ShelfsService.Host.Features.Items.GetPhotoByName.ExecuteAsync(GetImageByName req, CancellationToken ct) in D:\visualStudio\Projects\OnlineShelf\backend\Microservices\ShelfsService\src\ShelfsService.Host\Features\Images\GetImageByName.cs:line 50
   at FastEndpoints.Endpoint`2.ExecAsync(CancellationToken ct)
   at FastEndpoints.Endpoint`2.ExecAsync(CancellationToken ct)
   at Microsoft.AspNetCore.Http.RequestDelegateFactory.ExecuteResultWriteResponse(IResult result, HttpContext httpContext)
   at Microsoft.AspNetCore.Authorization.AuthorizationMiddleware.Invoke(HttpContext context)
   at Microsoft.AspNetCore.Authentication.AuthenticationMiddleware.Invoke(HttpContext context)
   at Swashbuckle.AspNetCore.SwaggerUI.SwaggerUIMiddleware.Invoke(HttpContext httpContext)
   at Swashbuckle.AspNetCore.Swagger.SwaggerMiddleware.Invoke(HttpContext httpContext, ISwaggerProvider swaggerProvider)
   at Serilog.AspNetCore.RequestLoggingMiddleware.Invoke(HttpContext httpContext)
   at Microsoft.AspNetCore.Diagnostics.DeveloperExceptionPageMiddlewareImpl.Invoke(HttpContext context)
2026-07-05 17:12:55.167 +03:00 [INF] ShelfsService Grpc.Net.Client.Internal.GrpcCall Call failed with gRPC error status. Status code: '"Unavailable"', Message: 'Error connecting to subchannel.'.
System.Net.Sockets.SocketException (11001): No such host is known.
   at System.Net.Sockets.Socket.AwaitableSocketAsyncEventArgs.ThrowException(SocketError error, CancellationToken cancellationToken)
   at System.Net.Sockets.Socket.AwaitableSocketAsyncEventArgs.System.Threading.Tasks.Sources.IValueTaskSource.GetResult(Int16 token)
   at System.Net.Sockets.Socket.<ConnectAsync>g__WaitForConnectWithCancellation|285_0(AwaitableSocketAsyncEventArgs saea, ValueTask connectTask, CancellationToken cancellationToken)
   at Grpc.Net.Client.Balancer.Internal.SocketConnectivitySubchannelTransport.TryConnectAsync(ConnectContext context, Int32 attempt)
2026-07-05 17:12:55.215 +03:00 [ERR] ShelfsService Serilog.AspNetCore.RequestLoggingMiddleware HTTP GET /shelfs/image/get-image/4b1f3cdf-fa97-4744-a677-47c0969b6af8_big.webp responded 500 in 51.0305 ms
Grpc.Core.RpcException: Status(StatusCode="Unavailable", Detail="Error connecting to subchannel.", DebugException="System.Net.Sockets.SocketException: No such host is known.")
 ---> System.Net.Sockets.SocketException (11001): No such host is known.
   at System.Net.Sockets.Socket.AwaitableSocketAsyncEventArgs.ThrowException(SocketError error, CancellationToken cancellationToken)
   at System.Net.Sockets.Socket.AwaitableSocketAsyncEventArgs.System.Threading.Tasks.Sources.IValueTaskSource.GetResult(Int16 token)
   at System.Net.Sockets.Socket.<ConnectAsync>g__WaitForConnectWithCancellation|285_0(AwaitableSocketAsyncEventArgs saea, ValueTask connectTask, CancellationToken cancellationToken)
   at Grpc.Net.Client.Balancer.Internal.SocketConnectivitySubchannelTransport.TryConnectAsync(ConnectContext context, Int32 attempt)
   --- End of inner exception stack trace ---
   at Grpc.Core.AsyncStreamReaderExtensions.ReadAllAsyncCore[T](IAsyncStreamReader`1 streamReader, CancellationToken cancellationToken)+MoveNext()
   at Grpc.Core.AsyncStreamReaderExtensions.ReadAllAsyncCore[T](IAsyncStreamReader`1 streamReader, CancellationToken cancellationToken)+System.Threading.Tasks.Sources.IValueTaskSource<System.Boolean>.GetResult()
   at ShelfsService.src.ShelfsService.Host.Features.Items.GetPhotoByName.ExecuteAsync(GetImageByName req, CancellationToken ct) in D:\visualStudio\Projects\OnlineShelf\backend\Microservices\ShelfsService\src\ShelfsService.Host\Features\Images\GetImageByName.cs:line 50
   at ShelfsService.src.ShelfsService.Host.Features.Items.GetPhotoByName.ExecuteAsync(GetImageByName req, CancellationToken ct) in D:\visualStudio\Projects\OnlineShelf\backend\Microservices\ShelfsService\src\ShelfsService.Host\Features\Images\GetImageByName.cs:line 50
   at FastEndpoints.Endpoint`2.ExecAsync(CancellationToken ct)
   at FastEndpoints.Endpoint`2.ExecAsync(CancellationToken ct)
   at Microsoft.AspNetCore.Http.RequestDelegateFactory.ExecuteResultWriteResponse(IResult result, HttpContext httpContext)
   at Microsoft.AspNetCore.Authorization.AuthorizationMiddleware.Invoke(HttpContext context)
   at Microsoft.AspNetCore.Authentication.AuthenticationMiddleware.Invoke(HttpContext context)
   at Swashbuckle.AspNetCore.SwaggerUI.SwaggerUIMiddleware.Invoke(HttpContext httpContext)
   at Swashbuckle.AspNetCore.Swagger.SwaggerMiddleware.Invoke(HttpContext httpContext, ISwaggerProvider swaggerProvider)
   at Serilog.AspNetCore.RequestLoggingMiddleware.Invoke(HttpContext httpContext)
2026-07-05 17:12:55.218 +03:00 [ERR] ShelfsService Microsoft.AspNetCore.Diagnostics.DeveloperExceptionPageMiddleware An unhandled exception has occurred while executing the request.
Grpc.Core.RpcException: Status(StatusCode="Unavailable", Detail="Error connecting to subchannel.", DebugException="System.Net.Sockets.SocketException: No such host is known.")
 ---> System.Net.Sockets.SocketException (11001): No such host is known.
   at System.Net.Sockets.Socket.AwaitableSocketAsyncEventArgs.ThrowException(SocketError error, CancellationToken cancellationToken)
   at System.Net.Sockets.Socket.AwaitableSocketAsyncEventArgs.System.Threading.Tasks.Sources.IValueTaskSource.GetResult(Int16 token)
   at System.Net.Sockets.Socket.<ConnectAsync>g__WaitForConnectWithCancellation|285_0(AwaitableSocketAsyncEventArgs saea, ValueTask connectTask, CancellationToken cancellationToken)
   at Grpc.Net.Client.Balancer.Internal.SocketConnectivitySubchannelTransport.TryConnectAsync(ConnectContext context, Int32 attempt)
   --- End of inner exception stack trace ---
   at Grpc.Core.AsyncStreamReaderExtensions.ReadAllAsyncCore[T](IAsyncStreamReader`1 streamReader, CancellationToken cancellationToken)+MoveNext()
   at Grpc.Core.AsyncStreamReaderExtensions.ReadAllAsyncCore[T](IAsyncStreamReader`1 streamReader, CancellationToken cancellationToken)+System.Threading.Tasks.Sources.IValueTaskSource<System.Boolean>.GetResult()
   at ShelfsService.src.ShelfsService.Host.Features.Items.GetPhotoByName.ExecuteAsync(GetImageByName req, CancellationToken ct) in D:\visualStudio\Projects\OnlineShelf\backend\Microservices\ShelfsService\src\ShelfsService.Host\Features\Images\GetImageByName.cs:line 50
   at ShelfsService.src.ShelfsService.Host.Features.Items.GetPhotoByName.ExecuteAsync(GetImageByName req, CancellationToken ct) in D:\visualStudio\Projects\OnlineShelf\backend\Microservices\ShelfsService\src\ShelfsService.Host\Features\Images\GetImageByName.cs:line 50
   at FastEndpoints.Endpoint`2.ExecAsync(CancellationToken ct)
   at FastEndpoints.Endpoint`2.ExecAsync(CancellationToken ct)
   at Microsoft.AspNetCore.Http.RequestDelegateFactory.ExecuteResultWriteResponse(IResult result, HttpContext httpContext)
   at Microsoft.AspNetCore.Authorization.AuthorizationMiddleware.Invoke(HttpContext context)
   at Microsoft.AspNetCore.Authentication.AuthenticationMiddleware.Invoke(HttpContext context)
   at Swashbuckle.AspNetCore.SwaggerUI.SwaggerUIMiddleware.Invoke(HttpContext httpContext)
   at Swashbuckle.AspNetCore.Swagger.SwaggerMiddleware.Invoke(HttpContext httpContext, ISwaggerProvider swaggerProvider)
   at Serilog.AspNetCore.RequestLoggingMiddleware.Invoke(HttpContext httpContext)
   at Microsoft.AspNetCore.Diagnostics.DeveloperExceptionPageMiddlewareImpl.Invoke(HttpContext context)
2026-07-05 17:13:03.327 +03:00 [INF] ShelfsService Serilog.AspNetCore.RequestLoggingMiddleware HTTP OPTIONS /shelfs/items/add-item responded 204 in 0.0626 ms
2026-07-05 17:13:03.359 +03:00 [INF] ShelfsService Serilog.AspNetCore.RequestLoggingMiddleware HTTP POST /shelfs/items/add-item responded 401 in 25.3704 ms
2026-07-05 17:13:10.709 +03:00 [INF] ShelfsService Serilog.AspNetCore.RequestLoggingMiddleware HTTP OPTIONS /shelfs/items/attributes responded 204 in 0.3600 ms
2026-07-05 17:13:10.736 +03:00 [INF] ShelfsService Serilog.AspNetCore.RequestLoggingMiddleware HTTP GET /shelfs/items/attributes responded 200 in 22.1135 ms
2026-07-05 17:13:15.388 +03:00 [INF] ShelfsService Serilog.AspNetCore.RequestLoggingMiddleware HTTP OPTIONS /shelfs/items/add-item responded 204 in 0.0627 ms
2026-07-05 17:13:15.415 +03:00 [INF] ShelfsService Microsoft.EntityFrameworkCore.Database.Command Executed DbCommand (5ms) [Parameters=[@__Name_0='?', @__UserId_1='?' (DbType = Guid)], CommandType='"Text"', CommandTimeout='30']
SELECT EXISTS (
    SELECT 1
    FROM shelf_service."Items" AS i
    WHERE i."Name" = @__Name_0 AND i."UserId" = @__UserId_1)
2026-07-05 17:13:15.445 +03:00 [INF] ShelfsService Microsoft.EntityFrameworkCore.Database.Command Executed DbCommand (2ms) [Parameters=[@__item_ShelfId_0='?' (DbType = Guid)], CommandType='"Text"', CommandTimeout='30']
SELECT EXISTS (
    SELECT 1
    FROM shelf_service."Shelfs" AS s
    WHERE s."Id" = @__item_ShelfId_0)
2026-07-05 17:13:15.622 +03:00 [INF] ShelfsService Microsoft.EntityFrameworkCore.Database.Command Executed DbCommand (12ms) [Parameters=[@p0='?' (DbType = Guid), @p1='?', @p2='?', @p3='?' (DbType = Int32), @p4='?' (DbType = Int32), @p5='?' (DbType = Int32), @p6='?' (DbType = Int32), @p7='?', @p8='?' (DbType = DateTime), @p9='?', @p10='?' (DbType = Guid), @p11='?', @p12='?' (DbType = DateTime), @p13='?' (DbType = Guid), @p14='?' (DbType = Boolean), @p15='?'], CommandType='"Text"', CommandTimeout='30']
INSERT INTO shelf_service."Items" ("Id", "AttributeColorMain", "AttributeColorSecond", "AttributeMatterial", "AttributePattern", "AttributeSeason", "AttributeType", "BigImage", "DateCreated", "Name", "ShelfId", "SmallImage", "UpdatedAt", "UserId", "isFavorite", "positionKey")
VALUES (@p0, @p1, @p2, @p3, @p4, @p5, @p6, @p7, @p8, @p9, @p10, @p11, @p12, @p13, @p14, @p15);
2026-07-05 17:13:15.650 +03:00 [INF] ShelfsService Serilog.AspNetCore.RequestLoggingMiddleware HTTP POST /shelfs/items/add-item responded 200 in 258.9303 ms
2026-07-05 17:13:19.464 +03:00 [INF] ShelfsService Serilog.AspNetCore.RequestLoggingMiddleware HTTP OPTIONS /shelfs/items/be4ad775-33c8-4b0a-bb04-9617c4e5936a responded 204 in 0.0709 ms
2026-07-05 17:13:19.474 +03:00 [INF] ShelfsService Microsoft.EntityFrameworkCore.Database.Command Executed DbCommand (3ms) [Parameters=[@__itemId_0='?' (DbType = Guid)], CommandType='"Text"', CommandTimeout='30']
SELECT i."Id", i."AttributeColorMain", i."AttributeColorSecond", i."AttributeMatterial", i."AttributePattern", i."AttributeSeason", i."AttributeType", i."BigImage", i."DateCreated", i."Name", i."ShelfId", i."SmallImage", i."UpdatedAt", i."UserId", i."isFavorite", i."positionKey"
FROM shelf_service."Items" AS i
WHERE i."Id" = @__itemId_0
LIMIT 1
2026-07-05 17:13:19.477 +03:00 [INF] ShelfsService ShelfsService.src.ShelfsService.Host.Features.Items.GetItemById Item "be4ad775-33c8-4b0a-bb04-9617c4e5936a" was returned
2026-07-05 17:13:19.478 +03:00 [INF] ShelfsService Serilog.AspNetCore.RequestLoggingMiddleware HTTP GET /shelfs/items/be4ad775-33c8-4b0a-bb04-9617c4e5936a responded 200 in 9.0838 ms
2026-07-05 17:13:22.820 +03:00 [INF] ShelfsService Serilog.AspNetCore.RequestLoggingMiddleware HTTP OPTIONS /shelfs/items responded 204 in 0.0711 ms
2026-07-05 17:13:22.829 +03:00 [INF] ShelfsService Microsoft.EntityFrameworkCore.Database.Command Executed DbCommand (3ms) [Parameters=[@__itemId_0='?' (DbType = Guid)], CommandType='"Text"', CommandTimeout='30']
SELECT i."Id", i."AttributeColorMain", i."AttributeColorSecond", i."AttributeMatterial", i."AttributePattern", i."AttributeSeason", i."AttributeType", i."BigImage", i."DateCreated", i."Name", i."ShelfId", i."SmallImage", i."UpdatedAt", i."UserId", i."isFavorite", i."positionKey"
FROM shelf_service."Items" AS i
WHERE i."Id" = @__itemId_0
LIMIT 1
2026-07-05 17:13:22.844 +03:00 [INF] ShelfsService Microsoft.EntityFrameworkCore.Database.Command Executed DbCommand (7ms) [Parameters=[@p15='?' (DbType = Guid), @p0='?', @p1='?', @p2='?' (DbType = Int32), @p3='?' (DbType = Int32), @p4='?' (DbType = Int32), @p5='?' (DbType = Int32), @p6='?', @p7='?' (DbType = DateTime), @p8='?', @p9='?' (DbType = Guid), @p10='?', @p11='?' (DbType = DateTime), @p12='?' (DbType = Guid), @p13='?' (DbType = Boolean), @p14='?'], CommandType='"Text"', CommandTimeout='30']
UPDATE shelf_service."Items" SET "AttributeColorMain" = @p0, "AttributeColorSecond" = @p1, "AttributeMatterial" = @p2, "AttributePattern" = @p3, "AttributeSeason" = @p4, "AttributeType" = @p5, "BigImage" = @p6, "DateCreated" = @p7, "Name" = @p8, "ShelfId" = @p9, "SmallImage" = @p10, "UpdatedAt" = @p11, "UserId" = @p12, "isFavorite" = @p13, "positionKey" = @p14
WHERE "Id" = @p15;
2026-07-05 17:13:22.846 +03:00 [INF] ShelfsService Serilog.AspNetCore.RequestLoggingMiddleware HTTP PUT /shelfs/items responded 200 in 22.6460 ms
2026-07-05 17:13:22.864 +03:00 [INF] ShelfsService Microsoft.EntityFrameworkCore.Database.Command Executed DbCommand (3ms) [Parameters=[@__itemId_0='?' (DbType = Guid)], CommandType='"Text"', CommandTimeout='30']
SELECT i."Id", i."AttributeColorMain", i."AttributeColorSecond", i."AttributeMatterial", i."AttributePattern", i."AttributeSeason", i."AttributeType", i."BigImage", i."DateCreated", i."Name", i."ShelfId", i."SmallImage", i."UpdatedAt", i."UserId", i."isFavorite", i."positionKey"
FROM shelf_service."Items" AS i
WHERE i."Id" = @__itemId_0
LIMIT 1
2026-07-05 17:13:22.865 +03:00 [INF] ShelfsService ShelfsService.src.ShelfsService.Host.Features.Items.GetItemById Item "be4ad775-33c8-4b0a-bb04-9617c4e5936a" was returned
2026-07-05 17:13:22.866 +03:00 [INF] ShelfsService Serilog.AspNetCore.RequestLoggingMiddleware HTTP GET /shelfs/items/be4ad775-33c8-4b0a-bb04-9617c4e5936a responded 200 in 6.6953 ms
2026-07-05 17:13:39.452 +03:00 [INF] ShelfsService Serilog.AspNetCore.RequestLoggingMiddleware HTTP OPTIONS /shelfs/items responded 204 in 0.0724 ms
2026-07-05 17:13:39.525 +03:00 [INF] ShelfsService Microsoft.EntityFrameworkCore.Database.Command Executed DbCommand (3ms) [Parameters=[@__itemId_0='?' (DbType = Guid)], CommandType='"Text"', CommandTimeout='30']
SELECT i."Id", i."AttributeColorMain", i."AttributeColorSecond", i."AttributeMatterial", i."AttributePattern", i."AttributeSeason", i."AttributeType", i."BigImage", i."DateCreated", i."Name", i."ShelfId", i."SmallImage", i."UpdatedAt", i."UserId", i."isFavorite", i."positionKey"
FROM shelf_service."Items" AS i
WHERE i."Id" = @__itemId_0
LIMIT 1
2026-07-05 17:13:39.538 +03:00 [INF] ShelfsService Grpc.Net.Client.Internal.GrpcCall Call failed with gRPC error status. Status code: '"Unavailable"', Message: 'Error connecting to subchannel.'.
System.Net.Sockets.SocketException (11001): No such host is known.
   at System.Net.Sockets.Socket.AwaitableSocketAsyncEventArgs.ThrowException(SocketError error, CancellationToken cancellationToken)
   at System.Net.Sockets.Socket.AwaitableSocketAsyncEventArgs.System.Threading.Tasks.Sources.IValueTaskSource.GetResult(Int16 token)
   at System.Net.Sockets.Socket.<ConnectAsync>g__WaitForConnectWithCancellation|285_0(AwaitableSocketAsyncEventArgs saea, ValueTask connectTask, CancellationToken cancellationToken)
   at Grpc.Net.Client.Balancer.Internal.SocketConnectivitySubchannelTransport.TryConnectAsync(ConnectContext context, Int32 attempt)
2026-07-05 17:13:39.565 +03:00 [ERR] ShelfsService Serilog.AspNetCore.RequestLoggingMiddleware HTTP PUT /shelfs/items responded 500 in 109.3224 ms
Grpc.Core.RpcException: Status(StatusCode="Unavailable", Detail="Error connecting to subchannel.", DebugException="System.Net.Sockets.SocketException: No such host is known.")
 ---> System.Net.Sockets.SocketException (11001): No such host is known.
   at System.Net.Sockets.Socket.AwaitableSocketAsyncEventArgs.ThrowException(SocketError error, CancellationToken cancellationToken)
   at System.Net.Sockets.Socket.AwaitableSocketAsyncEventArgs.System.Threading.Tasks.Sources.IValueTaskSource.GetResult(Int16 token)
   at System.Net.Sockets.Socket.<ConnectAsync>g__WaitForConnectWithCancellation|285_0(AwaitableSocketAsyncEventArgs saea, ValueTask connectTask, CancellationToken cancellationToken)
   at Grpc.Net.Client.Balancer.Internal.SocketConnectivitySubchannelTransport.TryConnectAsync(ConnectContext context, Int32 attempt)
   --- End of inner exception stack trace ---
   at Grpc.Net.Client.Balancer.Internal.ConnectionManager.PickAsync(PickContext context, Boolean waitForReady, CancellationToken cancellationToken)
   at Grpc.Net.Client.Balancer.Internal.BalancerHttpHandler.SendAsync(HttpRequestMessage request, CancellationToken cancellationToken)
   at System.Net.Http.HttpMessageInvoker.<SendAsync>g__SendAsyncWithTelemetry|6_0(HttpMessageHandler handler, HttpRequestMessage request, CancellationToken cancellationToken)
   at Grpc.Net.Client.Internal.GrpcCall`2.RunCall(HttpRequestMessage request, Nullable`1 timeout)
   at ShelfsService.src.ShelfsService.Host.Features.Items.UpdateItemCommandHandler.HandleAsync(UpdateItemCommand request, CancellationToken ct) in D:\visualStudio\Projects\OnlineShelf\backend\Microservices\ShelfsService\src\ShelfsService.Host\Features\Items\UpdateItem.cs:line 101
   at FastEndpoints.Endpoint`2.ExecAsync(CancellationToken ct)
   at FastEndpoints.Endpoint`2.ExecAsync(CancellationToken ct)
   at Microsoft.AspNetCore.Http.RequestDelegateFactory.ExecuteResultWriteResponse(IResult result, HttpContext httpContext)
   at Microsoft.AspNetCore.Authorization.AuthorizationMiddleware.Invoke(HttpContext context)
   at Microsoft.AspNetCore.Authentication.AuthenticationMiddleware.Invoke(HttpContext context)
   at Swashbuckle.AspNetCore.SwaggerUI.SwaggerUIMiddleware.Invoke(HttpContext httpContext)
   at Swashbuckle.AspNetCore.Swagger.SwaggerMiddleware.Invoke(HttpContext httpContext, ISwaggerProvider swaggerProvider)
   at Serilog.AspNetCore.RequestLoggingMiddleware.Invoke(HttpContext httpContext)
2026-07-05 17:13:39.568 +03:00 [ERR] ShelfsService Microsoft.AspNetCore.Diagnostics.DeveloperExceptionPageMiddleware An unhandled exception has occurred while executing the request.
Grpc.Core.RpcException: Status(StatusCode="Unavailable", Detail="Error connecting to subchannel.", DebugException="System.Net.Sockets.SocketException: No such host is known.")
 ---> System.Net.Sockets.SocketException (11001): No such host is known.
   at System.Net.Sockets.Socket.AwaitableSocketAsyncEventArgs.ThrowException(SocketError error, CancellationToken cancellationToken)
   at System.Net.Sockets.Socket.AwaitableSocketAsyncEventArgs.System.Threading.Tasks.Sources.IValueTaskSource.GetResult(Int16 token)
   at System.Net.Sockets.Socket.<ConnectAsync>g__WaitForConnectWithCancellation|285_0(AwaitableSocketAsyncEventArgs saea, ValueTask connectTask, CancellationToken cancellationToken)
   at Grpc.Net.Client.Balancer.Internal.SocketConnectivitySubchannelTransport.TryConnectAsync(ConnectContext context, Int32 attempt)
   --- End of inner exception stack trace ---
   at Grpc.Net.Client.Balancer.Internal.ConnectionManager.PickAsync(PickContext context, Boolean waitForReady, CancellationToken cancellationToken)
   at Grpc.Net.Client.Balancer.Internal.BalancerHttpHandler.SendAsync(HttpRequestMessage request, CancellationToken cancellationToken)
   at System.Net.Http.HttpMessageInvoker.<SendAsync>g__SendAsyncWithTelemetry|6_0(HttpMessageHandler handler, HttpRequestMessage request, CancellationToken cancellationToken)
   at Grpc.Net.Client.Internal.GrpcCall`2.RunCall(HttpRequestMessage request, Nullable`1 timeout)
   at ShelfsService.src.ShelfsService.Host.Features.Items.UpdateItemCommandHandler.HandleAsync(UpdateItemCommand request, CancellationToken ct) in D:\visualStudio\Projects\OnlineShelf\backend\Microservices\ShelfsService\src\ShelfsService.Host\Features\Items\UpdateItem.cs:line 101
   at FastEndpoints.Endpoint`2.ExecAsync(CancellationToken ct)
   at FastEndpoints.Endpoint`2.ExecAsync(CancellationToken ct)
   at Microsoft.AspNetCore.Http.RequestDelegateFactory.ExecuteResultWriteResponse(IResult result, HttpContext httpContext)
   at Microsoft.AspNetCore.Authorization.AuthorizationMiddleware.Invoke(HttpContext context)
   at Microsoft.AspNetCore.Authentication.AuthenticationMiddleware.Invoke(HttpContext context)
   at Swashbuckle.AspNetCore.SwaggerUI.SwaggerUIMiddleware.Invoke(HttpContext httpContext)
   at Swashbuckle.AspNetCore.Swagger.SwaggerMiddleware.Invoke(HttpContext httpContext, ISwaggerProvider swaggerProvider)
   at Serilog.AspNetCore.RequestLoggingMiddleware.Invoke(HttpContext httpContext)
   at Microsoft.AspNetCore.Diagnostics.DeveloperExceptionPageMiddlewareImpl.Invoke(HttpContext context)
2026-07-05 17:15:31.849 +03:00 [INF] ShelfsService Microsoft.EntityFrameworkCore.Database.Command Executed DbCommand (42ms) [Parameters=[], CommandType='"Text"', CommandTimeout='30']
CREATE SCHEMA IF NOT EXISTS shelf_service;
2026-07-05 17:15:31.930 +03:00 [INF] ShelfsService Microsoft.EntityFrameworkCore.Database.Command Executed DbCommand (6ms) [Parameters=[], CommandType='"Text"', CommandTimeout='30']
SELECT "MigrationId", "ProductVersion"
FROM shelf_service."__EFMigrationsHistory"
ORDER BY "MigrationId";
2026-07-05 17:15:32.253 +03:00 [INF] ShelfsService Microsoft.EntityFrameworkCore.Database.Command Executed DbCommand (7ms) [Parameters=[], CommandType='"Text"', CommandTimeout='30']
DO $EF$
BEGIN
    IF NOT EXISTS(SELECT 1 FROM pg_namespace WHERE nspname = 'shelf_service') THEN
        CREATE SCHEMA shelf_service;
    END IF;
END $EF$;
CREATE TABLE IF NOT EXISTS shelf_service."__EFMigrationsHistory" (
    "MigrationId" character varying(150) NOT NULL,
    "ProductVersion" character varying(32) NOT NULL,
    CONSTRAINT "PK___EFMigrationsHistory" PRIMARY KEY ("MigrationId")
);
2026-07-05 17:15:32.268 +03:00 [INF] ShelfsService Microsoft.EntityFrameworkCore.Migrations Acquiring an exclusive lock for migration application. See https://aka.ms/efcore-docs-migrations-lock for more information if this takes too long.
2026-07-05 17:15:32.271 +03:00 [INF] ShelfsService Microsoft.EntityFrameworkCore.Database.Command Executed DbCommand (2ms) [Parameters=[], CommandType='"Text"', CommandTimeout='30']
LOCK TABLE shelf_service."__EFMigrationsHistory" IN ACCESS EXCLUSIVE MODE
2026-07-05 17:15:32.273 +03:00 [INF] ShelfsService Microsoft.EntityFrameworkCore.Database.Command Executed DbCommand (2ms) [Parameters=[], CommandType='"Text"', CommandTimeout='30']
SELECT "MigrationId", "ProductVersion"
FROM shelf_service."__EFMigrationsHistory"
ORDER BY "MigrationId";
2026-07-05 17:15:32.278 +03:00 [INF] ShelfsService Microsoft.EntityFrameworkCore.Migrations No migrations were applied. The database is already up to date.
2026-07-05 17:15:32.842 +03:00 [INF] ShelfsService Microsoft.EntityFrameworkCore.Database.Command Executed DbCommand (18ms) [Parameters=[], CommandType='"Text"', CommandTimeout='30']
SELECT a."Id", a."AttributeKey", a."Name"
FROM shelf_service."Attributes" AS a
2026-07-05 17:15:32.939 +03:00 [INF] ShelfsService Microsoft.EntityFrameworkCore.Database.Command Executed DbCommand (3ms) [Parameters=[], CommandType='"Text"', CommandTimeout='30']
SELECT a."Id", a."AttributeId", a."AttributeKey", a."AttributeValue"
FROM shelf_service."AttributesValues" AS a
2026-07-05 17:15:32.991 +03:00 [INF] ShelfsService FastEndpoints.StartupTimer Registered 12 endpoints in 3 047 milliseconds.
2026-07-05 17:15:33.088 +03:00 [INF] ShelfsService Microsoft.EntityFrameworkCore.Database.Command Executed DbCommand (8ms) [Parameters=[], CommandType='"Text"', CommandTimeout='30']
CREATE SCHEMA IF NOT EXISTS shelf_service;
2026-07-05 17:15:33.103 +03:00 [INF] ShelfsService Microsoft.EntityFrameworkCore.Database.Command Executed DbCommand (3ms) [Parameters=[], CommandType='"Text"', CommandTimeout='30']
SELECT "MigrationId", "ProductVersion"
FROM shelf_service."__EFMigrationsHistory"
ORDER BY "MigrationId";
2026-07-05 17:15:33.188 +03:00 [INF] ShelfsService Microsoft.EntityFrameworkCore.Database.Command Executed DbCommand (3ms) [Parameters=[], CommandType='"Text"', CommandTimeout='30']
DO $EF$
BEGIN
    IF NOT EXISTS(SELECT 1 FROM pg_namespace WHERE nspname = 'shelf_service') THEN
        CREATE SCHEMA shelf_service;
    END IF;
END $EF$;
CREATE TABLE IF NOT EXISTS shelf_service."__EFMigrationsHistory" (
    "MigrationId" character varying(150) NOT NULL,
    "ProductVersion" character varying(32) NOT NULL,
    CONSTRAINT "PK___EFMigrationsHistory" PRIMARY KEY ("MigrationId")
);
2026-07-05 17:15:33.211 +03:00 [INF] ShelfsService Microsoft.EntityFrameworkCore.Database.Command Executed DbCommand (2ms) [Parameters=[], CommandType='"Text"', CommandTimeout='30']
LOCK TABLE shelf_service."__EFMigrationsHistory" IN ACCESS EXCLUSIVE MODE
2026-07-05 17:15:33.215 +03:00 [INF] ShelfsService Microsoft.EntityFrameworkCore.Database.Command Executed DbCommand (2ms) [Parameters=[], CommandType='"Text"', CommandTimeout='30']
SELECT "MigrationId", "ProductVersion"
FROM shelf_service."__EFMigrationsHistory"
ORDER BY "MigrationId";
2026-07-05 17:15:33.216 +03:00 [INF] ShelfsService Microsoft.EntityFrameworkCore.Migrations No migrations were applied. The database is already up to date.
2026-07-05 17:15:33.238 +03:00 [INF] ShelfsService Microsoft.EntityFrameworkCore.Database.Command Executed DbCommand (2ms) [Parameters=[], CommandType='"Text"', CommandTimeout='30']
SELECT "MigrationId", "ProductVersion"
FROM shelf_service."__EFMigrationsHistory"
ORDER BY "MigrationId";
2026-07-05 17:15:33.267 +03:00 [INF] ShelfsService Microsoft.EntityFrameworkCore.Database.Command Executed DbCommand (2ms) [Parameters=[], CommandType='"Text"', CommandTimeout='30']
DO $EF$
BEGIN
    IF NOT EXISTS(SELECT 1 FROM pg_namespace WHERE nspname = 'shelf_service') THEN
        CREATE SCHEMA shelf_service;
    END IF;
END $EF$;
CREATE TABLE IF NOT EXISTS shelf_service."__EFMigrationsHistory" (
    "MigrationId" character varying(150) NOT NULL,
    "ProductVersion" character varying(32) NOT NULL,
    CONSTRAINT "PK___EFMigrationsHistory" PRIMARY KEY ("MigrationId")
);
2026-07-05 17:15:33.270 +03:00 [INF] ShelfsService Microsoft.EntityFrameworkCore.Database.Command Executed DbCommand (2ms) [Parameters=[], CommandType='"Text"', CommandTimeout='30']
LOCK TABLE shelf_service."__EFMigrationsHistory" IN ACCESS EXCLUSIVE MODE
2026-07-05 17:15:33.273 +03:00 [INF] ShelfsService Microsoft.EntityFrameworkCore.Database.Command Executed DbCommand (2ms) [Parameters=[], CommandType='"Text"', CommandTimeout='30']
SELECT "MigrationId", "ProductVersion"
FROM shelf_service."__EFMigrationsHistory"
ORDER BY "MigrationId";
2026-07-05 17:15:33.273 +03:00 [INF] ShelfsService Microsoft.EntityFrameworkCore.Migrations No migrations were applied. The database is already up to date.
2026-07-05 17:15:33.367 +03:00 [INF] ShelfsService Microsoft.EntityFrameworkCore.Database.Command Executed DbCommand (3ms) [Parameters=[], CommandType='"Text"', CommandTimeout='30']
SELECT EXISTS (
    SELECT 1
    FROM shelf_service."Shelfs" AS s)
2026-07-05 17:15:33.383 +03:00 [INF] ShelfsService Microsoft.EntityFrameworkCore.Database.Command Executed DbCommand (2ms) [Parameters=[], CommandType='"Text"', CommandTimeout='30']
SELECT EXISTS (
    SELECT 1
    FROM shelf_service."Items" AS i)
2026-07-05 17:15:33.391 +03:00 [INF] ShelfsService Microsoft.EntityFrameworkCore.Database.Command Executed DbCommand (2ms) [Parameters=[], CommandType='"Text"', CommandTimeout='30']
SELECT EXISTS (
    SELECT 1
    FROM shelf_service."AttributesValues" AS a)
2026-07-05 17:15:33.400 +03:00 [INF] ShelfsService Microsoft.EntityFrameworkCore.Database.Command Executed DbCommand (2ms) [Parameters=[], CommandType='"Text"', CommandTimeout='30']
SELECT EXISTS (
    SELECT 1
    FROM shelf_service."Attributes" AS a)
2026-07-05 17:15:33.611 +03:00 [INF] ShelfsService Microsoft.Hosting.Lifetime Application started. Press Ctrl+C to shut down.
2026-07-05 17:15:33.612 +03:00 [INF] ShelfsService Microsoft.Hosting.Lifetime Hosting environment: Development
2026-07-05 17:15:33.613 +03:00 [INF] ShelfsService Microsoft.Hosting.Lifetime Content root path: D:\visualStudio\Projects\OnlineShelf\backend\Microservices\ShelfsService
2026-07-05 17:15:34.129 +03:00 [INF] ShelfsService Serilog.AspNetCore.RequestLoggingMiddleware HTTP GET /swagger/index.html responded 200 in 410.9053 ms
2026-07-05 17:15:34.771 +03:00 [INF] ShelfsService Serilog.AspNetCore.RequestLoggingMiddleware HTTP GET /swagger/index.html responded 200 in 4.0635 ms
2026-07-05 17:15:35.012 +03:00 [INF] ShelfsService Serilog.AspNetCore.RequestLoggingMiddleware HTTP GET /swagger/v1/swagger.json responded 200 in 257.3381 ms
2026-07-05 17:15:35.367 +03:00 [INF] ShelfsService Serilog.AspNetCore.RequestLoggingMiddleware HTTP GET /swagger/v1/swagger.json responded 200 in 16.9919 ms
2026-07-05 17:15:43.120 +03:00 [INF] ShelfsService Microsoft.Hosting.Lifetime Application is shutting down...
2026-07-05 17:16:00.148 +03:00 [INF] ShelfsService Microsoft.EntityFrameworkCore.Database.Command Executed DbCommand (77ms) [Parameters=[], CommandType='"Text"', CommandTimeout='30']
CREATE SCHEMA IF NOT EXISTS shelf_service;
2026-07-05 17:16:00.242 +03:00 [INF] ShelfsService Microsoft.EntityFrameworkCore.Database.Command Executed DbCommand (7ms) [Parameters=[], CommandType='"Text"', CommandTimeout='30']
SELECT "MigrationId", "ProductVersion"
FROM shelf_service."__EFMigrationsHistory"
ORDER BY "MigrationId";
2026-07-05 17:16:00.702 +03:00 [INF] ShelfsService Microsoft.EntityFrameworkCore.Database.Command Executed DbCommand (9ms) [Parameters=[], CommandType='"Text"', CommandTimeout='30']
DO $EF$
BEGIN
    IF NOT EXISTS(SELECT 1 FROM pg_namespace WHERE nspname = 'shelf_service') THEN
        CREATE SCHEMA shelf_service;
    END IF;
END $EF$;
CREATE TABLE IF NOT EXISTS shelf_service."__EFMigrationsHistory" (
    "MigrationId" character varying(150) NOT NULL,
    "ProductVersion" character varying(32) NOT NULL,
    CONSTRAINT "PK___EFMigrationsHistory" PRIMARY KEY ("MigrationId")
);
2026-07-05 17:16:00.718 +03:00 [INF] ShelfsService Microsoft.EntityFrameworkCore.Migrations Acquiring an exclusive lock for migration application. See https://aka.ms/efcore-docs-migrations-lock for more information if this takes too long.
2026-07-05 17:16:00.721 +03:00 [INF] ShelfsService Microsoft.EntityFrameworkCore.Database.Command Executed DbCommand (2ms) [Parameters=[], CommandType='"Text"', CommandTimeout='30']
LOCK TABLE shelf_service."__EFMigrationsHistory" IN ACCESS EXCLUSIVE MODE
2026-07-05 17:16:00.724 +03:00 [INF] ShelfsService Microsoft.EntityFrameworkCore.Database.Command Executed DbCommand (2ms) [Parameters=[], CommandType='"Text"', CommandTimeout='30']
SELECT "MigrationId", "ProductVersion"
FROM shelf_service."__EFMigrationsHistory"
ORDER BY "MigrationId";
2026-07-05 17:16:00.730 +03:00 [INF] ShelfsService Microsoft.EntityFrameworkCore.Migrations No migrations were applied. The database is already up to date.
2026-07-05 17:16:02.215 +03:00 [INF] ShelfsService Microsoft.EntityFrameworkCore.Database.Command Executed DbCommand (10ms) [Parameters=[], CommandType='"Text"', CommandTimeout='30']
SELECT a."Id", a."AttributeKey", a."Name"
FROM shelf_service."Attributes" AS a
2026-07-05 17:16:02.445 +03:00 [INF] ShelfsService Microsoft.EntityFrameworkCore.Database.Command Executed DbCommand (27ms) [Parameters=[], CommandType='"Text"', CommandTimeout='30']
SELECT a."Id", a."AttributeId", a."AttributeKey", a."AttributeValue"
FROM shelf_service."AttributesValues" AS a
2026-07-05 17:16:02.547 +03:00 [INF] ShelfsService FastEndpoints.StartupTimer Registered 12 endpoints in 5 762 milliseconds.
2026-07-05 17:16:02.681 +03:00 [INF] ShelfsService Microsoft.EntityFrameworkCore.Database.Command Executed DbCommand (15ms) [Parameters=[], CommandType='"Text"', CommandTimeout='30']
CREATE SCHEMA IF NOT EXISTS shelf_service;
2026-07-05 17:16:02.708 +03:00 [INF] ShelfsService Microsoft.EntityFrameworkCore.Database.Command Executed DbCommand (4ms) [Parameters=[], CommandType='"Text"', CommandTimeout='30']
SELECT "MigrationId", "ProductVersion"
FROM shelf_service."__EFMigrationsHistory"
ORDER BY "MigrationId";
2026-07-05 17:16:02.866 +03:00 [INF] ShelfsService Microsoft.EntityFrameworkCore.Database.Command Executed DbCommand (3ms) [Parameters=[], CommandType='"Text"', CommandTimeout='30']
DO $EF$
BEGIN
    IF NOT EXISTS(SELECT 1 FROM pg_namespace WHERE nspname = 'shelf_service') THEN
        CREATE SCHEMA shelf_service;
    END IF;
END $EF$;
CREATE TABLE IF NOT EXISTS shelf_service."__EFMigrationsHistory" (
    "MigrationId" character varying(150) NOT NULL,
    "ProductVersion" character varying(32) NOT NULL,
    CONSTRAINT "PK___EFMigrationsHistory" PRIMARY KEY ("MigrationId")
);
2026-07-05 17:16:02.910 +03:00 [INF] ShelfsService Microsoft.EntityFrameworkCore.Database.Command Executed DbCommand (3ms) [Parameters=[], CommandType='"Text"', CommandTimeout='30']
LOCK TABLE shelf_service."__EFMigrationsHistory" IN ACCESS EXCLUSIVE MODE
2026-07-05 17:16:02.922 +03:00 [INF] ShelfsService Microsoft.EntityFrameworkCore.Database.Command Executed DbCommand (3ms) [Parameters=[], CommandType='"Text"', CommandTimeout='30']
SELECT "MigrationId", "ProductVersion"
FROM shelf_service."__EFMigrationsHistory"
ORDER BY "MigrationId";
2026-07-05 17:16:02.924 +03:00 [INF] ShelfsService Microsoft.EntityFrameworkCore.Migrations No migrations were applied. The database is already up to date.
2026-07-05 17:16:02.959 +03:00 [INF] ShelfsService Microsoft.EntityFrameworkCore.Database.Command Executed DbCommand (3ms) [Parameters=[], CommandType='"Text"', CommandTimeout='30']
SELECT "MigrationId", "ProductVersion"
FROM shelf_service."__EFMigrationsHistory"
ORDER BY "MigrationId";
2026-07-05 17:16:02.999 +03:00 [INF] ShelfsService Microsoft.EntityFrameworkCore.Database.Command Executed DbCommand (3ms) [Parameters=[], CommandType='"Text"', CommandTimeout='30']
DO $EF$
BEGIN
    IF NOT EXISTS(SELECT 1 FROM pg_namespace WHERE nspname = 'shelf_service') THEN
        CREATE SCHEMA shelf_service;
    END IF;
END $EF$;
CREATE TABLE IF NOT EXISTS shelf_service."__EFMigrationsHistory" (
    "MigrationId" character varying(150) NOT NULL,
    "ProductVersion" character varying(32) NOT NULL,
    CONSTRAINT "PK___EFMigrationsHistory" PRIMARY KEY ("MigrationId")
);
2026-07-05 17:16:03.005 +03:00 [INF] ShelfsService Microsoft.EntityFrameworkCore.Database.Command Executed DbCommand (3ms) [Parameters=[], CommandType='"Text"', CommandTimeout='30']
LOCK TABLE shelf_service."__EFMigrationsHistory" IN ACCESS EXCLUSIVE MODE
2026-07-05 17:16:03.009 +03:00 [INF] ShelfsService Microsoft.EntityFrameworkCore.Database.Command Executed DbCommand (3ms) [Parameters=[], CommandType='"Text"', CommandTimeout='30']
SELECT "MigrationId", "ProductVersion"
FROM shelf_service."__EFMigrationsHistory"
ORDER BY "MigrationId";
2026-07-05 17:16:03.009 +03:00 [INF] ShelfsService Microsoft.EntityFrameworkCore.Migrations No migrations were applied. The database is already up to date.
2026-07-05 17:16:03.219 +03:00 [INF] ShelfsService Microsoft.EntityFrameworkCore.Database.Command Executed DbCommand (3ms) [Parameters=[], CommandType='"Text"', CommandTimeout='30']
SELECT EXISTS (
    SELECT 1
    FROM shelf_service."Shelfs" AS s)
2026-07-05 17:16:03.245 +03:00 [INF] ShelfsService Microsoft.EntityFrameworkCore.Database.Command Executed DbCommand (3ms) [Parameters=[], CommandType='"Text"', CommandTimeout='30']
SELECT EXISTS (
    SELECT 1
    FROM shelf_service."Items" AS i)
2026-07-05 17:16:03.258 +03:00 [INF] ShelfsService Microsoft.EntityFrameworkCore.Database.Command Executed DbCommand (4ms) [Parameters=[], CommandType='"Text"', CommandTimeout='30']
SELECT EXISTS (
    SELECT 1
    FROM shelf_service."AttributesValues" AS a)
2026-07-05 17:16:03.270 +03:00 [INF] ShelfsService Microsoft.EntityFrameworkCore.Database.Command Executed DbCommand (4ms) [Parameters=[], CommandType='"Text"', CommandTimeout='30']
SELECT EXISTS (
    SELECT 1
    FROM shelf_service."Attributes" AS a)
2026-07-05 17:16:03.654 +03:00 [INF] ShelfsService Microsoft.Hosting.Lifetime Application started. Press Ctrl+C to shut down.
2026-07-05 17:16:03.656 +03:00 [INF] ShelfsService Microsoft.Hosting.Lifetime Hosting environment: Development
2026-07-05 17:16:03.656 +03:00 [INF] ShelfsService Microsoft.Hosting.Lifetime Content root path: D:\visualStudio\Projects\OnlineShelf\backend\Microservices\ShelfsService
2026-07-05 17:16:03.911 +03:00 [INF] ShelfsService Serilog.AspNetCore.RequestLoggingMiddleware HTTP OPTIONS /shelfs/items responded 204 in 72.8739 ms
2026-07-05 17:16:03.911 +03:00 [INF] ShelfsService Serilog.AspNetCore.RequestLoggingMiddleware HTTP OPTIONS /shelfs/items/be4ad775-33c8-4b0a-bb04-9617c4e5936a responded 204 in 72.8819 ms
2026-07-05 17:16:04.713 +03:00 [INF] ShelfsService Serilog.AspNetCore.RequestLoggingMiddleware HTTP GET /swagger/index.html responded 200 in 882.2608 ms
2026-07-05 17:16:32.505 +03:00 [INF] ShelfsService Microsoft.EntityFrameworkCore.Database.Command Executed DbCommand (30ms) [Parameters=[@__itemId_0='?' (DbType = Guid)], CommandType='"Text"', CommandTimeout='30']
SELECT i."Id", i."AttributeColorMain", i."AttributeColorSecond", i."AttributeMatterial", i."AttributePattern", i."AttributeSeason", i."AttributeType", i."BigImage", i."DateCreated", i."Name", i."ShelfId", i."SmallImage", i."UpdatedAt", i."UserId", i."isFavorite", i."positionKey"
FROM shelf_service."Items" AS i
WHERE i."Id" = @__itemId_0
LIMIT 1
2026-07-05 17:16:32.505 +03:00 [INF] ShelfsService Microsoft.EntityFrameworkCore.Database.Command Executed DbCommand (30ms) [Parameters=[@__itemId_0='?' (DbType = Guid)], CommandType='"Text"', CommandTimeout='30']
SELECT i."Id", i."AttributeColorMain", i."AttributeColorSecond", i."AttributeMatterial", i."AttributePattern", i."AttributeSeason", i."AttributeType", i."BigImage", i."DateCreated", i."Name", i."ShelfId", i."SmallImage", i."UpdatedAt", i."UserId", i."isFavorite", i."positionKey"
FROM shelf_service."Items" AS i
WHERE i."Id" = @__itemId_0
LIMIT 1
2026-07-05 17:16:32.571 +03:00 [INF] ShelfsService ShelfsService.src.ShelfsService.Host.Features.Items.GetItemById Item "be4ad775-33c8-4b0a-bb04-9617c4e5936a" was returned
2026-07-05 17:17:16.691 +03:00 [INF] ShelfsService Serilog.AspNetCore.RequestLoggingMiddleware HTTP GET /swagger/v1/swagger.json responded 200 in 68351.0236 ms
2026-07-05 17:17:32.126 +03:00 [INF] ShelfsService Serilog.AspNetCore.RequestLoggingMiddleware HTTP GET /shelfs/items/be4ad775-33c8-4b0a-bb04-9617c4e5936a responded 200 in 88170.3642 ms
2026-07-05 17:17:34.972 +03:00 [INF] ShelfsService Grpc.Net.Client.Internal.GrpcCall Call failed with gRPC error status. Status code: '"Unavailable"', Message: 'Error connecting to subchannel.'.
System.Net.Sockets.SocketException (11001): No such host is known.
   at System.Net.Sockets.Socket.AwaitableSocketAsyncEventArgs.ThrowException(SocketError error, CancellationToken cancellationToken)
   at System.Net.Sockets.Socket.AwaitableSocketAsyncEventArgs.System.Threading.Tasks.Sources.IValueTaskSource.GetResult(Int16 token)
   at System.Net.Sockets.Socket.<ConnectAsync>g__WaitForConnectWithCancellation|285_0(AwaitableSocketAsyncEventArgs saea, ValueTask connectTask, CancellationToken cancellationToken)
   at Grpc.Net.Client.Balancer.Internal.SocketConnectivitySubchannelTransport.TryConnectAsync(ConnectContext context, Int32 attempt)
2026-07-05 17:17:35.036 +03:00 [ERR] ShelfsService Serilog.AspNetCore.RequestLoggingMiddleware HTTP PUT /shelfs/items responded 500 in 91082.7425 ms
Grpc.Core.RpcException: Status(StatusCode="Unavailable", Detail="Error connecting to subchannel.", DebugException="System.Net.Sockets.SocketException: No such host is known.")
 ---> System.Net.Sockets.SocketException (11001): No such host is known.
   at System.Net.Sockets.Socket.AwaitableSocketAsyncEventArgs.ThrowException(SocketError error, CancellationToken cancellationToken)
   at System.Net.Sockets.Socket.AwaitableSocketAsyncEventArgs.System.Threading.Tasks.Sources.IValueTaskSource.GetResult(Int16 token)
   at System.Net.Sockets.Socket.<ConnectAsync>g__WaitForConnectWithCancellation|285_0(AwaitableSocketAsyncEventArgs saea, ValueTask connectTask, CancellationToken cancellationToken)
   at Grpc.Net.Client.Balancer.Internal.SocketConnectivitySubchannelTransport.TryConnectAsync(ConnectContext context, Int32 attempt)
   --- End of inner exception stack trace ---
   at Grpc.Net.Client.Balancer.Internal.ConnectionManager.PickAsync(PickContext context, Boolean waitForReady, CancellationToken cancellationToken)
   at Grpc.Net.Client.Balancer.Internal.BalancerHttpHandler.SendAsync(HttpRequestMessage request, CancellationToken cancellationToken)
   at Grpc.Net.Client.Internal.GrpcCall`2.RunCall(HttpRequestMessage request, Nullable`1 timeout)
   at Grpc.Net.Client.Internal.GrpcCall`2.GetResponseHeadersCoreAsync()
   at ShelfsService.src.ShelfsService.Host.Features.Items.UpdateItemCommandHandler.HandleAsync(UpdateItemCommand request, CancellationToken ct) in D:\visualStudio\Projects\OnlineShelf\backend\Microservices\ShelfsService\src\ShelfsService.Host\Features\Items\UpdateItem.cs:line 101
   at FastEndpoints.Endpoint`2.ExecAsync(CancellationToken ct)
   at FastEndpoints.Endpoint`2.ExecAsync(CancellationToken ct)
   at Microsoft.AspNetCore.Http.RequestDelegateFactory.ExecuteResultWriteResponse(IResult result, HttpContext httpContext)
   at Microsoft.AspNetCore.Authorization.AuthorizationMiddleware.Invoke(HttpContext context)
   at Microsoft.AspNetCore.Authentication.AuthenticationMiddleware.Invoke(HttpContext context)
   at Swashbuckle.AspNetCore.SwaggerUI.SwaggerUIMiddleware.Invoke(HttpContext httpContext)
   at Swashbuckle.AspNetCore.Swagger.SwaggerMiddleware.Invoke(HttpContext httpContext, ISwaggerProvider swaggerProvider)
   at Serilog.AspNetCore.RequestLoggingMiddleware.Invoke(HttpContext httpContext)
2026-07-05 17:17:35.051 +03:00 [ERR] ShelfsService Microsoft.AspNetCore.Diagnostics.DeveloperExceptionPageMiddleware An unhandled exception has occurred while executing the request.
Grpc.Core.RpcException: Status(StatusCode="Unavailable", Detail="Error connecting to subchannel.", DebugException="System.Net.Sockets.SocketException: No such host is known.")
 ---> System.Net.Sockets.SocketException (11001): No such host is known.
   at System.Net.Sockets.Socket.AwaitableSocketAsyncEventArgs.ThrowException(SocketError error, CancellationToken cancellationToken)
   at System.Net.Sockets.Socket.AwaitableSocketAsyncEventArgs.System.Threading.Tasks.Sources.IValueTaskSource.GetResult(Int16 token)
   at System.Net.Sockets.Socket.<ConnectAsync>g__WaitForConnectWithCancellation|285_0(AwaitableSocketAsyncEventArgs saea, ValueTask connectTask, CancellationToken cancellationToken)
   at Grpc.Net.Client.Balancer.Internal.SocketConnectivitySubchannelTransport.TryConnectAsync(ConnectContext context, Int32 attempt)
   --- End of inner exception stack trace ---
   at Grpc.Net.Client.Balancer.Internal.ConnectionManager.PickAsync(PickContext context, Boolean waitForReady, CancellationToken cancellationToken)
   at Grpc.Net.Client.Balancer.Internal.BalancerHttpHandler.SendAsync(HttpRequestMessage request, CancellationToken cancellationToken)
   at Grpc.Net.Client.Internal.GrpcCall`2.RunCall(HttpRequestMessage request, Nullable`1 timeout)
   at Grpc.Net.Client.Internal.GrpcCall`2.GetResponseHeadersCoreAsync()
   at ShelfsService.src.ShelfsService.Host.Features.Items.UpdateItemCommandHandler.HandleAsync(UpdateItemCommand request, CancellationToken ct) in D:\visualStudio\Projects\OnlineShelf\backend\Microservices\ShelfsService\src\ShelfsService.Host\Features\Items\UpdateItem.cs:line 101
   at FastEndpoints.Endpoint`2.ExecAsync(CancellationToken ct)
   at FastEndpoints.Endpoint`2.ExecAsync(CancellationToken ct)
   at Microsoft.AspNetCore.Http.RequestDelegateFactory.ExecuteResultWriteResponse(IResult result, HttpContext httpContext)
   at Microsoft.AspNetCore.Authorization.AuthorizationMiddleware.Invoke(HttpContext context)
   at Microsoft.AspNetCore.Authentication.AuthenticationMiddleware.Invoke(HttpContext context)
   at Swashbuckle.AspNetCore.SwaggerUI.SwaggerUIMiddleware.Invoke(HttpContext httpContext)
   at Swashbuckle.AspNetCore.Swagger.SwaggerMiddleware.Invoke(HttpContext httpContext, ISwaggerProvider swaggerProvider)
   at Serilog.AspNetCore.RequestLoggingMiddleware.Invoke(HttpContext httpContext)
   at Microsoft.AspNetCore.Diagnostics.DeveloperExceptionPageMiddlewareImpl.Invoke(HttpContext context)
2026-07-05 17:18:04.396 +03:00 [INF] ShelfsService Microsoft.EntityFrameworkCore.Database.Command Executed DbCommand (92ms) [Parameters=[], CommandType='"Text"', CommandTimeout='30']
CREATE SCHEMA IF NOT EXISTS shelf_service;
2026-07-05 17:18:04.556 +03:00 [INF] ShelfsService Microsoft.EntityFrameworkCore.Database.Command Executed DbCommand (11ms) [Parameters=[], CommandType='"Text"', CommandTimeout='30']
SELECT "MigrationId", "ProductVersion"
FROM shelf_service."__EFMigrationsHistory"
ORDER BY "MigrationId";
2026-07-05 17:18:05.206 +03:00 [INF] ShelfsService Microsoft.EntityFrameworkCore.Database.Command Executed DbCommand (13ms) [Parameters=[], CommandType='"Text"', CommandTimeout='30']
DO $EF$
BEGIN
    IF NOT EXISTS(SELECT 1 FROM pg_namespace WHERE nspname = 'shelf_service') THEN
        CREATE SCHEMA shelf_service;
    END IF;
END $EF$;
CREATE TABLE IF NOT EXISTS shelf_service."__EFMigrationsHistory" (
    "MigrationId" character varying(150) NOT NULL,
    "ProductVersion" character varying(32) NOT NULL,
    CONSTRAINT "PK___EFMigrationsHistory" PRIMARY KEY ("MigrationId")
);
2026-07-05 17:18:05.237 +03:00 [INF] ShelfsService Microsoft.EntityFrameworkCore.Migrations Acquiring an exclusive lock for migration application. See https://aka.ms/efcore-docs-migrations-lock for more information if this takes too long.
2026-07-05 17:18:05.240 +03:00 [INF] ShelfsService Microsoft.EntityFrameworkCore.Database.Command Executed DbCommand (2ms) [Parameters=[], CommandType='"Text"', CommandTimeout='30']
LOCK TABLE shelf_service."__EFMigrationsHistory" IN ACCESS EXCLUSIVE MODE
2026-07-05 17:18:05.243 +03:00 [INF] ShelfsService Microsoft.EntityFrameworkCore.Database.Command Executed DbCommand (2ms) [Parameters=[], CommandType='"Text"', CommandTimeout='30']
SELECT "MigrationId", "ProductVersion"
FROM shelf_service."__EFMigrationsHistory"
ORDER BY "MigrationId";
2026-07-05 17:18:05.252 +03:00 [INF] ShelfsService Microsoft.EntityFrameworkCore.Migrations No migrations were applied. The database is already up to date.
2026-07-05 17:18:06.586 +03:00 [INF] ShelfsService Microsoft.EntityFrameworkCore.Database.Command Executed DbCommand (36ms) [Parameters=[], CommandType='"Text"', CommandTimeout='30']
SELECT a."Id", a."AttributeKey", a."Name"
FROM shelf_service."Attributes" AS a
2026-07-05 17:18:06.768 +03:00 [INF] ShelfsService Microsoft.EntityFrameworkCore.Database.Command Executed DbCommand (5ms) [Parameters=[], CommandType='"Text"', CommandTimeout='30']
SELECT a."Id", a."AttributeId", a."AttributeKey", a."AttributeValue"
FROM shelf_service."AttributesValues" AS a
2026-07-05 17:18:06.861 +03:00 [INF] ShelfsService FastEndpoints.StartupTimer Registered 12 endpoints in 6 796 milliseconds.
2026-07-05 17:18:06.981 +03:00 [INF] ShelfsService Microsoft.EntityFrameworkCore.Database.Command Executed DbCommand (12ms) [Parameters=[], CommandType='"Text"', CommandTimeout='30']
CREATE SCHEMA IF NOT EXISTS shelf_service;
2026-07-05 17:18:07.005 +03:00 [INF] ShelfsService Microsoft.EntityFrameworkCore.Database.Command Executed DbCommand (3ms) [Parameters=[], CommandType='"Text"', CommandTimeout='30']
SELECT "MigrationId", "ProductVersion"
FROM shelf_service."__EFMigrationsHistory"
ORDER BY "MigrationId";
2026-07-05 17:18:07.137 +03:00 [INF] ShelfsService Microsoft.EntityFrameworkCore.Database.Command Executed DbCommand (3ms) [Parameters=[], CommandType='"Text"', CommandTimeout='30']
DO $EF$
BEGIN
    IF NOT EXISTS(SELECT 1 FROM pg_namespace WHERE nspname = 'shelf_service') THEN
        CREATE SCHEMA shelf_service;
    END IF;
END $EF$;
CREATE TABLE IF NOT EXISTS shelf_service."__EFMigrationsHistory" (
    "MigrationId" character varying(150) NOT NULL,
    "ProductVersion" character varying(32) NOT NULL,
    CONSTRAINT "PK___EFMigrationsHistory" PRIMARY KEY ("MigrationId")
);
2026-07-05 17:18:07.178 +03:00 [INF] ShelfsService Microsoft.EntityFrameworkCore.Database.Command Executed DbCommand (2ms) [Parameters=[], CommandType='"Text"', CommandTimeout='30']
LOCK TABLE shelf_service."__EFMigrationsHistory" IN ACCESS EXCLUSIVE MODE
2026-07-05 17:18:07.187 +03:00 [INF] ShelfsService Microsoft.EntityFrameworkCore.Database.Command Executed DbCommand (2ms) [Parameters=[], CommandType='"Text"', CommandTimeout='30']
SELECT "MigrationId", "ProductVersion"
FROM shelf_service."__EFMigrationsHistory"
ORDER BY "MigrationId";
2026-07-05 17:18:07.188 +03:00 [INF] ShelfsService Microsoft.EntityFrameworkCore.Migrations No migrations were applied. The database is already up to date.
2026-07-05 17:18:07.221 +03:00 [INF] ShelfsService Microsoft.EntityFrameworkCore.Database.Command Executed DbCommand (3ms) [Parameters=[], CommandType='"Text"', CommandTimeout='30']
SELECT "MigrationId", "ProductVersion"
FROM shelf_service."__EFMigrationsHistory"
ORDER BY "MigrationId";
2026-07-05 17:18:07.255 +03:00 [INF] ShelfsService Microsoft.EntityFrameworkCore.Database.Command Executed DbCommand (3ms) [Parameters=[], CommandType='"Text"', CommandTimeout='30']
DO $EF$
BEGIN
    IF NOT EXISTS(SELECT 1 FROM pg_namespace WHERE nspname = 'shelf_service') THEN
        CREATE SCHEMA shelf_service;
    END IF;
END $EF$;
CREATE TABLE IF NOT EXISTS shelf_service."__EFMigrationsHistory" (
    "MigrationId" character varying(150) NOT NULL,
    "ProductVersion" character varying(32) NOT NULL,
    CONSTRAINT "PK___EFMigrationsHistory" PRIMARY KEY ("MigrationId")
);
2026-07-05 17:18:07.262 +03:00 [INF] ShelfsService Microsoft.EntityFrameworkCore.Database.Command Executed DbCommand (3ms) [Parameters=[], CommandType='"Text"', CommandTimeout='30']
LOCK TABLE shelf_service."__EFMigrationsHistory" IN ACCESS EXCLUSIVE MODE
2026-07-05 17:18:07.265 +03:00 [INF] ShelfsService Microsoft.EntityFrameworkCore.Database.Command Executed DbCommand (3ms) [Parameters=[], CommandType='"Text"', CommandTimeout='30']
SELECT "MigrationId", "ProductVersion"
FROM shelf_service."__EFMigrationsHistory"
ORDER BY "MigrationId";
2026-07-05 17:18:07.266 +03:00 [INF] ShelfsService Microsoft.EntityFrameworkCore.Migrations No migrations were applied. The database is already up to date.
2026-07-05 17:18:07.478 +03:00 [INF] ShelfsService Microsoft.EntityFrameworkCore.Database.Command Executed DbCommand (3ms) [Parameters=[], CommandType='"Text"', CommandTimeout='30']
SELECT EXISTS (
    SELECT 1
    FROM shelf_service."Shelfs" AS s)
2026-07-05 17:18:07.500 +03:00 [INF] ShelfsService Microsoft.EntityFrameworkCore.Database.Command Executed DbCommand (4ms) [Parameters=[], CommandType='"Text"', CommandTimeout='30']
SELECT EXISTS (
    SELECT 1
    FROM shelf_service."Items" AS i)
2026-07-05 17:18:07.511 +03:00 [INF] ShelfsService Microsoft.EntityFrameworkCore.Database.Command Executed DbCommand (3ms) [Parameters=[], CommandType='"Text"', CommandTimeout='30']
SELECT EXISTS (
    SELECT 1
    FROM shelf_service."AttributesValues" AS a)
2026-07-05 17:18:07.521 +03:00 [INF] ShelfsService Microsoft.EntityFrameworkCore.Database.Command Executed DbCommand (4ms) [Parameters=[], CommandType='"Text"', CommandTimeout='30']
SELECT EXISTS (
    SELECT 1
    FROM shelf_service."Attributes" AS a)
2026-07-05 17:18:07.875 +03:00 [INF] ShelfsService Microsoft.Hosting.Lifetime Application started. Press Ctrl+C to shut down.
2026-07-05 17:18:07.877 +03:00 [INF] ShelfsService Microsoft.Hosting.Lifetime Hosting environment: Development
2026-07-05 17:18:07.877 +03:00 [INF] ShelfsService Microsoft.Hosting.Lifetime Content root path: D:\visualStudio\Projects\OnlineShelf\backend\Microservices\ShelfsService
2026-07-05 17:18:08.081 +03:00 [INF] ShelfsService Serilog.AspNetCore.RequestLoggingMiddleware HTTP OPTIONS /shelfs/items/be4ad775-33c8-4b0a-bb04-9617c4e5936a responded 204 in 64.7080 ms
2026-07-05 17:18:08.081 +03:00 [INF] ShelfsService Serilog.AspNetCore.RequestLoggingMiddleware HTTP OPTIONS /shelfs/items/attributes responded 204 in 64.7998 ms
2026-07-05 17:18:08.682 +03:00 [INF] ShelfsService Serilog.AspNetCore.RequestLoggingMiddleware HTTP GET /swagger/index.html responded 200 in 677.8112 ms
2026-07-05 17:18:08.830 +03:00 [INF] ShelfsService Serilog.AspNetCore.RequestLoggingMiddleware HTTP GET /shelfs/items/attributes responded 200 in 724.3575 ms
2026-07-05 17:18:08.994 +03:00 [INF] ShelfsService Microsoft.EntityFrameworkCore.Database.Command Executed DbCommand (42ms) [Parameters=[@__itemId_0='?' (DbType = Guid)], CommandType='"Text"', CommandTimeout='30']
SELECT i."Id", i."AttributeColorMain", i."AttributeColorSecond", i."AttributeMatterial", i."AttributePattern", i."AttributeSeason", i."AttributeType", i."BigImage", i."DateCreated", i."Name", i."ShelfId", i."SmallImage", i."UpdatedAt", i."UserId", i."isFavorite", i."positionKey"
FROM shelf_service."Items" AS i
WHERE i."Id" = @__itemId_0
LIMIT 1
2026-07-05 17:18:09.119 +03:00 [INF] ShelfsService ShelfsService.src.ShelfsService.Host.Features.Items.GetItemById Item "be4ad775-33c8-4b0a-bb04-9617c4e5936a" was returned
2026-07-05 17:18:09.245 +03:00 [INF] ShelfsService Serilog.AspNetCore.RequestLoggingMiddleware HTTP GET /shelfs/items/be4ad775-33c8-4b0a-bb04-9617c4e5936a responded 200 in 1137.0611 ms
2026-07-05 17:18:09.309 +03:00 [INF] ShelfsService Serilog.AspNetCore.RequestLoggingMiddleware HTTP GET /swagger/v1/swagger.json responded 200 in 294.7553 ms
2026-07-05 17:18:21.405 +03:00 [INF] ShelfsService Serilog.AspNetCore.RequestLoggingMiddleware HTTP OPTIONS /shelfs/items responded 204 in 0.1607 ms
2026-07-05 17:18:30.241 +03:00 [INF] ShelfsService Microsoft.EntityFrameworkCore.Database.Command Executed DbCommand (4ms) [Parameters=[@__itemId_0='?' (DbType = Guid)], CommandType='"Text"', CommandTimeout='30']
SELECT i."Id", i."AttributeColorMain", i."AttributeColorSecond", i."AttributeMatterial", i."AttributePattern", i."AttributeSeason", i."AttributeType", i."BigImage", i."DateCreated", i."Name", i."ShelfId", i."SmallImage", i."UpdatedAt", i."UserId", i."isFavorite", i."positionKey"
FROM shelf_service."Items" AS i
WHERE i."Id" = @__itemId_0
LIMIT 1
2026-07-05 17:19:01.689 +03:00 [INF] ShelfsService Microsoft.EntityFrameworkCore.Database.Command Executed DbCommand (14ms) [Parameters=[@p15='?' (DbType = Guid), @p0='?', @p1='?', @p2='?' (DbType = Int32), @p3='?' (DbType = Int32), @p4='?' (DbType = Int32), @p5='?' (DbType = Int32), @p6='?', @p7='?' (DbType = DateTime), @p8='?', @p9='?' (DbType = Guid), @p10='?', @p11='?' (DbType = DateTime), @p12='?' (DbType = Guid), @p13='?' (DbType = Boolean), @p14='?'], CommandType='"Text"', CommandTimeout='30']
UPDATE shelf_service."Items" SET "AttributeColorMain" = @p0, "AttributeColorSecond" = @p1, "AttributeMatterial" = @p2, "AttributePattern" = @p3, "AttributeSeason" = @p4, "AttributeType" = @p5, "BigImage" = @p6, "DateCreated" = @p7, "Name" = @p8, "ShelfId" = @p9, "SmallImage" = @p10, "UpdatedAt" = @p11, "UserId" = @p12, "isFavorite" = @p13, "positionKey" = @p14
WHERE "Id" = @p15;
2026-07-05 17:19:01.712 +03:00 [INF] ShelfsService Serilog.AspNetCore.RequestLoggingMiddleware HTTP PUT /shelfs/items responded 200 in 40299.5977 ms
2026-07-05 17:19:01.723 +03:00 [INF] ShelfsService Serilog.AspNetCore.RequestLoggingMiddleware HTTP OPTIONS /shelfs/items/be4ad775-33c8-4b0a-bb04-9617c4e5936a responded 204 in 0.1146 ms
2026-07-05 17:19:01.756 +03:00 [INF] ShelfsService Microsoft.EntityFrameworkCore.Database.Command Executed DbCommand (4ms) [Parameters=[@__itemId_0='?' (DbType = Guid)], CommandType='"Text"', CommandTimeout='30']
SELECT i."Id", i."AttributeColorMain", i."AttributeColorSecond", i."AttributeMatterial", i."AttributePattern", i."AttributeSeason", i."AttributeType", i."BigImage", i."DateCreated", i."Name", i."ShelfId", i."SmallImage", i."UpdatedAt", i."UserId", i."isFavorite", i."positionKey"
FROM shelf_service."Items" AS i
WHERE i."Id" = @__itemId_0
LIMIT 1
2026-07-05 17:19:01.759 +03:00 [INF] ShelfsService ShelfsService.src.ShelfsService.Host.Features.Items.GetItemById Item "be4ad775-33c8-4b0a-bb04-9617c4e5936a" was returned
2026-07-05 17:19:01.763 +03:00 [INF] ShelfsService Serilog.AspNetCore.RequestLoggingMiddleware HTTP GET /shelfs/items/be4ad775-33c8-4b0a-bb04-9617c4e5936a responded 200 in 16.1428 ms
2026-07-05 17:19:11.390 +03:00 [INF] ShelfsService Serilog.AspNetCore.RequestLoggingMiddleware HTTP OPTIONS /shelfs/items/bbbbbbbb-bbbb-bbbb-bbbb-bbbbbbbbbbbb responded 204 in 0.1003 ms
2026-07-05 17:19:11.406 +03:00 [INF] ShelfsService Microsoft.EntityFrameworkCore.Database.Command Executed DbCommand (4ms) [Parameters=[@__itemId_0='?' (DbType = Guid)], CommandType='"Text"', CommandTimeout='30']
SELECT i."Id", i."AttributeColorMain", i."AttributeColorSecond", i."AttributeMatterial", i."AttributePattern", i."AttributeSeason", i."AttributeType", i."BigImage", i."DateCreated", i."Name", i."ShelfId", i."SmallImage", i."UpdatedAt", i."UserId", i."isFavorite", i."positionKey"
FROM shelf_service."Items" AS i
WHERE i."Id" = @__itemId_0
LIMIT 1
2026-07-05 17:19:11.408 +03:00 [INF] ShelfsService ShelfsService.src.ShelfsService.Host.Features.Items.GetItemById Item "bbbbbbbb-bbbb-bbbb-bbbb-bbbbbbbbbbbb" was returned
2026-07-05 17:19:11.411 +03:00 [INF] ShelfsService Serilog.AspNetCore.RequestLoggingMiddleware HTTP GET /shelfs/items/bbbbbbbb-bbbb-bbbb-bbbb-bbbbbbbbbbbb responded 200 in 13.0440 ms
2026-07-05 17:19:16.569 +03:00 [INF] ShelfsService Serilog.AspNetCore.RequestLoggingMiddleware HTTP OPTIONS /shelfs/items/bc540d10-cc61-41a6-8d42-5afdac6a0b1b responded 204 in 0.1118 ms
2026-07-05 17:19:16.584 +03:00 [INF] ShelfsService Microsoft.EntityFrameworkCore.Database.Command Executed DbCommand (5ms) [Parameters=[@__itemId_0='?' (DbType = Guid)], CommandType='"Text"', CommandTimeout='30']
SELECT i."Id", i."AttributeColorMain", i."AttributeColorSecond", i."AttributeMatterial", i."AttributePattern", i."AttributeSeason", i."AttributeType", i."BigImage", i."DateCreated", i."Name", i."ShelfId", i."SmallImage", i."UpdatedAt", i."UserId", i."isFavorite", i."positionKey"
FROM shelf_service."Items" AS i
WHERE i."Id" = @__itemId_0
LIMIT 1
2026-07-05 17:19:16.584 +03:00 [INF] ShelfsService ShelfsService.src.ShelfsService.Host.Features.Items.GetItemById Item "bc540d10-cc61-41a6-8d42-5afdac6a0b1b" was returned
2026-07-05 17:19:16.585 +03:00 [INF] ShelfsService Serilog.AspNetCore.RequestLoggingMiddleware HTTP GET /shelfs/items/bc540d10-cc61-41a6-8d42-5afdac6a0b1b responded 200 in 8.7945 ms
2026-07-05 17:19:24.893 +03:00 [INF] ShelfsService Serilog.AspNetCore.RequestLoggingMiddleware HTTP OPTIONS /shelfs/items responded 204 in 0.1264 ms
2026-07-05 17:19:27.177 +03:00 [INF] ShelfsService Microsoft.EntityFrameworkCore.Database.Command Executed DbCommand (3ms) [Parameters=[@__itemId_0='?' (DbType = Guid)], CommandType='"Text"', CommandTimeout='30']
SELECT i."Id", i."AttributeColorMain", i."AttributeColorSecond", i."AttributeMatterial", i."AttributePattern", i."AttributeSeason", i."AttributeType", i."BigImage", i."DateCreated", i."Name", i."ShelfId", i."SmallImage", i."UpdatedAt", i."UserId", i."isFavorite", i."positionKey"
FROM shelf_service."Items" AS i
WHERE i."Id" = @__itemId_0
LIMIT 1
2026-07-05 17:20:15.903 +03:00 [INF] ShelfsService Grpc.Net.Client.Internal.GrpcCall Call failed with gRPC error status. Status code: '"Unavailable"', Message: 'Error connecting to subchannel.'.
System.Net.Sockets.SocketException (11001): No such host is known.
   at System.Net.Sockets.Socket.AwaitableSocketAsyncEventArgs.ThrowException(SocketError error, CancellationToken cancellationToken)
   at System.Net.Sockets.Socket.AwaitableSocketAsyncEventArgs.System.Threading.Tasks.Sources.IValueTaskSource.GetResult(Int16 token)
   at System.Net.Sockets.Socket.<ConnectAsync>g__WaitForConnectWithCancellation|285_0(AwaitableSocketAsyncEventArgs saea, ValueTask connectTask, CancellationToken cancellationToken)
   at Grpc.Net.Client.Balancer.Internal.SocketConnectivitySubchannelTransport.TryConnectAsync(ConnectContext context, Int32 attempt)
2026-07-05 17:20:15.965 +03:00 [ERR] ShelfsService Serilog.AspNetCore.RequestLoggingMiddleware HTTP PUT /shelfs/items responded 500 in 51064.0878 ms
Grpc.Core.RpcException: Status(StatusCode="Unavailable", Detail="Error connecting to subchannel.", DebugException="System.Net.Sockets.SocketException: No such host is known.")
 ---> System.Net.Sockets.SocketException (11001): No such host is known.
   at System.Net.Sockets.Socket.AwaitableSocketAsyncEventArgs.ThrowException(SocketError error, CancellationToken cancellationToken)
   at System.Net.Sockets.Socket.AwaitableSocketAsyncEventArgs.System.Threading.Tasks.Sources.IValueTaskSource.GetResult(Int16 token)
   at System.Net.Sockets.Socket.<ConnectAsync>g__WaitForConnectWithCancellation|285_0(AwaitableSocketAsyncEventArgs saea, ValueTask connectTask, CancellationToken cancellationToken)
   at Grpc.Net.Client.Balancer.Internal.SocketConnectivitySubchannelTransport.TryConnectAsync(ConnectContext context, Int32 attempt)
   --- End of inner exception stack trace ---
   at Grpc.Net.Client.Balancer.Internal.ConnectionManager.PickAsync(PickContext context, Boolean waitForReady, CancellationToken cancellationToken)
   at Grpc.Net.Client.Balancer.Internal.BalancerHttpHandler.SendAsync(HttpRequestMessage request, CancellationToken cancellationToken)
   at Grpc.Net.Client.Internal.GrpcCall`2.RunCall(HttpRequestMessage request, Nullable`1 timeout)
   at Grpc.Net.Client.Internal.GrpcCall`2.GetResponseHeadersCoreAsync()
   at ShelfsService.src.ShelfsService.Host.Features.Items.UpdateItemCommandHandler.HandleAsync(UpdateItemCommand request, CancellationToken ct) in D:\visualStudio\Projects\OnlineShelf\backend\Microservices\ShelfsService\src\ShelfsService.Host\Features\Items\UpdateItem.cs:line 101
   at FastEndpoints.Endpoint`2.ExecAsync(CancellationToken ct)
   at FastEndpoints.Endpoint`2.ExecAsync(CancellationToken ct)
   at Microsoft.AspNetCore.Http.RequestDelegateFactory.ExecuteResultWriteResponse(IResult result, HttpContext httpContext)
   at Microsoft.AspNetCore.Authorization.AuthorizationMiddleware.Invoke(HttpContext context)
   at Microsoft.AspNetCore.Authentication.AuthenticationMiddleware.Invoke(HttpContext context)
   at Swashbuckle.AspNetCore.SwaggerUI.SwaggerUIMiddleware.Invoke(HttpContext httpContext)
   at Swashbuckle.AspNetCore.Swagger.SwaggerMiddleware.Invoke(HttpContext httpContext, ISwaggerProvider swaggerProvider)
   at Serilog.AspNetCore.RequestLoggingMiddleware.Invoke(HttpContext httpContext)
2026-07-05 17:20:15.978 +03:00 [ERR] ShelfsService Microsoft.AspNetCore.Diagnostics.DeveloperExceptionPageMiddleware An unhandled exception has occurred while executing the request.
Grpc.Core.RpcException: Status(StatusCode="Unavailable", Detail="Error connecting to subchannel.", DebugException="System.Net.Sockets.SocketException: No such host is known.")
 ---> System.Net.Sockets.SocketException (11001): No such host is known.
   at System.Net.Sockets.Socket.AwaitableSocketAsyncEventArgs.ThrowException(SocketError error, CancellationToken cancellationToken)
   at System.Net.Sockets.Socket.AwaitableSocketAsyncEventArgs.System.Threading.Tasks.Sources.IValueTaskSource.GetResult(Int16 token)
   at System.Net.Sockets.Socket.<ConnectAsync>g__WaitForConnectWithCancellation|285_0(AwaitableSocketAsyncEventArgs saea, ValueTask connectTask, CancellationToken cancellationToken)
   at Grpc.Net.Client.Balancer.Internal.SocketConnectivitySubchannelTransport.TryConnectAsync(ConnectContext context, Int32 attempt)
   --- End of inner exception stack trace ---
   at Grpc.Net.Client.Balancer.Internal.ConnectionManager.PickAsync(PickContext context, Boolean waitForReady, CancellationToken cancellationToken)
   at Grpc.Net.Client.Balancer.Internal.BalancerHttpHandler.SendAsync(HttpRequestMessage request, CancellationToken cancellationToken)
   at Grpc.Net.Client.Internal.GrpcCall`2.RunCall(HttpRequestMessage request, Nullable`1 timeout)
   at Grpc.Net.Client.Internal.GrpcCall`2.GetResponseHeadersCoreAsync()
   at ShelfsService.src.ShelfsService.Host.Features.Items.UpdateItemCommandHandler.HandleAsync(UpdateItemCommand request, CancellationToken ct) in D:\visualStudio\Projects\OnlineShelf\backend\Microservices\ShelfsService\src\ShelfsService.Host\Features\Items\UpdateItem.cs:line 101
   at FastEndpoints.Endpoint`2.ExecAsync(CancellationToken ct)
   at FastEndpoints.Endpoint`2.ExecAsync(CancellationToken ct)
   at Microsoft.AspNetCore.Http.RequestDelegateFactory.ExecuteResultWriteResponse(IResult result, HttpContext httpContext)
   at Microsoft.AspNetCore.Authorization.AuthorizationMiddleware.Invoke(HttpContext context)
   at Microsoft.AspNetCore.Authentication.AuthenticationMiddleware.Invoke(HttpContext context)
   at Swashbuckle.AspNetCore.SwaggerUI.SwaggerUIMiddleware.Invoke(HttpContext httpContext)
   at Swashbuckle.AspNetCore.Swagger.SwaggerMiddleware.Invoke(HttpContext httpContext, ISwaggerProvider swaggerProvider)
   at Serilog.AspNetCore.RequestLoggingMiddleware.Invoke(HttpContext httpContext)
   at Microsoft.AspNetCore.Diagnostics.DeveloperExceptionPageMiddlewareImpl.Invoke(HttpContext context)
2026-07-05 17:20:20.276 +03:00 [INF] ShelfsService Serilog.AspNetCore.RequestLoggingMiddleware HTTP OPTIONS /shelfs/items/bc540d10-cc61-41a6-8d42-5afdac6a0b1b responded 204 in 0.3125 ms
2026-07-05 17:20:20.277 +03:00 [INF] ShelfsService Serilog.AspNetCore.RequestLoggingMiddleware HTTP OPTIONS /shelfs/image/get-image/4b1f3cdf-fa97-4744-a677-47c0969b6af8_big.webp responded 204 in 0.0904 ms
2026-07-05 17:20:20.293 +03:00 [INF] ShelfsService Microsoft.EntityFrameworkCore.Database.Command Executed DbCommand (7ms) [Parameters=[@__itemId_0='?' (DbType = Guid)], CommandType='"Text"', CommandTimeout='30']
SELECT i."Id", i."AttributeColorMain", i."AttributeColorSecond", i."AttributeMatterial", i."AttributePattern", i."AttributeSeason", i."AttributeType", i."BigImage", i."DateCreated", i."Name", i."ShelfId", i."SmallImage", i."UpdatedAt", i."UserId", i."isFavorite", i."positionKey"
FROM shelf_service."Items" AS i
WHERE i."Id" = @__itemId_0
LIMIT 1
2026-07-05 17:20:20.294 +03:00 [INF] ShelfsService ShelfsService.src.ShelfsService.Host.Features.Items.GetItemById Item "bc540d10-cc61-41a6-8d42-5afdac6a0b1b" was returned
2026-07-05 17:20:20.295 +03:00 [INF] ShelfsService Serilog.AspNetCore.RequestLoggingMiddleware HTTP GET /shelfs/items/bc540d10-cc61-41a6-8d42-5afdac6a0b1b responded 200 in 12.5411 ms
2026-07-05 17:20:20.305 +03:00 [INF] ShelfsService Grpc.Net.Client.Internal.GrpcCall Call failed with gRPC error status. Status code: '"Unavailable"', Message: 'Error connecting to subchannel.'.
System.Net.Sockets.SocketException (11001): No such host is known.
   at System.Net.Sockets.Socket.AwaitableSocketAsyncEventArgs.ThrowException(SocketError error, CancellationToken cancellationToken)
   at System.Net.Sockets.Socket.AwaitableSocketAsyncEventArgs.System.Threading.Tasks.Sources.IValueTaskSource.GetResult(Int16 token)
   at System.Net.Sockets.Socket.<ConnectAsync>g__WaitForConnectWithCancellation|285_0(AwaitableSocketAsyncEventArgs saea, ValueTask connectTask, CancellationToken cancellationToken)
   at Grpc.Net.Client.Balancer.Internal.SocketConnectivitySubchannelTransport.TryConnectAsync(ConnectContext context, Int32 attempt)
2026-07-05 17:20:20.376 +03:00 [ERR] ShelfsService Serilog.AspNetCore.RequestLoggingMiddleware HTTP GET /shelfs/image/get-image/4b1f3cdf-fa97-4744-a677-47c0969b6af8_big.webp responded 500 in 92.2794 ms
Grpc.Core.RpcException: Status(StatusCode="Unavailable", Detail="Error connecting to subchannel.", DebugException="System.Net.Sockets.SocketException: No such host is known.")
 ---> System.Net.Sockets.SocketException (11001): No such host is known.
   at System.Net.Sockets.Socket.AwaitableSocketAsyncEventArgs.ThrowException(SocketError error, CancellationToken cancellationToken)
   at System.Net.Sockets.Socket.AwaitableSocketAsyncEventArgs.System.Threading.Tasks.Sources.IValueTaskSource.GetResult(Int16 token)
   at System.Net.Sockets.Socket.<ConnectAsync>g__WaitForConnectWithCancellation|285_0(AwaitableSocketAsyncEventArgs saea, ValueTask connectTask, CancellationToken cancellationToken)
   at Grpc.Net.Client.Balancer.Internal.SocketConnectivitySubchannelTransport.TryConnectAsync(ConnectContext context, Int32 attempt)
   --- End of inner exception stack trace ---
   at Grpc.Core.AsyncStreamReaderExtensions.ReadAllAsyncCore[T](IAsyncStreamReader`1 streamReader, CancellationToken cancellationToken)+MoveNext()
   at Grpc.Core.AsyncStreamReaderExtensions.ReadAllAsyncCore[T](IAsyncStreamReader`1 streamReader, CancellationToken cancellationToken)+System.Threading.Tasks.Sources.IValueTaskSource<System.Boolean>.GetResult()
   at ShelfsService.src.ShelfsService.Host.Features.Items.GetPhotoByName.ExecuteAsync(GetImageByName req, CancellationToken ct) in D:\visualStudio\Projects\OnlineShelf\backend\Microservices\ShelfsService\src\ShelfsService.Host\Features\Images\GetImageByName.cs:line 50
   at ShelfsService.src.ShelfsService.Host.Features.Items.GetPhotoByName.ExecuteAsync(GetImageByName req, CancellationToken ct) in D:\visualStudio\Projects\OnlineShelf\backend\Microservices\ShelfsService\src\ShelfsService.Host\Features\Images\GetImageByName.cs:line 50
   at FastEndpoints.Endpoint`2.ExecAsync(CancellationToken ct)
   at FastEndpoints.Endpoint`2.ExecAsync(CancellationToken ct)
   at Microsoft.AspNetCore.Http.RequestDelegateFactory.ExecuteResultWriteResponse(IResult result, HttpContext httpContext)
   at Microsoft.AspNetCore.Authorization.AuthorizationMiddleware.Invoke(HttpContext context)
   at Microsoft.AspNetCore.Authentication.AuthenticationMiddleware.Invoke(HttpContext context)
   at Swashbuckle.AspNetCore.SwaggerUI.SwaggerUIMiddleware.Invoke(HttpContext httpContext)
   at Swashbuckle.AspNetCore.Swagger.SwaggerMiddleware.Invoke(HttpContext httpContext, ISwaggerProvider swaggerProvider)
   at Serilog.AspNetCore.RequestLoggingMiddleware.Invoke(HttpContext httpContext)
2026-07-05 17:20:20.379 +03:00 [ERR] ShelfsService Microsoft.AspNetCore.Diagnostics.DeveloperExceptionPageMiddleware An unhandled exception has occurred while executing the request.
Grpc.Core.RpcException: Status(StatusCode="Unavailable", Detail="Error connecting to subchannel.", DebugException="System.Net.Sockets.SocketException: No such host is known.")
 ---> System.Net.Sockets.SocketException (11001): No such host is known.
   at System.Net.Sockets.Socket.AwaitableSocketAsyncEventArgs.ThrowException(SocketError error, CancellationToken cancellationToken)
   at System.Net.Sockets.Socket.AwaitableSocketAsyncEventArgs.System.Threading.Tasks.Sources.IValueTaskSource.GetResult(Int16 token)
   at System.Net.Sockets.Socket.<ConnectAsync>g__WaitForConnectWithCancellation|285_0(AwaitableSocketAsyncEventArgs saea, ValueTask connectTask, CancellationToken cancellationToken)
   at Grpc.Net.Client.Balancer.Internal.SocketConnectivitySubchannelTransport.TryConnectAsync(ConnectContext context, Int32 attempt)
   --- End of inner exception stack trace ---
   at Grpc.Core.AsyncStreamReaderExtensions.ReadAllAsyncCore[T](IAsyncStreamReader`1 streamReader, CancellationToken cancellationToken)+MoveNext()
   at Grpc.Core.AsyncStreamReaderExtensions.ReadAllAsyncCore[T](IAsyncStreamReader`1 streamReader, CancellationToken cancellationToken)+System.Threading.Tasks.Sources.IValueTaskSource<System.Boolean>.GetResult()
   at ShelfsService.src.ShelfsService.Host.Features.Items.GetPhotoByName.ExecuteAsync(GetImageByName req, CancellationToken ct) in D:\visualStudio\Projects\OnlineShelf\backend\Microservices\ShelfsService\src\ShelfsService.Host\Features\Images\GetImageByName.cs:line 50
   at ShelfsService.src.ShelfsService.Host.Features.Items.GetPhotoByName.ExecuteAsync(GetImageByName req, CancellationToken ct) in D:\visualStudio\Projects\OnlineShelf\backend\Microservices\ShelfsService\src\ShelfsService.Host\Features\Images\GetImageByName.cs:line 50
   at FastEndpoints.Endpoint`2.ExecAsync(CancellationToken ct)
   at FastEndpoints.Endpoint`2.ExecAsync(CancellationToken ct)
   at Microsoft.AspNetCore.Http.RequestDelegateFactory.ExecuteResultWriteResponse(IResult result, HttpContext httpContext)
   at Microsoft.AspNetCore.Authorization.AuthorizationMiddleware.Invoke(HttpContext context)
   at Microsoft.AspNetCore.Authentication.AuthenticationMiddleware.Invoke(HttpContext context)
   at Swashbuckle.AspNetCore.SwaggerUI.SwaggerUIMiddleware.Invoke(HttpContext httpContext)
   at Swashbuckle.AspNetCore.Swagger.SwaggerMiddleware.Invoke(HttpContext httpContext, ISwaggerProvider swaggerProvider)
   at Serilog.AspNetCore.RequestLoggingMiddleware.Invoke(HttpContext httpContext)
   at Microsoft.AspNetCore.Diagnostics.DeveloperExceptionPageMiddlewareImpl.Invoke(HttpContext context)
2026-07-05 17:20:23.790 +03:00 [INF] ShelfsService Grpc.Net.Client.Internal.GrpcCall Call failed with gRPC error status. Status code: '"Unavailable"', Message: 'Error connecting to subchannel.'.
System.Net.Sockets.SocketException (11001): No such host is known.
   at System.Net.Sockets.Socket.AwaitableSocketAsyncEventArgs.ThrowException(SocketError error, CancellationToken cancellationToken)
   at System.Net.Sockets.Socket.AwaitableSocketAsyncEventArgs.System.Threading.Tasks.Sources.IValueTaskSource.GetResult(Int16 token)
   at System.Net.Sockets.Socket.<ConnectAsync>g__WaitForConnectWithCancellation|285_0(AwaitableSocketAsyncEventArgs saea, ValueTask connectTask, CancellationToken cancellationToken)
   at Grpc.Net.Client.Balancer.Internal.SocketConnectivitySubchannelTransport.TryConnectAsync(ConnectContext context, Int32 attempt)
2026-07-05 17:20:23.840 +03:00 [ERR] ShelfsService Serilog.AspNetCore.RequestLoggingMiddleware HTTP GET /shelfs/image/get-image/4b1f3cdf-fa97-4744-a677-47c0969b6af8_big.webp responded 500 in 2445.4719 ms
Grpc.Core.RpcException: Status(StatusCode="Unavailable", Detail="Error connecting to subchannel.", DebugException="System.Net.Sockets.SocketException: No such host is known.")
 ---> System.Net.Sockets.SocketException (11001): No such host is known.
   at System.Net.Sockets.Socket.AwaitableSocketAsyncEventArgs.ThrowException(SocketError error, CancellationToken cancellationToken)
   at System.Net.Sockets.Socket.AwaitableSocketAsyncEventArgs.System.Threading.Tasks.Sources.IValueTaskSource.GetResult(Int16 token)
   at System.Net.Sockets.Socket.<ConnectAsync>g__WaitForConnectWithCancellation|285_0(AwaitableSocketAsyncEventArgs saea, ValueTask connectTask, CancellationToken cancellationToken)
   at Grpc.Net.Client.Balancer.Internal.SocketConnectivitySubchannelTransport.TryConnectAsync(ConnectContext context, Int32 attempt)
   --- End of inner exception stack trace ---
   at Grpc.Net.Client.Internal.HttpContentClientStreamReader`2.MoveNextCore(CancellationToken cancellationToken)
   at Grpc.Core.AsyncStreamReaderExtensions.ReadAllAsyncCore[T](IAsyncStreamReader`1 streamReader, CancellationToken cancellationToken)+MoveNext()
   at Grpc.Core.AsyncStreamReaderExtensions.ReadAllAsyncCore[T](IAsyncStreamReader`1 streamReader, CancellationToken cancellationToken)+System.Threading.Tasks.Sources.IValueTaskSource<System.Boolean>.GetResult()
   at ShelfsService.src.ShelfsService.Host.Features.Items.GetPhotoByName.ExecuteAsync(GetImageByName req, CancellationToken ct) in D:\visualStudio\Projects\OnlineShelf\backend\Microservices\ShelfsService\src\ShelfsService.Host\Features\Images\GetImageByName.cs:line 50
   at ShelfsService.src.ShelfsService.Host.Features.Items.GetPhotoByName.ExecuteAsync(GetImageByName req, CancellationToken ct) in D:\visualStudio\Projects\OnlineShelf\backend\Microservices\ShelfsService\src\ShelfsService.Host\Features\Images\GetImageByName.cs:line 50
   at FastEndpoints.Endpoint`2.ExecAsync(CancellationToken ct)
   at FastEndpoints.Endpoint`2.ExecAsync(CancellationToken ct)
   at Microsoft.AspNetCore.Http.RequestDelegateFactory.ExecuteResultWriteResponse(IResult result, HttpContext httpContext)
   at Microsoft.AspNetCore.Authorization.AuthorizationMiddleware.Invoke(HttpContext context)
   at Microsoft.AspNetCore.Authentication.AuthenticationMiddleware.Invoke(HttpContext context)
   at Swashbuckle.AspNetCore.SwaggerUI.SwaggerUIMiddleware.Invoke(HttpContext httpContext)
   at Swashbuckle.AspNetCore.Swagger.SwaggerMiddleware.Invoke(HttpContext httpContext, ISwaggerProvider swaggerProvider)
   at Serilog.AspNetCore.RequestLoggingMiddleware.Invoke(HttpContext httpContext)
2026-07-05 17:20:23.844 +03:00 [ERR] ShelfsService Microsoft.AspNetCore.Diagnostics.DeveloperExceptionPageMiddleware An unhandled exception has occurred while executing the request.
Grpc.Core.RpcException: Status(StatusCode="Unavailable", Detail="Error connecting to subchannel.", DebugException="System.Net.Sockets.SocketException: No such host is known.")
 ---> System.Net.Sockets.SocketException (11001): No such host is known.
   at System.Net.Sockets.Socket.AwaitableSocketAsyncEventArgs.ThrowException(SocketError error, CancellationToken cancellationToken)
   at System.Net.Sockets.Socket.AwaitableSocketAsyncEventArgs.System.Threading.Tasks.Sources.IValueTaskSource.GetResult(Int16 token)
   at System.Net.Sockets.Socket.<ConnectAsync>g__WaitForConnectWithCancellation|285_0(AwaitableSocketAsyncEventArgs saea, ValueTask connectTask, CancellationToken cancellationToken)
   at Grpc.Net.Client.Balancer.Internal.SocketConnectivitySubchannelTransport.TryConnectAsync(ConnectContext context, Int32 attempt)
   --- End of inner exception stack trace ---
   at Grpc.Net.Client.Internal.HttpContentClientStreamReader`2.MoveNextCore(CancellationToken cancellationToken)
   at Grpc.Core.AsyncStreamReaderExtensions.ReadAllAsyncCore[T](IAsyncStreamReader`1 streamReader, CancellationToken cancellationToken)+MoveNext()
   at Grpc.Core.AsyncStreamReaderExtensions.ReadAllAsyncCore[T](IAsyncStreamReader`1 streamReader, CancellationToken cancellationToken)+System.Threading.Tasks.Sources.IValueTaskSource<System.Boolean>.GetResult()
   at ShelfsService.src.ShelfsService.Host.Features.Items.GetPhotoByName.ExecuteAsync(GetImageByName req, CancellationToken ct) in D:\visualStudio\Projects\OnlineShelf\backend\Microservices\ShelfsService\src\ShelfsService.Host\Features\Images\GetImageByName.cs:line 50
   at ShelfsService.src.ShelfsService.Host.Features.Items.GetPhotoByName.ExecuteAsync(GetImageByName req, CancellationToken ct) in D:\visualStudio\Projects\OnlineShelf\backend\Microservices\ShelfsService\src\ShelfsService.Host\Features\Images\GetImageByName.cs:line 50
   at FastEndpoints.Endpoint`2.ExecAsync(CancellationToken ct)
   at FastEndpoints.Endpoint`2.ExecAsync(CancellationToken ct)
   at Microsoft.AspNetCore.Http.RequestDelegateFactory.ExecuteResultWriteResponse(IResult result, HttpContext httpContext)
   at Microsoft.AspNetCore.Authorization.AuthorizationMiddleware.Invoke(HttpContext context)
   at Microsoft.AspNetCore.Authentication.AuthenticationMiddleware.Invoke(HttpContext context)
   at Swashbuckle.AspNetCore.SwaggerUI.SwaggerUIMiddleware.Invoke(HttpContext httpContext)
   at Swashbuckle.AspNetCore.Swagger.SwaggerMiddleware.Invoke(HttpContext httpContext, ISwaggerProvider swaggerProvider)
   at Serilog.AspNetCore.RequestLoggingMiddleware.Invoke(HttpContext httpContext)
   at Microsoft.AspNetCore.Diagnostics.DeveloperExceptionPageMiddlewareImpl.Invoke(HttpContext context)
2026-07-05 17:20:25.867 +03:00 [INF] ShelfsService Serilog.AspNetCore.RequestLoggingMiddleware HTTP OPTIONS /shelfs/image/get-image/4b1f3cdf-fa97-4744-a677-47c0969b6af8_big.webp responded 204 in 0.2188 ms
2026-07-05 17:20:25.873 +03:00 [INF] ShelfsService Grpc.Net.Client.Internal.GrpcCall Call failed with gRPC error status. Status code: '"Unavailable"', Message: 'Error connecting to subchannel.'.
System.Net.Sockets.SocketException (11001): No such host is known.
   at System.Net.Sockets.Socket.AwaitableSocketAsyncEventArgs.ThrowException(SocketError error, CancellationToken cancellationToken)
   at System.Net.Sockets.Socket.AwaitableSocketAsyncEventArgs.System.Threading.Tasks.Sources.IValueTaskSource.GetResult(Int16 token)
   at System.Net.Sockets.Socket.<ConnectAsync>g__WaitForConnectWithCancellation|285_0(AwaitableSocketAsyncEventArgs saea, ValueTask connectTask, CancellationToken cancellationToken)
   at Grpc.Net.Client.Balancer.Internal.SocketConnectivitySubchannelTransport.TryConnectAsync(ConnectContext context, Int32 attempt)
2026-07-05 17:20:25.922 +03:00 [ERR] ShelfsService Serilog.AspNetCore.RequestLoggingMiddleware HTTP GET /shelfs/image/get-image/4b1f3cdf-fa97-4744-a677-47c0969b6af8_big.webp responded 500 in 51.2259 ms
Grpc.Core.RpcException: Status(StatusCode="Unavailable", Detail="Error connecting to subchannel.", DebugException="System.Net.Sockets.SocketException: No such host is known.")
 ---> System.Net.Sockets.SocketException (11001): No such host is known.
   at System.Net.Sockets.Socket.AwaitableSocketAsyncEventArgs.ThrowException(SocketError error, CancellationToken cancellationToken)
   at System.Net.Sockets.Socket.AwaitableSocketAsyncEventArgs.System.Threading.Tasks.Sources.IValueTaskSource.GetResult(Int16 token)
   at System.Net.Sockets.Socket.<ConnectAsync>g__WaitForConnectWithCancellation|285_0(AwaitableSocketAsyncEventArgs saea, ValueTask connectTask, CancellationToken cancellationToken)
   at Grpc.Net.Client.Balancer.Internal.SocketConnectivitySubchannelTransport.TryConnectAsync(ConnectContext context, Int32 attempt)
   --- End of inner exception stack trace ---
   at Grpc.Core.AsyncStreamReaderExtensions.ReadAllAsyncCore[T](IAsyncStreamReader`1 streamReader, CancellationToken cancellationToken)+MoveNext()
   at Grpc.Core.AsyncStreamReaderExtensions.ReadAllAsyncCore[T](IAsyncStreamReader`1 streamReader, CancellationToken cancellationToken)+System.Threading.Tasks.Sources.IValueTaskSource<System.Boolean>.GetResult()
   at ShelfsService.src.ShelfsService.Host.Features.Items.GetPhotoByName.ExecuteAsync(GetImageByName req, CancellationToken ct) in D:\visualStudio\Projects\OnlineShelf\backend\Microservices\ShelfsService\src\ShelfsService.Host\Features\Images\GetImageByName.cs:line 50
   at ShelfsService.src.ShelfsService.Host.Features.Items.GetPhotoByName.ExecuteAsync(GetImageByName req, CancellationToken ct) in D:\visualStudio\Projects\OnlineShelf\backend\Microservices\ShelfsService\src\ShelfsService.Host\Features\Images\GetImageByName.cs:line 50
   at FastEndpoints.Endpoint`2.ExecAsync(CancellationToken ct)
   at FastEndpoints.Endpoint`2.ExecAsync(CancellationToken ct)
   at Microsoft.AspNetCore.Http.RequestDelegateFactory.ExecuteResultWriteResponse(IResult result, HttpContext httpContext)
   at Microsoft.AspNetCore.Authorization.AuthorizationMiddleware.Invoke(HttpContext context)
   at Microsoft.AspNetCore.Authentication.AuthenticationMiddleware.Invoke(HttpContext context)
   at Swashbuckle.AspNetCore.SwaggerUI.SwaggerUIMiddleware.Invoke(HttpContext httpContext)
   at Swashbuckle.AspNetCore.Swagger.SwaggerMiddleware.Invoke(HttpContext httpContext, ISwaggerProvider swaggerProvider)
   at Serilog.AspNetCore.RequestLoggingMiddleware.Invoke(HttpContext httpContext)
2026-07-05 17:20:25.926 +03:00 [ERR] ShelfsService Microsoft.AspNetCore.Diagnostics.DeveloperExceptionPageMiddleware An unhandled exception has occurred while executing the request.
Grpc.Core.RpcException: Status(StatusCode="Unavailable", Detail="Error connecting to subchannel.", DebugException="System.Net.Sockets.SocketException: No such host is known.")
 ---> System.Net.Sockets.SocketException (11001): No such host is known.
   at System.Net.Sockets.Socket.AwaitableSocketAsyncEventArgs.ThrowException(SocketError error, CancellationToken cancellationToken)
   at System.Net.Sockets.Socket.AwaitableSocketAsyncEventArgs.System.Threading.Tasks.Sources.IValueTaskSource.GetResult(Int16 token)
   at System.Net.Sockets.Socket.<ConnectAsync>g__WaitForConnectWithCancellation|285_0(AwaitableSocketAsyncEventArgs saea, ValueTask connectTask, CancellationToken cancellationToken)
   at Grpc.Net.Client.Balancer.Internal.SocketConnectivitySubchannelTransport.TryConnectAsync(ConnectContext context, Int32 attempt)
   --- End of inner exception stack trace ---
   at Grpc.Core.AsyncStreamReaderExtensions.ReadAllAsyncCore[T](IAsyncStreamReader`1 streamReader, CancellationToken cancellationToken)+MoveNext()
   at Grpc.Core.AsyncStreamReaderExtensions.ReadAllAsyncCore[T](IAsyncStreamReader`1 streamReader, CancellationToken cancellationToken)+System.Threading.Tasks.Sources.IValueTaskSource<System.Boolean>.GetResult()
   at ShelfsService.src.ShelfsService.Host.Features.Items.GetPhotoByName.ExecuteAsync(GetImageByName req, CancellationToken ct) in D:\visualStudio\Projects\OnlineShelf\backend\Microservices\ShelfsService\src\ShelfsService.Host\Features\Images\GetImageByName.cs:line 50
   at ShelfsService.src.ShelfsService.Host.Features.Items.GetPhotoByName.ExecuteAsync(GetImageByName req, CancellationToken ct) in D:\visualStudio\Projects\OnlineShelf\backend\Microservices\ShelfsService\src\ShelfsService.Host\Features\Images\GetImageByName.cs:line 50
   at FastEndpoints.Endpoint`2.ExecAsync(CancellationToken ct)
   at FastEndpoints.Endpoint`2.ExecAsync(CancellationToken ct)
   at Microsoft.AspNetCore.Http.RequestDelegateFactory.ExecuteResultWriteResponse(IResult result, HttpContext httpContext)
   at Microsoft.AspNetCore.Authorization.AuthorizationMiddleware.Invoke(HttpContext context)
   at Microsoft.AspNetCore.Authentication.AuthenticationMiddleware.Invoke(HttpContext context)
   at Swashbuckle.AspNetCore.SwaggerUI.SwaggerUIMiddleware.Invoke(HttpContext httpContext)
   at Swashbuckle.AspNetCore.Swagger.SwaggerMiddleware.Invoke(HttpContext httpContext, ISwaggerProvider swaggerProvider)
   at Serilog.AspNetCore.RequestLoggingMiddleware.Invoke(HttpContext httpContext)
   at Microsoft.AspNetCore.Diagnostics.DeveloperExceptionPageMiddlewareImpl.Invoke(HttpContext context)
2026-07-05 17:20:26.061 +03:00 [INF] ShelfsService Serilog.AspNetCore.RequestLoggingMiddleware HTTP OPTIONS /shelfs/items responded 204 in 0.1466 ms
2026-07-05 17:20:29.496 +03:00 [INF] ShelfsService Microsoft.EntityFrameworkCore.Database.Command Executed DbCommand (4ms) [Parameters=[@__itemId_0='?' (DbType = Guid)], CommandType='"Text"', CommandTimeout='30']
SELECT i."Id", i."AttributeColorMain", i."AttributeColorSecond", i."AttributeMatterial", i."AttributePattern", i."AttributeSeason", i."AttributeType", i."BigImage", i."DateCreated", i."Name", i."ShelfId", i."SmallImage", i."UpdatedAt", i."UserId", i."isFavorite", i."positionKey"
FROM shelf_service."Items" AS i
WHERE i."Id" = @__itemId_0
LIMIT 1
