2026-07-05 00:06:30.453 +03:00 [ERR] ShelfsService Serilog.AspNetCore.RequestLoggingMiddleware HTTP GET /shelfs/image/get-image/c611a8e2-5ab5-4670-a665-ea724c6de2a9_big.webp responded 500 in 3041.9525 ms
Grpc.Core.RpcException: Status(StatusCode="Unavailable", Detail="Error connecting to subchannel.", DebugException="System.Net.Sockets.SocketException: No such host is known.")
 ---> System.Net.Sockets.SocketException (11001): No such host is known.
   at System.Net.Sockets.Socket.AwaitableSocketAsyncEventArgs.ThrowException(SocketError error, CancellationToken cancellationToken)
   at System.Net.Sockets.Socket.AwaitableSocketAsyncEventArgs.System.Threading.Tasks.Sources.IValueTaskSource.GetResult(Int16 token)
   at System.Net.Sockets.Socket.<ConnectAsync>g__WaitForConnectWithCancellation|285_0(AwaitableSocketAsyncEventArgs saea, ValueTask connectTask, CancellationToken cancellationToken)
   at Grpc.Net.Client.Balancer.Internal.SocketConnectivitySubchannelTransport.TryConnectAsync(ConnectContext context, Int32 attempt)
   --- End of inner exception stack trace ---
   at Grpc.Net.Client.Internal.HttpContentClientStreamReader`2.MoveNextCore(CancellationToken cancellationToken)
   at Grpc.Core.AsyncStreamReaderExtensions.ReadAllAsyncCore[T](IAsyncStreamReader`1 streamReader, CancellationToken cancellationToken)+MoveNext()
   at Grpc.Core.AsyncStreamReaderExtensions.ReadAllAsyncCore[T](IAsyncStreamReader`1 streamReader, CancellationToken cancellationToken)+System.Threading.Tasks.Sources.IValueTaskSource<System.Boolean>.GetResult()
   at ShelfsService.src.ShelfsService.Host.Features.Items.GetPhotoByName.ExecuteAsync(GetImageByName req, CancellationToken ct) in D:\visualStudio\Projects\OnlineShelf\backend\Microservices\ShelfsService\src\ShelfsService.Host\Features\Images\GetImageByName.cs:line 50
   at ShelfsService.src.ShelfsService.Host.Features.Items.GetPhotoByName.ExecuteAsync(GetImageByName req, CancellationToken ct) in D:\visualStudio\Projects\OnlineShelf\backend\Microservices\ShelfsService\src\ShelfsService.Host\Features\Images\GetImageByName.cs:line 50
   at FastEndpoints.Endpoint`2.ExecAsync(CancellationToken ct)
   at FastEndpoints.Endpoint`2.ExecAsync(CancellationToken ct)
   at Microsoft.AspNetCore.Http.RequestDelegateFactory.ExecuteResultWriteResponse(IResult result, HttpContext httpContext)
   at Microsoft.AspNetCore.Authorization.AuthorizationMiddleware.Invoke(HttpContext context)
   at Microsoft.AspNetCore.Authentication.AuthenticationMiddleware.Invoke(HttpContext context)
   at Swashbuckle.AspNetCore.SwaggerUI.SwaggerUIMiddleware.Invoke(HttpContext httpContext)
   at Swashbuckle.AspNetCore.Swagger.SwaggerMiddleware.Invoke(HttpContext httpContext, ISwaggerProvider swaggerProvider)
   at Serilog.AspNetCore.RequestLoggingMiddleware.Invoke(HttpContext httpContext)
2026-07-05 00:06:30.467 +03:00 [ERR] ShelfsService Microsoft.AspNetCore.Diagnostics.DeveloperExceptionPageMiddleware An unhandled exception has occurred while executing the request.
Grpc.Core.RpcException: Status(StatusCode="Unavailable", Detail="Error connecting to subchannel.", DebugException="System.Net.Sockets.SocketException: No such host is known.")
 ---> System.Net.Sockets.SocketException (11001): No such host is known.
   at System.Net.Sockets.Socket.AwaitableSocketAsyncEventArgs.ThrowException(SocketError error, CancellationToken cancellationToken)
   at System.Net.Sockets.Socket.AwaitableSocketAsyncEventArgs.System.Threading.Tasks.Sources.IValueTaskSource.GetResult(Int16 token)
   at System.Net.Sockets.Socket.<ConnectAsync>g__WaitForConnectWithCancellation|285_0(AwaitableSocketAsyncEventArgs saea, ValueTask connectTask, CancellationToken cancellationToken)
   at Grpc.Net.Client.Balancer.Internal.SocketConnectivitySubchannelTransport.TryConnectAsync(ConnectContext context, Int32 attempt)
   --- End of inner exception stack trace ---
   at Grpc.Net.Client.Internal.HttpContentClientStreamReader`2.MoveNextCore(CancellationToken cancellationToken)
   at Grpc.Core.AsyncStreamReaderExtensions.ReadAllAsyncCore[T](IAsyncStreamReader`1 streamReader, CancellationToken cancellationToken)+MoveNext()
   at Grpc.Core.AsyncStreamReaderExtensions.ReadAllAsyncCore[T](IAsyncStreamReader`1 streamReader, CancellationToken cancellationToken)+System.Threading.Tasks.Sources.IValueTaskSource<System.Boolean>.GetResult()
   at ShelfsService.src.ShelfsService.Host.Features.Items.GetPhotoByName.ExecuteAsync(GetImageByName req, CancellationToken ct) in D:\visualStudio\Projects\OnlineShelf\backend\Microservices\ShelfsService\src\ShelfsService.Host\Features\Images\GetImageByName.cs:line 50
   at ShelfsService.src.ShelfsService.Host.Features.Items.GetPhotoByName.ExecuteAsync(GetImageByName req, CancellationToken ct) in D:\visualStudio\Projects\OnlineShelf\backend\Microservices\ShelfsService\src\ShelfsService.Host\Features\Images\GetImageByName.cs:line 50
   at FastEndpoints.Endpoint`2.ExecAsync(CancellationToken ct)
   at FastEndpoints.Endpoint`2.ExecAsync(CancellationToken ct)
   at Microsoft.AspNetCore.Http.RequestDelegateFactory.ExecuteResultWriteResponse(IResult result, HttpContext httpContext)
   at Microsoft.AspNetCore.Authorization.AuthorizationMiddleware.Invoke(HttpContext context)
   at Microsoft.AspNetCore.Authentication.AuthenticationMiddleware.Invoke(HttpContext context)
   at Swashbuckle.AspNetCore.SwaggerUI.SwaggerUIMiddleware.Invoke(HttpContext httpContext)
   at Swashbuckle.AspNetCore.Swagger.SwaggerMiddleware.Invoke(HttpContext httpContext, ISwaggerProvider swaggerProvider)
   at Serilog.AspNetCore.RequestLoggingMiddleware.Invoke(HttpContext httpContext)
   at Microsoft.AspNetCore.Diagnostics.DeveloperExceptionPageMiddlewareImpl.Invoke(HttpContext context)
2026-07-05 15:13:55.887 +03:00 [ERR] ShelfsService Serilog.AspNetCore.RequestLoggingMiddleware HTTP GET /shelfs/image/get-image/bad84b8b-b315-4c42-9516-0d979b10c1b6_big.webp responded 500 in 2962.7690 ms
Grpc.Core.RpcException: Status(StatusCode="Unavailable", Detail="Error connecting to subchannel.", DebugException="System.Net.Sockets.SocketException: No such host is known.")
 ---> System.Net.Sockets.SocketException (11001): No such host is known.
   at System.Net.Sockets.Socket.AwaitableSocketAsyncEventArgs.ThrowException(SocketError error, CancellationToken cancellationToken)
   at System.Net.Sockets.Socket.AwaitableSocketAsyncEventArgs.System.Threading.Tasks.Sources.IValueTaskSource.GetResult(Int16 token)
   at System.Net.Sockets.Socket.<ConnectAsync>g__WaitForConnectWithCancellation|285_0(AwaitableSocketAsyncEventArgs saea, ValueTask connectTask, CancellationToken cancellationToken)
   at Grpc.Net.Client.Balancer.Internal.SocketConnectivitySubchannelTransport.TryConnectAsync(ConnectContext context, Int32 attempt)
   --- End of inner exception stack trace ---
   at Grpc.Net.Client.Internal.HttpContentClientStreamReader`2.MoveNextCore(CancellationToken cancellationToken)
   at Grpc.Core.AsyncStreamReaderExtensions.ReadAllAsyncCore[T](IAsyncStreamReader`1 streamReader, CancellationToken cancellationToken)+MoveNext()
   at Grpc.Core.AsyncStreamReaderExtensions.ReadAllAsyncCore[T](IAsyncStreamReader`1 streamReader, CancellationToken cancellationToken)+System.Threading.Tasks.Sources.IValueTaskSource<System.Boolean>.GetResult()
   at ShelfsService.src.ShelfsService.Host.Features.Items.GetPhotoByName.ExecuteAsync(GetImageByName req, CancellationToken ct) in D:\visualStudio\Projects\OnlineShelf\backend\Microservices\ShelfsService\src\ShelfsService.Host\Features\Images\GetImageByName.cs:line 50
   at ShelfsService.src.ShelfsService.Host.Features.Items.GetPhotoByName.ExecuteAsync(GetImageByName req, CancellationToken ct) in D:\visualStudio\Projects\OnlineShelf\backend\Microservices\ShelfsService\src\ShelfsService.Host\Features\Images\GetImageByName.cs:line 50
   at FastEndpoints.Endpoint`2.ExecAsync(CancellationToken ct)
   at FastEndpoints.Endpoint`2.ExecAsync(CancellationToken ct)
   at Microsoft.AspNetCore.Http.RequestDelegateFactory.ExecuteResultWriteResponse(IResult result, HttpContext httpContext)
   at Microsoft.AspNetCore.Authorization.AuthorizationMiddleware.Invoke(HttpContext context)
   at Microsoft.AspNetCore.Authentication.AuthenticationMiddleware.Invoke(HttpContext context)
   at Swashbuckle.AspNetCore.SwaggerUI.SwaggerUIMiddleware.Invoke(HttpContext httpContext)
   at Swashbuckle.AspNetCore.Swagger.SwaggerMiddleware.Invoke(HttpContext httpContext, ISwaggerProvider swaggerProvider)
   at Serilog.AspNetCore.RequestLoggingMiddleware.Invoke(HttpContext httpContext)
2026-07-05 15:13:55.909 +03:00 [ERR] ShelfsService Microsoft.AspNetCore.Diagnostics.DeveloperExceptionPageMiddleware An unhandled exception has occurred while executing the request.
Grpc.Core.RpcException: Status(StatusCode="Unavailable", Detail="Error connecting to subchannel.", DebugException="System.Net.Sockets.SocketException: No such host is known.")
 ---> System.Net.Sockets.SocketException (11001): No such host is known.
   at System.Net.Sockets.Socket.AwaitableSocketAsyncEventArgs.ThrowException(SocketError error, CancellationToken cancellationToken)
   at System.Net.Sockets.Socket.AwaitableSocketAsyncEventArgs.System.Threading.Tasks.Sources.IValueTaskSource.GetResult(Int16 token)
   at System.Net.Sockets.Socket.<ConnectAsync>g__WaitForConnectWithCancellation|285_0(AwaitableSocketAsyncEventArgs saea, ValueTask connectTask, CancellationToken cancellationToken)
   at Grpc.Net.Client.Balancer.Internal.SocketConnectivitySubchannelTransport.TryConnectAsync(ConnectContext context, Int32 attempt)
   --- End of inner exception stack trace ---
   at Grpc.Net.Client.Internal.HttpContentClientStreamReader`2.MoveNextCore(CancellationToken cancellationToken)
   at Grpc.Core.AsyncStreamReaderExtensions.ReadAllAsyncCore[T](IAsyncStreamReader`1 streamReader, CancellationToken cancellationToken)+MoveNext()
   at Grpc.Core.AsyncStreamReaderExtensions.ReadAllAsyncCore[T](IAsyncStreamReader`1 streamReader, CancellationToken cancellationToken)+System.Threading.Tasks.Sources.IValueTaskSource<System.Boolean>.GetResult()
   at ShelfsService.src.ShelfsService.Host.Features.Items.GetPhotoByName.ExecuteAsync(GetImageByName req, CancellationToken ct) in D:\visualStudio\Projects\OnlineShelf\backend\Microservices\ShelfsService\src\ShelfsService.Host\Features\Images\GetImageByName.cs:line 50
   at ShelfsService.src.ShelfsService.Host.Features.Items.GetPhotoByName.ExecuteAsync(GetImageByName req, CancellationToken ct) in D:\visualStudio\Projects\OnlineShelf\backend\Microservices\ShelfsService\src\ShelfsService.Host\Features\Images\GetImageByName.cs:line 50
   at FastEndpoints.Endpoint`2.ExecAsync(CancellationToken ct)
   at FastEndpoints.Endpoint`2.ExecAsync(CancellationToken ct)
   at Microsoft.AspNetCore.Http.RequestDelegateFactory.ExecuteResultWriteResponse(IResult result, HttpContext httpContext)
   at Microsoft.AspNetCore.Authorization.AuthorizationMiddleware.Invoke(HttpContext context)
   at Microsoft.AspNetCore.Authentication.AuthenticationMiddleware.Invoke(HttpContext context)
   at Swashbuckle.AspNetCore.SwaggerUI.SwaggerUIMiddleware.Invoke(HttpContext httpContext)
   at Swashbuckle.AspNetCore.Swagger.SwaggerMiddleware.Invoke(HttpContext httpContext, ISwaggerProvider swaggerProvider)
   at Serilog.AspNetCore.RequestLoggingMiddleware.Invoke(HttpContext httpContext)
   at Microsoft.AspNetCore.Diagnostics.DeveloperExceptionPageMiddlewareImpl.Invoke(HttpContext context)
2026-07-05 15:13:59.567 +03:00 [ERR] ShelfsService Serilog.AspNetCore.RequestLoggingMiddleware HTTP GET /shelfs/image/get-image/bad84b8b-b315-4c42-9516-0d979b10c1b6_big.webp responded 500 in 2623.0979 ms
Grpc.Core.RpcException: Status(StatusCode="Unavailable", Detail="Error connecting to subchannel.", DebugException="System.Net.Sockets.SocketException: No such host is known.")
 ---> System.Net.Sockets.SocketException (11001): No such host is known.
   at System.Net.Sockets.Socket.AwaitableSocketAsyncEventArgs.ThrowException(SocketError error, CancellationToken cancellationToken)
   at System.Net.Sockets.Socket.AwaitableSocketAsyncEventArgs.System.Threading.Tasks.Sources.IValueTaskSource.GetResult(Int16 token)
   at System.Net.Sockets.Socket.<ConnectAsync>g__WaitForConnectWithCancellation|285_0(AwaitableSocketAsyncEventArgs saea, ValueTask connectTask, CancellationToken cancellationToken)
   at Grpc.Net.Client.Balancer.Internal.SocketConnectivitySubchannelTransport.TryConnectAsync(ConnectContext context, Int32 attempt)
   --- End of inner exception stack trace ---
   at Grpc.Net.Client.Internal.HttpContentClientStreamReader`2.MoveNextCore(CancellationToken cancellationToken)
   at Grpc.Core.AsyncStreamReaderExtensions.ReadAllAsyncCore[T](IAsyncStreamReader`1 streamReader, CancellationToken cancellationToken)+MoveNext()
   at Grpc.Core.AsyncStreamReaderExtensions.ReadAllAsyncCore[T](IAsyncStreamReader`1 streamReader, CancellationToken cancellationToken)+System.Threading.Tasks.Sources.IValueTaskSource<System.Boolean>.GetResult()
   at ShelfsService.src.ShelfsService.Host.Features.Items.GetPhotoByName.ExecuteAsync(GetImageByName req, CancellationToken ct) in D:\visualStudio\Projects\OnlineShelf\backend\Microservices\ShelfsService\src\ShelfsService.Host\Features\Images\GetImageByName.cs:line 50
   at ShelfsService.src.ShelfsService.Host.Features.Items.GetPhotoByName.ExecuteAsync(GetImageByName req, CancellationToken ct) in D:\visualStudio\Projects\OnlineShelf\backend\Microservices\ShelfsService\src\ShelfsService.Host\Features\Images\GetImageByName.cs:line 50
   at FastEndpoints.Endpoint`2.ExecAsync(CancellationToken ct)
   at FastEndpoints.Endpoint`2.ExecAsync(CancellationToken ct)
   at Microsoft.AspNetCore.Http.RequestDelegateFactory.ExecuteResultWriteResponse(IResult result, HttpContext httpContext)
   at Microsoft.AspNetCore.Authorization.AuthorizationMiddleware.Invoke(HttpContext context)
   at Microsoft.AspNetCore.Authentication.AuthenticationMiddleware.Invoke(HttpContext context)
   at Swashbuckle.AspNetCore.SwaggerUI.SwaggerUIMiddleware.Invoke(HttpContext httpContext)
   at Swashbuckle.AspNetCore.Swagger.SwaggerMiddleware.Invoke(HttpContext httpContext, ISwaggerProvider swaggerProvider)
   at Serilog.AspNetCore.RequestLoggingMiddleware.Invoke(HttpContext httpContext)
2026-07-05 15:13:59.571 +03:00 [ERR] ShelfsService Microsoft.AspNetCore.Diagnostics.DeveloperExceptionPageMiddleware An unhandled exception has occurred while executing the request.
Grpc.Core.RpcException: Status(StatusCode="Unavailable", Detail="Error connecting to subchannel.", DebugException="System.Net.Sockets.SocketException: No such host is known.")
 ---> System.Net.Sockets.SocketException (11001): No such host is known.
   at System.Net.Sockets.Socket.AwaitableSocketAsyncEventArgs.ThrowException(SocketError error, CancellationToken cancellationToken)
   at System.Net.Sockets.Socket.AwaitableSocketAsyncEventArgs.System.Threading.Tasks.Sources.IValueTaskSource.GetResult(Int16 token)
   at System.Net.Sockets.Socket.<ConnectAsync>g__WaitForConnectWithCancellation|285_0(AwaitableSocketAsyncEventArgs saea, ValueTask connectTask, CancellationToken cancellationToken)
   at Grpc.Net.Client.Balancer.Internal.SocketConnectivitySubchannelTransport.TryConnectAsync(ConnectContext context, Int32 attempt)
   --- End of inner exception stack trace ---
   at Grpc.Net.Client.Internal.HttpContentClientStreamReader`2.MoveNextCore(CancellationToken cancellationToken)
   at Grpc.Core.AsyncStreamReaderExtensions.ReadAllAsyncCore[T](IAsyncStreamReader`1 streamReader, CancellationToken cancellationToken)+MoveNext()
   at Grpc.Core.AsyncStreamReaderExtensions.ReadAllAsyncCore[T](IAsyncStreamReader`1 streamReader, CancellationToken cancellationToken)+System.Threading.Tasks.Sources.IValueTaskSource<System.Boolean>.GetResult()
   at ShelfsService.src.ShelfsService.Host.Features.Items.GetPhotoByName.ExecuteAsync(GetImageByName req, CancellationToken ct) in D:\visualStudio\Projects\OnlineShelf\backend\Microservices\ShelfsService\src\ShelfsService.Host\Features\Images\GetImageByName.cs:line 50
   at ShelfsService.src.ShelfsService.Host.Features.Items.GetPhotoByName.ExecuteAsync(GetImageByName req, CancellationToken ct) in D:\visualStudio\Projects\OnlineShelf\backend\Microservices\ShelfsService\src\ShelfsService.Host\Features\Images\GetImageByName.cs:line 50
   at FastEndpoints.Endpoint`2.ExecAsync(CancellationToken ct)
   at FastEndpoints.Endpoint`2.ExecAsync(CancellationToken ct)
   at Microsoft.AspNetCore.Http.RequestDelegateFactory.ExecuteResultWriteResponse(IResult result, HttpContext httpContext)
   at Microsoft.AspNetCore.Authorization.AuthorizationMiddleware.Invoke(HttpContext context)
   at Microsoft.AspNetCore.Authentication.AuthenticationMiddleware.Invoke(HttpContext context)
   at Swashbuckle.AspNetCore.SwaggerUI.SwaggerUIMiddleware.Invoke(HttpContext httpContext)
   at Swashbuckle.AspNetCore.Swagger.SwaggerMiddleware.Invoke(HttpContext httpContext, ISwaggerProvider swaggerProvider)
   at Serilog.AspNetCore.RequestLoggingMiddleware.Invoke(HttpContext httpContext)
   at Microsoft.AspNetCore.Diagnostics.DeveloperExceptionPageMiddlewareImpl.Invoke(HttpContext context)
2026-07-05 15:14:03.618 +03:00 [ERR] ShelfsService Serilog.AspNetCore.RequestLoggingMiddleware HTTP GET /shelfs/image/get-image/bad84b8b-b315-4c42-9516-0d979b10c1b6_big.webp responded 500 in 2021.2322 ms
Grpc.Core.RpcException: Status(StatusCode="Unavailable", Detail="Error connecting to subchannel.", DebugException="System.Net.Sockets.SocketException: No such host is known.")
 ---> System.Net.Sockets.SocketException (11001): No such host is known.
   at System.Net.Sockets.Socket.AwaitableSocketAsyncEventArgs.ThrowException(SocketError error, CancellationToken cancellationToken)
   at System.Net.Sockets.Socket.AwaitableSocketAsyncEventArgs.System.Threading.Tasks.Sources.IValueTaskSource.GetResult(Int16 token)
   at System.Net.Sockets.Socket.<ConnectAsync>g__WaitForConnectWithCancellation|285_0(AwaitableSocketAsyncEventArgs saea, ValueTask connectTask, CancellationToken cancellationToken)
   at Grpc.Net.Client.Balancer.Internal.SocketConnectivitySubchannelTransport.TryConnectAsync(ConnectContext context, Int32 attempt)
   --- End of inner exception stack trace ---
   at Grpc.Net.Client.Internal.HttpContentClientStreamReader`2.MoveNextCore(CancellationToken cancellationToken)
   at Grpc.Core.AsyncStreamReaderExtensions.ReadAllAsyncCore[T](IAsyncStreamReader`1 streamReader, CancellationToken cancellationToken)+MoveNext()
   at Grpc.Core.AsyncStreamReaderExtensions.ReadAllAsyncCore[T](IAsyncStreamReader`1 streamReader, CancellationToken cancellationToken)+System.Threading.Tasks.Sources.IValueTaskSource<System.Boolean>.GetResult()
   at ShelfsService.src.ShelfsService.Host.Features.Items.GetPhotoByName.ExecuteAsync(GetImageByName req, CancellationToken ct) in D:\visualStudio\Projects\OnlineShelf\backend\Microservices\ShelfsService\src\ShelfsService.Host\Features\Images\GetImageByName.cs:line 50
   at ShelfsService.src.ShelfsService.Host.Features.Items.GetPhotoByName.ExecuteAsync(GetImageByName req, CancellationToken ct) in D:\visualStudio\Projects\OnlineShelf\backend\Microservices\ShelfsService\src\ShelfsService.Host\Features\Images\GetImageByName.cs:line 50
   at FastEndpoints.Endpoint`2.ExecAsync(CancellationToken ct)
   at FastEndpoints.Endpoint`2.ExecAsync(CancellationToken ct)
   at Microsoft.AspNetCore.Http.RequestDelegateFactory.ExecuteResultWriteResponse(IResult result, HttpContext httpContext)
   at Microsoft.AspNetCore.Authorization.AuthorizationMiddleware.Invoke(HttpContext context)
   at Microsoft.AspNetCore.Authentication.AuthenticationMiddleware.Invoke(HttpContext context)
   at Swashbuckle.AspNetCore.SwaggerUI.SwaggerUIMiddleware.Invoke(HttpContext httpContext)
   at Swashbuckle.AspNetCore.Swagger.SwaggerMiddleware.Invoke(HttpContext httpContext, ISwaggerProvider swaggerProvider)
   at Serilog.AspNetCore.RequestLoggingMiddleware.Invoke(HttpContext httpContext)
2026-07-05 15:14:03.621 +03:00 [ERR] ShelfsService Microsoft.AspNetCore.Diagnostics.DeveloperExceptionPageMiddleware An unhandled exception has occurred while executing the request.
Grpc.Core.RpcException: Status(StatusCode="Unavailable", Detail="Error connecting to subchannel.", DebugException="System.Net.Sockets.SocketException: No such host is known.")
 ---> System.Net.Sockets.SocketException (11001): No such host is known.
   at System.Net.Sockets.Socket.AwaitableSocketAsyncEventArgs.ThrowException(SocketError error, CancellationToken cancellationToken)
   at System.Net.Sockets.Socket.AwaitableSocketAsyncEventArgs.System.Threading.Tasks.Sources.IValueTaskSource.GetResult(Int16 token)
   at System.Net.Sockets.Socket.<ConnectAsync>g__WaitForConnectWithCancellation|285_0(AwaitableSocketAsyncEventArgs saea, ValueTask connectTask, CancellationToken cancellationToken)
   at Grpc.Net.Client.Balancer.Internal.SocketConnectivitySubchannelTransport.TryConnectAsync(ConnectContext context, Int32 attempt)
   --- End of inner exception stack trace ---
   at Grpc.Net.Client.Internal.HttpContentClientStreamReader`2.MoveNextCore(CancellationToken cancellationToken)
   at Grpc.Core.AsyncStreamReaderExtensions.ReadAllAsyncCore[T](IAsyncStreamReader`1 streamReader, CancellationToken cancellationToken)+MoveNext()
   at Grpc.Core.AsyncStreamReaderExtensions.ReadAllAsyncCore[T](IAsyncStreamReader`1 streamReader, CancellationToken cancellationToken)+System.Threading.Tasks.Sources.IValueTaskSource<System.Boolean>.GetResult()
   at ShelfsService.src.ShelfsService.Host.Features.Items.GetPhotoByName.ExecuteAsync(GetImageByName req, CancellationToken ct) in D:\visualStudio\Projects\OnlineShelf\backend\Microservices\ShelfsService\src\ShelfsService.Host\Features\Images\GetImageByName.cs:line 50
   at ShelfsService.src.ShelfsService.Host.Features.Items.GetPhotoByName.ExecuteAsync(GetImageByName req, CancellationToken ct) in D:\visualStudio\Projects\OnlineShelf\backend\Microservices\ShelfsService\src\ShelfsService.Host\Features\Images\GetImageByName.cs:line 50
   at FastEndpoints.Endpoint`2.ExecAsync(CancellationToken ct)
   at FastEndpoints.Endpoint`2.ExecAsync(CancellationToken ct)
   at Microsoft.AspNetCore.Http.RequestDelegateFactory.ExecuteResultWriteResponse(IResult result, HttpContext httpContext)
   at Microsoft.AspNetCore.Authorization.AuthorizationMiddleware.Invoke(HttpContext context)
   at Microsoft.AspNetCore.Authentication.AuthenticationMiddleware.Invoke(HttpContext context)
   at Swashbuckle.AspNetCore.SwaggerUI.SwaggerUIMiddleware.Invoke(HttpContext httpContext)
   at Swashbuckle.AspNetCore.Swagger.SwaggerMiddleware.Invoke(HttpContext httpContext, ISwaggerProvider swaggerProvider)
   at Serilog.AspNetCore.RequestLoggingMiddleware.Invoke(HttpContext httpContext)
   at Microsoft.AspNetCore.Diagnostics.DeveloperExceptionPageMiddlewareImpl.Invoke(HttpContext context)
2026-07-05 15:15:06.239 +03:00 [ERR] ShelfsService Serilog.AspNetCore.RequestLoggingMiddleware HTTP GET /shelfs/image/get-image/bad84b8b-b315-4c42-9516-0d979b10c1b6_big.webp responded 500 in 3.1226 ms
Grpc.Core.RpcException: Status(StatusCode="Unavailable", Detail="Error connecting to subchannel.", DebugException="System.Net.Sockets.SocketException: No such host is known.")
 ---> System.Net.Sockets.SocketException (11001): No such host is known.
   at System.Net.Sockets.Socket.AwaitableSocketAsyncEventArgs.ThrowException(SocketError error, CancellationToken cancellationToken)
   at System.Net.Sockets.Socket.AwaitableSocketAsyncEventArgs.System.Threading.Tasks.Sources.IValueTaskSource.GetResult(Int16 token)
   at System.Net.Sockets.Socket.<ConnectAsync>g__WaitForConnectWithCancellation|285_0(AwaitableSocketAsyncEventArgs saea, ValueTask connectTask, CancellationToken cancellationToken)
   at Grpc.Net.Client.Balancer.Internal.SocketConnectivitySubchannelTransport.TryConnectAsync(ConnectContext context, Int32 attempt)
   --- End of inner exception stack trace ---
   at Grpc.Core.AsyncStreamReaderExtensions.ReadAllAsyncCore[T](IAsyncStreamReader`1 streamReader, CancellationToken cancellationToken)+MoveNext()
   at Grpc.Core.AsyncStreamReaderExtensions.ReadAllAsyncCore[T](IAsyncStreamReader`1 streamReader, CancellationToken cancellationToken)+System.Threading.Tasks.Sources.IValueTaskSource<System.Boolean>.GetResult()
   at ShelfsService.src.ShelfsService.Host.Features.Items.GetPhotoByName.ExecuteAsync(GetImageByName req, CancellationToken ct) in D:\visualStudio\Projects\OnlineShelf\backend\Microservices\ShelfsService\src\ShelfsService.Host\Features\Images\GetImageByName.cs:line 50
   at ShelfsService.src.ShelfsService.Host.Features.Items.GetPhotoByName.ExecuteAsync(GetImageByName req, CancellationToken ct) in D:\visualStudio\Projects\OnlineShelf\backend\Microservices\ShelfsService\src\ShelfsService.Host\Features\Images\GetImageByName.cs:line 50
   at FastEndpoints.Endpoint`2.ExecAsync(CancellationToken ct)
   at FastEndpoints.Endpoint`2.ExecAsync(CancellationToken ct)
   at Microsoft.AspNetCore.Http.RequestDelegateFactory.ExecuteResultWriteResponse(IResult result, HttpContext httpContext)
   at Microsoft.AspNetCore.Authorization.AuthorizationMiddleware.Invoke(HttpContext context)
   at Microsoft.AspNetCore.Authentication.AuthenticationMiddleware.Invoke(HttpContext context)
   at Swashbuckle.AspNetCore.SwaggerUI.SwaggerUIMiddleware.Invoke(HttpContext httpContext)
   at Swashbuckle.AspNetCore.Swagger.SwaggerMiddleware.Invoke(HttpContext httpContext, ISwaggerProvider swaggerProvider)
   at Serilog.AspNetCore.RequestLoggingMiddleware.Invoke(HttpContext httpContext)
2026-07-05 15:15:06.243 +03:00 [ERR] ShelfsService Microsoft.AspNetCore.Diagnostics.DeveloperExceptionPageMiddleware An unhandled exception has occurred while executing the request.
Grpc.Core.RpcException: Status(StatusCode="Unavailable", Detail="Error connecting to subchannel.", DebugException="System.Net.Sockets.SocketException: No such host is known.")
 ---> System.Net.Sockets.SocketException (11001): No such host is known.
   at System.Net.Sockets.Socket.AwaitableSocketAsyncEventArgs.ThrowException(SocketError error, CancellationToken cancellationToken)
   at System.Net.Sockets.Socket.AwaitableSocketAsyncEventArgs.System.Threading.Tasks.Sources.IValueTaskSource.GetResult(Int16 token)
   at System.Net.Sockets.Socket.<ConnectAsync>g__WaitForConnectWithCancellation|285_0(AwaitableSocketAsyncEventArgs saea, ValueTask connectTask, CancellationToken cancellationToken)
   at Grpc.Net.Client.Balancer.Internal.SocketConnectivitySubchannelTransport.TryConnectAsync(ConnectContext context, Int32 attempt)
   --- End of inner exception stack trace ---
   at Grpc.Core.AsyncStreamReaderExtensions.ReadAllAsyncCore[T](IAsyncStreamReader`1 streamReader, CancellationToken cancellationToken)+MoveNext()
   at Grpc.Core.AsyncStreamReaderExtensions.ReadAllAsyncCore[T](IAsyncStreamReader`1 streamReader, CancellationToken cancellationToken)+System.Threading.Tasks.Sources.IValueTaskSource<System.Boolean>.GetResult()
   at ShelfsService.src.ShelfsService.Host.Features.Items.GetPhotoByName.ExecuteAsync(GetImageByName req, CancellationToken ct) in D:\visualStudio\Projects\OnlineShelf\backend\Microservices\ShelfsService\src\ShelfsService.Host\Features\Images\GetImageByName.cs:line 50
   at ShelfsService.src.ShelfsService.Host.Features.Items.GetPhotoByName.ExecuteAsync(GetImageByName req, CancellationToken ct) in D:\visualStudio\Projects\OnlineShelf\backend\Microservices\ShelfsService\src\ShelfsService.Host\Features\Images\GetImageByName.cs:line 50
   at FastEndpoints.Endpoint`2.ExecAsync(CancellationToken ct)
   at FastEndpoints.Endpoint`2.ExecAsync(CancellationToken ct)
   at Microsoft.AspNetCore.Http.RequestDelegateFactory.ExecuteResultWriteResponse(IResult result, HttpContext httpContext)
   at Microsoft.AspNetCore.Authorization.AuthorizationMiddleware.Invoke(HttpContext context)
   at Microsoft.AspNetCore.Authentication.AuthenticationMiddleware.Invoke(HttpContext context)
   at Swashbuckle.AspNetCore.SwaggerUI.SwaggerUIMiddleware.Invoke(HttpContext httpContext)
   at Swashbuckle.AspNetCore.Swagger.SwaggerMiddleware.Invoke(HttpContext httpContext, ISwaggerProvider swaggerProvider)
   at Serilog.AspNetCore.RequestLoggingMiddleware.Invoke(HttpContext httpContext)
   at Microsoft.AspNetCore.Diagnostics.DeveloperExceptionPageMiddlewareImpl.Invoke(HttpContext context)
2026-07-05 15:16:25.950 +03:00 [ERR] ShelfsService Serilog.AspNetCore.RequestLoggingMiddleware HTTP GET /shelfs/image/get-image/4b1f3cdf-fa97-4744-a677-47c0969b6af8_big.webp responded 500 in 2975.5986 ms
Grpc.Core.RpcException: Status(StatusCode="Unavailable", Detail="Error connecting to subchannel.", DebugException="System.Net.Sockets.SocketException: No such host is known.")
 ---> System.Net.Sockets.SocketException (11001): No such host is known.
   at System.Net.Sockets.Socket.AwaitableSocketAsyncEventArgs.ThrowException(SocketError error, CancellationToken cancellationToken)
   at System.Net.Sockets.Socket.AwaitableSocketAsyncEventArgs.System.Threading.Tasks.Sources.IValueTaskSource.GetResult(Int16 token)
   at System.Net.Sockets.Socket.<ConnectAsync>g__WaitForConnectWithCancellation|285_0(AwaitableSocketAsyncEventArgs saea, ValueTask connectTask, CancellationToken cancellationToken)
   at Grpc.Net.Client.Balancer.Internal.SocketConnectivitySubchannelTransport.TryConnectAsync(ConnectContext context, Int32 attempt)
   --- End of inner exception stack trace ---
   at Grpc.Net.Client.Internal.HttpContentClientStreamReader`2.MoveNextCore(CancellationToken cancellationToken)
   at Grpc.Core.AsyncStreamReaderExtensions.ReadAllAsyncCore[T](IAsyncStreamReader`1 streamReader, CancellationToken cancellationToken)+MoveNext()
   at Grpc.Core.AsyncStreamReaderExtensions.ReadAllAsyncCore[T](IAsyncStreamReader`1 streamReader, CancellationToken cancellationToken)+System.Threading.Tasks.Sources.IValueTaskSource<System.Boolean>.GetResult()
   at ShelfsService.src.ShelfsService.Host.Features.Items.GetPhotoByName.ExecuteAsync(GetImageByName req, CancellationToken ct) in D:\visualStudio\Projects\OnlineShelf\backend\Microservices\ShelfsService\src\ShelfsService.Host\Features\Images\GetImageByName.cs:line 50
   at ShelfsService.src.ShelfsService.Host.Features.Items.GetPhotoByName.ExecuteAsync(GetImageByName req, CancellationToken ct) in D:\visualStudio\Projects\OnlineShelf\backend\Microservices\ShelfsService\src\ShelfsService.Host\Features\Images\GetImageByName.cs:line 50
   at FastEndpoints.Endpoint`2.ExecAsync(CancellationToken ct)
   at FastEndpoints.Endpoint`2.ExecAsync(CancellationToken ct)
   at Microsoft.AspNetCore.Http.RequestDelegateFactory.ExecuteResultWriteResponse(IResult result, HttpContext httpContext)
   at Microsoft.AspNetCore.Authorization.AuthorizationMiddleware.Invoke(HttpContext context)
   at Microsoft.AspNetCore.Authentication.AuthenticationMiddleware.Invoke(HttpContext context)
   at Swashbuckle.AspNetCore.SwaggerUI.SwaggerUIMiddleware.Invoke(HttpContext httpContext)
   at Swashbuckle.AspNetCore.Swagger.SwaggerMiddleware.Invoke(HttpContext httpContext, ISwaggerProvider swaggerProvider)
   at Serilog.AspNetCore.RequestLoggingMiddleware.Invoke(HttpContext httpContext)
2026-07-05 15:16:25.968 +03:00 [ERR] ShelfsService Microsoft.AspNetCore.Diagnostics.DeveloperExceptionPageMiddleware An unhandled exception has occurred while executing the request.
Grpc.Core.RpcException: Status(StatusCode="Unavailable", Detail="Error connecting to subchannel.", DebugException="System.Net.Sockets.SocketException: No such host is known.")
 ---> System.Net.Sockets.SocketException (11001): No such host is known.
   at System.Net.Sockets.Socket.AwaitableSocketAsyncEventArgs.ThrowException(SocketError error, CancellationToken cancellationToken)
   at System.Net.Sockets.Socket.AwaitableSocketAsyncEventArgs.System.Threading.Tasks.Sources.IValueTaskSource.GetResult(Int16 token)
   at System.Net.Sockets.Socket.<ConnectAsync>g__WaitForConnectWithCancellation|285_0(AwaitableSocketAsyncEventArgs saea, ValueTask connectTask, CancellationToken cancellationToken)
   at Grpc.Net.Client.Balancer.Internal.SocketConnectivitySubchannelTransport.TryConnectAsync(ConnectContext context, Int32 attempt)
   --- End of inner exception stack trace ---
   at Grpc.Net.Client.Internal.HttpContentClientStreamReader`2.MoveNextCore(CancellationToken cancellationToken)
   at Grpc.Core.AsyncStreamReaderExtensions.ReadAllAsyncCore[T](IAsyncStreamReader`1 streamReader, CancellationToken cancellationToken)+MoveNext()
   at Grpc.Core.AsyncStreamReaderExtensions.ReadAllAsyncCore[T](IAsyncStreamReader`1 streamReader, CancellationToken cancellationToken)+System.Threading.Tasks.Sources.IValueTaskSource<System.Boolean>.GetResult()
   at ShelfsService.src.ShelfsService.Host.Features.Items.GetPhotoByName.ExecuteAsync(GetImageByName req, CancellationToken ct) in D:\visualStudio\Projects\OnlineShelf\backend\Microservices\ShelfsService\src\ShelfsService.Host\Features\Images\GetImageByName.cs:line 50
   at ShelfsService.src.ShelfsService.Host.Features.Items.GetPhotoByName.ExecuteAsync(GetImageByName req, CancellationToken ct) in D:\visualStudio\Projects\OnlineShelf\backend\Microservices\ShelfsService\src\ShelfsService.Host\Features\Images\GetImageByName.cs:line 50
   at FastEndpoints.Endpoint`2.ExecAsync(CancellationToken ct)
   at FastEndpoints.Endpoint`2.ExecAsync(CancellationToken ct)
   at Microsoft.AspNetCore.Http.RequestDelegateFactory.ExecuteResultWriteResponse(IResult result, HttpContext httpContext)
   at Microsoft.AspNetCore.Authorization.AuthorizationMiddleware.Invoke(HttpContext context)
   at Microsoft.AspNetCore.Authentication.AuthenticationMiddleware.Invoke(HttpContext context)
   at Swashbuckle.AspNetCore.SwaggerUI.SwaggerUIMiddleware.Invoke(HttpContext httpContext)
   at Swashbuckle.AspNetCore.Swagger.SwaggerMiddleware.Invoke(HttpContext httpContext, ISwaggerProvider swaggerProvider)
   at Serilog.AspNetCore.RequestLoggingMiddleware.Invoke(HttpContext httpContext)
   at Microsoft.AspNetCore.Diagnostics.DeveloperExceptionPageMiddlewareImpl.Invoke(HttpContext context)
2026-07-05 15:18:28.490 +03:00 [ERR] ShelfsService Serilog.AspNetCore.RequestLoggingMiddleware HTTP GET /shelfs/image/get-image/4b1f3cdf-fa97-4744-a677-47c0969b6af8_big.webp responded 500 in 12343.2512 ms
Grpc.Core.RpcException: Status(StatusCode="Unavailable", Detail="Error connecting to subchannel.", DebugException="System.Net.Sockets.SocketException: No such host is known.")
 ---> System.Net.Sockets.SocketException (11001): No such host is known.
   at System.Net.Sockets.Socket.AwaitableSocketAsyncEventArgs.ThrowException(SocketError error, CancellationToken cancellationToken)
   at System.Net.Sockets.Socket.AwaitableSocketAsyncEventArgs.System.Threading.Tasks.Sources.IValueTaskSource.GetResult(Int16 token)
   at System.Net.Sockets.Socket.<ConnectAsync>g__WaitForConnectWithCancellation|285_0(AwaitableSocketAsyncEventArgs saea, ValueTask connectTask, CancellationToken cancellationToken)
   at Grpc.Net.Client.Balancer.Internal.SocketConnectivitySubchannelTransport.TryConnectAsync(ConnectContext context, Int32 attempt)
   --- End of inner exception stack trace ---
   at Grpc.Net.Client.Internal.HttpContentClientStreamReader`2.MoveNextCore(CancellationToken cancellationToken)
   at Grpc.Core.AsyncStreamReaderExtensions.ReadAllAsyncCore[T](IAsyncStreamReader`1 streamReader, CancellationToken cancellationToken)+MoveNext()
   at Grpc.Core.AsyncStreamReaderExtensions.ReadAllAsyncCore[T](IAsyncStreamReader`1 streamReader, CancellationToken cancellationToken)+System.Threading.Tasks.Sources.IValueTaskSource<System.Boolean>.GetResult()
   at ShelfsService.src.ShelfsService.Host.Features.Items.GetPhotoByName.ExecuteAsync(GetImageByName req, CancellationToken ct) in D:\visualStudio\Projects\OnlineShelf\backend\Microservices\ShelfsService\src\ShelfsService.Host\Features\Images\GetImageByName.cs:line 50
   at ShelfsService.src.ShelfsService.Host.Features.Items.GetPhotoByName.ExecuteAsync(GetImageByName req, CancellationToken ct) in D:\visualStudio\Projects\OnlineShelf\backend\Microservices\ShelfsService\src\ShelfsService.Host\Features\Images\GetImageByName.cs:line 50
   at FastEndpoints.Endpoint`2.ExecAsync(CancellationToken ct)
   at FastEndpoints.Endpoint`2.ExecAsync(CancellationToken ct)
   at Microsoft.AspNetCore.Http.RequestDelegateFactory.ExecuteResultWriteResponse(IResult result, HttpContext httpContext)
   at Microsoft.AspNetCore.Authorization.AuthorizationMiddleware.Invoke(HttpContext context)
   at Microsoft.AspNetCore.Authentication.AuthenticationMiddleware.Invoke(HttpContext context)
   at Swashbuckle.AspNetCore.SwaggerUI.SwaggerUIMiddleware.Invoke(HttpContext httpContext)
   at Swashbuckle.AspNetCore.Swagger.SwaggerMiddleware.Invoke(HttpContext httpContext, ISwaggerProvider swaggerProvider)
   at Serilog.AspNetCore.RequestLoggingMiddleware.Invoke(HttpContext httpContext)
2026-07-05 15:18:28.466 +03:00 [ERR] ShelfsService Serilog.AspNetCore.RequestLoggingMiddleware HTTP PUT /shelfs/items responded 500 in 12319.0053 ms
Grpc.Core.RpcException: Status(StatusCode="Unavailable", Detail="Error connecting to subchannel.", DebugException="System.Net.Sockets.SocketException: No such host is known.")
 ---> System.Net.Sockets.SocketException (11001): No such host is known.
   at System.Net.Sockets.Socket.AwaitableSocketAsyncEventArgs.ThrowException(SocketError error, CancellationToken cancellationToken)
   at System.Net.Sockets.Socket.AwaitableSocketAsyncEventArgs.System.Threading.Tasks.Sources.IValueTaskSource.GetResult(Int16 token)
   at System.Net.Sockets.Socket.<ConnectAsync>g__WaitForConnectWithCancellation|285_0(AwaitableSocketAsyncEventArgs saea, ValueTask connectTask, CancellationToken cancellationToken)
   at Grpc.Net.Client.Balancer.Internal.SocketConnectivitySubchannelTransport.TryConnectAsync(ConnectContext context, Int32 attempt)
   --- End of inner exception stack trace ---
   at Grpc.Net.Client.Balancer.Internal.ConnectionManager.PickAsync(PickContext context, Boolean waitForReady, CancellationToken cancellationToken)
   at Grpc.Net.Client.Balancer.Internal.BalancerHttpHandler.SendAsync(HttpRequestMessage request, CancellationToken cancellationToken)
   at Grpc.Net.Client.Internal.GrpcCall`2.RunCall(HttpRequestMessage request, Nullable`1 timeout)
   at Grpc.Net.Client.Internal.GrpcCall`2.GetResponseHeadersCoreAsync()
   at ShelfsService.src.ShelfsService.Host.Features.Items.UpdateItemCommandHandler.HandleAsync(UpdateItemCommand request, CancellationToken ct) in D:\visualStudio\Projects\OnlineShelf\backend\Microservices\ShelfsService\src\ShelfsService.Host\Features\Items\UpdateItem.cs:line 86
   at FastEndpoints.Endpoint`2.ExecAsync(CancellationToken ct)
   at FastEndpoints.Endpoint`2.ExecAsync(CancellationToken ct)
   at Microsoft.AspNetCore.Http.RequestDelegateFactory.ExecuteResultWriteResponse(IResult result, HttpContext httpContext)
   at Microsoft.AspNetCore.Authorization.AuthorizationMiddleware.Invoke(HttpContext context)
   at Microsoft.AspNetCore.Authentication.AuthenticationMiddleware.Invoke(HttpContext context)
   at Swashbuckle.AspNetCore.SwaggerUI.SwaggerUIMiddleware.Invoke(HttpContext httpContext)
   at Swashbuckle.AspNetCore.Swagger.SwaggerMiddleware.Invoke(HttpContext httpContext, ISwaggerProvider swaggerProvider)
   at Serilog.AspNetCore.RequestLoggingMiddleware.Invoke(HttpContext httpContext)
2026-07-05 15:18:28.499 +03:00 [ERR] ShelfsService Microsoft.AspNetCore.Diagnostics.DeveloperExceptionPageMiddleware An unhandled exception has occurred while executing the request.
Grpc.Core.RpcException: Status(StatusCode="Unavailable", Detail="Error connecting to subchannel.", DebugException="System.Net.Sockets.SocketException: No such host is known.")
 ---> System.Net.Sockets.SocketException (11001): No such host is known.
   at System.Net.Sockets.Socket.AwaitableSocketAsyncEventArgs.ThrowException(SocketError error, CancellationToken cancellationToken)
   at System.Net.Sockets.Socket.AwaitableSocketAsyncEventArgs.System.Threading.Tasks.Sources.IValueTaskSource.GetResult(Int16 token)
   at System.Net.Sockets.Socket.<ConnectAsync>g__WaitForConnectWithCancellation|285_0(AwaitableSocketAsyncEventArgs saea, ValueTask connectTask, CancellationToken cancellationToken)
   at Grpc.Net.Client.Balancer.Internal.SocketConnectivitySubchannelTransport.TryConnectAsync(ConnectContext context, Int32 attempt)
   --- End of inner exception stack trace ---
   at Grpc.Net.Client.Internal.HttpContentClientStreamReader`2.MoveNextCore(CancellationToken cancellationToken)
   at Grpc.Core.AsyncStreamReaderExtensions.ReadAllAsyncCore[T](IAsyncStreamReader`1 streamReader, CancellationToken cancellationToken)+MoveNext()
   at Grpc.Core.AsyncStreamReaderExtensions.ReadAllAsyncCore[T](IAsyncStreamReader`1 streamReader, CancellationToken cancellationToken)+System.Threading.Tasks.Sources.IValueTaskSource<System.Boolean>.GetResult()
   at ShelfsService.src.ShelfsService.Host.Features.Items.GetPhotoByName.ExecuteAsync(GetImageByName req, CancellationToken ct) in D:\visualStudio\Projects\OnlineShelf\backend\Microservices\ShelfsService\src\ShelfsService.Host\Features\Images\GetImageByName.cs:line 50
   at ShelfsService.src.ShelfsService.Host.Features.Items.GetPhotoByName.ExecuteAsync(GetImageByName req, CancellationToken ct) in D:\visualStudio\Projects\OnlineShelf\backend\Microservices\ShelfsService\src\ShelfsService.Host\Features\Images\GetImageByName.cs:line 50
   at FastEndpoints.Endpoint`2.ExecAsync(CancellationToken ct)
   at FastEndpoints.Endpoint`2.ExecAsync(CancellationToken ct)
   at Microsoft.AspNetCore.Http.RequestDelegateFactory.ExecuteResultWriteResponse(IResult result, HttpContext httpContext)
   at Microsoft.AspNetCore.Authorization.AuthorizationMiddleware.Invoke(HttpContext context)
   at Microsoft.AspNetCore.Authentication.AuthenticationMiddleware.Invoke(HttpContext context)
   at Swashbuckle.AspNetCore.SwaggerUI.SwaggerUIMiddleware.Invoke(HttpContext httpContext)
   at Swashbuckle.AspNetCore.Swagger.SwaggerMiddleware.Invoke(HttpContext httpContext, ISwaggerProvider swaggerProvider)
   at Serilog.AspNetCore.RequestLoggingMiddleware.Invoke(HttpContext httpContext)
   at Microsoft.AspNetCore.Diagnostics.DeveloperExceptionPageMiddlewareImpl.Invoke(HttpContext context)
2026-07-05 15:18:28.499 +03:00 [ERR] ShelfsService Microsoft.AspNetCore.Diagnostics.DeveloperExceptionPageMiddleware An unhandled exception has occurred while executing the request.
Grpc.Core.RpcException: Status(StatusCode="Unavailable", Detail="Error connecting to subchannel.", DebugException="System.Net.Sockets.SocketException: No such host is known.")
 ---> System.Net.Sockets.SocketException (11001): No such host is known.
   at System.Net.Sockets.Socket.AwaitableSocketAsyncEventArgs.ThrowException(SocketError error, CancellationToken cancellationToken)
   at System.Net.Sockets.Socket.AwaitableSocketAsyncEventArgs.System.Threading.Tasks.Sources.IValueTaskSource.GetResult(Int16 token)
   at System.Net.Sockets.Socket.<ConnectAsync>g__WaitForConnectWithCancellation|285_0(AwaitableSocketAsyncEventArgs saea, ValueTask connectTask, CancellationToken cancellationToken)
   at Grpc.Net.Client.Balancer.Internal.SocketConnectivitySubchannelTransport.TryConnectAsync(ConnectContext context, Int32 attempt)
   --- End of inner exception stack trace ---
   at Grpc.Net.Client.Balancer.Internal.ConnectionManager.PickAsync(PickContext context, Boolean waitForReady, CancellationToken cancellationToken)
   at Grpc.Net.Client.Balancer.Internal.BalancerHttpHandler.SendAsync(HttpRequestMessage request, CancellationToken cancellationToken)
   at Grpc.Net.Client.Internal.GrpcCall`2.RunCall(HttpRequestMessage request, Nullable`1 timeout)
   at Grpc.Net.Client.Internal.GrpcCall`2.GetResponseHeadersCoreAsync()
   at ShelfsService.src.ShelfsService.Host.Features.Items.UpdateItemCommandHandler.HandleAsync(UpdateItemCommand request, CancellationToken ct) in D:\visualStudio\Projects\OnlineShelf\backend\Microservices\ShelfsService\src\ShelfsService.Host\Features\Items\UpdateItem.cs:line 86
   at FastEndpoints.Endpoint`2.ExecAsync(CancellationToken ct)
   at FastEndpoints.Endpoint`2.ExecAsync(CancellationToken ct)
   at Microsoft.AspNetCore.Http.RequestDelegateFactory.ExecuteResultWriteResponse(IResult result, HttpContext httpContext)
   at Microsoft.AspNetCore.Authorization.AuthorizationMiddleware.Invoke(HttpContext context)
   at Microsoft.AspNetCore.Authentication.AuthenticationMiddleware.Invoke(HttpContext context)
   at Swashbuckle.AspNetCore.SwaggerUI.SwaggerUIMiddleware.Invoke(HttpContext httpContext)
   at Swashbuckle.AspNetCore.Swagger.SwaggerMiddleware.Invoke(HttpContext httpContext, ISwaggerProvider swaggerProvider)
   at Serilog.AspNetCore.RequestLoggingMiddleware.Invoke(HttpContext httpContext)
   at Microsoft.AspNetCore.Diagnostics.DeveloperExceptionPageMiddlewareImpl.Invoke(HttpContext context)
2026-07-05 15:18:33.051 +03:00 [ERR] ShelfsService Serilog.AspNetCore.RequestLoggingMiddleware HTTP GET /shelfs/image/get-image/4b1f3cdf-fa97-4744-a677-47c0969b6af8_big.webp responded 500 in 92.9396 ms
Grpc.Core.RpcException: Status(StatusCode="Unavailable", Detail="Error connecting to subchannel.", DebugException="System.Net.Sockets.SocketException: No such host is known.")
 ---> System.Net.Sockets.SocketException (11001): No such host is known.
   at System.Net.Sockets.Socket.AwaitableSocketAsyncEventArgs.ThrowException(SocketError error, CancellationToken cancellationToken)
   at System.Net.Sockets.Socket.AwaitableSocketAsyncEventArgs.System.Threading.Tasks.Sources.IValueTaskSource.GetResult(Int16 token)
   at System.Net.Sockets.Socket.<ConnectAsync>g__WaitForConnectWithCancellation|285_0(AwaitableSocketAsyncEventArgs saea, ValueTask connectTask, CancellationToken cancellationToken)
   at Grpc.Net.Client.Balancer.Internal.SocketConnectivitySubchannelTransport.TryConnectAsync(ConnectContext context, Int32 attempt)
   --- End of inner exception stack trace ---
   at Grpc.Core.AsyncStreamReaderExtensions.ReadAllAsyncCore[T](IAsyncStreamReader`1 streamReader, CancellationToken cancellationToken)+MoveNext()
   at Grpc.Core.AsyncStreamReaderExtensions.ReadAllAsyncCore[T](IAsyncStreamReader`1 streamReader, CancellationToken cancellationToken)+System.Threading.Tasks.Sources.IValueTaskSource<System.Boolean>.GetResult()
   at ShelfsService.src.ShelfsService.Host.Features.Items.GetPhotoByName.ExecuteAsync(GetImageByName req, CancellationToken ct) in D:\visualStudio\Projects\OnlineShelf\backend\Microservices\ShelfsService\src\ShelfsService.Host\Features\Images\GetImageByName.cs:line 50
   at ShelfsService.src.ShelfsService.Host.Features.Items.GetPhotoByName.ExecuteAsync(GetImageByName req, CancellationToken ct) in D:\visualStudio\Projects\OnlineShelf\backend\Microservices\ShelfsService\src\ShelfsService.Host\Features\Images\GetImageByName.cs:line 50
   at FastEndpoints.Endpoint`2.ExecAsync(CancellationToken ct)
   at FastEndpoints.Endpoint`2.ExecAsync(CancellationToken ct)
   at Microsoft.AspNetCore.Http.RequestDelegateFactory.ExecuteResultWriteResponse(IResult result, HttpContext httpContext)
   at Microsoft.AspNetCore.Authorization.AuthorizationMiddleware.Invoke(HttpContext context)
   at Microsoft.AspNetCore.Authentication.AuthenticationMiddleware.Invoke(HttpContext context)
   at Swashbuckle.AspNetCore.SwaggerUI.SwaggerUIMiddleware.Invoke(HttpContext httpContext)
   at Swashbuckle.AspNetCore.Swagger.SwaggerMiddleware.Invoke(HttpContext httpContext, ISwaggerProvider swaggerProvider)
   at Serilog.AspNetCore.RequestLoggingMiddleware.Invoke(HttpContext httpContext)
2026-07-05 15:18:33.058 +03:00 [ERR] ShelfsService Microsoft.AspNetCore.Diagnostics.DeveloperExceptionPageMiddleware An unhandled exception has occurred while executing the request.
Grpc.Core.RpcException: Status(StatusCode="Unavailable", Detail="Error connecting to subchannel.", DebugException="System.Net.Sockets.SocketException: No such host is known.")
 ---> System.Net.Sockets.SocketException (11001): No such host is known.
   at System.Net.Sockets.Socket.AwaitableSocketAsyncEventArgs.ThrowException(SocketError error, CancellationToken cancellationToken)
   at System.Net.Sockets.Socket.AwaitableSocketAsyncEventArgs.System.Threading.Tasks.Sources.IValueTaskSource.GetResult(Int16 token)
   at System.Net.Sockets.Socket.<ConnectAsync>g__WaitForConnectWithCancellation|285_0(AwaitableSocketAsyncEventArgs saea, ValueTask connectTask, CancellationToken cancellationToken)
   at Grpc.Net.Client.Balancer.Internal.SocketConnectivitySubchannelTransport.TryConnectAsync(ConnectContext context, Int32 attempt)
   --- End of inner exception stack trace ---
   at Grpc.Core.AsyncStreamReaderExtensions.ReadAllAsyncCore[T](IAsyncStreamReader`1 streamReader, CancellationToken cancellationToken)+MoveNext()
   at Grpc.Core.AsyncStreamReaderExtensions.ReadAllAsyncCore[T](IAsyncStreamReader`1 streamReader, CancellationToken cancellationToken)+System.Threading.Tasks.Sources.IValueTaskSource<System.Boolean>.GetResult()
   at ShelfsService.src.ShelfsService.Host.Features.Items.GetPhotoByName.ExecuteAsync(GetImageByName req, CancellationToken ct) in D:\visualStudio\Projects\OnlineShelf\backend\Microservices\ShelfsService\src\ShelfsService.Host\Features\Images\GetImageByName.cs:line 50
   at ShelfsService.src.ShelfsService.Host.Features.Items.GetPhotoByName.ExecuteAsync(GetImageByName req, CancellationToken ct) in D:\visualStudio\Projects\OnlineShelf\backend\Microservices\ShelfsService\src\ShelfsService.Host\Features\Images\GetImageByName.cs:line 50
   at FastEndpoints.Endpoint`2.ExecAsync(CancellationToken ct)
   at FastEndpoints.Endpoint`2.ExecAsync(CancellationToken ct)
   at Microsoft.AspNetCore.Http.RequestDelegateFactory.ExecuteResultWriteResponse(IResult result, HttpContext httpContext)
   at Microsoft.AspNetCore.Authorization.AuthorizationMiddleware.Invoke(HttpContext context)
   at Microsoft.AspNetCore.Authentication.AuthenticationMiddleware.Invoke(HttpContext context)
   at Swashbuckle.AspNetCore.SwaggerUI.SwaggerUIMiddleware.Invoke(HttpContext httpContext)
   at Swashbuckle.AspNetCore.Swagger.SwaggerMiddleware.Invoke(HttpContext httpContext, ISwaggerProvider swaggerProvider)
   at Serilog.AspNetCore.RequestLoggingMiddleware.Invoke(HttpContext httpContext)
   at Microsoft.AspNetCore.Diagnostics.DeveloperExceptionPageMiddlewareImpl.Invoke(HttpContext context)
2026-07-05 15:25:47.795 +03:00 [ERR] ShelfsService Serilog.AspNetCore.RequestLoggingMiddleware HTTP GET /shelfs/image/get-image/4b1f3cdf-fa97-4744-a677-47c0969b6af8_big.webp responded 500 in 3418.6955 ms
Grpc.Core.RpcException: Status(StatusCode="Unavailable", Detail="Error connecting to subchannel.", DebugException="System.Net.Sockets.SocketException: No such host is known.")
 ---> System.Net.Sockets.SocketException (11001): No such host is known.
   at System.Net.Sockets.Socket.AwaitableSocketAsyncEventArgs.ThrowException(SocketError error, CancellationToken cancellationToken)
   at System.Net.Sockets.Socket.AwaitableSocketAsyncEventArgs.System.Threading.Tasks.Sources.IValueTaskSource.GetResult(Int16 token)
   at System.Net.Sockets.Socket.<ConnectAsync>g__WaitForConnectWithCancellation|285_0(AwaitableSocketAsyncEventArgs saea, ValueTask connectTask, CancellationToken cancellationToken)
   at Grpc.Net.Client.Balancer.Internal.SocketConnectivitySubchannelTransport.TryConnectAsync(ConnectContext context, Int32 attempt)
   --- End of inner exception stack trace ---
   at Grpc.Net.Client.Internal.HttpContentClientStreamReader`2.MoveNextCore(CancellationToken cancellationToken)
   at Grpc.Core.AsyncStreamReaderExtensions.ReadAllAsyncCore[T](IAsyncStreamReader`1 streamReader, CancellationToken cancellationToken)+MoveNext()
   at Grpc.Core.AsyncStreamReaderExtensions.ReadAllAsyncCore[T](IAsyncStreamReader`1 streamReader, CancellationToken cancellationToken)+System.Threading.Tasks.Sources.IValueTaskSource<System.Boolean>.GetResult()
   at ShelfsService.src.ShelfsService.Host.Features.Items.GetPhotoByName.ExecuteAsync(GetImageByName req, CancellationToken ct) in D:\visualStudio\Projects\OnlineShelf\backend\Microservices\ShelfsService\src\ShelfsService.Host\Features\Images\GetImageByName.cs:line 50
   at ShelfsService.src.ShelfsService.Host.Features.Items.GetPhotoByName.ExecuteAsync(GetImageByName req, CancellationToken ct) in D:\visualStudio\Projects\OnlineShelf\backend\Microservices\ShelfsService\src\ShelfsService.Host\Features\Images\GetImageByName.cs:line 50
   at FastEndpoints.Endpoint`2.ExecAsync(CancellationToken ct)
   at FastEndpoints.Endpoint`2.ExecAsync(CancellationToken ct)
   at Microsoft.AspNetCore.Http.RequestDelegateFactory.ExecuteResultWriteResponse(IResult result, HttpContext httpContext)
   at Microsoft.AspNetCore.Authorization.AuthorizationMiddleware.Invoke(HttpContext context)
   at Microsoft.AspNetCore.Authentication.AuthenticationMiddleware.Invoke(HttpContext context)
   at Swashbuckle.AspNetCore.SwaggerUI.SwaggerUIMiddleware.Invoke(HttpContext httpContext)
   at Swashbuckle.AspNetCore.Swagger.SwaggerMiddleware.Invoke(HttpContext httpContext, ISwaggerProvider swaggerProvider)
   at Serilog.AspNetCore.RequestLoggingMiddleware.Invoke(HttpContext httpContext)
2026-07-05 15:25:47.812 +03:00 [ERR] ShelfsService Microsoft.AspNetCore.Diagnostics.DeveloperExceptionPageMiddleware An unhandled exception has occurred while executing the request.
Grpc.Core.RpcException: Status(StatusCode="Unavailable", Detail="Error connecting to subchannel.", DebugException="System.Net.Sockets.SocketException: No such host is known.")
 ---> System.Net.Sockets.SocketException (11001): No such host is known.
   at System.Net.Sockets.Socket.AwaitableSocketAsyncEventArgs.ThrowException(SocketError error, CancellationToken cancellationToken)
   at System.Net.Sockets.Socket.AwaitableSocketAsyncEventArgs.System.Threading.Tasks.Sources.IValueTaskSource.GetResult(Int16 token)
   at System.Net.Sockets.Socket.<ConnectAsync>g__WaitForConnectWithCancellation|285_0(AwaitableSocketAsyncEventArgs saea, ValueTask connectTask, CancellationToken cancellationToken)
   at Grpc.Net.Client.Balancer.Internal.SocketConnectivitySubchannelTransport.TryConnectAsync(ConnectContext context, Int32 attempt)
   --- End of inner exception stack trace ---
   at Grpc.Net.Client.Internal.HttpContentClientStreamReader`2.MoveNextCore(CancellationToken cancellationToken)
   at Grpc.Core.AsyncStreamReaderExtensions.ReadAllAsyncCore[T](IAsyncStreamReader`1 streamReader, CancellationToken cancellationToken)+MoveNext()
   at Grpc.Core.AsyncStreamReaderExtensions.ReadAllAsyncCore[T](IAsyncStreamReader`1 streamReader, CancellationToken cancellationToken)+System.Threading.Tasks.Sources.IValueTaskSource<System.Boolean>.GetResult()
   at ShelfsService.src.ShelfsService.Host.Features.Items.GetPhotoByName.ExecuteAsync(GetImageByName req, CancellationToken ct) in D:\visualStudio\Projects\OnlineShelf\backend\Microservices\ShelfsService\src\ShelfsService.Host\Features\Images\GetImageByName.cs:line 50
   at ShelfsService.src.ShelfsService.Host.Features.Items.GetPhotoByName.ExecuteAsync(GetImageByName req, CancellationToken ct) in D:\visualStudio\Projects\OnlineShelf\backend\Microservices\ShelfsService\src\ShelfsService.Host\Features\Images\GetImageByName.cs:line 50
   at FastEndpoints.Endpoint`2.ExecAsync(CancellationToken ct)
   at FastEndpoints.Endpoint`2.ExecAsync(CancellationToken ct)
   at Microsoft.AspNetCore.Http.RequestDelegateFactory.ExecuteResultWriteResponse(IResult result, HttpContext httpContext)
   at Microsoft.AspNetCore.Authorization.AuthorizationMiddleware.Invoke(HttpContext context)
   at Microsoft.AspNetCore.Authentication.AuthenticationMiddleware.Invoke(HttpContext context)
   at Swashbuckle.AspNetCore.SwaggerUI.SwaggerUIMiddleware.Invoke(HttpContext httpContext)
   at Swashbuckle.AspNetCore.Swagger.SwaggerMiddleware.Invoke(HttpContext httpContext, ISwaggerProvider swaggerProvider)
   at Serilog.AspNetCore.RequestLoggingMiddleware.Invoke(HttpContext httpContext)
   at Microsoft.AspNetCore.Diagnostics.DeveloperExceptionPageMiddlewareImpl.Invoke(HttpContext context)
2026-07-05 15:25:51.043 +03:00 [ERR] ShelfsService Serilog.AspNetCore.RequestLoggingMiddleware HTTP GET /shelfs/image/get-image/4b1f3cdf-fa97-4744-a677-47c0969b6af8_big.webp responded 500 in 2198.6716 ms
Grpc.Core.RpcException: Status(StatusCode="Unavailable", Detail="Error connecting to subchannel.", DebugException="System.Net.Sockets.SocketException: No such host is known.")
 ---> System.Net.Sockets.SocketException (11001): No such host is known.
   at System.Net.Sockets.Socket.AwaitableSocketAsyncEventArgs.ThrowException(SocketError error, CancellationToken cancellationToken)
   at System.Net.Sockets.Socket.AwaitableSocketAsyncEventArgs.System.Threading.Tasks.Sources.IValueTaskSource.GetResult(Int16 token)
   at System.Net.Sockets.Socket.<ConnectAsync>g__WaitForConnectWithCancellation|285_0(AwaitableSocketAsyncEventArgs saea, ValueTask connectTask, CancellationToken cancellationToken)
   at Grpc.Net.Client.Balancer.Internal.SocketConnectivitySubchannelTransport.TryConnectAsync(ConnectContext context, Int32 attempt)
   --- End of inner exception stack trace ---
   at Grpc.Net.Client.Internal.HttpContentClientStreamReader`2.MoveNextCore(CancellationToken cancellationToken)
   at Grpc.Core.AsyncStreamReaderExtensions.ReadAllAsyncCore[T](IAsyncStreamReader`1 streamReader, CancellationToken cancellationToken)+MoveNext()
   at Grpc.Core.AsyncStreamReaderExtensions.ReadAllAsyncCore[T](IAsyncStreamReader`1 streamReader, CancellationToken cancellationToken)+System.Threading.Tasks.Sources.IValueTaskSource<System.Boolean>.GetResult()
   at ShelfsService.src.ShelfsService.Host.Features.Items.GetPhotoByName.ExecuteAsync(GetImageByName req, CancellationToken ct) in D:\visualStudio\Projects\OnlineShelf\backend\Microservices\ShelfsService\src\ShelfsService.Host\Features\Images\GetImageByName.cs:line 50
   at ShelfsService.src.ShelfsService.Host.Features.Items.GetPhotoByName.ExecuteAsync(GetImageByName req, CancellationToken ct) in D:\visualStudio\Projects\OnlineShelf\backend\Microservices\ShelfsService\src\ShelfsService.Host\Features\Images\GetImageByName.cs:line 50
   at FastEndpoints.Endpoint`2.ExecAsync(CancellationToken ct)
   at FastEndpoints.Endpoint`2.ExecAsync(CancellationToken ct)
   at Microsoft.AspNetCore.Http.RequestDelegateFactory.ExecuteResultWriteResponse(IResult result, HttpContext httpContext)
   at Microsoft.AspNetCore.Authorization.AuthorizationMiddleware.Invoke(HttpContext context)
   at Microsoft.AspNetCore.Authentication.AuthenticationMiddleware.Invoke(HttpContext context)
   at Swashbuckle.AspNetCore.SwaggerUI.SwaggerUIMiddleware.Invoke(HttpContext httpContext)
   at Swashbuckle.AspNetCore.Swagger.SwaggerMiddleware.Invoke(HttpContext httpContext, ISwaggerProvider swaggerProvider)
   at Serilog.AspNetCore.RequestLoggingMiddleware.Invoke(HttpContext httpContext)
2026-07-05 15:25:51.049 +03:00 [ERR] ShelfsService Microsoft.AspNetCore.Diagnostics.DeveloperExceptionPageMiddleware An unhandled exception has occurred while executing the request.
Grpc.Core.RpcException: Status(StatusCode="Unavailable", Detail="Error connecting to subchannel.", DebugException="System.Net.Sockets.SocketException: No such host is known.")
 ---> System.Net.Sockets.SocketException (11001): No such host is known.
   at System.Net.Sockets.Socket.AwaitableSocketAsyncEventArgs.ThrowException(SocketError error, CancellationToken cancellationToken)
   at System.Net.Sockets.Socket.AwaitableSocketAsyncEventArgs.System.Threading.Tasks.Sources.IValueTaskSource.GetResult(Int16 token)
   at System.Net.Sockets.Socket.<ConnectAsync>g__WaitForConnectWithCancellation|285_0(AwaitableSocketAsyncEventArgs saea, ValueTask connectTask, CancellationToken cancellationToken)
   at Grpc.Net.Client.Balancer.Internal.SocketConnectivitySubchannelTransport.TryConnectAsync(ConnectContext context, Int32 attempt)
   --- End of inner exception stack trace ---
   at Grpc.Net.Client.Internal.HttpContentClientStreamReader`2.MoveNextCore(CancellationToken cancellationToken)
   at Grpc.Core.AsyncStreamReaderExtensions.ReadAllAsyncCore[T](IAsyncStreamReader`1 streamReader, CancellationToken cancellationToken)+MoveNext()
   at Grpc.Core.AsyncStreamReaderExtensions.ReadAllAsyncCore[T](IAsyncStreamReader`1 streamReader, CancellationToken cancellationToken)+System.Threading.Tasks.Sources.IValueTaskSource<System.Boolean>.GetResult()
   at ShelfsService.src.ShelfsService.Host.Features.Items.GetPhotoByName.ExecuteAsync(GetImageByName req, CancellationToken ct) in D:\visualStudio\Projects\OnlineShelf\backend\Microservices\ShelfsService\src\ShelfsService.Host\Features\Images\GetImageByName.cs:line 50
   at ShelfsService.src.ShelfsService.Host.Features.Items.GetPhotoByName.ExecuteAsync(GetImageByName req, CancellationToken ct) in D:\visualStudio\Projects\OnlineShelf\backend\Microservices\ShelfsService\src\ShelfsService.Host\Features\Images\GetImageByName.cs:line 50
   at FastEndpoints.Endpoint`2.ExecAsync(CancellationToken ct)
   at FastEndpoints.Endpoint`2.ExecAsync(CancellationToken ct)
   at Microsoft.AspNetCore.Http.RequestDelegateFactory.ExecuteResultWriteResponse(IResult result, HttpContext httpContext)
   at Microsoft.AspNetCore.Authorization.AuthorizationMiddleware.Invoke(HttpContext context)
   at Microsoft.AspNetCore.Authentication.AuthenticationMiddleware.Invoke(HttpContext context)
   at Swashbuckle.AspNetCore.SwaggerUI.SwaggerUIMiddleware.Invoke(HttpContext httpContext)
   at Swashbuckle.AspNetCore.Swagger.SwaggerMiddleware.Invoke(HttpContext httpContext, ISwaggerProvider swaggerProvider)
   at Serilog.AspNetCore.RequestLoggingMiddleware.Invoke(HttpContext httpContext)
   at Microsoft.AspNetCore.Diagnostics.DeveloperExceptionPageMiddlewareImpl.Invoke(HttpContext context)
2026-07-05 15:25:57.831 +03:00 [ERR] ShelfsService Serilog.AspNetCore.RequestLoggingMiddleware HTTP GET /shelfs/image/get-image/4b1f3cdf-fa97-4744-a677-47c0969b6af8_big.webp responded 500 in 4753.7314 ms
Grpc.Core.RpcException: Status(StatusCode="Unavailable", Detail="Error connecting to subchannel.", DebugException="System.Net.Sockets.SocketException: No such host is known.")
 ---> System.Net.Sockets.SocketException (11001): No such host is known.
   at System.Net.Sockets.Socket.AwaitableSocketAsyncEventArgs.ThrowException(SocketError error, CancellationToken cancellationToken)
   at System.Net.Sockets.Socket.AwaitableSocketAsyncEventArgs.System.Threading.Tasks.Sources.IValueTaskSource.GetResult(Int16 token)
   at System.Net.Sockets.Socket.<ConnectAsync>g__WaitForConnectWithCancellation|285_0(AwaitableSocketAsyncEventArgs saea, ValueTask connectTask, CancellationToken cancellationToken)
   at Grpc.Net.Client.Balancer.Internal.SocketConnectivitySubchannelTransport.TryConnectAsync(ConnectContext context, Int32 attempt)
   --- End of inner exception stack trace ---
   at Grpc.Net.Client.Internal.HttpContentClientStreamReader`2.MoveNextCore(CancellationToken cancellationToken)
   at Grpc.Core.AsyncStreamReaderExtensions.ReadAllAsyncCore[T](IAsyncStreamReader`1 streamReader, CancellationToken cancellationToken)+MoveNext()
   at Grpc.Core.AsyncStreamReaderExtensions.ReadAllAsyncCore[T](IAsyncStreamReader`1 streamReader, CancellationToken cancellationToken)+System.Threading.Tasks.Sources.IValueTaskSource<System.Boolean>.GetResult()
   at ShelfsService.src.ShelfsService.Host.Features.Items.GetPhotoByName.ExecuteAsync(GetImageByName req, CancellationToken ct) in D:\visualStudio\Projects\OnlineShelf\backend\Microservices\ShelfsService\src\ShelfsService.Host\Features\Images\GetImageByName.cs:line 50
   at ShelfsService.src.ShelfsService.Host.Features.Items.GetPhotoByName.ExecuteAsync(GetImageByName req, CancellationToken ct) in D:\visualStudio\Projects\OnlineShelf\backend\Microservices\ShelfsService\src\ShelfsService.Host\Features\Images\GetImageByName.cs:line 50
   at FastEndpoints.Endpoint`2.ExecAsync(CancellationToken ct)
   at FastEndpoints.Endpoint`2.ExecAsync(CancellationToken ct)
   at Microsoft.AspNetCore.Http.RequestDelegateFactory.ExecuteResultWriteResponse(IResult result, HttpContext httpContext)
   at Microsoft.AspNetCore.Authorization.AuthorizationMiddleware.Invoke(HttpContext context)
   at Microsoft.AspNetCore.Authentication.AuthenticationMiddleware.Invoke(HttpContext context)
   at Swashbuckle.AspNetCore.SwaggerUI.SwaggerUIMiddleware.Invoke(HttpContext httpContext)
   at Swashbuckle.AspNetCore.Swagger.SwaggerMiddleware.Invoke(HttpContext httpContext, ISwaggerProvider swaggerProvider)
   at Serilog.AspNetCore.RequestLoggingMiddleware.Invoke(HttpContext httpContext)
2026-07-05 15:25:57.838 +03:00 [ERR] ShelfsService Microsoft.AspNetCore.Diagnostics.DeveloperExceptionPageMiddleware An unhandled exception has occurred while executing the request.
Grpc.Core.RpcException: Status(StatusCode="Unavailable", Detail="Error connecting to subchannel.", DebugException="System.Net.Sockets.SocketException: No such host is known.")
 ---> System.Net.Sockets.SocketException (11001): No such host is known.
   at System.Net.Sockets.Socket.AwaitableSocketAsyncEventArgs.ThrowException(SocketError error, CancellationToken cancellationToken)
   at System.Net.Sockets.Socket.AwaitableSocketAsyncEventArgs.System.Threading.Tasks.Sources.IValueTaskSource.GetResult(Int16 token)
   at System.Net.Sockets.Socket.<ConnectAsync>g__WaitForConnectWithCancellation|285_0(AwaitableSocketAsyncEventArgs saea, ValueTask connectTask, CancellationToken cancellationToken)
   at Grpc.Net.Client.Balancer.Internal.SocketConnectivitySubchannelTransport.TryConnectAsync(ConnectContext context, Int32 attempt)
   --- End of inner exception stack trace ---
   at Grpc.Net.Client.Internal.HttpContentClientStreamReader`2.MoveNextCore(CancellationToken cancellationToken)
   at Grpc.Core.AsyncStreamReaderExtensions.ReadAllAsyncCore[T](IAsyncStreamReader`1 streamReader, CancellationToken cancellationToken)+MoveNext()
   at Grpc.Core.AsyncStreamReaderExtensions.ReadAllAsyncCore[T](IAsyncStreamReader`1 streamReader, CancellationToken cancellationToken)+System.Threading.Tasks.Sources.IValueTaskSource<System.Boolean>.GetResult()
   at ShelfsService.src.ShelfsService.Host.Features.Items.GetPhotoByName.ExecuteAsync(GetImageByName req, CancellationToken ct) in D:\visualStudio\Projects\OnlineShelf\backend\Microservices\ShelfsService\src\ShelfsService.Host\Features\Images\GetImageByName.cs:line 50
   at ShelfsService.src.ShelfsService.Host.Features.Items.GetPhotoByName.ExecuteAsync(GetImageByName req, CancellationToken ct) in D:\visualStudio\Projects\OnlineShelf\backend\Microservices\ShelfsService\src\ShelfsService.Host\Features\Images\GetImageByName.cs:line 50
   at FastEndpoints.Endpoint`2.ExecAsync(CancellationToken ct)
   at FastEndpoints.Endpoint`2.ExecAsync(CancellationToken ct)
   at Microsoft.AspNetCore.Http.RequestDelegateFactory.ExecuteResultWriteResponse(IResult result, HttpContext httpContext)
   at Microsoft.AspNetCore.Authorization.AuthorizationMiddleware.Invoke(HttpContext context)
   at Microsoft.AspNetCore.Authentication.AuthenticationMiddleware.Invoke(HttpContext context)
   at Swashbuckle.AspNetCore.SwaggerUI.SwaggerUIMiddleware.Invoke(HttpContext httpContext)
   at Swashbuckle.AspNetCore.Swagger.SwaggerMiddleware.Invoke(HttpContext httpContext, ISwaggerProvider swaggerProvider)
   at Serilog.AspNetCore.RequestLoggingMiddleware.Invoke(HttpContext httpContext)
   at Microsoft.AspNetCore.Diagnostics.DeveloperExceptionPageMiddlewareImpl.Invoke(HttpContext context)
2026-07-05 15:25:57.882 +03:00 [ERR] ShelfsService Serilog.AspNetCore.RequestLoggingMiddleware HTTP PUT /shelfs/items responded 500 in 3540.0599 ms
Grpc.Core.RpcException: Status(StatusCode="Unavailable", Detail="Error connecting to subchannel.", DebugException="System.Net.Sockets.SocketException: No such host is known.")
 ---> System.Net.Sockets.SocketException (11001): No such host is known.
   at System.Net.Sockets.Socket.AwaitableSocketAsyncEventArgs.ThrowException(SocketError error, CancellationToken cancellationToken)
   at System.Net.Sockets.Socket.AwaitableSocketAsyncEventArgs.System.Threading.Tasks.Sources.IValueTaskSource.GetResult(Int16 token)
   at System.Net.Sockets.Socket.<ConnectAsync>g__WaitForConnectWithCancellation|285_0(AwaitableSocketAsyncEventArgs saea, ValueTask connectTask, CancellationToken cancellationToken)
   at Grpc.Net.Client.Balancer.Internal.SocketConnectivitySubchannelTransport.TryConnectAsync(ConnectContext context, Int32 attempt)
   --- End of inner exception stack trace ---
   at Grpc.Net.Client.Balancer.Internal.ConnectionManager.PickAsync(PickContext context, Boolean waitForReady, CancellationToken cancellationToken)
   at Grpc.Net.Client.Balancer.Internal.BalancerHttpHandler.SendAsync(HttpRequestMessage request, CancellationToken cancellationToken)
   at Grpc.Net.Client.Internal.GrpcCall`2.RunCall(HttpRequestMessage request, Nullable`1 timeout)
   at ShelfsService.src.ShelfsService.Host.Features.Items.UpdateItemCommandHandler.HandleAsync(UpdateItemCommand request, CancellationToken ct) in D:\visualStudio\Projects\OnlineShelf\backend\Microservices\ShelfsService\src\ShelfsService.Host\Features\Items\UpdateItem.cs:line 94
   at FastEndpoints.Endpoint`2.ExecAsync(CancellationToken ct)
   at FastEndpoints.Endpoint`2.ExecAsync(CancellationToken ct)
   at Microsoft.AspNetCore.Http.RequestDelegateFactory.ExecuteResultWriteResponse(IResult result, HttpContext httpContext)
   at Microsoft.AspNetCore.Authorization.AuthorizationMiddleware.Invoke(HttpContext context)
   at Microsoft.AspNetCore.Authentication.AuthenticationMiddleware.Invoke(HttpContext context)
   at Swashbuckle.AspNetCore.SwaggerUI.SwaggerUIMiddleware.Invoke(HttpContext httpContext)
   at Swashbuckle.AspNetCore.Swagger.SwaggerMiddleware.Invoke(HttpContext httpContext, ISwaggerProvider swaggerProvider)
   at Serilog.AspNetCore.RequestLoggingMiddleware.Invoke(HttpContext httpContext)
2026-07-05 15:25:57.886 +03:00 [ERR] ShelfsService Microsoft.AspNetCore.Diagnostics.DeveloperExceptionPageMiddleware An unhandled exception has occurred while executing the request.
Grpc.Core.RpcException: Status(StatusCode="Unavailable", Detail="Error connecting to subchannel.", DebugException="System.Net.Sockets.SocketException: No such host is known.")
 ---> System.Net.Sockets.SocketException (11001): No such host is known.
   at System.Net.Sockets.Socket.AwaitableSocketAsyncEventArgs.ThrowException(SocketError error, CancellationToken cancellationToken)
   at System.Net.Sockets.Socket.AwaitableSocketAsyncEventArgs.System.Threading.Tasks.Sources.IValueTaskSource.GetResult(Int16 token)
   at System.Net.Sockets.Socket.<ConnectAsync>g__WaitForConnectWithCancellation|285_0(AwaitableSocketAsyncEventArgs saea, ValueTask connectTask, CancellationToken cancellationToken)
   at Grpc.Net.Client.Balancer.Internal.SocketConnectivitySubchannelTransport.TryConnectAsync(ConnectContext context, Int32 attempt)
   --- End of inner exception stack trace ---
   at Grpc.Net.Client.Balancer.Internal.ConnectionManager.PickAsync(PickContext context, Boolean waitForReady, CancellationToken cancellationToken)
   at Grpc.Net.Client.Balancer.Internal.BalancerHttpHandler.SendAsync(HttpRequestMessage request, CancellationToken cancellationToken)
   at Grpc.Net.Client.Internal.GrpcCall`2.RunCall(HttpRequestMessage request, Nullable`1 timeout)
   at ShelfsService.src.ShelfsService.Host.Features.Items.UpdateItemCommandHandler.HandleAsync(UpdateItemCommand request, CancellationToken ct) in D:\visualStudio\Projects\OnlineShelf\backend\Microservices\ShelfsService\src\ShelfsService.Host\Features\Items\UpdateItem.cs:line 94
   at FastEndpoints.Endpoint`2.ExecAsync(CancellationToken ct)
   at FastEndpoints.Endpoint`2.ExecAsync(CancellationToken ct)
   at Microsoft.AspNetCore.Http.RequestDelegateFactory.ExecuteResultWriteResponse(IResult result, HttpContext httpContext)
   at Microsoft.AspNetCore.Authorization.AuthorizationMiddleware.Invoke(HttpContext context)
   at Microsoft.AspNetCore.Authentication.AuthenticationMiddleware.Invoke(HttpContext context)
   at Swashbuckle.AspNetCore.SwaggerUI.SwaggerUIMiddleware.Invoke(HttpContext httpContext)
   at Swashbuckle.AspNetCore.Swagger.SwaggerMiddleware.Invoke(HttpContext httpContext, ISwaggerProvider swaggerProvider)
   at Serilog.AspNetCore.RequestLoggingMiddleware.Invoke(HttpContext httpContext)
   at Microsoft.AspNetCore.Diagnostics.DeveloperExceptionPageMiddlewareImpl.Invoke(HttpContext context)
2026-07-05 15:26:03.300 +03:00 [ERR] ShelfsService Serilog.AspNetCore.RequestLoggingMiddleware HTTP GET /shelfs/image/get-image/4b1f3cdf-fa97-4744-a677-47c0969b6af8_big.webp responded 500 in 1416.0636 ms
Grpc.Core.RpcException: Status(StatusCode="Unavailable", Detail="Error connecting to subchannel.", DebugException="System.Net.Sockets.SocketException: No such host is known.")
 ---> System.Net.Sockets.SocketException (11001): No such host is known.
   at System.Net.Sockets.Socket.AwaitableSocketAsyncEventArgs.ThrowException(SocketError error, CancellationToken cancellationToken)
   at System.Net.Sockets.Socket.AwaitableSocketAsyncEventArgs.System.Threading.Tasks.Sources.IValueTaskSource.GetResult(Int16 token)
   at System.Net.Sockets.Socket.<ConnectAsync>g__WaitForConnectWithCancellation|285_0(AwaitableSocketAsyncEventArgs saea, ValueTask connectTask, CancellationToken cancellationToken)
   at Grpc.Net.Client.Balancer.Internal.SocketConnectivitySubchannelTransport.TryConnectAsync(ConnectContext context, Int32 attempt)
   --- End of inner exception stack trace ---
   at Grpc.Net.Client.Internal.HttpContentClientStreamReader`2.MoveNextCore(CancellationToken cancellationToken)
   at Grpc.Core.AsyncStreamReaderExtensions.ReadAllAsyncCore[T](IAsyncStreamReader`1 streamReader, CancellationToken cancellationToken)+MoveNext()
   at Grpc.Core.AsyncStreamReaderExtensions.ReadAllAsyncCore[T](IAsyncStreamReader`1 streamReader, CancellationToken cancellationToken)+System.Threading.Tasks.Sources.IValueTaskSource<System.Boolean>.GetResult()
   at ShelfsService.src.ShelfsService.Host.Features.Items.GetPhotoByName.ExecuteAsync(GetImageByName req, CancellationToken ct) in D:\visualStudio\Projects\OnlineShelf\backend\Microservices\ShelfsService\src\ShelfsService.Host\Features\Images\GetImageByName.cs:line 50
   at ShelfsService.src.ShelfsService.Host.Features.Items.GetPhotoByName.ExecuteAsync(GetImageByName req, CancellationToken ct) in D:\visualStudio\Projects\OnlineShelf\backend\Microservices\ShelfsService\src\ShelfsService.Host\Features\Images\GetImageByName.cs:line 50
   at FastEndpoints.Endpoint`2.ExecAsync(CancellationToken ct)
   at FastEndpoints.Endpoint`2.ExecAsync(CancellationToken ct)
   at Microsoft.AspNetCore.Http.RequestDelegateFactory.ExecuteResultWriteResponse(IResult result, HttpContext httpContext)
   at Microsoft.AspNetCore.Authorization.AuthorizationMiddleware.Invoke(HttpContext context)
   at Microsoft.AspNetCore.Authentication.AuthenticationMiddleware.Invoke(HttpContext context)
   at Swashbuckle.AspNetCore.SwaggerUI.SwaggerUIMiddleware.Invoke(HttpContext httpContext)
   at Swashbuckle.AspNetCore.Swagger.SwaggerMiddleware.Invoke(HttpContext httpContext, ISwaggerProvider swaggerProvider)
   at Serilog.AspNetCore.RequestLoggingMiddleware.Invoke(HttpContext httpContext)
2026-07-05 15:26:03.303 +03:00 [ERR] ShelfsService Microsoft.AspNetCore.Diagnostics.DeveloperExceptionPageMiddleware An unhandled exception has occurred while executing the request.
Grpc.Core.RpcException: Status(StatusCode="Unavailable", Detail="Error connecting to subchannel.", DebugException="System.Net.Sockets.SocketException: No such host is known.")
 ---> System.Net.Sockets.SocketException (11001): No such host is known.
   at System.Net.Sockets.Socket.AwaitableSocketAsyncEventArgs.ThrowException(SocketError error, CancellationToken cancellationToken)
   at System.Net.Sockets.Socket.AwaitableSocketAsyncEventArgs.System.Threading.Tasks.Sources.IValueTaskSource.GetResult(Int16 token)
   at System.Net.Sockets.Socket.<ConnectAsync>g__WaitForConnectWithCancellation|285_0(AwaitableSocketAsyncEventArgs saea, ValueTask connectTask, CancellationToken cancellationToken)
   at Grpc.Net.Client.Balancer.Internal.SocketConnectivitySubchannelTransport.TryConnectAsync(ConnectContext context, Int32 attempt)
   --- End of inner exception stack trace ---
   at Grpc.Net.Client.Internal.HttpContentClientStreamReader`2.MoveNextCore(CancellationToken cancellationToken)
   at Grpc.Core.AsyncStreamReaderExtensions.ReadAllAsyncCore[T](IAsyncStreamReader`1 streamReader, CancellationToken cancellationToken)+MoveNext()
   at Grpc.Core.AsyncStreamReaderExtensions.ReadAllAsyncCore[T](IAsyncStreamReader`1 streamReader, CancellationToken cancellationToken)+System.Threading.Tasks.Sources.IValueTaskSource<System.Boolean>.GetResult()
   at ShelfsService.src.ShelfsService.Host.Features.Items.GetPhotoByName.ExecuteAsync(GetImageByName req, CancellationToken ct) in D:\visualStudio\Projects\OnlineShelf\backend\Microservices\ShelfsService\src\ShelfsService.Host\Features\Images\GetImageByName.cs:line 50
   at ShelfsService.src.ShelfsService.Host.Features.Items.GetPhotoByName.ExecuteAsync(GetImageByName req, CancellationToken ct) in D:\visualStudio\Projects\OnlineShelf\backend\Microservices\ShelfsService\src\ShelfsService.Host\Features\Images\GetImageByName.cs:line 50
   at FastEndpoints.Endpoint`2.ExecAsync(CancellationToken ct)
   at FastEndpoints.Endpoint`2.ExecAsync(CancellationToken ct)
   at Microsoft.AspNetCore.Http.RequestDelegateFactory.ExecuteResultWriteResponse(IResult result, HttpContext httpContext)
   at Microsoft.AspNetCore.Authorization.AuthorizationMiddleware.Invoke(HttpContext context)
   at Microsoft.AspNetCore.Authentication.AuthenticationMiddleware.Invoke(HttpContext context)
   at Swashbuckle.AspNetCore.SwaggerUI.SwaggerUIMiddleware.Invoke(HttpContext httpContext)
   at Swashbuckle.AspNetCore.Swagger.SwaggerMiddleware.Invoke(HttpContext httpContext, ISwaggerProvider swaggerProvider)
   at Serilog.AspNetCore.RequestLoggingMiddleware.Invoke(HttpContext httpContext)
   at Microsoft.AspNetCore.Diagnostics.DeveloperExceptionPageMiddlewareImpl.Invoke(HttpContext context)
2026-07-05 15:26:05.537 +03:00 [ERR] ShelfsService Serilog.AspNetCore.RequestLoggingMiddleware HTTP GET /shelfs/image/get-image/4b1f3cdf-fa97-4744-a677-47c0969b6af8_big.webp responded 500 in 101.4119 ms
Grpc.Core.RpcException: Status(StatusCode="Unavailable", Detail="Error connecting to subchannel.", DebugException="System.Net.Sockets.SocketException: No such host is known.")
 ---> System.Net.Sockets.SocketException (11001): No such host is known.
   at System.Net.Sockets.Socket.AwaitableSocketAsyncEventArgs.ThrowException(SocketError error, CancellationToken cancellationToken)
   at System.Net.Sockets.Socket.AwaitableSocketAsyncEventArgs.System.Threading.Tasks.Sources.IValueTaskSource.GetResult(Int16 token)
   at System.Net.Sockets.Socket.<ConnectAsync>g__WaitForConnectWithCancellation|285_0(AwaitableSocketAsyncEventArgs saea, ValueTask connectTask, CancellationToken cancellationToken)
   at Grpc.Net.Client.Balancer.Internal.SocketConnectivitySubchannelTransport.TryConnectAsync(ConnectContext context, Int32 attempt)
   --- End of inner exception stack trace ---
   at Grpc.Core.AsyncStreamReaderExtensions.ReadAllAsyncCore[T](IAsyncStreamReader`1 streamReader, CancellationToken cancellationToken)+MoveNext()
   at Grpc.Core.AsyncStreamReaderExtensions.ReadAllAsyncCore[T](IAsyncStreamReader`1 streamReader, CancellationToken cancellationToken)+System.Threading.Tasks.Sources.IValueTaskSource<System.Boolean>.GetResult()
   at ShelfsService.src.ShelfsService.Host.Features.Items.GetPhotoByName.ExecuteAsync(GetImageByName req, CancellationToken ct) in D:\visualStudio\Projects\OnlineShelf\backend\Microservices\ShelfsService\src\ShelfsService.Host\Features\Images\GetImageByName.cs:line 50
   at ShelfsService.src.ShelfsService.Host.Features.Items.GetPhotoByName.ExecuteAsync(GetImageByName req, CancellationToken ct) in D:\visualStudio\Projects\OnlineShelf\backend\Microservices\ShelfsService\src\ShelfsService.Host\Features\Images\GetImageByName.cs:line 50
   at FastEndpoints.Endpoint`2.ExecAsync(CancellationToken ct)
   at FastEndpoints.Endpoint`2.ExecAsync(CancellationToken ct)
   at Microsoft.AspNetCore.Http.RequestDelegateFactory.ExecuteResultWriteResponse(IResult result, HttpContext httpContext)
   at Microsoft.AspNetCore.Authorization.AuthorizationMiddleware.Invoke(HttpContext context)
   at Microsoft.AspNetCore.Authentication.AuthenticationMiddleware.Invoke(HttpContext context)
   at Swashbuckle.AspNetCore.SwaggerUI.SwaggerUIMiddleware.Invoke(HttpContext httpContext)
   at Swashbuckle.AspNetCore.Swagger.SwaggerMiddleware.Invoke(HttpContext httpContext, ISwaggerProvider swaggerProvider)
   at Serilog.AspNetCore.RequestLoggingMiddleware.Invoke(HttpContext httpContext)
2026-07-05 15:26:05.543 +03:00 [ERR] ShelfsService Microsoft.AspNetCore.Diagnostics.DeveloperExceptionPageMiddleware An unhandled exception has occurred while executing the request.
Grpc.Core.RpcException: Status(StatusCode="Unavailable", Detail="Error connecting to subchannel.", DebugException="System.Net.Sockets.SocketException: No such host is known.")
 ---> System.Net.Sockets.SocketException (11001): No such host is known.
   at System.Net.Sockets.Socket.AwaitableSocketAsyncEventArgs.ThrowException(SocketError error, CancellationToken cancellationToken)
   at System.Net.Sockets.Socket.AwaitableSocketAsyncEventArgs.System.Threading.Tasks.Sources.IValueTaskSource.GetResult(Int16 token)
   at System.Net.Sockets.Socket.<ConnectAsync>g__WaitForConnectWithCancellation|285_0(AwaitableSocketAsyncEventArgs saea, ValueTask connectTask, CancellationToken cancellationToken)
   at Grpc.Net.Client.Balancer.Internal.SocketConnectivitySubchannelTransport.TryConnectAsync(ConnectContext context, Int32 attempt)
   --- End of inner exception stack trace ---
   at Grpc.Core.AsyncStreamReaderExtensions.ReadAllAsyncCore[T](IAsyncStreamReader`1 streamReader, CancellationToken cancellationToken)+MoveNext()
   at Grpc.Core.AsyncStreamReaderExtensions.ReadAllAsyncCore[T](IAsyncStreamReader`1 streamReader, CancellationToken cancellationToken)+System.Threading.Tasks.Sources.IValueTaskSource<System.Boolean>.GetResult()
   at ShelfsService.src.ShelfsService.Host.Features.Items.GetPhotoByName.ExecuteAsync(GetImageByName req, CancellationToken ct) in D:\visualStudio\Projects\OnlineShelf\backend\Microservices\ShelfsService\src\ShelfsService.Host\Features\Images\GetImageByName.cs:line 50
   at ShelfsService.src.ShelfsService.Host.Features.Items.GetPhotoByName.ExecuteAsync(GetImageByName req, CancellationToken ct) in D:\visualStudio\Projects\OnlineShelf\backend\Microservices\ShelfsService\src\ShelfsService.Host\Features\Images\GetImageByName.cs:line 50
   at FastEndpoints.Endpoint`2.ExecAsync(CancellationToken ct)
   at FastEndpoints.Endpoint`2.ExecAsync(CancellationToken ct)
   at Microsoft.AspNetCore.Http.RequestDelegateFactory.ExecuteResultWriteResponse(IResult result, HttpContext httpContext)
   at Microsoft.AspNetCore.Authorization.AuthorizationMiddleware.Invoke(HttpContext context)
   at Microsoft.AspNetCore.Authentication.AuthenticationMiddleware.Invoke(HttpContext context)
   at Swashbuckle.AspNetCore.SwaggerUI.SwaggerUIMiddleware.Invoke(HttpContext httpContext)
   at Swashbuckle.AspNetCore.Swagger.SwaggerMiddleware.Invoke(HttpContext httpContext, ISwaggerProvider swaggerProvider)
   at Serilog.AspNetCore.RequestLoggingMiddleware.Invoke(HttpContext httpContext)
   at Microsoft.AspNetCore.Diagnostics.DeveloperExceptionPageMiddlewareImpl.Invoke(HttpContext context)
2026-07-05 15:26:06.653 +03:00 [ERR] ShelfsService Serilog.AspNetCore.RequestLoggingMiddleware HTTP GET /shelfs/image/get-image/4b1f3cdf-fa97-4744-a677-47c0969b6af8_big.webp responded 500 in 76.7547 ms
Grpc.Core.RpcException: Status(StatusCode="Unavailable", Detail="Error connecting to subchannel.", DebugException="System.Net.Sockets.SocketException: No such host is known.")
 ---> System.Net.Sockets.SocketException (11001): No such host is known.
   at System.Net.Sockets.Socket.AwaitableSocketAsyncEventArgs.ThrowException(SocketError error, CancellationToken cancellationToken)
   at System.Net.Sockets.Socket.AwaitableSocketAsyncEventArgs.System.Threading.Tasks.Sources.IValueTaskSource.GetResult(Int16 token)
   at System.Net.Sockets.Socket.<ConnectAsync>g__WaitForConnectWithCancellation|285_0(AwaitableSocketAsyncEventArgs saea, ValueTask connectTask, CancellationToken cancellationToken)
   at Grpc.Net.Client.Balancer.Internal.SocketConnectivitySubchannelTransport.TryConnectAsync(ConnectContext context, Int32 attempt)
   --- End of inner exception stack trace ---
   at Grpc.Core.AsyncStreamReaderExtensions.ReadAllAsyncCore[T](IAsyncStreamReader`1 streamReader, CancellationToken cancellationToken)+MoveNext()
   at Grpc.Core.AsyncStreamReaderExtensions.ReadAllAsyncCore[T](IAsyncStreamReader`1 streamReader, CancellationToken cancellationToken)+System.Threading.Tasks.Sources.IValueTaskSource<System.Boolean>.GetResult()
   at ShelfsService.src.ShelfsService.Host.Features.Items.GetPhotoByName.ExecuteAsync(GetImageByName req, CancellationToken ct) in D:\visualStudio\Projects\OnlineShelf\backend\Microservices\ShelfsService\src\ShelfsService.Host\Features\Images\GetImageByName.cs:line 50
   at ShelfsService.src.ShelfsService.Host.Features.Items.GetPhotoByName.ExecuteAsync(GetImageByName req, CancellationToken ct) in D:\visualStudio\Projects\OnlineShelf\backend\Microservices\ShelfsService\src\ShelfsService.Host\Features\Images\GetImageByName.cs:line 50
   at FastEndpoints.Endpoint`2.ExecAsync(CancellationToken ct)
   at FastEndpoints.Endpoint`2.ExecAsync(CancellationToken ct)
   at Microsoft.AspNetCore.Http.RequestDelegateFactory.ExecuteResultWriteResponse(IResult result, HttpContext httpContext)
   at Microsoft.AspNetCore.Authorization.AuthorizationMiddleware.Invoke(HttpContext context)
   at Microsoft.AspNetCore.Authentication.AuthenticationMiddleware.Invoke(HttpContext context)
   at Swashbuckle.AspNetCore.SwaggerUI.SwaggerUIMiddleware.Invoke(HttpContext httpContext)
   at Swashbuckle.AspNetCore.Swagger.SwaggerMiddleware.Invoke(HttpContext httpContext, ISwaggerProvider swaggerProvider)
   at Serilog.AspNetCore.RequestLoggingMiddleware.Invoke(HttpContext httpContext)
2026-07-05 15:26:06.657 +03:00 [ERR] ShelfsService Microsoft.AspNetCore.Diagnostics.DeveloperExceptionPageMiddleware An unhandled exception has occurred while executing the request.
Grpc.Core.RpcException: Status(StatusCode="Unavailable", Detail="Error connecting to subchannel.", DebugException="System.Net.Sockets.SocketException: No such host is known.")
 ---> System.Net.Sockets.SocketException (11001): No such host is known.
   at System.Net.Sockets.Socket.AwaitableSocketAsyncEventArgs.ThrowException(SocketError error, CancellationToken cancellationToken)
   at System.Net.Sockets.Socket.AwaitableSocketAsyncEventArgs.System.Threading.Tasks.Sources.IValueTaskSource.GetResult(Int16 token)
   at System.Net.Sockets.Socket.<ConnectAsync>g__WaitForConnectWithCancellation|285_0(AwaitableSocketAsyncEventArgs saea, ValueTask connectTask, CancellationToken cancellationToken)
   at Grpc.Net.Client.Balancer.Internal.SocketConnectivitySubchannelTransport.TryConnectAsync(ConnectContext context, Int32 attempt)
   --- End of inner exception stack trace ---
   at Grpc.Core.AsyncStreamReaderExtensions.ReadAllAsyncCore[T](IAsyncStreamReader`1 streamReader, CancellationToken cancellationToken)+MoveNext()
   at Grpc.Core.AsyncStreamReaderExtensions.ReadAllAsyncCore[T](IAsyncStreamReader`1 streamReader, CancellationToken cancellationToken)+System.Threading.Tasks.Sources.IValueTaskSource<System.Boolean>.GetResult()
   at ShelfsService.src.ShelfsService.Host.Features.Items.GetPhotoByName.ExecuteAsync(GetImageByName req, CancellationToken ct) in D:\visualStudio\Projects\OnlineShelf\backend\Microservices\ShelfsService\src\ShelfsService.Host\Features\Images\GetImageByName.cs:line 50
   at ShelfsService.src.ShelfsService.Host.Features.Items.GetPhotoByName.ExecuteAsync(GetImageByName req, CancellationToken ct) in D:\visualStudio\Projects\OnlineShelf\backend\Microservices\ShelfsService\src\ShelfsService.Host\Features\Images\GetImageByName.cs:line 50
   at FastEndpoints.Endpoint`2.ExecAsync(CancellationToken ct)
   at FastEndpoints.Endpoint`2.ExecAsync(CancellationToken ct)
   at Microsoft.AspNetCore.Http.RequestDelegateFactory.ExecuteResultWriteResponse(IResult result, HttpContext httpContext)
   at Microsoft.AspNetCore.Authorization.AuthorizationMiddleware.Invoke(HttpContext context)
   at Microsoft.AspNetCore.Authentication.AuthenticationMiddleware.Invoke(HttpContext context)
   at Swashbuckle.AspNetCore.SwaggerUI.SwaggerUIMiddleware.Invoke(HttpContext httpContext)
   at Swashbuckle.AspNetCore.Swagger.SwaggerMiddleware.Invoke(HttpContext httpContext, ISwaggerProvider swaggerProvider)
   at Serilog.AspNetCore.RequestLoggingMiddleware.Invoke(HttpContext httpContext)
   at Microsoft.AspNetCore.Diagnostics.DeveloperExceptionPageMiddlewareImpl.Invoke(HttpContext context)
2026-07-05 15:26:09.840 +03:00 [ERR] ShelfsService Serilog.AspNetCore.RequestLoggingMiddleware HTTP GET /shelfs/image/get-image/4b1f3cdf-fa97-4744-a677-47c0969b6af8_big.webp responded 500 in 1160.3245 ms
Grpc.Core.RpcException: Status(StatusCode="Unavailable", Detail="Error connecting to subchannel.", DebugException="System.Net.Sockets.SocketException: No such host is known.")
 ---> System.Net.Sockets.SocketException (11001): No such host is known.
   at System.Net.Sockets.Socket.AwaitableSocketAsyncEventArgs.ThrowException(SocketError error, CancellationToken cancellationToken)
   at System.Net.Sockets.Socket.AwaitableSocketAsyncEventArgs.System.Threading.Tasks.Sources.IValueTaskSource.GetResult(Int16 token)
   at System.Net.Sockets.Socket.<ConnectAsync>g__WaitForConnectWithCancellation|285_0(AwaitableSocketAsyncEventArgs saea, ValueTask connectTask, CancellationToken cancellationToken)
   at Grpc.Net.Client.Balancer.Internal.SocketConnectivitySubchannelTransport.TryConnectAsync(ConnectContext context, Int32 attempt)
   --- End of inner exception stack trace ---
   at Grpc.Net.Client.Internal.HttpContentClientStreamReader`2.MoveNextCore(CancellationToken cancellationToken)
   at Grpc.Core.AsyncStreamReaderExtensions.ReadAllAsyncCore[T](IAsyncStreamReader`1 streamReader, CancellationToken cancellationToken)+MoveNext()
   at Grpc.Core.AsyncStreamReaderExtensions.ReadAllAsyncCore[T](IAsyncStreamReader`1 streamReader, CancellationToken cancellationToken)+System.Threading.Tasks.Sources.IValueTaskSource<System.Boolean>.GetResult()
   at ShelfsService.src.ShelfsService.Host.Features.Items.GetPhotoByName.ExecuteAsync(GetImageByName req, CancellationToken ct) in D:\visualStudio\Projects\OnlineShelf\backend\Microservices\ShelfsService\src\ShelfsService.Host\Features\Images\GetImageByName.cs:line 50
   at ShelfsService.src.ShelfsService.Host.Features.Items.GetPhotoByName.ExecuteAsync(GetImageByName req, CancellationToken ct) in D:\visualStudio\Projects\OnlineShelf\backend\Microservices\ShelfsService\src\ShelfsService.Host\Features\Images\GetImageByName.cs:line 50
   at FastEndpoints.Endpoint`2.ExecAsync(CancellationToken ct)
   at FastEndpoints.Endpoint`2.ExecAsync(CancellationToken ct)
   at Microsoft.AspNetCore.Http.RequestDelegateFactory.ExecuteResultWriteResponse(IResult result, HttpContext httpContext)
   at Microsoft.AspNetCore.Authorization.AuthorizationMiddleware.Invoke(HttpContext context)
   at Microsoft.AspNetCore.Authentication.AuthenticationMiddleware.Invoke(HttpContext context)
   at Swashbuckle.AspNetCore.SwaggerUI.SwaggerUIMiddleware.Invoke(HttpContext httpContext)
   at Swashbuckle.AspNetCore.Swagger.SwaggerMiddleware.Invoke(HttpContext httpContext, ISwaggerProvider swaggerProvider)
   at Serilog.AspNetCore.RequestLoggingMiddleware.Invoke(HttpContext httpContext)
2026-07-05 15:26:09.845 +03:00 [ERR] ShelfsService Microsoft.AspNetCore.Diagnostics.DeveloperExceptionPageMiddleware An unhandled exception has occurred while executing the request.
Grpc.Core.RpcException: Status(StatusCode="Unavailable", Detail="Error connecting to subchannel.", DebugException="System.Net.Sockets.SocketException: No such host is known.")
 ---> System.Net.Sockets.SocketException (11001): No such host is known.
   at System.Net.Sockets.Socket.AwaitableSocketAsyncEventArgs.ThrowException(SocketError error, CancellationToken cancellationToken)
   at System.Net.Sockets.Socket.AwaitableSocketAsyncEventArgs.System.Threading.Tasks.Sources.IValueTaskSource.GetResult(Int16 token)
   at System.Net.Sockets.Socket.<ConnectAsync>g__WaitForConnectWithCancellation|285_0(AwaitableSocketAsyncEventArgs saea, ValueTask connectTask, CancellationToken cancellationToken)
   at Grpc.Net.Client.Balancer.Internal.SocketConnectivitySubchannelTransport.TryConnectAsync(ConnectContext context, Int32 attempt)
   --- End of inner exception stack trace ---
   at Grpc.Net.Client.Internal.HttpContentClientStreamReader`2.MoveNextCore(CancellationToken cancellationToken)
   at Grpc.Core.AsyncStreamReaderExtensions.ReadAllAsyncCore[T](IAsyncStreamReader`1 streamReader, CancellationToken cancellationToken)+MoveNext()
   at Grpc.Core.AsyncStreamReaderExtensions.ReadAllAsyncCore[T](IAsyncStreamReader`1 streamReader, CancellationToken cancellationToken)+System.Threading.Tasks.Sources.IValueTaskSource<System.Boolean>.GetResult()
   at ShelfsService.src.ShelfsService.Host.Features.Items.GetPhotoByName.ExecuteAsync(GetImageByName req, CancellationToken ct) in D:\visualStudio\Projects\OnlineShelf\backend\Microservices\ShelfsService\src\ShelfsService.Host\Features\Images\GetImageByName.cs:line 50
   at ShelfsService.src.ShelfsService.Host.Features.Items.GetPhotoByName.ExecuteAsync(GetImageByName req, CancellationToken ct) in D:\visualStudio\Projects\OnlineShelf\backend\Microservices\ShelfsService\src\ShelfsService.Host\Features\Images\GetImageByName.cs:line 50
   at FastEndpoints.Endpoint`2.ExecAsync(CancellationToken ct)
   at FastEndpoints.Endpoint`2.ExecAsync(CancellationToken ct)
   at Microsoft.AspNetCore.Http.RequestDelegateFactory.ExecuteResultWriteResponse(IResult result, HttpContext httpContext)
   at Microsoft.AspNetCore.Authorization.AuthorizationMiddleware.Invoke(HttpContext context)
   at Microsoft.AspNetCore.Authentication.AuthenticationMiddleware.Invoke(HttpContext context)
   at Swashbuckle.AspNetCore.SwaggerUI.SwaggerUIMiddleware.Invoke(HttpContext httpContext)
   at Swashbuckle.AspNetCore.Swagger.SwaggerMiddleware.Invoke(HttpContext httpContext, ISwaggerProvider swaggerProvider)
   at Serilog.AspNetCore.RequestLoggingMiddleware.Invoke(HttpContext httpContext)
   at Microsoft.AspNetCore.Diagnostics.DeveloperExceptionPageMiddlewareImpl.Invoke(HttpContext context)
2026-07-05 15:26:13.943 +03:00 [ERR] ShelfsService Serilog.AspNetCore.RequestLoggingMiddleware HTTP GET /shelfs/image/get-image/4b1f3cdf-fa97-4744-a677-47c0969b6af8_big.webp responded 500 in 70.0313 ms
Grpc.Core.RpcException: Status(StatusCode="Unavailable", Detail="Error connecting to subchannel.", DebugException="System.Net.Sockets.SocketException: No such host is known.")
 ---> System.Net.Sockets.SocketException (11001): No such host is known.
   at System.Net.Sockets.Socket.AwaitableSocketAsyncEventArgs.ThrowException(SocketError error, CancellationToken cancellationToken)
   at System.Net.Sockets.Socket.AwaitableSocketAsyncEventArgs.System.Threading.Tasks.Sources.IValueTaskSource.GetResult(Int16 token)
   at System.Net.Sockets.Socket.<ConnectAsync>g__WaitForConnectWithCancellation|285_0(AwaitableSocketAsyncEventArgs saea, ValueTask connectTask, CancellationToken cancellationToken)
   at Grpc.Net.Client.Balancer.Internal.SocketConnectivitySubchannelTransport.TryConnectAsync(ConnectContext context, Int32 attempt)
   --- End of inner exception stack trace ---
   at Grpc.Core.AsyncStreamReaderExtensions.ReadAllAsyncCore[T](IAsyncStreamReader`1 streamReader, CancellationToken cancellationToken)+MoveNext()
   at Grpc.Core.AsyncStreamReaderExtensions.ReadAllAsyncCore[T](IAsyncStreamReader`1 streamReader, CancellationToken cancellationToken)+System.Threading.Tasks.Sources.IValueTaskSource<System.Boolean>.GetResult()
   at ShelfsService.src.ShelfsService.Host.Features.Items.GetPhotoByName.ExecuteAsync(GetImageByName req, CancellationToken ct) in D:\visualStudio\Projects\OnlineShelf\backend\Microservices\ShelfsService\src\ShelfsService.Host\Features\Images\GetImageByName.cs:line 50
   at ShelfsService.src.ShelfsService.Host.Features.Items.GetPhotoByName.ExecuteAsync(GetImageByName req, CancellationToken ct) in D:\visualStudio\Projects\OnlineShelf\backend\Microservices\ShelfsService\src\ShelfsService.Host\Features\Images\GetImageByName.cs:line 50
   at FastEndpoints.Endpoint`2.ExecAsync(CancellationToken ct)
   at FastEndpoints.Endpoint`2.ExecAsync(CancellationToken ct)
   at Microsoft.AspNetCore.Http.RequestDelegateFactory.ExecuteResultWriteResponse(IResult result, HttpContext httpContext)
   at Microsoft.AspNetCore.Authorization.AuthorizationMiddleware.Invoke(HttpContext context)
   at Microsoft.AspNetCore.Authentication.AuthenticationMiddleware.Invoke(HttpContext context)
   at Swashbuckle.AspNetCore.SwaggerUI.SwaggerUIMiddleware.Invoke(HttpContext httpContext)
   at Swashbuckle.AspNetCore.Swagger.SwaggerMiddleware.Invoke(HttpContext httpContext, ISwaggerProvider swaggerProvider)
   at Serilog.AspNetCore.RequestLoggingMiddleware.Invoke(HttpContext httpContext)
2026-07-05 15:26:13.947 +03:00 [ERR] ShelfsService Microsoft.AspNetCore.Diagnostics.DeveloperExceptionPageMiddleware An unhandled exception has occurred while executing the request.
Grpc.Core.RpcException: Status(StatusCode="Unavailable", Detail="Error connecting to subchannel.", DebugException="System.Net.Sockets.SocketException: No such host is known.")
 ---> System.Net.Sockets.SocketException (11001): No such host is known.
   at System.Net.Sockets.Socket.AwaitableSocketAsyncEventArgs.ThrowException(SocketError error, CancellationToken cancellationToken)
   at System.Net.Sockets.Socket.AwaitableSocketAsyncEventArgs.System.Threading.Tasks.Sources.IValueTaskSource.GetResult(Int16 token)
   at System.Net.Sockets.Socket.<ConnectAsync>g__WaitForConnectWithCancellation|285_0(AwaitableSocketAsyncEventArgs saea, ValueTask connectTask, CancellationToken cancellationToken)
   at Grpc.Net.Client.Balancer.Internal.SocketConnectivitySubchannelTransport.TryConnectAsync(ConnectContext context, Int32 attempt)
   --- End of inner exception stack trace ---
   at Grpc.Core.AsyncStreamReaderExtensions.ReadAllAsyncCore[T](IAsyncStreamReader`1 streamReader, CancellationToken cancellationToken)+MoveNext()
   at Grpc.Core.AsyncStreamReaderExtensions.ReadAllAsyncCore[T](IAsyncStreamReader`1 streamReader, CancellationToken cancellationToken)+System.Threading.Tasks.Sources.IValueTaskSource<System.Boolean>.GetResult()
   at ShelfsService.src.ShelfsService.Host.Features.Items.GetPhotoByName.ExecuteAsync(GetImageByName req, CancellationToken ct) in D:\visualStudio\Projects\OnlineShelf\backend\Microservices\ShelfsService\src\ShelfsService.Host\Features\Images\GetImageByName.cs:line 50
   at ShelfsService.src.ShelfsService.Host.Features.Items.GetPhotoByName.ExecuteAsync(GetImageByName req, CancellationToken ct) in D:\visualStudio\Projects\OnlineShelf\backend\Microservices\ShelfsService\src\ShelfsService.Host\Features\Images\GetImageByName.cs:line 50
   at FastEndpoints.Endpoint`2.ExecAsync(CancellationToken ct)
   at FastEndpoints.Endpoint`2.ExecAsync(CancellationToken ct)
   at Microsoft.AspNetCore.Http.RequestDelegateFactory.ExecuteResultWriteResponse(IResult result, HttpContext httpContext)
   at Microsoft.AspNetCore.Authorization.AuthorizationMiddleware.Invoke(HttpContext context)
   at Microsoft.AspNetCore.Authentication.AuthenticationMiddleware.Invoke(HttpContext context)
   at Swashbuckle.AspNetCore.SwaggerUI.SwaggerUIMiddleware.Invoke(HttpContext httpContext)
   at Swashbuckle.AspNetCore.Swagger.SwaggerMiddleware.Invoke(HttpContext httpContext, ISwaggerProvider swaggerProvider)
   at Serilog.AspNetCore.RequestLoggingMiddleware.Invoke(HttpContext httpContext)
   at Microsoft.AspNetCore.Diagnostics.DeveloperExceptionPageMiddlewareImpl.Invoke(HttpContext context)
2026-07-05 16:16:28.168 +03:00 [ERR] ShelfsService Serilog.AspNetCore.RequestLoggingMiddleware HTTP GET /shelfs/image/get-image/4b1f3cdf-fa97-4744-a677-47c0969b6af8_big.webp responded 500 in 3465.5452 ms
Grpc.Core.RpcException: Status(StatusCode="Unavailable", Detail="Error connecting to subchannel.", DebugException="System.Net.Sockets.SocketException: No such host is known.")
 ---> System.Net.Sockets.SocketException (11001): No such host is known.
   at System.Net.Sockets.Socket.AwaitableSocketAsyncEventArgs.ThrowException(SocketError error, CancellationToken cancellationToken)
   at System.Net.Sockets.Socket.AwaitableSocketAsyncEventArgs.System.Threading.Tasks.Sources.IValueTaskSource.GetResult(Int16 token)
   at System.Net.Sockets.Socket.<ConnectAsync>g__WaitForConnectWithCancellation|285_0(AwaitableSocketAsyncEventArgs saea, ValueTask connectTask, CancellationToken cancellationToken)
   at Grpc.Net.Client.Balancer.Internal.SocketConnectivitySubchannelTransport.TryConnectAsync(ConnectContext context, Int32 attempt)
   --- End of inner exception stack trace ---
   at Grpc.Net.Client.Internal.HttpContentClientStreamReader`2.MoveNextCore(CancellationToken cancellationToken)
   at Grpc.Core.AsyncStreamReaderExtensions.ReadAllAsyncCore[T](IAsyncStreamReader`1 streamReader, CancellationToken cancellationToken)+MoveNext()
   at Grpc.Core.AsyncStreamReaderExtensions.ReadAllAsyncCore[T](IAsyncStreamReader`1 streamReader, CancellationToken cancellationToken)+System.Threading.Tasks.Sources.IValueTaskSource<System.Boolean>.GetResult()
   at ShelfsService.src.ShelfsService.Host.Features.Items.GetPhotoByName.ExecuteAsync(GetImageByName req, CancellationToken ct) in D:\visualStudio\Projects\OnlineShelf\backend\Microservices\ShelfsService\src\ShelfsService.Host\Features\Images\GetImageByName.cs:line 50
   at ShelfsService.src.ShelfsService.Host.Features.Items.GetPhotoByName.ExecuteAsync(GetImageByName req, CancellationToken ct) in D:\visualStudio\Projects\OnlineShelf\backend\Microservices\ShelfsService\src\ShelfsService.Host\Features\Images\GetImageByName.cs:line 50
   at FastEndpoints.Endpoint`2.ExecAsync(CancellationToken ct)
   at FastEndpoints.Endpoint`2.ExecAsync(CancellationToken ct)
   at Microsoft.AspNetCore.Http.RequestDelegateFactory.ExecuteResultWriteResponse(IResult result, HttpContext httpContext)
   at Microsoft.AspNetCore.Authorization.AuthorizationMiddleware.Invoke(HttpContext context)
   at Microsoft.AspNetCore.Authentication.AuthenticationMiddleware.Invoke(HttpContext context)
   at Swashbuckle.AspNetCore.SwaggerUI.SwaggerUIMiddleware.Invoke(HttpContext httpContext)
   at Swashbuckle.AspNetCore.Swagger.SwaggerMiddleware.Invoke(HttpContext httpContext, ISwaggerProvider swaggerProvider)
   at Serilog.AspNetCore.RequestLoggingMiddleware.Invoke(HttpContext httpContext)
2026-07-05 16:16:28.186 +03:00 [ERR] ShelfsService Microsoft.AspNetCore.Diagnostics.DeveloperExceptionPageMiddleware An unhandled exception has occurred while executing the request.
Grpc.Core.RpcException: Status(StatusCode="Unavailable", Detail="Error connecting to subchannel.", DebugException="System.Net.Sockets.SocketException: No such host is known.")
 ---> System.Net.Sockets.SocketException (11001): No such host is known.
   at System.Net.Sockets.Socket.AwaitableSocketAsyncEventArgs.ThrowException(SocketError error, CancellationToken cancellationToken)
   at System.Net.Sockets.Socket.AwaitableSocketAsyncEventArgs.System.Threading.Tasks.Sources.IValueTaskSource.GetResult(Int16 token)
   at System.Net.Sockets.Socket.<ConnectAsync>g__WaitForConnectWithCancellation|285_0(AwaitableSocketAsyncEventArgs saea, ValueTask connectTask, CancellationToken cancellationToken)
   at Grpc.Net.Client.Balancer.Internal.SocketConnectivitySubchannelTransport.TryConnectAsync(ConnectContext context, Int32 attempt)
   --- End of inner exception stack trace ---
   at Grpc.Net.Client.Internal.HttpContentClientStreamReader`2.MoveNextCore(CancellationToken cancellationToken)
   at Grpc.Core.AsyncStreamReaderExtensions.ReadAllAsyncCore[T](IAsyncStreamReader`1 streamReader, CancellationToken cancellationToken)+MoveNext()
   at Grpc.Core.AsyncStreamReaderExtensions.ReadAllAsyncCore[T](IAsyncStreamReader`1 streamReader, CancellationToken cancellationToken)+System.Threading.Tasks.Sources.IValueTaskSource<System.Boolean>.GetResult()
   at ShelfsService.src.ShelfsService.Host.Features.Items.GetPhotoByName.ExecuteAsync(GetImageByName req, CancellationToken ct) in D:\visualStudio\Projects\OnlineShelf\backend\Microservices\ShelfsService\src\ShelfsService.Host\Features\Images\GetImageByName.cs:line 50
   at ShelfsService.src.ShelfsService.Host.Features.Items.GetPhotoByName.ExecuteAsync(GetImageByName req, CancellationToken ct) in D:\visualStudio\Projects\OnlineShelf\backend\Microservices\ShelfsService\src\ShelfsService.Host\Features\Images\GetImageByName.cs:line 50
   at FastEndpoints.Endpoint`2.ExecAsync(CancellationToken ct)
   at FastEndpoints.Endpoint`2.ExecAsync(CancellationToken ct)
   at Microsoft.AspNetCore.Http.RequestDelegateFactory.ExecuteResultWriteResponse(IResult result, HttpContext httpContext)
   at Microsoft.AspNetCore.Authorization.AuthorizationMiddleware.Invoke(HttpContext context)
   at Microsoft.AspNetCore.Authentication.AuthenticationMiddleware.Invoke(HttpContext context)
   at Swashbuckle.AspNetCore.SwaggerUI.SwaggerUIMiddleware.Invoke(HttpContext httpContext)
   at Swashbuckle.AspNetCore.Swagger.SwaggerMiddleware.Invoke(HttpContext httpContext, ISwaggerProvider swaggerProvider)
   at Serilog.AspNetCore.RequestLoggingMiddleware.Invoke(HttpContext httpContext)
   at Microsoft.AspNetCore.Diagnostics.DeveloperExceptionPageMiddlewareImpl.Invoke(HttpContext context)
2026-07-05 16:16:31.590 +03:00 [ERR] ShelfsService Serilog.AspNetCore.RequestLoggingMiddleware HTTP GET /shelfs/image/get-image/4b1f3cdf-fa97-4744-a677-47c0969b6af8_big.webp responded 500 in 2370.0414 ms
Grpc.Core.RpcException: Status(StatusCode="Unavailable", Detail="Error connecting to subchannel.", DebugException="System.Net.Sockets.SocketException: No such host is known.")
 ---> System.Net.Sockets.SocketException (11001): No such host is known.
   at System.Net.Sockets.Socket.AwaitableSocketAsyncEventArgs.ThrowException(SocketError error, CancellationToken cancellationToken)
   at System.Net.Sockets.Socket.AwaitableSocketAsyncEventArgs.System.Threading.Tasks.Sources.IValueTaskSource.GetResult(Int16 token)
   at System.Net.Sockets.Socket.<ConnectAsync>g__WaitForConnectWithCancellation|285_0(AwaitableSocketAsyncEventArgs saea, ValueTask connectTask, CancellationToken cancellationToken)
   at Grpc.Net.Client.Balancer.Internal.SocketConnectivitySubchannelTransport.TryConnectAsync(ConnectContext context, Int32 attempt)
   --- End of inner exception stack trace ---
   at Grpc.Net.Client.Internal.HttpContentClientStreamReader`2.MoveNextCore(CancellationToken cancellationToken)
   at Grpc.Core.AsyncStreamReaderExtensions.ReadAllAsyncCore[T](IAsyncStreamReader`1 streamReader, CancellationToken cancellationToken)+MoveNext()
   at Grpc.Core.AsyncStreamReaderExtensions.ReadAllAsyncCore[T](IAsyncStreamReader`1 streamReader, CancellationToken cancellationToken)+System.Threading.Tasks.Sources.IValueTaskSource<System.Boolean>.GetResult()
   at ShelfsService.src.ShelfsService.Host.Features.Items.GetPhotoByName.ExecuteAsync(GetImageByName req, CancellationToken ct) in D:\visualStudio\Projects\OnlineShelf\backend\Microservices\ShelfsService\src\ShelfsService.Host\Features\Images\GetImageByName.cs:line 50
   at ShelfsService.src.ShelfsService.Host.Features.Items.GetPhotoByName.ExecuteAsync(GetImageByName req, CancellationToken ct) in D:\visualStudio\Projects\OnlineShelf\backend\Microservices\ShelfsService\src\ShelfsService.Host\Features\Images\GetImageByName.cs:line 50
   at FastEndpoints.Endpoint`2.ExecAsync(CancellationToken ct)
   at FastEndpoints.Endpoint`2.ExecAsync(CancellationToken ct)
   at Microsoft.AspNetCore.Http.RequestDelegateFactory.ExecuteResultWriteResponse(IResult result, HttpContext httpContext)
   at Microsoft.AspNetCore.Authorization.AuthorizationMiddleware.Invoke(HttpContext context)
   at Microsoft.AspNetCore.Authentication.AuthenticationMiddleware.Invoke(HttpContext context)
   at Swashbuckle.AspNetCore.SwaggerUI.SwaggerUIMiddleware.Invoke(HttpContext httpContext)
   at Swashbuckle.AspNetCore.Swagger.SwaggerMiddleware.Invoke(HttpContext httpContext, ISwaggerProvider swaggerProvider)
   at Serilog.AspNetCore.RequestLoggingMiddleware.Invoke(HttpContext httpContext)
2026-07-05 16:16:31.596 +03:00 [ERR] ShelfsService Microsoft.AspNetCore.Diagnostics.DeveloperExceptionPageMiddleware An unhandled exception has occurred while executing the request.
Grpc.Core.RpcException: Status(StatusCode="Unavailable", Detail="Error connecting to subchannel.", DebugException="System.Net.Sockets.SocketException: No such host is known.")
 ---> System.Net.Sockets.SocketException (11001): No such host is known.
   at System.Net.Sockets.Socket.AwaitableSocketAsyncEventArgs.ThrowException(SocketError error, CancellationToken cancellationToken)
   at System.Net.Sockets.Socket.AwaitableSocketAsyncEventArgs.System.Threading.Tasks.Sources.IValueTaskSource.GetResult(Int16 token)
   at System.Net.Sockets.Socket.<ConnectAsync>g__WaitForConnectWithCancellation|285_0(AwaitableSocketAsyncEventArgs saea, ValueTask connectTask, CancellationToken cancellationToken)
   at Grpc.Net.Client.Balancer.Internal.SocketConnectivitySubchannelTransport.TryConnectAsync(ConnectContext context, Int32 attempt)
   --- End of inner exception stack trace ---
   at Grpc.Net.Client.Internal.HttpContentClientStreamReader`2.MoveNextCore(CancellationToken cancellationToken)
   at Grpc.Core.AsyncStreamReaderExtensions.ReadAllAsyncCore[T](IAsyncStreamReader`1 streamReader, CancellationToken cancellationToken)+MoveNext()
   at Grpc.Core.AsyncStreamReaderExtensions.ReadAllAsyncCore[T](IAsyncStreamReader`1 streamReader, CancellationToken cancellationToken)+System.Threading.Tasks.Sources.IValueTaskSource<System.Boolean>.GetResult()
   at ShelfsService.src.ShelfsService.Host.Features.Items.GetPhotoByName.ExecuteAsync(GetImageByName req, CancellationToken ct) in D:\visualStudio\Projects\OnlineShelf\backend\Microservices\ShelfsService\src\ShelfsService.Host\Features\Images\GetImageByName.cs:line 50
   at ShelfsService.src.ShelfsService.Host.Features.Items.GetPhotoByName.ExecuteAsync(GetImageByName req, CancellationToken ct) in D:\visualStudio\Projects\OnlineShelf\backend\Microservices\ShelfsService\src\ShelfsService.Host\Features\Images\GetImageByName.cs:line 50
   at FastEndpoints.Endpoint`2.ExecAsync(CancellationToken ct)
   at FastEndpoints.Endpoint`2.ExecAsync(CancellationToken ct)
   at Microsoft.AspNetCore.Http.RequestDelegateFactory.ExecuteResultWriteResponse(IResult result, HttpContext httpContext)
   at Microsoft.AspNetCore.Authorization.AuthorizationMiddleware.Invoke(HttpContext context)
   at Microsoft.AspNetCore.Authentication.AuthenticationMiddleware.Invoke(HttpContext context)
   at Swashbuckle.AspNetCore.SwaggerUI.SwaggerUIMiddleware.Invoke(HttpContext httpContext)
   at Swashbuckle.AspNetCore.Swagger.SwaggerMiddleware.Invoke(HttpContext httpContext, ISwaggerProvider swaggerProvider)
   at Serilog.AspNetCore.RequestLoggingMiddleware.Invoke(HttpContext httpContext)
   at Microsoft.AspNetCore.Diagnostics.DeveloperExceptionPageMiddlewareImpl.Invoke(HttpContext context)
2026-07-05 16:16:34.184 +03:00 [ERR] ShelfsService Serilog.AspNetCore.RequestLoggingMiddleware HTTP GET /shelfs/image/get-image/4b1f3cdf-fa97-4744-a677-47c0969b6af8_big.webp responded 500 in 563.6919 ms
Grpc.Core.RpcException: Status(StatusCode="Cancelled", Detail="Call canceled by the client.", DebugException="System.OperationCanceledException: The operation was canceled.")
 ---> System.OperationCanceledException: The operation was canceled.
   --- End of inner exception stack trace ---
   at Grpc.Net.Client.Internal.HttpContentClientStreamReader`2.MoveNextCore(CancellationToken cancellationToken)
   at Grpc.Core.AsyncStreamReaderExtensions.ReadAllAsyncCore[T](IAsyncStreamReader`1 streamReader, CancellationToken cancellationToken)+MoveNext()
   at Grpc.Core.AsyncStreamReaderExtensions.ReadAllAsyncCore[T](IAsyncStreamReader`1 streamReader, CancellationToken cancellationToken)+System.Threading.Tasks.Sources.IValueTaskSource<System.Boolean>.GetResult()
   at ShelfsService.src.ShelfsService.Host.Features.Items.GetPhotoByName.ExecuteAsync(GetImageByName req, CancellationToken ct) in D:\visualStudio\Projects\OnlineShelf\backend\Microservices\ShelfsService\src\ShelfsService.Host\Features\Images\GetImageByName.cs:line 50
   at ShelfsService.src.ShelfsService.Host.Features.Items.GetPhotoByName.ExecuteAsync(GetImageByName req, CancellationToken ct) in D:\visualStudio\Projects\OnlineShelf\backend\Microservices\ShelfsService\src\ShelfsService.Host\Features\Images\GetImageByName.cs:line 50
   at FastEndpoints.Endpoint`2.ExecAsync(CancellationToken ct)
   at FastEndpoints.Endpoint`2.ExecAsync(CancellationToken ct)
   at Microsoft.AspNetCore.Http.RequestDelegateFactory.ExecuteResultWriteResponse(IResult result, HttpContext httpContext)
   at Microsoft.AspNetCore.Authorization.AuthorizationMiddleware.Invoke(HttpContext context)
   at Microsoft.AspNetCore.Authentication.AuthenticationMiddleware.Invoke(HttpContext context)
   at Swashbuckle.AspNetCore.SwaggerUI.SwaggerUIMiddleware.Invoke(HttpContext httpContext)
   at Swashbuckle.AspNetCore.Swagger.SwaggerMiddleware.Invoke(HttpContext httpContext, ISwaggerProvider swaggerProvider)
   at Serilog.AspNetCore.RequestLoggingMiddleware.Invoke(HttpContext httpContext)
2026-07-05 16:16:34.189 +03:00 [ERR] ShelfsService Microsoft.AspNetCore.Diagnostics.DeveloperExceptionPageMiddleware An unhandled exception has occurred while executing the request.
Grpc.Core.RpcException: Status(StatusCode="Cancelled", Detail="Call canceled by the client.", DebugException="System.OperationCanceledException: The operation was canceled.")
 ---> System.OperationCanceledException: The operation was canceled.
   --- End of inner exception stack trace ---
   at Grpc.Net.Client.Internal.HttpContentClientStreamReader`2.MoveNextCore(CancellationToken cancellationToken)
   at Grpc.Core.AsyncStreamReaderExtensions.ReadAllAsyncCore[T](IAsyncStreamReader`1 streamReader, CancellationToken cancellationToken)+MoveNext()
   at Grpc.Core.AsyncStreamReaderExtensions.ReadAllAsyncCore[T](IAsyncStreamReader`1 streamReader, CancellationToken cancellationToken)+System.Threading.Tasks.Sources.IValueTaskSource<System.Boolean>.GetResult()
   at ShelfsService.src.ShelfsService.Host.Features.Items.GetPhotoByName.ExecuteAsync(GetImageByName req, CancellationToken ct) in D:\visualStudio\Projects\OnlineShelf\backend\Microservices\ShelfsService\src\ShelfsService.Host\Features\Images\GetImageByName.cs:line 50
   at ShelfsService.src.ShelfsService.Host.Features.Items.GetPhotoByName.ExecuteAsync(GetImageByName req, CancellationToken ct) in D:\visualStudio\Projects\OnlineShelf\backend\Microservices\ShelfsService\src\ShelfsService.Host\Features\Images\GetImageByName.cs:line 50
   at FastEndpoints.Endpoint`2.ExecAsync(CancellationToken ct)
   at FastEndpoints.Endpoint`2.ExecAsync(CancellationToken ct)
   at Microsoft.AspNetCore.Http.RequestDelegateFactory.ExecuteResultWriteResponse(IResult result, HttpContext httpContext)
   at Microsoft.AspNetCore.Authorization.AuthorizationMiddleware.Invoke(HttpContext context)
   at Microsoft.AspNetCore.Authentication.AuthenticationMiddleware.Invoke(HttpContext context)
   at Swashbuckle.AspNetCore.SwaggerUI.SwaggerUIMiddleware.Invoke(HttpContext httpContext)
   at Swashbuckle.AspNetCore.Swagger.SwaggerMiddleware.Invoke(HttpContext httpContext, ISwaggerProvider swaggerProvider)
   at Serilog.AspNetCore.RequestLoggingMiddleware.Invoke(HttpContext httpContext)
   at Microsoft.AspNetCore.Diagnostics.DeveloperExceptionPageMiddlewareImpl.Invoke(HttpContext context)
2026-07-05 16:16:35.809 +03:00 [ERR] ShelfsService Serilog.AspNetCore.RequestLoggingMiddleware HTTP GET /shelfs/image/get-image/4b1f3cdf-fa97-4744-a677-47c0969b6af8_big.webp responded 500 in 527.3691 ms
Grpc.Core.RpcException: Status(StatusCode="Unavailable", Detail="Error connecting to subchannel.", DebugException="System.Net.Sockets.SocketException: No such host is known.")
 ---> System.Net.Sockets.SocketException (11001): No such host is known.
   at System.Net.Sockets.Socket.AwaitableSocketAsyncEventArgs.ThrowException(SocketError error, CancellationToken cancellationToken)
   at System.Net.Sockets.Socket.AwaitableSocketAsyncEventArgs.System.Threading.Tasks.Sources.IValueTaskSource.GetResult(Int16 token)
   at System.Net.Sockets.Socket.<ConnectAsync>g__WaitForConnectWithCancellation|285_0(AwaitableSocketAsyncEventArgs saea, ValueTask connectTask, CancellationToken cancellationToken)
   at Grpc.Net.Client.Balancer.Internal.SocketConnectivitySubchannelTransport.TryConnectAsync(ConnectContext context, Int32 attempt)
   --- End of inner exception stack trace ---
   at Grpc.Net.Client.Internal.HttpContentClientStreamReader`2.MoveNextCore(CancellationToken cancellationToken)
   at Grpc.Core.AsyncStreamReaderExtensions.ReadAllAsyncCore[T](IAsyncStreamReader`1 streamReader, CancellationToken cancellationToken)+MoveNext()
   at Grpc.Core.AsyncStreamReaderExtensions.ReadAllAsyncCore[T](IAsyncStreamReader`1 streamReader, CancellationToken cancellationToken)+System.Threading.Tasks.Sources.IValueTaskSource<System.Boolean>.GetResult()
   at ShelfsService.src.ShelfsService.Host.Features.Items.GetPhotoByName.ExecuteAsync(GetImageByName req, CancellationToken ct) in D:\visualStudio\Projects\OnlineShelf\backend\Microservices\ShelfsService\src\ShelfsService.Host\Features\Images\GetImageByName.cs:line 50
   at ShelfsService.src.ShelfsService.Host.Features.Items.GetPhotoByName.ExecuteAsync(GetImageByName req, CancellationToken ct) in D:\visualStudio\Projects\OnlineShelf\backend\Microservices\ShelfsService\src\ShelfsService.Host\Features\Images\GetImageByName.cs:line 50
   at FastEndpoints.Endpoint`2.ExecAsync(CancellationToken ct)
   at FastEndpoints.Endpoint`2.ExecAsync(CancellationToken ct)
   at Microsoft.AspNetCore.Http.RequestDelegateFactory.ExecuteResultWriteResponse(IResult result, HttpContext httpContext)
   at Microsoft.AspNetCore.Authorization.AuthorizationMiddleware.Invoke(HttpContext context)
   at Microsoft.AspNetCore.Authentication.AuthenticationMiddleware.Invoke(HttpContext context)
   at Swashbuckle.AspNetCore.SwaggerUI.SwaggerUIMiddleware.Invoke(HttpContext httpContext)
   at Swashbuckle.AspNetCore.Swagger.SwaggerMiddleware.Invoke(HttpContext httpContext, ISwaggerProvider swaggerProvider)
   at Serilog.AspNetCore.RequestLoggingMiddleware.Invoke(HttpContext httpContext)
2026-07-05 16:16:35.815 +03:00 [ERR] ShelfsService Microsoft.AspNetCore.Diagnostics.DeveloperExceptionPageMiddleware An unhandled exception has occurred while executing the request.
Grpc.Core.RpcException: Status(StatusCode="Unavailable", Detail="Error connecting to subchannel.", DebugException="System.Net.Sockets.SocketException: No such host is known.")
 ---> System.Net.Sockets.SocketException (11001): No such host is known.
   at System.Net.Sockets.Socket.AwaitableSocketAsyncEventArgs.ThrowException(SocketError error, CancellationToken cancellationToken)
   at System.Net.Sockets.Socket.AwaitableSocketAsyncEventArgs.System.Threading.Tasks.Sources.IValueTaskSource.GetResult(Int16 token)
   at System.Net.Sockets.Socket.<ConnectAsync>g__WaitForConnectWithCancellation|285_0(AwaitableSocketAsyncEventArgs saea, ValueTask connectTask, CancellationToken cancellationToken)
   at Grpc.Net.Client.Balancer.Internal.SocketConnectivitySubchannelTransport.TryConnectAsync(ConnectContext context, Int32 attempt)
   --- End of inner exception stack trace ---
   at Grpc.Net.Client.Internal.HttpContentClientStreamReader`2.MoveNextCore(CancellationToken cancellationToken)
   at Grpc.Core.AsyncStreamReaderExtensions.ReadAllAsyncCore[T](IAsyncStreamReader`1 streamReader, CancellationToken cancellationToken)+MoveNext()
   at Grpc.Core.AsyncStreamReaderExtensions.ReadAllAsyncCore[T](IAsyncStreamReader`1 streamReader, CancellationToken cancellationToken)+System.Threading.Tasks.Sources.IValueTaskSource<System.Boolean>.GetResult()
   at ShelfsService.src.ShelfsService.Host.Features.Items.GetPhotoByName.ExecuteAsync(GetImageByName req, CancellationToken ct) in D:\visualStudio\Projects\OnlineShelf\backend\Microservices\ShelfsService\src\ShelfsService.Host\Features\Images\GetImageByName.cs:line 50
   at ShelfsService.src.ShelfsService.Host.Features.Items.GetPhotoByName.ExecuteAsync(GetImageByName req, CancellationToken ct) in D:\visualStudio\Projects\OnlineShelf\backend\Microservices\ShelfsService\src\ShelfsService.Host\Features\Images\GetImageByName.cs:line 50
   at FastEndpoints.Endpoint`2.ExecAsync(CancellationToken ct)
   at FastEndpoints.Endpoint`2.ExecAsync(CancellationToken ct)
   at Microsoft.AspNetCore.Http.RequestDelegateFactory.ExecuteResultWriteResponse(IResult result, HttpContext httpContext)
   at Microsoft.AspNetCore.Authorization.AuthorizationMiddleware.Invoke(HttpContext context)
   at Microsoft.AspNetCore.Authentication.AuthenticationMiddleware.Invoke(HttpContext context)
   at Swashbuckle.AspNetCore.SwaggerUI.SwaggerUIMiddleware.Invoke(HttpContext httpContext)
   at Swashbuckle.AspNetCore.Swagger.SwaggerMiddleware.Invoke(HttpContext httpContext, ISwaggerProvider swaggerProvider)
   at Serilog.AspNetCore.RequestLoggingMiddleware.Invoke(HttpContext httpContext)
   at Microsoft.AspNetCore.Diagnostics.DeveloperExceptionPageMiddlewareImpl.Invoke(HttpContext context)
2026-07-05 16:16:36.954 +03:00 [ERR] ShelfsService Serilog.AspNetCore.RequestLoggingMiddleware HTTP GET /shelfs/image/get-image/4b1f3cdf-fa97-4744-a677-47c0969b6af8_big.webp responded 500 in 115.2782 ms
Grpc.Core.RpcException: Status(StatusCode="Unavailable", Detail="Error connecting to subchannel.", DebugException="System.Net.Sockets.SocketException: No such host is known.")
 ---> System.Net.Sockets.SocketException (11001): No such host is known.
   at System.Net.Sockets.Socket.AwaitableSocketAsyncEventArgs.ThrowException(SocketError error, CancellationToken cancellationToken)
   at System.Net.Sockets.Socket.AwaitableSocketAsyncEventArgs.System.Threading.Tasks.Sources.IValueTaskSource.GetResult(Int16 token)
   at System.Net.Sockets.Socket.<ConnectAsync>g__WaitForConnectWithCancellation|285_0(AwaitableSocketAsyncEventArgs saea, ValueTask connectTask, CancellationToken cancellationToken)
   at Grpc.Net.Client.Balancer.Internal.SocketConnectivitySubchannelTransport.TryConnectAsync(ConnectContext context, Int32 attempt)
   --- End of inner exception stack trace ---
   at Grpc.Core.AsyncStreamReaderExtensions.ReadAllAsyncCore[T](IAsyncStreamReader`1 streamReader, CancellationToken cancellationToken)+MoveNext()
   at Grpc.Core.AsyncStreamReaderExtensions.ReadAllAsyncCore[T](IAsyncStreamReader`1 streamReader, CancellationToken cancellationToken)+System.Threading.Tasks.Sources.IValueTaskSource<System.Boolean>.GetResult()
   at ShelfsService.src.ShelfsService.Host.Features.Items.GetPhotoByName.ExecuteAsync(GetImageByName req, CancellationToken ct) in D:\visualStudio\Projects\OnlineShelf\backend\Microservices\ShelfsService\src\ShelfsService.Host\Features\Images\GetImageByName.cs:line 50
   at ShelfsService.src.ShelfsService.Host.Features.Items.GetPhotoByName.ExecuteAsync(GetImageByName req, CancellationToken ct) in D:\visualStudio\Projects\OnlineShelf\backend\Microservices\ShelfsService\src\ShelfsService.Host\Features\Images\GetImageByName.cs:line 50
   at FastEndpoints.Endpoint`2.ExecAsync(CancellationToken ct)
   at FastEndpoints.Endpoint`2.ExecAsync(CancellationToken ct)
   at Microsoft.AspNetCore.Http.RequestDelegateFactory.ExecuteResultWriteResponse(IResult result, HttpContext httpContext)
   at Microsoft.AspNetCore.Authorization.AuthorizationMiddleware.Invoke(HttpContext context)
   at Microsoft.AspNetCore.Authentication.AuthenticationMiddleware.Invoke(HttpContext context)
   at Swashbuckle.AspNetCore.SwaggerUI.SwaggerUIMiddleware.Invoke(HttpContext httpContext)
   at Swashbuckle.AspNetCore.Swagger.SwaggerMiddleware.Invoke(HttpContext httpContext, ISwaggerProvider swaggerProvider)
   at Serilog.AspNetCore.RequestLoggingMiddleware.Invoke(HttpContext httpContext)
2026-07-05 16:16:36.959 +03:00 [ERR] ShelfsService Microsoft.AspNetCore.Diagnostics.DeveloperExceptionPageMiddleware An unhandled exception has occurred while executing the request.
Grpc.Core.RpcException: Status(StatusCode="Unavailable", Detail="Error connecting to subchannel.", DebugException="System.Net.Sockets.SocketException: No such host is known.")
 ---> System.Net.Sockets.SocketException (11001): No such host is known.
   at System.Net.Sockets.Socket.AwaitableSocketAsyncEventArgs.ThrowException(SocketError error, CancellationToken cancellationToken)
   at System.Net.Sockets.Socket.AwaitableSocketAsyncEventArgs.System.Threading.Tasks.Sources.IValueTaskSource.GetResult(Int16 token)
   at System.Net.Sockets.Socket.<ConnectAsync>g__WaitForConnectWithCancellation|285_0(AwaitableSocketAsyncEventArgs saea, ValueTask connectTask, CancellationToken cancellationToken)
   at Grpc.Net.Client.Balancer.Internal.SocketConnectivitySubchannelTransport.TryConnectAsync(ConnectContext context, Int32 attempt)
   --- End of inner exception stack trace ---
   at Grpc.Core.AsyncStreamReaderExtensions.ReadAllAsyncCore[T](IAsyncStreamReader`1 streamReader, CancellationToken cancellationToken)+MoveNext()
   at Grpc.Core.AsyncStreamReaderExtensions.ReadAllAsyncCore[T](IAsyncStreamReader`1 streamReader, CancellationToken cancellationToken)+System.Threading.Tasks.Sources.IValueTaskSource<System.Boolean>.GetResult()
   at ShelfsService.src.ShelfsService.Host.Features.Items.GetPhotoByName.ExecuteAsync(GetImageByName req, CancellationToken ct) in D:\visualStudio\Projects\OnlineShelf\backend\Microservices\ShelfsService\src\ShelfsService.Host\Features\Images\GetImageByName.cs:line 50
   at ShelfsService.src.ShelfsService.Host.Features.Items.GetPhotoByName.ExecuteAsync(GetImageByName req, CancellationToken ct) in D:\visualStudio\Projects\OnlineShelf\backend\Microservices\ShelfsService\src\ShelfsService.Host\Features\Images\GetImageByName.cs:line 50
   at FastEndpoints.Endpoint`2.ExecAsync(CancellationToken ct)
   at FastEndpoints.Endpoint`2.ExecAsync(CancellationToken ct)
   at Microsoft.AspNetCore.Http.RequestDelegateFactory.ExecuteResultWriteResponse(IResult result, HttpContext httpContext)
   at Microsoft.AspNetCore.Authorization.AuthorizationMiddleware.Invoke(HttpContext context)
   at Microsoft.AspNetCore.Authentication.AuthenticationMiddleware.Invoke(HttpContext context)
   at Swashbuckle.AspNetCore.SwaggerUI.SwaggerUIMiddleware.Invoke(HttpContext httpContext)
   at Swashbuckle.AspNetCore.Swagger.SwaggerMiddleware.Invoke(HttpContext httpContext, ISwaggerProvider swaggerProvider)
   at Serilog.AspNetCore.RequestLoggingMiddleware.Invoke(HttpContext httpContext)
   at Microsoft.AspNetCore.Diagnostics.DeveloperExceptionPageMiddlewareImpl.Invoke(HttpContext context)
2026-07-05 16:16:41.224 +03:00 [ERR] ShelfsService Serilog.AspNetCore.RequestLoggingMiddleware HTTP GET /shelfs/image/get-image/4b1f3cdf-fa97-4744-a677-47c0969b6af8_big.webp responded 500 in 2243.0861 ms
Grpc.Core.RpcException: Status(StatusCode="Unavailable", Detail="Error connecting to subchannel.", DebugException="System.Net.Sockets.SocketException: No such host is known.")
 ---> System.Net.Sockets.SocketException (11001): No such host is known.
   at System.Net.Sockets.Socket.AwaitableSocketAsyncEventArgs.ThrowException(SocketError error, CancellationToken cancellationToken)
   at System.Net.Sockets.Socket.AwaitableSocketAsyncEventArgs.System.Threading.Tasks.Sources.IValueTaskSource.GetResult(Int16 token)
   at System.Net.Sockets.Socket.<ConnectAsync>g__WaitForConnectWithCancellation|285_0(AwaitableSocketAsyncEventArgs saea, ValueTask connectTask, CancellationToken cancellationToken)
   at Grpc.Net.Client.Balancer.Internal.SocketConnectivitySubchannelTransport.TryConnectAsync(ConnectContext context, Int32 attempt)
   --- End of inner exception stack trace ---
   at Grpc.Net.Client.Internal.HttpContentClientStreamReader`2.MoveNextCore(CancellationToken cancellationToken)
   at Grpc.Core.AsyncStreamReaderExtensions.ReadAllAsyncCore[T](IAsyncStreamReader`1 streamReader, CancellationToken cancellationToken)+MoveNext()
   at Grpc.Core.AsyncStreamReaderExtensions.ReadAllAsyncCore[T](IAsyncStreamReader`1 streamReader, CancellationToken cancellationToken)+System.Threading.Tasks.Sources.IValueTaskSource<System.Boolean>.GetResult()
   at ShelfsService.src.ShelfsService.Host.Features.Items.GetPhotoByName.ExecuteAsync(GetImageByName req, CancellationToken ct) in D:\visualStudio\Projects\OnlineShelf\backend\Microservices\ShelfsService\src\ShelfsService.Host\Features\Images\GetImageByName.cs:line 50
   at ShelfsService.src.ShelfsService.Host.Features.Items.GetPhotoByName.ExecuteAsync(GetImageByName req, CancellationToken ct) in D:\visualStudio\Projects\OnlineShelf\backend\Microservices\ShelfsService\src\ShelfsService.Host\Features\Images\GetImageByName.cs:line 50
   at FastEndpoints.Endpoint`2.ExecAsync(CancellationToken ct)
   at FastEndpoints.Endpoint`2.ExecAsync(CancellationToken ct)
   at Microsoft.AspNetCore.Http.RequestDelegateFactory.ExecuteResultWriteResponse(IResult result, HttpContext httpContext)
   at Microsoft.AspNetCore.Authorization.AuthorizationMiddleware.Invoke(HttpContext context)
   at Microsoft.AspNetCore.Authentication.AuthenticationMiddleware.Invoke(HttpContext context)
   at Swashbuckle.AspNetCore.SwaggerUI.SwaggerUIMiddleware.Invoke(HttpContext httpContext)
   at Swashbuckle.AspNetCore.Swagger.SwaggerMiddleware.Invoke(HttpContext httpContext, ISwaggerProvider swaggerProvider)
   at Serilog.AspNetCore.RequestLoggingMiddleware.Invoke(HttpContext httpContext)
2026-07-05 16:16:41.228 +03:00 [ERR] ShelfsService Microsoft.AspNetCore.Diagnostics.DeveloperExceptionPageMiddleware An unhandled exception has occurred while executing the request.
Grpc.Core.RpcException: Status(StatusCode="Unavailable", Detail="Error connecting to subchannel.", DebugException="System.Net.Sockets.SocketException: No such host is known.")
 ---> System.Net.Sockets.SocketException (11001): No such host is known.
   at System.Net.Sockets.Socket.AwaitableSocketAsyncEventArgs.ThrowException(SocketError error, CancellationToken cancellationToken)
   at System.Net.Sockets.Socket.AwaitableSocketAsyncEventArgs.System.Threading.Tasks.Sources.IValueTaskSource.GetResult(Int16 token)
   at System.Net.Sockets.Socket.<ConnectAsync>g__WaitForConnectWithCancellation|285_0(AwaitableSocketAsyncEventArgs saea, ValueTask connectTask, CancellationToken cancellationToken)
   at Grpc.Net.Client.Balancer.Internal.SocketConnectivitySubchannelTransport.TryConnectAsync(ConnectContext context, Int32 attempt)
   --- End of inner exception stack trace ---
   at Grpc.Net.Client.Internal.HttpContentClientStreamReader`2.MoveNextCore(CancellationToken cancellationToken)
   at Grpc.Core.AsyncStreamReaderExtensions.ReadAllAsyncCore[T](IAsyncStreamReader`1 streamReader, CancellationToken cancellationToken)+MoveNext()
   at Grpc.Core.AsyncStreamReaderExtensions.ReadAllAsyncCore[T](IAsyncStreamReader`1 streamReader, CancellationToken cancellationToken)+System.Threading.Tasks.Sources.IValueTaskSource<System.Boolean>.GetResult()
   at ShelfsService.src.ShelfsService.Host.Features.Items.GetPhotoByName.ExecuteAsync(GetImageByName req, CancellationToken ct) in D:\visualStudio\Projects\OnlineShelf\backend\Microservices\ShelfsService\src\ShelfsService.Host\Features\Images\GetImageByName.cs:line 50
   at ShelfsService.src.ShelfsService.Host.Features.Items.GetPhotoByName.ExecuteAsync(GetImageByName req, CancellationToken ct) in D:\visualStudio\Projects\OnlineShelf\backend\Microservices\ShelfsService\src\ShelfsService.Host\Features\Images\GetImageByName.cs:line 50
   at FastEndpoints.Endpoint`2.ExecAsync(CancellationToken ct)
   at FastEndpoints.Endpoint`2.ExecAsync(CancellationToken ct)
   at Microsoft.AspNetCore.Http.RequestDelegateFactory.ExecuteResultWriteResponse(IResult result, HttpContext httpContext)
   at Microsoft.AspNetCore.Authorization.AuthorizationMiddleware.Invoke(HttpContext context)
   at Microsoft.AspNetCore.Authentication.AuthenticationMiddleware.Invoke(HttpContext context)
   at Swashbuckle.AspNetCore.SwaggerUI.SwaggerUIMiddleware.Invoke(HttpContext httpContext)
   at Swashbuckle.AspNetCore.Swagger.SwaggerMiddleware.Invoke(HttpContext httpContext, ISwaggerProvider swaggerProvider)
   at Serilog.AspNetCore.RequestLoggingMiddleware.Invoke(HttpContext httpContext)
   at Microsoft.AspNetCore.Diagnostics.DeveloperExceptionPageMiddlewareImpl.Invoke(HttpContext context)
2026-07-05 16:16:47.363 +03:00 [ERR] ShelfsService Serilog.AspNetCore.RequestLoggingMiddleware HTTP GET /shelfs/image/get-image/4b1f3cdf-fa97-4744-a677-47c0969b6af8_big.webp responded 500 in 2108.6675 ms
Grpc.Core.RpcException: Status(StatusCode="Unavailable", Detail="Error connecting to subchannel.", DebugException="System.Net.Sockets.SocketException: No such host is known.")
 ---> System.Net.Sockets.SocketException (11001): No such host is known.
   at System.Net.Sockets.Socket.AwaitableSocketAsyncEventArgs.ThrowException(SocketError error, CancellationToken cancellationToken)
   at System.Net.Sockets.Socket.AwaitableSocketAsyncEventArgs.System.Threading.Tasks.Sources.IValueTaskSource.GetResult(Int16 token)
   at System.Net.Sockets.Socket.<ConnectAsync>g__WaitForConnectWithCancellation|285_0(AwaitableSocketAsyncEventArgs saea, ValueTask connectTask, CancellationToken cancellationToken)
   at Grpc.Net.Client.Balancer.Internal.SocketConnectivitySubchannelTransport.TryConnectAsync(ConnectContext context, Int32 attempt)
   --- End of inner exception stack trace ---
   at Grpc.Net.Client.Internal.HttpContentClientStreamReader`2.MoveNextCore(CancellationToken cancellationToken)
   at Grpc.Core.AsyncStreamReaderExtensions.ReadAllAsyncCore[T](IAsyncStreamReader`1 streamReader, CancellationToken cancellationToken)+MoveNext()
   at Grpc.Core.AsyncStreamReaderExtensions.ReadAllAsyncCore[T](IAsyncStreamReader`1 streamReader, CancellationToken cancellationToken)+System.Threading.Tasks.Sources.IValueTaskSource<System.Boolean>.GetResult()
   at ShelfsService.src.ShelfsService.Host.Features.Items.GetPhotoByName.ExecuteAsync(GetImageByName req, CancellationToken ct) in D:\visualStudio\Projects\OnlineShelf\backend\Microservices\ShelfsService\src\ShelfsService.Host\Features\Images\GetImageByName.cs:line 50
   at ShelfsService.src.ShelfsService.Host.Features.Items.GetPhotoByName.ExecuteAsync(GetImageByName req, CancellationToken ct) in D:\visualStudio\Projects\OnlineShelf\backend\Microservices\ShelfsService\src\ShelfsService.Host\Features\Images\GetImageByName.cs:line 50
   at FastEndpoints.Endpoint`2.ExecAsync(CancellationToken ct)
   at FastEndpoints.Endpoint`2.ExecAsync(CancellationToken ct)
   at Microsoft.AspNetCore.Http.RequestDelegateFactory.ExecuteResultWriteResponse(IResult result, HttpContext httpContext)
   at Microsoft.AspNetCore.Authorization.AuthorizationMiddleware.Invoke(HttpContext context)
   at Microsoft.AspNetCore.Authentication.AuthenticationMiddleware.Invoke(HttpContext context)
   at Swashbuckle.AspNetCore.SwaggerUI.SwaggerUIMiddleware.Invoke(HttpContext httpContext)
   at Swashbuckle.AspNetCore.Swagger.SwaggerMiddleware.Invoke(HttpContext httpContext, ISwaggerProvider swaggerProvider)
   at Serilog.AspNetCore.RequestLoggingMiddleware.Invoke(HttpContext httpContext)
2026-07-05 16:16:47.369 +03:00 [ERR] ShelfsService Microsoft.AspNetCore.Diagnostics.DeveloperExceptionPageMiddleware An unhandled exception has occurred while executing the request.
Grpc.Core.RpcException: Status(StatusCode="Unavailable", Detail="Error connecting to subchannel.", DebugException="System.Net.Sockets.SocketException: No such host is known.")
 ---> System.Net.Sockets.SocketException (11001): No such host is known.
   at System.Net.Sockets.Socket.AwaitableSocketAsyncEventArgs.ThrowException(SocketError error, CancellationToken cancellationToken)
   at System.Net.Sockets.Socket.AwaitableSocketAsyncEventArgs.System.Threading.Tasks.Sources.IValueTaskSource.GetResult(Int16 token)
   at System.Net.Sockets.Socket.<ConnectAsync>g__WaitForConnectWithCancellation|285_0(AwaitableSocketAsyncEventArgs saea, ValueTask connectTask, CancellationToken cancellationToken)
   at Grpc.Net.Client.Balancer.Internal.SocketConnectivitySubchannelTransport.TryConnectAsync(ConnectContext context, Int32 attempt)
   --- End of inner exception stack trace ---
   at Grpc.Net.Client.Internal.HttpContentClientStreamReader`2.MoveNextCore(CancellationToken cancellationToken)
   at Grpc.Core.AsyncStreamReaderExtensions.ReadAllAsyncCore[T](IAsyncStreamReader`1 streamReader, CancellationToken cancellationToken)+MoveNext()
   at Grpc.Core.AsyncStreamReaderExtensions.ReadAllAsyncCore[T](IAsyncStreamReader`1 streamReader, CancellationToken cancellationToken)+System.Threading.Tasks.Sources.IValueTaskSource<System.Boolean>.GetResult()
   at ShelfsService.src.ShelfsService.Host.Features.Items.GetPhotoByName.ExecuteAsync(GetImageByName req, CancellationToken ct) in D:\visualStudio\Projects\OnlineShelf\backend\Microservices\ShelfsService\src\ShelfsService.Host\Features\Images\GetImageByName.cs:line 50
   at ShelfsService.src.ShelfsService.Host.Features.Items.GetPhotoByName.ExecuteAsync(GetImageByName req, CancellationToken ct) in D:\visualStudio\Projects\OnlineShelf\backend\Microservices\ShelfsService\src\ShelfsService.Host\Features\Images\GetImageByName.cs:line 50
   at FastEndpoints.Endpoint`2.ExecAsync(CancellationToken ct)
   at FastEndpoints.Endpoint`2.ExecAsync(CancellationToken ct)
   at Microsoft.AspNetCore.Http.RequestDelegateFactory.ExecuteResultWriteResponse(IResult result, HttpContext httpContext)
   at Microsoft.AspNetCore.Authorization.AuthorizationMiddleware.Invoke(HttpContext context)
   at Microsoft.AspNetCore.Authentication.AuthenticationMiddleware.Invoke(HttpContext context)
   at Swashbuckle.AspNetCore.SwaggerUI.SwaggerUIMiddleware.Invoke(HttpContext httpContext)
   at Swashbuckle.AspNetCore.Swagger.SwaggerMiddleware.Invoke(HttpContext httpContext, ISwaggerProvider swaggerProvider)
   at Serilog.AspNetCore.RequestLoggingMiddleware.Invoke(HttpContext httpContext)
   at Microsoft.AspNetCore.Diagnostics.DeveloperExceptionPageMiddlewareImpl.Invoke(HttpContext context)
2026-07-05 16:17:28.656 +03:00 [ERR] ShelfsService Serilog.AspNetCore.RequestLoggingMiddleware HTTP GET /shelfs/image/get-image/4b1f3cdf-fa97-4744-a677-47c0969b6af8_big.webp responded 500 in 90.7799 ms
Grpc.Core.RpcException: Status(StatusCode="Unavailable", Detail="Error connecting to subchannel.", DebugException="System.Net.Sockets.SocketException: No such host is known.")
 ---> System.Net.Sockets.SocketException (11001): No such host is known.
   at System.Net.Sockets.Socket.AwaitableSocketAsyncEventArgs.ThrowException(SocketError error, CancellationToken cancellationToken)
   at System.Net.Sockets.Socket.AwaitableSocketAsyncEventArgs.System.Threading.Tasks.Sources.IValueTaskSource.GetResult(Int16 token)
   at System.Net.Sockets.Socket.<ConnectAsync>g__WaitForConnectWithCancellation|285_0(AwaitableSocketAsyncEventArgs saea, ValueTask connectTask, CancellationToken cancellationToken)
   at Grpc.Net.Client.Balancer.Internal.SocketConnectivitySubchannelTransport.TryConnectAsync(ConnectContext context, Int32 attempt)
   --- End of inner exception stack trace ---
   at Grpc.Core.AsyncStreamReaderExtensions.ReadAllAsyncCore[T](IAsyncStreamReader`1 streamReader, CancellationToken cancellationToken)+MoveNext()
   at Grpc.Core.AsyncStreamReaderExtensions.ReadAllAsyncCore[T](IAsyncStreamReader`1 streamReader, CancellationToken cancellationToken)+System.Threading.Tasks.Sources.IValueTaskSource<System.Boolean>.GetResult()
   at ShelfsService.src.ShelfsService.Host.Features.Items.GetPhotoByName.ExecuteAsync(GetImageByName req, CancellationToken ct) in D:\visualStudio\Projects\OnlineShelf\backend\Microservices\ShelfsService\src\ShelfsService.Host\Features\Images\GetImageByName.cs:line 50
   at ShelfsService.src.ShelfsService.Host.Features.Items.GetPhotoByName.ExecuteAsync(GetImageByName req, CancellationToken ct) in D:\visualStudio\Projects\OnlineShelf\backend\Microservices\ShelfsService\src\ShelfsService.Host\Features\Images\GetImageByName.cs:line 50
   at FastEndpoints.Endpoint`2.ExecAsync(CancellationToken ct)
   at FastEndpoints.Endpoint`2.ExecAsync(CancellationToken ct)
   at Microsoft.AspNetCore.Http.RequestDelegateFactory.ExecuteResultWriteResponse(IResult result, HttpContext httpContext)
   at Microsoft.AspNetCore.Authorization.AuthorizationMiddleware.Invoke(HttpContext context)
   at Microsoft.AspNetCore.Authentication.AuthenticationMiddleware.Invoke(HttpContext context)
   at Swashbuckle.AspNetCore.SwaggerUI.SwaggerUIMiddleware.Invoke(HttpContext httpContext)
   at Swashbuckle.AspNetCore.Swagger.SwaggerMiddleware.Invoke(HttpContext httpContext, ISwaggerProvider swaggerProvider)
   at Serilog.AspNetCore.RequestLoggingMiddleware.Invoke(HttpContext httpContext)
2026-07-05 16:17:28.662 +03:00 [ERR] ShelfsService Microsoft.AspNetCore.Diagnostics.DeveloperExceptionPageMiddleware An unhandled exception has occurred while executing the request.
Grpc.Core.RpcException: Status(StatusCode="Unavailable", Detail="Error connecting to subchannel.", DebugException="System.Net.Sockets.SocketException: No such host is known.")
 ---> System.Net.Sockets.SocketException (11001): No such host is known.
   at System.Net.Sockets.Socket.AwaitableSocketAsyncEventArgs.ThrowException(SocketError error, CancellationToken cancellationToken)
   at System.Net.Sockets.Socket.AwaitableSocketAsyncEventArgs.System.Threading.Tasks.Sources.IValueTaskSource.GetResult(Int16 token)
   at System.Net.Sockets.Socket.<ConnectAsync>g__WaitForConnectWithCancellation|285_0(AwaitableSocketAsyncEventArgs saea, ValueTask connectTask, CancellationToken cancellationToken)
   at Grpc.Net.Client.Balancer.Internal.SocketConnectivitySubchannelTransport.TryConnectAsync(ConnectContext context, Int32 attempt)
   --- End of inner exception stack trace ---
   at Grpc.Core.AsyncStreamReaderExtensions.ReadAllAsyncCore[T](IAsyncStreamReader`1 streamReader, CancellationToken cancellationToken)+MoveNext()
   at Grpc.Core.AsyncStreamReaderExtensions.ReadAllAsyncCore[T](IAsyncStreamReader`1 streamReader, CancellationToken cancellationToken)+System.Threading.Tasks.Sources.IValueTaskSource<System.Boolean>.GetResult()
   at ShelfsService.src.ShelfsService.Host.Features.Items.GetPhotoByName.ExecuteAsync(GetImageByName req, CancellationToken ct) in D:\visualStudio\Projects\OnlineShelf\backend\Microservices\ShelfsService\src\ShelfsService.Host\Features\Images\GetImageByName.cs:line 50
   at ShelfsService.src.ShelfsService.Host.Features.Items.GetPhotoByName.ExecuteAsync(GetImageByName req, CancellationToken ct) in D:\visualStudio\Projects\OnlineShelf\backend\Microservices\ShelfsService\src\ShelfsService.Host\Features\Images\GetImageByName.cs:line 50
   at FastEndpoints.Endpoint`2.ExecAsync(CancellationToken ct)
   at FastEndpoints.Endpoint`2.ExecAsync(CancellationToken ct)
   at Microsoft.AspNetCore.Http.RequestDelegateFactory.ExecuteResultWriteResponse(IResult result, HttpContext httpContext)
   at Microsoft.AspNetCore.Authorization.AuthorizationMiddleware.Invoke(HttpContext context)
   at Microsoft.AspNetCore.Authentication.AuthenticationMiddleware.Invoke(HttpContext context)
   at Swashbuckle.AspNetCore.SwaggerUI.SwaggerUIMiddleware.Invoke(HttpContext httpContext)
   at Swashbuckle.AspNetCore.Swagger.SwaggerMiddleware.Invoke(HttpContext httpContext, ISwaggerProvider swaggerProvider)
   at Serilog.AspNetCore.RequestLoggingMiddleware.Invoke(HttpContext httpContext)
   at Microsoft.AspNetCore.Diagnostics.DeveloperExceptionPageMiddlewareImpl.Invoke(HttpContext context)
2026-07-05 16:19:53.567 +03:00 [ERR] ShelfsService Serilog.AspNetCore.RequestLoggingMiddleware HTTP GET /shelfs/image/get-image/4b1f3cdf-fa97-4744-a677-47c0969b6af8_big.webp responded 500 in 922.9892 ms
Grpc.Core.RpcException: Status(StatusCode="Cancelled", Detail="Call canceled by the client.", DebugException="System.OperationCanceledException: The operation was canceled.")
 ---> System.OperationCanceledException: The operation was canceled.
   --- End of inner exception stack trace ---
   at Grpc.Net.Client.Internal.HttpContentClientStreamReader`2.MoveNextCore(CancellationToken cancellationToken)
   at Grpc.Core.AsyncStreamReaderExtensions.ReadAllAsyncCore[T](IAsyncStreamReader`1 streamReader, CancellationToken cancellationToken)+MoveNext()
   at Grpc.Core.AsyncStreamReaderExtensions.ReadAllAsyncCore[T](IAsyncStreamReader`1 streamReader, CancellationToken cancellationToken)+System.Threading.Tasks.Sources.IValueTaskSource<System.Boolean>.GetResult()
   at ShelfsService.src.ShelfsService.Host.Features.Items.GetPhotoByName.ExecuteAsync(GetImageByName req, CancellationToken ct) in D:\visualStudio\Projects\OnlineShelf\backend\Microservices\ShelfsService\src\ShelfsService.Host\Features\Images\GetImageByName.cs:line 50
   at ShelfsService.src.ShelfsService.Host.Features.Items.GetPhotoByName.ExecuteAsync(GetImageByName req, CancellationToken ct) in D:\visualStudio\Projects\OnlineShelf\backend\Microservices\ShelfsService\src\ShelfsService.Host\Features\Images\GetImageByName.cs:line 50
   at FastEndpoints.Endpoint`2.ExecAsync(CancellationToken ct)
   at FastEndpoints.Endpoint`2.ExecAsync(CancellationToken ct)
   at Microsoft.AspNetCore.Http.RequestDelegateFactory.ExecuteResultWriteResponse(IResult result, HttpContext httpContext)
   at Microsoft.AspNetCore.Authorization.AuthorizationMiddleware.Invoke(HttpContext context)
   at Microsoft.AspNetCore.Authentication.AuthenticationMiddleware.Invoke(HttpContext context)
   at Swashbuckle.AspNetCore.SwaggerUI.SwaggerUIMiddleware.Invoke(HttpContext httpContext)
   at Swashbuckle.AspNetCore.Swagger.SwaggerMiddleware.Invoke(HttpContext httpContext, ISwaggerProvider swaggerProvider)
   at Serilog.AspNetCore.RequestLoggingMiddleware.Invoke(HttpContext httpContext)
2026-07-05 16:19:53.585 +03:00 [ERR] ShelfsService Microsoft.AspNetCore.Diagnostics.DeveloperExceptionPageMiddleware An unhandled exception has occurred while executing the request.
Grpc.Core.RpcException: Status(StatusCode="Cancelled", Detail="Call canceled by the client.", DebugException="System.OperationCanceledException: The operation was canceled.")
 ---> System.OperationCanceledException: The operation was canceled.
   --- End of inner exception stack trace ---
   at Grpc.Net.Client.Internal.HttpContentClientStreamReader`2.MoveNextCore(CancellationToken cancellationToken)
   at Grpc.Core.AsyncStreamReaderExtensions.ReadAllAsyncCore[T](IAsyncStreamReader`1 streamReader, CancellationToken cancellationToken)+MoveNext()
   at Grpc.Core.AsyncStreamReaderExtensions.ReadAllAsyncCore[T](IAsyncStreamReader`1 streamReader, CancellationToken cancellationToken)+System.Threading.Tasks.Sources.IValueTaskSource<System.Boolean>.GetResult()
   at ShelfsService.src.ShelfsService.Host.Features.Items.GetPhotoByName.ExecuteAsync(GetImageByName req, CancellationToken ct) in D:\visualStudio\Projects\OnlineShelf\backend\Microservices\ShelfsService\src\ShelfsService.Host\Features\Images\GetImageByName.cs:line 50
   at ShelfsService.src.ShelfsService.Host.Features.Items.GetPhotoByName.ExecuteAsync(GetImageByName req, CancellationToken ct) in D:\visualStudio\Projects\OnlineShelf\backend\Microservices\ShelfsService\src\ShelfsService.Host\Features\Images\GetImageByName.cs:line 50
   at FastEndpoints.Endpoint`2.ExecAsync(CancellationToken ct)
   at FastEndpoints.Endpoint`2.ExecAsync(CancellationToken ct)
   at Microsoft.AspNetCore.Http.RequestDelegateFactory.ExecuteResultWriteResponse(IResult result, HttpContext httpContext)
   at Microsoft.AspNetCore.Authorization.AuthorizationMiddleware.Invoke(HttpContext context)
   at Microsoft.AspNetCore.Authentication.AuthenticationMiddleware.Invoke(HttpContext context)
   at Swashbuckle.AspNetCore.SwaggerUI.SwaggerUIMiddleware.Invoke(HttpContext httpContext)
   at Swashbuckle.AspNetCore.Swagger.SwaggerMiddleware.Invoke(HttpContext httpContext, ISwaggerProvider swaggerProvider)
   at Serilog.AspNetCore.RequestLoggingMiddleware.Invoke(HttpContext httpContext)
   at Microsoft.AspNetCore.Diagnostics.DeveloperExceptionPageMiddlewareImpl.Invoke(HttpContext context)
2026-07-05 16:19:55.739 +03:00 [ERR] ShelfsService Serilog.AspNetCore.RequestLoggingMiddleware HTTP GET /shelfs/image/get-image/4b1f3cdf-fa97-4744-a677-47c0969b6af8_big.webp responded 500 in 1498.7253 ms
Grpc.Core.RpcException: Status(StatusCode="Unavailable", Detail="Error connecting to subchannel.", DebugException="System.Net.Sockets.SocketException: No such host is known.")
 ---> System.Net.Sockets.SocketException (11001): No such host is known.
   at System.Net.Sockets.Socket.AwaitableSocketAsyncEventArgs.ThrowException(SocketError error, CancellationToken cancellationToken)
   at System.Net.Sockets.Socket.AwaitableSocketAsyncEventArgs.System.Threading.Tasks.Sources.IValueTaskSource.GetResult(Int16 token)
   at System.Net.Sockets.Socket.<ConnectAsync>g__WaitForConnectWithCancellation|285_0(AwaitableSocketAsyncEventArgs saea, ValueTask connectTask, CancellationToken cancellationToken)
   at Grpc.Net.Client.Balancer.Internal.SocketConnectivitySubchannelTransport.TryConnectAsync(ConnectContext context, Int32 attempt)
   --- End of inner exception stack trace ---
   at Grpc.Net.Client.Internal.HttpContentClientStreamReader`2.MoveNextCore(CancellationToken cancellationToken)
   at Grpc.Core.AsyncStreamReaderExtensions.ReadAllAsyncCore[T](IAsyncStreamReader`1 streamReader, CancellationToken cancellationToken)+MoveNext()
   at Grpc.Core.AsyncStreamReaderExtensions.ReadAllAsyncCore[T](IAsyncStreamReader`1 streamReader, CancellationToken cancellationToken)+System.Threading.Tasks.Sources.IValueTaskSource<System.Boolean>.GetResult()
   at ShelfsService.src.ShelfsService.Host.Features.Items.GetPhotoByName.ExecuteAsync(GetImageByName req, CancellationToken ct) in D:\visualStudio\Projects\OnlineShelf\backend\Microservices\ShelfsService\src\ShelfsService.Host\Features\Images\GetImageByName.cs:line 50
   at ShelfsService.src.ShelfsService.Host.Features.Items.GetPhotoByName.ExecuteAsync(GetImageByName req, CancellationToken ct) in D:\visualStudio\Projects\OnlineShelf\backend\Microservices\ShelfsService\src\ShelfsService.Host\Features\Images\GetImageByName.cs:line 50
   at FastEndpoints.Endpoint`2.ExecAsync(CancellationToken ct)
   at FastEndpoints.Endpoint`2.ExecAsync(CancellationToken ct)
   at Microsoft.AspNetCore.Http.RequestDelegateFactory.ExecuteResultWriteResponse(IResult result, HttpContext httpContext)
   at Microsoft.AspNetCore.Authorization.AuthorizationMiddleware.Invoke(HttpContext context)
   at Microsoft.AspNetCore.Authentication.AuthenticationMiddleware.Invoke(HttpContext context)
   at Swashbuckle.AspNetCore.SwaggerUI.SwaggerUIMiddleware.Invoke(HttpContext httpContext)
   at Swashbuckle.AspNetCore.Swagger.SwaggerMiddleware.Invoke(HttpContext httpContext, ISwaggerProvider swaggerProvider)
   at Serilog.AspNetCore.RequestLoggingMiddleware.Invoke(HttpContext httpContext)
2026-07-05 16:19:55.742 +03:00 [ERR] ShelfsService Microsoft.AspNetCore.Diagnostics.DeveloperExceptionPageMiddleware An unhandled exception has occurred while executing the request.
Grpc.Core.RpcException: Status(StatusCode="Unavailable", Detail="Error connecting to subchannel.", DebugException="System.Net.Sockets.SocketException: No such host is known.")
 ---> System.Net.Sockets.SocketException (11001): No such host is known.
   at System.Net.Sockets.Socket.AwaitableSocketAsyncEventArgs.ThrowException(SocketError error, CancellationToken cancellationToken)
   at System.Net.Sockets.Socket.AwaitableSocketAsyncEventArgs.System.Threading.Tasks.Sources.IValueTaskSource.GetResult(Int16 token)
   at System.Net.Sockets.Socket.<ConnectAsync>g__WaitForConnectWithCancellation|285_0(AwaitableSocketAsyncEventArgs saea, ValueTask connectTask, CancellationToken cancellationToken)
   at Grpc.Net.Client.Balancer.Internal.SocketConnectivitySubchannelTransport.TryConnectAsync(ConnectContext context, Int32 attempt)
   --- End of inner exception stack trace ---
   at Grpc.Net.Client.Internal.HttpContentClientStreamReader`2.MoveNextCore(CancellationToken cancellationToken)
   at Grpc.Core.AsyncStreamReaderExtensions.ReadAllAsyncCore[T](IAsyncStreamReader`1 streamReader, CancellationToken cancellationToken)+MoveNext()
   at Grpc.Core.AsyncStreamReaderExtensions.ReadAllAsyncCore[T](IAsyncStreamReader`1 streamReader, CancellationToken cancellationToken)+System.Threading.Tasks.Sources.IValueTaskSource<System.Boolean>.GetResult()
   at ShelfsService.src.ShelfsService.Host.Features.Items.GetPhotoByName.ExecuteAsync(GetImageByName req, CancellationToken ct) in D:\visualStudio\Projects\OnlineShelf\backend\Microservices\ShelfsService\src\ShelfsService.Host\Features\Images\GetImageByName.cs:line 50
   at ShelfsService.src.ShelfsService.Host.Features.Items.GetPhotoByName.ExecuteAsync(GetImageByName req, CancellationToken ct) in D:\visualStudio\Projects\OnlineShelf\backend\Microservices\ShelfsService\src\ShelfsService.Host\Features\Images\GetImageByName.cs:line 50
   at FastEndpoints.Endpoint`2.ExecAsync(CancellationToken ct)
   at FastEndpoints.Endpoint`2.ExecAsync(CancellationToken ct)
   at Microsoft.AspNetCore.Http.RequestDelegateFactory.ExecuteResultWriteResponse(IResult result, HttpContext httpContext)
   at Microsoft.AspNetCore.Authorization.AuthorizationMiddleware.Invoke(HttpContext context)
   at Microsoft.AspNetCore.Authentication.AuthenticationMiddleware.Invoke(HttpContext context)
   at Swashbuckle.AspNetCore.SwaggerUI.SwaggerUIMiddleware.Invoke(HttpContext httpContext)
   at Swashbuckle.AspNetCore.Swagger.SwaggerMiddleware.Invoke(HttpContext httpContext, ISwaggerProvider swaggerProvider)
   at Serilog.AspNetCore.RequestLoggingMiddleware.Invoke(HttpContext httpContext)
   at Microsoft.AspNetCore.Diagnostics.DeveloperExceptionPageMiddlewareImpl.Invoke(HttpContext context)
2026-07-05 16:19:56.876 +03:00 [ERR] ShelfsService Serilog.AspNetCore.RequestLoggingMiddleware HTTP GET /shelfs/image/get-image/4b1f3cdf-fa97-4744-a677-47c0969b6af8_big.webp responded 500 in 113.1085 ms
Grpc.Core.RpcException: Status(StatusCode="Unavailable", Detail="Error connecting to subchannel.", DebugException="System.Net.Sockets.SocketException: No such host is known.")
 ---> System.Net.Sockets.SocketException (11001): No such host is known.
   at System.Net.Sockets.Socket.AwaitableSocketAsyncEventArgs.ThrowException(SocketError error, CancellationToken cancellationToken)
   at System.Net.Sockets.Socket.AwaitableSocketAsyncEventArgs.System.Threading.Tasks.Sources.IValueTaskSource.GetResult(Int16 token)
   at System.Net.Sockets.Socket.<ConnectAsync>g__WaitForConnectWithCancellation|285_0(AwaitableSocketAsyncEventArgs saea, ValueTask connectTask, CancellationToken cancellationToken)
   at Grpc.Net.Client.Balancer.Internal.SocketConnectivitySubchannelTransport.TryConnectAsync(ConnectContext context, Int32 attempt)
   --- End of inner exception stack trace ---
   at Grpc.Core.AsyncStreamReaderExtensions.ReadAllAsyncCore[T](IAsyncStreamReader`1 streamReader, CancellationToken cancellationToken)+MoveNext()
   at Grpc.Core.AsyncStreamReaderExtensions.ReadAllAsyncCore[T](IAsyncStreamReader`1 streamReader, CancellationToken cancellationToken)+System.Threading.Tasks.Sources.IValueTaskSource<System.Boolean>.GetResult()
   at ShelfsService.src.ShelfsService.Host.Features.Items.GetPhotoByName.ExecuteAsync(GetImageByName req, CancellationToken ct) in D:\visualStudio\Projects\OnlineShelf\backend\Microservices\ShelfsService\src\ShelfsService.Host\Features\Images\GetImageByName.cs:line 50
   at ShelfsService.src.ShelfsService.Host.Features.Items.GetPhotoByName.ExecuteAsync(GetImageByName req, CancellationToken ct) in D:\visualStudio\Projects\OnlineShelf\backend\Microservices\ShelfsService\src\ShelfsService.Host\Features\Images\GetImageByName.cs:line 50
   at FastEndpoints.Endpoint`2.ExecAsync(CancellationToken ct)
   at FastEndpoints.Endpoint`2.ExecAsync(CancellationToken ct)
   at Microsoft.AspNetCore.Http.RequestDelegateFactory.ExecuteResultWriteResponse(IResult result, HttpContext httpContext)
   at Microsoft.AspNetCore.Authorization.AuthorizationMiddleware.Invoke(HttpContext context)
   at Microsoft.AspNetCore.Authentication.AuthenticationMiddleware.Invoke(HttpContext context)
   at Swashbuckle.AspNetCore.SwaggerUI.SwaggerUIMiddleware.Invoke(HttpContext httpContext)
   at Swashbuckle.AspNetCore.Swagger.SwaggerMiddleware.Invoke(HttpContext httpContext, ISwaggerProvider swaggerProvider)
   at Serilog.AspNetCore.RequestLoggingMiddleware.Invoke(HttpContext httpContext)
2026-07-05 16:19:56.882 +03:00 [ERR] ShelfsService Microsoft.AspNetCore.Diagnostics.DeveloperExceptionPageMiddleware An unhandled exception has occurred while executing the request.
Grpc.Core.RpcException: Status(StatusCode="Unavailable", Detail="Error connecting to subchannel.", DebugException="System.Net.Sockets.SocketException: No such host is known.")
 ---> System.Net.Sockets.SocketException (11001): No such host is known.
   at System.Net.Sockets.Socket.AwaitableSocketAsyncEventArgs.ThrowException(SocketError error, CancellationToken cancellationToken)
   at System.Net.Sockets.Socket.AwaitableSocketAsyncEventArgs.System.Threading.Tasks.Sources.IValueTaskSource.GetResult(Int16 token)
   at System.Net.Sockets.Socket.<ConnectAsync>g__WaitForConnectWithCancellation|285_0(AwaitableSocketAsyncEventArgs saea, ValueTask connectTask, CancellationToken cancellationToken)
   at Grpc.Net.Client.Balancer.Internal.SocketConnectivitySubchannelTransport.TryConnectAsync(ConnectContext context, Int32 attempt)
   --- End of inner exception stack trace ---
   at Grpc.Core.AsyncStreamReaderExtensions.ReadAllAsyncCore[T](IAsyncStreamReader`1 streamReader, CancellationToken cancellationToken)+MoveNext()
   at Grpc.Core.AsyncStreamReaderExtensions.ReadAllAsyncCore[T](IAsyncStreamReader`1 streamReader, CancellationToken cancellationToken)+System.Threading.Tasks.Sources.IValueTaskSource<System.Boolean>.GetResult()
   at ShelfsService.src.ShelfsService.Host.Features.Items.GetPhotoByName.ExecuteAsync(GetImageByName req, CancellationToken ct) in D:\visualStudio\Projects\OnlineShelf\backend\Microservices\ShelfsService\src\ShelfsService.Host\Features\Images\GetImageByName.cs:line 50
   at ShelfsService.src.ShelfsService.Host.Features.Items.GetPhotoByName.ExecuteAsync(GetImageByName req, CancellationToken ct) in D:\visualStudio\Projects\OnlineShelf\backend\Microservices\ShelfsService\src\ShelfsService.Host\Features\Images\GetImageByName.cs:line 50
   at FastEndpoints.Endpoint`2.ExecAsync(CancellationToken ct)
   at FastEndpoints.Endpoint`2.ExecAsync(CancellationToken ct)
   at Microsoft.AspNetCore.Http.RequestDelegateFactory.ExecuteResultWriteResponse(IResult result, HttpContext httpContext)
   at Microsoft.AspNetCore.Authorization.AuthorizationMiddleware.Invoke(HttpContext context)
   at Microsoft.AspNetCore.Authentication.AuthenticationMiddleware.Invoke(HttpContext context)
   at Swashbuckle.AspNetCore.SwaggerUI.SwaggerUIMiddleware.Invoke(HttpContext httpContext)
   at Swashbuckle.AspNetCore.Swagger.SwaggerMiddleware.Invoke(HttpContext httpContext, ISwaggerProvider swaggerProvider)
   at Serilog.AspNetCore.RequestLoggingMiddleware.Invoke(HttpContext httpContext)
   at Microsoft.AspNetCore.Diagnostics.DeveloperExceptionPageMiddlewareImpl.Invoke(HttpContext context)
2026-07-05 16:19:59.631 +03:00 [ERR] ShelfsService Serilog.AspNetCore.RequestLoggingMiddleware HTTP GET /shelfs/image/get-image/4b1f3cdf-fa97-4744-a677-47c0969b6af8_big.webp responded 500 in 723.5762 ms
Grpc.Core.RpcException: Status(StatusCode="Unavailable", Detail="Error connecting to subchannel.", DebugException="System.Net.Sockets.SocketException: No such host is known.")
 ---> System.Net.Sockets.SocketException (11001): No such host is known.
   at System.Net.Sockets.Socket.AwaitableSocketAsyncEventArgs.ThrowException(SocketError error, CancellationToken cancellationToken)
   at System.Net.Sockets.Socket.AwaitableSocketAsyncEventArgs.System.Threading.Tasks.Sources.IValueTaskSource.GetResult(Int16 token)
   at System.Net.Sockets.Socket.<ConnectAsync>g__WaitForConnectWithCancellation|285_0(AwaitableSocketAsyncEventArgs saea, ValueTask connectTask, CancellationToken cancellationToken)
   at Grpc.Net.Client.Balancer.Internal.SocketConnectivitySubchannelTransport.TryConnectAsync(ConnectContext context, Int32 attempt)
   --- End of inner exception stack trace ---
   at Grpc.Net.Client.Internal.HttpContentClientStreamReader`2.MoveNextCore(CancellationToken cancellationToken)
   at Grpc.Core.AsyncStreamReaderExtensions.ReadAllAsyncCore[T](IAsyncStreamReader`1 streamReader, CancellationToken cancellationToken)+MoveNext()
   at Grpc.Core.AsyncStreamReaderExtensions.ReadAllAsyncCore[T](IAsyncStreamReader`1 streamReader, CancellationToken cancellationToken)+System.Threading.Tasks.Sources.IValueTaskSource<System.Boolean>.GetResult()
   at ShelfsService.src.ShelfsService.Host.Features.Items.GetPhotoByName.ExecuteAsync(GetImageByName req, CancellationToken ct) in D:\visualStudio\Projects\OnlineShelf\backend\Microservices\ShelfsService\src\ShelfsService.Host\Features\Images\GetImageByName.cs:line 50
   at ShelfsService.src.ShelfsService.Host.Features.Items.GetPhotoByName.ExecuteAsync(GetImageByName req, CancellationToken ct) in D:\visualStudio\Projects\OnlineShelf\backend\Microservices\ShelfsService\src\ShelfsService.Host\Features\Images\GetImageByName.cs:line 50
   at FastEndpoints.Endpoint`2.ExecAsync(CancellationToken ct)
   at FastEndpoints.Endpoint`2.ExecAsync(CancellationToken ct)
   at Microsoft.AspNetCore.Http.RequestDelegateFactory.ExecuteResultWriteResponse(IResult result, HttpContext httpContext)
   at Microsoft.AspNetCore.Authorization.AuthorizationMiddleware.Invoke(HttpContext context)
   at Microsoft.AspNetCore.Authentication.AuthenticationMiddleware.Invoke(HttpContext context)
   at Swashbuckle.AspNetCore.SwaggerUI.SwaggerUIMiddleware.Invoke(HttpContext httpContext)
   at Swashbuckle.AspNetCore.Swagger.SwaggerMiddleware.Invoke(HttpContext httpContext, ISwaggerProvider swaggerProvider)
   at Serilog.AspNetCore.RequestLoggingMiddleware.Invoke(HttpContext httpContext)
2026-07-05 16:19:59.634 +03:00 [ERR] ShelfsService Microsoft.AspNetCore.Diagnostics.DeveloperExceptionPageMiddleware An unhandled exception has occurred while executing the request.
Grpc.Core.RpcException: Status(StatusCode="Unavailable", Detail="Error connecting to subchannel.", DebugException="System.Net.Sockets.SocketException: No such host is known.")
 ---> System.Net.Sockets.SocketException (11001): No such host is known.
   at System.Net.Sockets.Socket.AwaitableSocketAsyncEventArgs.ThrowException(SocketError error, CancellationToken cancellationToken)
   at System.Net.Sockets.Socket.AwaitableSocketAsyncEventArgs.System.Threading.Tasks.Sources.IValueTaskSource.GetResult(Int16 token)
   at System.Net.Sockets.Socket.<ConnectAsync>g__WaitForConnectWithCancellation|285_0(AwaitableSocketAsyncEventArgs saea, ValueTask connectTask, CancellationToken cancellationToken)
   at Grpc.Net.Client.Balancer.Internal.SocketConnectivitySubchannelTransport.TryConnectAsync(ConnectContext context, Int32 attempt)
   --- End of inner exception stack trace ---
   at Grpc.Net.Client.Internal.HttpContentClientStreamReader`2.MoveNextCore(CancellationToken cancellationToken)
   at Grpc.Core.AsyncStreamReaderExtensions.ReadAllAsyncCore[T](IAsyncStreamReader`1 streamReader, CancellationToken cancellationToken)+MoveNext()
   at Grpc.Core.AsyncStreamReaderExtensions.ReadAllAsyncCore[T](IAsyncStreamReader`1 streamReader, CancellationToken cancellationToken)+System.Threading.Tasks.Sources.IValueTaskSource<System.Boolean>.GetResult()
   at ShelfsService.src.ShelfsService.Host.Features.Items.GetPhotoByName.ExecuteAsync(GetImageByName req, CancellationToken ct) in D:\visualStudio\Projects\OnlineShelf\backend\Microservices\ShelfsService\src\ShelfsService.Host\Features\Images\GetImageByName.cs:line 50
   at ShelfsService.src.ShelfsService.Host.Features.Items.GetPhotoByName.ExecuteAsync(GetImageByName req, CancellationToken ct) in D:\visualStudio\Projects\OnlineShelf\backend\Microservices\ShelfsService\src\ShelfsService.Host\Features\Images\GetImageByName.cs:line 50
   at FastEndpoints.Endpoint`2.ExecAsync(CancellationToken ct)
   at FastEndpoints.Endpoint`2.ExecAsync(CancellationToken ct)
   at Microsoft.AspNetCore.Http.RequestDelegateFactory.ExecuteResultWriteResponse(IResult result, HttpContext httpContext)
   at Microsoft.AspNetCore.Authorization.AuthorizationMiddleware.Invoke(HttpContext context)
   at Microsoft.AspNetCore.Authentication.AuthenticationMiddleware.Invoke(HttpContext context)
   at Swashbuckle.AspNetCore.SwaggerUI.SwaggerUIMiddleware.Invoke(HttpContext httpContext)
   at Swashbuckle.AspNetCore.Swagger.SwaggerMiddleware.Invoke(HttpContext httpContext, ISwaggerProvider swaggerProvider)
   at Serilog.AspNetCore.RequestLoggingMiddleware.Invoke(HttpContext httpContext)
   at Microsoft.AspNetCore.Diagnostics.DeveloperExceptionPageMiddlewareImpl.Invoke(HttpContext context)
2026-07-05 16:20:12.909 +03:00 [ERR] ShelfsService Serilog.AspNetCore.RequestLoggingMiddleware HTTP GET /shelfs/image/get-image/4b1f3cdf-fa97-4744-a677-47c0969b6af8_big.webp responded 500 in 111.5743 ms
Grpc.Core.RpcException: Status(StatusCode="Unavailable", Detail="Error connecting to subchannel.", DebugException="System.Net.Sockets.SocketException: No such host is known.")
 ---> System.Net.Sockets.SocketException (11001): No such host is known.
   at System.Net.Sockets.Socket.AwaitableSocketAsyncEventArgs.ThrowException(SocketError error, CancellationToken cancellationToken)
   at System.Net.Sockets.Socket.AwaitableSocketAsyncEventArgs.System.Threading.Tasks.Sources.IValueTaskSource.GetResult(Int16 token)
   at System.Net.Sockets.Socket.<ConnectAsync>g__WaitForConnectWithCancellation|285_0(AwaitableSocketAsyncEventArgs saea, ValueTask connectTask, CancellationToken cancellationToken)
   at Grpc.Net.Client.Balancer.Internal.SocketConnectivitySubchannelTransport.TryConnectAsync(ConnectContext context, Int32 attempt)
   --- End of inner exception stack trace ---
   at Grpc.Core.AsyncStreamReaderExtensions.ReadAllAsyncCore[T](IAsyncStreamReader`1 streamReader, CancellationToken cancellationToken)+MoveNext()
   at Grpc.Core.AsyncStreamReaderExtensions.ReadAllAsyncCore[T](IAsyncStreamReader`1 streamReader, CancellationToken cancellationToken)+System.Threading.Tasks.Sources.IValueTaskSource<System.Boolean>.GetResult()
   at ShelfsService.src.ShelfsService.Host.Features.Items.GetPhotoByName.ExecuteAsync(GetImageByName req, CancellationToken ct) in D:\visualStudio\Projects\OnlineShelf\backend\Microservices\ShelfsService\src\ShelfsService.Host\Features\Images\GetImageByName.cs:line 50
   at ShelfsService.src.ShelfsService.Host.Features.Items.GetPhotoByName.ExecuteAsync(GetImageByName req, CancellationToken ct) in D:\visualStudio\Projects\OnlineShelf\backend\Microservices\ShelfsService\src\ShelfsService.Host\Features\Images\GetImageByName.cs:line 50
   at FastEndpoints.Endpoint`2.ExecAsync(CancellationToken ct)
   at FastEndpoints.Endpoint`2.ExecAsync(CancellationToken ct)
   at Microsoft.AspNetCore.Http.RequestDelegateFactory.ExecuteResultWriteResponse(IResult result, HttpContext httpContext)
   at Microsoft.AspNetCore.Authorization.AuthorizationMiddleware.Invoke(HttpContext context)
   at Microsoft.AspNetCore.Authentication.AuthenticationMiddleware.Invoke(HttpContext context)
   at Swashbuckle.AspNetCore.SwaggerUI.SwaggerUIMiddleware.Invoke(HttpContext httpContext)
   at Swashbuckle.AspNetCore.Swagger.SwaggerMiddleware.Invoke(HttpContext httpContext, ISwaggerProvider swaggerProvider)
   at Serilog.AspNetCore.RequestLoggingMiddleware.Invoke(HttpContext httpContext)
2026-07-05 16:20:12.916 +03:00 [ERR] ShelfsService Microsoft.AspNetCore.Diagnostics.DeveloperExceptionPageMiddleware An unhandled exception has occurred while executing the request.
Grpc.Core.RpcException: Status(StatusCode="Unavailable", Detail="Error connecting to subchannel.", DebugException="System.Net.Sockets.SocketException: No such host is known.")
 ---> System.Net.Sockets.SocketException (11001): No such host is known.
   at System.Net.Sockets.Socket.AwaitableSocketAsyncEventArgs.ThrowException(SocketError error, CancellationToken cancellationToken)
   at System.Net.Sockets.Socket.AwaitableSocketAsyncEventArgs.System.Threading.Tasks.Sources.IValueTaskSource.GetResult(Int16 token)
   at System.Net.Sockets.Socket.<ConnectAsync>g__WaitForConnectWithCancellation|285_0(AwaitableSocketAsyncEventArgs saea, ValueTask connectTask, CancellationToken cancellationToken)
   at Grpc.Net.Client.Balancer.Internal.SocketConnectivitySubchannelTransport.TryConnectAsync(ConnectContext context, Int32 attempt)
   --- End of inner exception stack trace ---
   at Grpc.Core.AsyncStreamReaderExtensions.ReadAllAsyncCore[T](IAsyncStreamReader`1 streamReader, CancellationToken cancellationToken)+MoveNext()
   at Grpc.Core.AsyncStreamReaderExtensions.ReadAllAsyncCore[T](IAsyncStreamReader`1 streamReader, CancellationToken cancellationToken)+System.Threading.Tasks.Sources.IValueTaskSource<System.Boolean>.GetResult()
   at ShelfsService.src.ShelfsService.Host.Features.Items.GetPhotoByName.ExecuteAsync(GetImageByName req, CancellationToken ct) in D:\visualStudio\Projects\OnlineShelf\backend\Microservices\ShelfsService\src\ShelfsService.Host\Features\Images\GetImageByName.cs:line 50
   at ShelfsService.src.ShelfsService.Host.Features.Items.GetPhotoByName.ExecuteAsync(GetImageByName req, CancellationToken ct) in D:\visualStudio\Projects\OnlineShelf\backend\Microservices\ShelfsService\src\ShelfsService.Host\Features\Images\GetImageByName.cs:line 50
   at FastEndpoints.Endpoint`2.ExecAsync(CancellationToken ct)
   at FastEndpoints.Endpoint`2.ExecAsync(CancellationToken ct)
   at Microsoft.AspNetCore.Http.RequestDelegateFactory.ExecuteResultWriteResponse(IResult result, HttpContext httpContext)
   at Microsoft.AspNetCore.Authorization.AuthorizationMiddleware.Invoke(HttpContext context)
   at Microsoft.AspNetCore.Authentication.AuthenticationMiddleware.Invoke(HttpContext context)
   at Swashbuckle.AspNetCore.SwaggerUI.SwaggerUIMiddleware.Invoke(HttpContext httpContext)
   at Swashbuckle.AspNetCore.Swagger.SwaggerMiddleware.Invoke(HttpContext httpContext, ISwaggerProvider swaggerProvider)
   at Serilog.AspNetCore.RequestLoggingMiddleware.Invoke(HttpContext httpContext)
   at Microsoft.AspNetCore.Diagnostics.DeveloperExceptionPageMiddlewareImpl.Invoke(HttpContext context)
2026-07-05 16:20:17.042 +03:00 [ERR] ShelfsService Serilog.AspNetCore.RequestLoggingMiddleware HTTP GET /shelfs/image/get-image/4b1f3cdf-fa97-4744-a677-47c0969b6af8_big.webp responded 500 in 2691.8296 ms
Grpc.Core.RpcException: Status(StatusCode="Unavailable", Detail="Error connecting to subchannel.", DebugException="System.Net.Sockets.SocketException: No such host is known.")
 ---> System.Net.Sockets.SocketException (11001): No such host is known.
   at System.Net.Sockets.Socket.AwaitableSocketAsyncEventArgs.ThrowException(SocketError error, CancellationToken cancellationToken)
   at System.Net.Sockets.Socket.AwaitableSocketAsyncEventArgs.System.Threading.Tasks.Sources.IValueTaskSource.GetResult(Int16 token)
   at System.Net.Sockets.Socket.<ConnectAsync>g__WaitForConnectWithCancellation|285_0(AwaitableSocketAsyncEventArgs saea, ValueTask connectTask, CancellationToken cancellationToken)
   at Grpc.Net.Client.Balancer.Internal.SocketConnectivitySubchannelTransport.TryConnectAsync(ConnectContext context, Int32 attempt)
   --- End of inner exception stack trace ---
   at Grpc.Net.Client.Internal.HttpContentClientStreamReader`2.MoveNextCore(CancellationToken cancellationToken)
   at Grpc.Core.AsyncStreamReaderExtensions.ReadAllAsyncCore[T](IAsyncStreamReader`1 streamReader, CancellationToken cancellationToken)+MoveNext()
   at Grpc.Core.AsyncStreamReaderExtensions.ReadAllAsyncCore[T](IAsyncStreamReader`1 streamReader, CancellationToken cancellationToken)+System.Threading.Tasks.Sources.IValueTaskSource<System.Boolean>.GetResult()
   at ShelfsService.src.ShelfsService.Host.Features.Items.GetPhotoByName.ExecuteAsync(GetImageByName req, CancellationToken ct) in D:\visualStudio\Projects\OnlineShelf\backend\Microservices\ShelfsService\src\ShelfsService.Host\Features\Images\GetImageByName.cs:line 50
   at ShelfsService.src.ShelfsService.Host.Features.Items.GetPhotoByName.ExecuteAsync(GetImageByName req, CancellationToken ct) in D:\visualStudio\Projects\OnlineShelf\backend\Microservices\ShelfsService\src\ShelfsService.Host\Features\Images\GetImageByName.cs:line 50
   at FastEndpoints.Endpoint`2.ExecAsync(CancellationToken ct)
   at FastEndpoints.Endpoint`2.ExecAsync(CancellationToken ct)
   at Microsoft.AspNetCore.Http.RequestDelegateFactory.ExecuteResultWriteResponse(IResult result, HttpContext httpContext)
   at Microsoft.AspNetCore.Authorization.AuthorizationMiddleware.Invoke(HttpContext context)
   at Microsoft.AspNetCore.Authentication.AuthenticationMiddleware.Invoke(HttpContext context)
   at Swashbuckle.AspNetCore.SwaggerUI.SwaggerUIMiddleware.Invoke(HttpContext httpContext)
   at Swashbuckle.AspNetCore.Swagger.SwaggerMiddleware.Invoke(HttpContext httpContext, ISwaggerProvider swaggerProvider)
   at Serilog.AspNetCore.RequestLoggingMiddleware.Invoke(HttpContext httpContext)
2026-07-05 16:20:17.045 +03:00 [ERR] ShelfsService Microsoft.AspNetCore.Diagnostics.DeveloperExceptionPageMiddleware An unhandled exception has occurred while executing the request.
Grpc.Core.RpcException: Status(StatusCode="Unavailable", Detail="Error connecting to subchannel.", DebugException="System.Net.Sockets.SocketException: No such host is known.")
 ---> System.Net.Sockets.SocketException (11001): No such host is known.
   at System.Net.Sockets.Socket.AwaitableSocketAsyncEventArgs.ThrowException(SocketError error, CancellationToken cancellationToken)
   at System.Net.Sockets.Socket.AwaitableSocketAsyncEventArgs.System.Threading.Tasks.Sources.IValueTaskSource.GetResult(Int16 token)
   at System.Net.Sockets.Socket.<ConnectAsync>g__WaitForConnectWithCancellation|285_0(AwaitableSocketAsyncEventArgs saea, ValueTask connectTask, CancellationToken cancellationToken)
   at Grpc.Net.Client.Balancer.Internal.SocketConnectivitySubchannelTransport.TryConnectAsync(ConnectContext context, Int32 attempt)
   --- End of inner exception stack trace ---
   at Grpc.Net.Client.Internal.HttpContentClientStreamReader`2.MoveNextCore(CancellationToken cancellationToken)
   at Grpc.Core.AsyncStreamReaderExtensions.ReadAllAsyncCore[T](IAsyncStreamReader`1 streamReader, CancellationToken cancellationToken)+MoveNext()
   at Grpc.Core.AsyncStreamReaderExtensions.ReadAllAsyncCore[T](IAsyncStreamReader`1 streamReader, CancellationToken cancellationToken)+System.Threading.Tasks.Sources.IValueTaskSource<System.Boolean>.GetResult()
   at ShelfsService.src.ShelfsService.Host.Features.Items.GetPhotoByName.ExecuteAsync(GetImageByName req, CancellationToken ct) in D:\visualStudio\Projects\OnlineShelf\backend\Microservices\ShelfsService\src\ShelfsService.Host\Features\Images\GetImageByName.cs:line 50
   at ShelfsService.src.ShelfsService.Host.Features.Items.GetPhotoByName.ExecuteAsync(GetImageByName req, CancellationToken ct) in D:\visualStudio\Projects\OnlineShelf\backend\Microservices\ShelfsService\src\ShelfsService.Host\Features\Images\GetImageByName.cs:line 50
   at FastEndpoints.Endpoint`2.ExecAsync(CancellationToken ct)
   at FastEndpoints.Endpoint`2.ExecAsync(CancellationToken ct)
   at Microsoft.AspNetCore.Http.RequestDelegateFactory.ExecuteResultWriteResponse(IResult result, HttpContext httpContext)
   at Microsoft.AspNetCore.Authorization.AuthorizationMiddleware.Invoke(HttpContext context)
   at Microsoft.AspNetCore.Authentication.AuthenticationMiddleware.Invoke(HttpContext context)
   at Swashbuckle.AspNetCore.SwaggerUI.SwaggerUIMiddleware.Invoke(HttpContext httpContext)
   at Swashbuckle.AspNetCore.Swagger.SwaggerMiddleware.Invoke(HttpContext httpContext, ISwaggerProvider swaggerProvider)
   at Serilog.AspNetCore.RequestLoggingMiddleware.Invoke(HttpContext httpContext)
   at Microsoft.AspNetCore.Diagnostics.DeveloperExceptionPageMiddlewareImpl.Invoke(HttpContext context)
2026-07-05 16:20:38.781 +03:00 [ERR] ShelfsService Serilog.AspNetCore.RequestLoggingMiddleware HTTP GET /shelfs/image/get-image/4b1f3cdf-fa97-4744-a677-47c0969b6af8_big.webp responded 500 in 2782.5101 ms
Grpc.Core.RpcException: Status(StatusCode="Unavailable", Detail="Error connecting to subchannel.", DebugException="System.Net.Sockets.SocketException: No such host is known.")
 ---> System.Net.Sockets.SocketException (11001): No such host is known.
   at System.Net.Sockets.Socket.AwaitableSocketAsyncEventArgs.ThrowException(SocketError error, CancellationToken cancellationToken)
   at System.Net.Sockets.Socket.AwaitableSocketAsyncEventArgs.System.Threading.Tasks.Sources.IValueTaskSource.GetResult(Int16 token)
   at System.Net.Sockets.Socket.<ConnectAsync>g__WaitForConnectWithCancellation|285_0(AwaitableSocketAsyncEventArgs saea, ValueTask connectTask, CancellationToken cancellationToken)
   at Grpc.Net.Client.Balancer.Internal.SocketConnectivitySubchannelTransport.TryConnectAsync(ConnectContext context, Int32 attempt)
   --- End of inner exception stack trace ---
   at Grpc.Net.Client.Internal.HttpContentClientStreamReader`2.MoveNextCore(CancellationToken cancellationToken)
   at Grpc.Core.AsyncStreamReaderExtensions.ReadAllAsyncCore[T](IAsyncStreamReader`1 streamReader, CancellationToken cancellationToken)+MoveNext()
   at Grpc.Core.AsyncStreamReaderExtensions.ReadAllAsyncCore[T](IAsyncStreamReader`1 streamReader, CancellationToken cancellationToken)+System.Threading.Tasks.Sources.IValueTaskSource<System.Boolean>.GetResult()
   at ShelfsService.src.ShelfsService.Host.Features.Items.GetPhotoByName.ExecuteAsync(GetImageByName req, CancellationToken ct) in D:\visualStudio\Projects\OnlineShelf\backend\Microservices\ShelfsService\src\ShelfsService.Host\Features\Images\GetImageByName.cs:line 50
   at ShelfsService.src.ShelfsService.Host.Features.Items.GetPhotoByName.ExecuteAsync(GetImageByName req, CancellationToken ct) in D:\visualStudio\Projects\OnlineShelf\backend\Microservices\ShelfsService\src\ShelfsService.Host\Features\Images\GetImageByName.cs:line 50
   at FastEndpoints.Endpoint`2.ExecAsync(CancellationToken ct)
   at FastEndpoints.Endpoint`2.ExecAsync(CancellationToken ct)
   at Microsoft.AspNetCore.Http.RequestDelegateFactory.ExecuteResultWriteResponse(IResult result, HttpContext httpContext)
   at Microsoft.AspNetCore.Authorization.AuthorizationMiddleware.Invoke(HttpContext context)
   at Microsoft.AspNetCore.Authentication.AuthenticationMiddleware.Invoke(HttpContext context)
   at Swashbuckle.AspNetCore.SwaggerUI.SwaggerUIMiddleware.Invoke(HttpContext httpContext)
   at Swashbuckle.AspNetCore.Swagger.SwaggerMiddleware.Invoke(HttpContext httpContext, ISwaggerProvider swaggerProvider)
   at Serilog.AspNetCore.RequestLoggingMiddleware.Invoke(HttpContext httpContext)
2026-07-05 16:20:38.784 +03:00 [ERR] ShelfsService Microsoft.AspNetCore.Diagnostics.DeveloperExceptionPageMiddleware An unhandled exception has occurred while executing the request.
Grpc.Core.RpcException: Status(StatusCode="Unavailable", Detail="Error connecting to subchannel.", DebugException="System.Net.Sockets.SocketException: No such host is known.")
 ---> System.Net.Sockets.SocketException (11001): No such host is known.
   at System.Net.Sockets.Socket.AwaitableSocketAsyncEventArgs.ThrowException(SocketError error, CancellationToken cancellationToken)
   at System.Net.Sockets.Socket.AwaitableSocketAsyncEventArgs.System.Threading.Tasks.Sources.IValueTaskSource.GetResult(Int16 token)
   at System.Net.Sockets.Socket.<ConnectAsync>g__WaitForConnectWithCancellation|285_0(AwaitableSocketAsyncEventArgs saea, ValueTask connectTask, CancellationToken cancellationToken)
   at Grpc.Net.Client.Balancer.Internal.SocketConnectivitySubchannelTransport.TryConnectAsync(ConnectContext context, Int32 attempt)
   --- End of inner exception stack trace ---
   at Grpc.Net.Client.Internal.HttpContentClientStreamReader`2.MoveNextCore(CancellationToken cancellationToken)
   at Grpc.Core.AsyncStreamReaderExtensions.ReadAllAsyncCore[T](IAsyncStreamReader`1 streamReader, CancellationToken cancellationToken)+MoveNext()
   at Grpc.Core.AsyncStreamReaderExtensions.ReadAllAsyncCore[T](IAsyncStreamReader`1 streamReader, CancellationToken cancellationToken)+System.Threading.Tasks.Sources.IValueTaskSource<System.Boolean>.GetResult()
   at ShelfsService.src.ShelfsService.Host.Features.Items.GetPhotoByName.ExecuteAsync(GetImageByName req, CancellationToken ct) in D:\visualStudio\Projects\OnlineShelf\backend\Microservices\ShelfsService\src\ShelfsService.Host\Features\Images\GetImageByName.cs:line 50
   at ShelfsService.src.ShelfsService.Host.Features.Items.GetPhotoByName.ExecuteAsync(GetImageByName req, CancellationToken ct) in D:\visualStudio\Projects\OnlineShelf\backend\Microservices\ShelfsService\src\ShelfsService.Host\Features\Images\GetImageByName.cs:line 50
   at FastEndpoints.Endpoint`2.ExecAsync(CancellationToken ct)
   at FastEndpoints.Endpoint`2.ExecAsync(CancellationToken ct)
   at Microsoft.AspNetCore.Http.RequestDelegateFactory.ExecuteResultWriteResponse(IResult result, HttpContext httpContext)
   at Microsoft.AspNetCore.Authorization.AuthorizationMiddleware.Invoke(HttpContext context)
   at Microsoft.AspNetCore.Authentication.AuthenticationMiddleware.Invoke(HttpContext context)
   at Swashbuckle.AspNetCore.SwaggerUI.SwaggerUIMiddleware.Invoke(HttpContext httpContext)
   at Swashbuckle.AspNetCore.Swagger.SwaggerMiddleware.Invoke(HttpContext httpContext, ISwaggerProvider swaggerProvider)
   at Serilog.AspNetCore.RequestLoggingMiddleware.Invoke(HttpContext httpContext)
   at Microsoft.AspNetCore.Diagnostics.DeveloperExceptionPageMiddlewareImpl.Invoke(HttpContext context)
2026-07-05 16:20:56.083 +03:00 [ERR] ShelfsService Serilog.AspNetCore.RequestLoggingMiddleware HTTP GET /shelfs/image/get-image/4b1f3cdf-fa97-4744-a677-47c0969b6af8_big.webp responded 500 in 113.8557 ms
Grpc.Core.RpcException: Status(StatusCode="Unavailable", Detail="Error connecting to subchannel.", DebugException="System.Net.Sockets.SocketException: No such host is known.")
 ---> System.Net.Sockets.SocketException (11001): No such host is known.
   at System.Net.Sockets.Socket.AwaitableSocketAsyncEventArgs.ThrowException(SocketError error, CancellationToken cancellationToken)
   at System.Net.Sockets.Socket.AwaitableSocketAsyncEventArgs.System.Threading.Tasks.Sources.IValueTaskSource.GetResult(Int16 token)
   at System.Net.Sockets.Socket.<ConnectAsync>g__WaitForConnectWithCancellation|285_0(AwaitableSocketAsyncEventArgs saea, ValueTask connectTask, CancellationToken cancellationToken)
   at Grpc.Net.Client.Balancer.Internal.SocketConnectivitySubchannelTransport.TryConnectAsync(ConnectContext context, Int32 attempt)
   --- End of inner exception stack trace ---
   at Grpc.Core.AsyncStreamReaderExtensions.ReadAllAsyncCore[T](IAsyncStreamReader`1 streamReader, CancellationToken cancellationToken)+MoveNext()
   at Grpc.Core.AsyncStreamReaderExtensions.ReadAllAsyncCore[T](IAsyncStreamReader`1 streamReader, CancellationToken cancellationToken)+System.Threading.Tasks.Sources.IValueTaskSource<System.Boolean>.GetResult()
   at ShelfsService.src.ShelfsService.Host.Features.Items.GetPhotoByName.ExecuteAsync(GetImageByName req, CancellationToken ct) in D:\visualStudio\Projects\OnlineShelf\backend\Microservices\ShelfsService\src\ShelfsService.Host\Features\Images\GetImageByName.cs:line 50
   at ShelfsService.src.ShelfsService.Host.Features.Items.GetPhotoByName.ExecuteAsync(GetImageByName req, CancellationToken ct) in D:\visualStudio\Projects\OnlineShelf\backend\Microservices\ShelfsService\src\ShelfsService.Host\Features\Images\GetImageByName.cs:line 50
   at FastEndpoints.Endpoint`2.ExecAsync(CancellationToken ct)
   at FastEndpoints.Endpoint`2.ExecAsync(CancellationToken ct)
   at Microsoft.AspNetCore.Http.RequestDelegateFactory.ExecuteResultWriteResponse(IResult result, HttpContext httpContext)
   at Microsoft.AspNetCore.Authorization.AuthorizationMiddleware.Invoke(HttpContext context)
   at Microsoft.AspNetCore.Authentication.AuthenticationMiddleware.Invoke(HttpContext context)
   at Swashbuckle.AspNetCore.SwaggerUI.SwaggerUIMiddleware.Invoke(HttpContext httpContext)
   at Swashbuckle.AspNetCore.Swagger.SwaggerMiddleware.Invoke(HttpContext httpContext, ISwaggerProvider swaggerProvider)
   at Serilog.AspNetCore.RequestLoggingMiddleware.Invoke(HttpContext httpContext)
2026-07-05 16:20:56.088 +03:00 [ERR] ShelfsService Microsoft.AspNetCore.Diagnostics.DeveloperExceptionPageMiddleware An unhandled exception has occurred while executing the request.
Grpc.Core.RpcException: Status(StatusCode="Unavailable", Detail="Error connecting to subchannel.", DebugException="System.Net.Sockets.SocketException: No such host is known.")
 ---> System.Net.Sockets.SocketException (11001): No such host is known.
   at System.Net.Sockets.Socket.AwaitableSocketAsyncEventArgs.ThrowException(SocketError error, CancellationToken cancellationToken)
   at System.Net.Sockets.Socket.AwaitableSocketAsyncEventArgs.System.Threading.Tasks.Sources.IValueTaskSource.GetResult(Int16 token)
   at System.Net.Sockets.Socket.<ConnectAsync>g__WaitForConnectWithCancellation|285_0(AwaitableSocketAsyncEventArgs saea, ValueTask connectTask, CancellationToken cancellationToken)
   at Grpc.Net.Client.Balancer.Internal.SocketConnectivitySubchannelTransport.TryConnectAsync(ConnectContext context, Int32 attempt)
   --- End of inner exception stack trace ---
   at Grpc.Core.AsyncStreamReaderExtensions.ReadAllAsyncCore[T](IAsyncStreamReader`1 streamReader, CancellationToken cancellationToken)+MoveNext()
   at Grpc.Core.AsyncStreamReaderExtensions.ReadAllAsyncCore[T](IAsyncStreamReader`1 streamReader, CancellationToken cancellationToken)+System.Threading.Tasks.Sources.IValueTaskSource<System.Boolean>.GetResult()
   at ShelfsService.src.ShelfsService.Host.Features.Items.GetPhotoByName.ExecuteAsync(GetImageByName req, CancellationToken ct) in D:\visualStudio\Projects\OnlineShelf\backend\Microservices\ShelfsService\src\ShelfsService.Host\Features\Images\GetImageByName.cs:line 50
   at ShelfsService.src.ShelfsService.Host.Features.Items.GetPhotoByName.ExecuteAsync(GetImageByName req, CancellationToken ct) in D:\visualStudio\Projects\OnlineShelf\backend\Microservices\ShelfsService\src\ShelfsService.Host\Features\Images\GetImageByName.cs:line 50
   at FastEndpoints.Endpoint`2.ExecAsync(CancellationToken ct)
   at FastEndpoints.Endpoint`2.ExecAsync(CancellationToken ct)
   at Microsoft.AspNetCore.Http.RequestDelegateFactory.ExecuteResultWriteResponse(IResult result, HttpContext httpContext)
   at Microsoft.AspNetCore.Authorization.AuthorizationMiddleware.Invoke(HttpContext context)
   at Microsoft.AspNetCore.Authentication.AuthenticationMiddleware.Invoke(HttpContext context)
   at Swashbuckle.AspNetCore.SwaggerUI.SwaggerUIMiddleware.Invoke(HttpContext httpContext)
   at Swashbuckle.AspNetCore.Swagger.SwaggerMiddleware.Invoke(HttpContext httpContext, ISwaggerProvider swaggerProvider)
   at Serilog.AspNetCore.RequestLoggingMiddleware.Invoke(HttpContext httpContext)
   at Microsoft.AspNetCore.Diagnostics.DeveloperExceptionPageMiddlewareImpl.Invoke(HttpContext context)
2026-07-05 16:20:59.619 +03:00 [ERR] ShelfsService Serilog.AspNetCore.RequestLoggingMiddleware HTTP GET /shelfs/image/get-image/4b1f3cdf-fa97-4744-a677-47c0969b6af8_big.webp responded 500 in 469.0229 ms
Grpc.Core.RpcException: Status(StatusCode="Unavailable", Detail="Error connecting to subchannel.", DebugException="System.Net.Sockets.SocketException: No such host is known.")
 ---> System.Net.Sockets.SocketException (11001): No such host is known.
   at System.Net.Sockets.Socket.AwaitableSocketAsyncEventArgs.ThrowException(SocketError error, CancellationToken cancellationToken)
   at System.Net.Sockets.Socket.AwaitableSocketAsyncEventArgs.System.Threading.Tasks.Sources.IValueTaskSource.GetResult(Int16 token)
   at System.Net.Sockets.Socket.<ConnectAsync>g__WaitForConnectWithCancellation|285_0(AwaitableSocketAsyncEventArgs saea, ValueTask connectTask, CancellationToken cancellationToken)
   at Grpc.Net.Client.Balancer.Internal.SocketConnectivitySubchannelTransport.TryConnectAsync(ConnectContext context, Int32 attempt)
   --- End of inner exception stack trace ---
   at Grpc.Net.Client.Internal.HttpContentClientStreamReader`2.MoveNextCore(CancellationToken cancellationToken)
   at Grpc.Core.AsyncStreamReaderExtensions.ReadAllAsyncCore[T](IAsyncStreamReader`1 streamReader, CancellationToken cancellationToken)+MoveNext()
   at Grpc.Core.AsyncStreamReaderExtensions.ReadAllAsyncCore[T](IAsyncStreamReader`1 streamReader, CancellationToken cancellationToken)+System.Threading.Tasks.Sources.IValueTaskSource<System.Boolean>.GetResult()
   at ShelfsService.src.ShelfsService.Host.Features.Items.GetPhotoByName.ExecuteAsync(GetImageByName req, CancellationToken ct) in D:\visualStudio\Projects\OnlineShelf\backend\Microservices\ShelfsService\src\ShelfsService.Host\Features\Images\GetImageByName.cs:line 50
   at ShelfsService.src.ShelfsService.Host.Features.Items.GetPhotoByName.ExecuteAsync(GetImageByName req, CancellationToken ct) in D:\visualStudio\Projects\OnlineShelf\backend\Microservices\ShelfsService\src\ShelfsService.Host\Features\Images\GetImageByName.cs:line 50
   at FastEndpoints.Endpoint`2.ExecAsync(CancellationToken ct)
   at FastEndpoints.Endpoint`2.ExecAsync(CancellationToken ct)
   at Microsoft.AspNetCore.Http.RequestDelegateFactory.ExecuteResultWriteResponse(IResult result, HttpContext httpContext)
   at Microsoft.AspNetCore.Authorization.AuthorizationMiddleware.Invoke(HttpContext context)
   at Microsoft.AspNetCore.Authentication.AuthenticationMiddleware.Invoke(HttpContext context)
   at Swashbuckle.AspNetCore.SwaggerUI.SwaggerUIMiddleware.Invoke(HttpContext httpContext)
   at Swashbuckle.AspNetCore.Swagger.SwaggerMiddleware.Invoke(HttpContext httpContext, ISwaggerProvider swaggerProvider)
   at Serilog.AspNetCore.RequestLoggingMiddleware.Invoke(HttpContext httpContext)
2026-07-05 16:20:59.623 +03:00 [ERR] ShelfsService Microsoft.AspNetCore.Diagnostics.DeveloperExceptionPageMiddleware An unhandled exception has occurred while executing the request.
Grpc.Core.RpcException: Status(StatusCode="Unavailable", Detail="Error connecting to subchannel.", DebugException="System.Net.Sockets.SocketException: No such host is known.")
 ---> System.Net.Sockets.SocketException (11001): No such host is known.
   at System.Net.Sockets.Socket.AwaitableSocketAsyncEventArgs.ThrowException(SocketError error, CancellationToken cancellationToken)
   at System.Net.Sockets.Socket.AwaitableSocketAsyncEventArgs.System.Threading.Tasks.Sources.IValueTaskSource.GetResult(Int16 token)
   at System.Net.Sockets.Socket.<ConnectAsync>g__WaitForConnectWithCancellation|285_0(AwaitableSocketAsyncEventArgs saea, ValueTask connectTask, CancellationToken cancellationToken)
   at Grpc.Net.Client.Balancer.Internal.SocketConnectivitySubchannelTransport.TryConnectAsync(ConnectContext context, Int32 attempt)
   --- End of inner exception stack trace ---
   at Grpc.Net.Client.Internal.HttpContentClientStreamReader`2.MoveNextCore(CancellationToken cancellationToken)
   at Grpc.Core.AsyncStreamReaderExtensions.ReadAllAsyncCore[T](IAsyncStreamReader`1 streamReader, CancellationToken cancellationToken)+MoveNext()
   at Grpc.Core.AsyncStreamReaderExtensions.ReadAllAsyncCore[T](IAsyncStreamReader`1 streamReader, CancellationToken cancellationToken)+System.Threading.Tasks.Sources.IValueTaskSource<System.Boolean>.GetResult()
   at ShelfsService.src.ShelfsService.Host.Features.Items.GetPhotoByName.ExecuteAsync(GetImageByName req, CancellationToken ct) in D:\visualStudio\Projects\OnlineShelf\backend\Microservices\ShelfsService\src\ShelfsService.Host\Features\Images\GetImageByName.cs:line 50
   at ShelfsService.src.ShelfsService.Host.Features.Items.GetPhotoByName.ExecuteAsync(GetImageByName req, CancellationToken ct) in D:\visualStudio\Projects\OnlineShelf\backend\Microservices\ShelfsService\src\ShelfsService.Host\Features\Images\GetImageByName.cs:line 50
   at FastEndpoints.Endpoint`2.ExecAsync(CancellationToken ct)
   at FastEndpoints.Endpoint`2.ExecAsync(CancellationToken ct)
   at Microsoft.AspNetCore.Http.RequestDelegateFactory.ExecuteResultWriteResponse(IResult result, HttpContext httpContext)
   at Microsoft.AspNetCore.Authorization.AuthorizationMiddleware.Invoke(HttpContext context)
   at Microsoft.AspNetCore.Authentication.AuthenticationMiddleware.Invoke(HttpContext context)
   at Swashbuckle.AspNetCore.SwaggerUI.SwaggerUIMiddleware.Invoke(HttpContext httpContext)
   at Swashbuckle.AspNetCore.Swagger.SwaggerMiddleware.Invoke(HttpContext httpContext, ISwaggerProvider swaggerProvider)
   at Serilog.AspNetCore.RequestLoggingMiddleware.Invoke(HttpContext httpContext)
   at Microsoft.AspNetCore.Diagnostics.DeveloperExceptionPageMiddlewareImpl.Invoke(HttpContext context)
2026-07-05 16:21:00.706 +03:00 [ERR] ShelfsService Serilog.AspNetCore.RequestLoggingMiddleware HTTP GET /shelfs/image/get-image/4b1f3cdf-fa97-4744-a677-47c0969b6af8_big.webp responded 500 in 67.2294 ms
Grpc.Core.RpcException: Status(StatusCode="Unavailable", Detail="Error connecting to subchannel.", DebugException="System.Net.Sockets.SocketException: No such host is known.")
 ---> System.Net.Sockets.SocketException (11001): No such host is known.
   at System.Net.Sockets.Socket.AwaitableSocketAsyncEventArgs.ThrowException(SocketError error, CancellationToken cancellationToken)
   at System.Net.Sockets.Socket.AwaitableSocketAsyncEventArgs.System.Threading.Tasks.Sources.IValueTaskSource.GetResult(Int16 token)
   at System.Net.Sockets.Socket.<ConnectAsync>g__WaitForConnectWithCancellation|285_0(AwaitableSocketAsyncEventArgs saea, ValueTask connectTask, CancellationToken cancellationToken)
   at Grpc.Net.Client.Balancer.Internal.SocketConnectivitySubchannelTransport.TryConnectAsync(ConnectContext context, Int32 attempt)
   --- End of inner exception stack trace ---
   at Grpc.Core.AsyncStreamReaderExtensions.ReadAllAsyncCore[T](IAsyncStreamReader`1 streamReader, CancellationToken cancellationToken)+MoveNext()
   at Grpc.Core.AsyncStreamReaderExtensions.ReadAllAsyncCore[T](IAsyncStreamReader`1 streamReader, CancellationToken cancellationToken)+System.Threading.Tasks.Sources.IValueTaskSource<System.Boolean>.GetResult()
   at ShelfsService.src.ShelfsService.Host.Features.Items.GetPhotoByName.ExecuteAsync(GetImageByName req, CancellationToken ct) in D:\visualStudio\Projects\OnlineShelf\backend\Microservices\ShelfsService\src\ShelfsService.Host\Features\Images\GetImageByName.cs:line 50
   at ShelfsService.src.ShelfsService.Host.Features.Items.GetPhotoByName.ExecuteAsync(GetImageByName req, CancellationToken ct) in D:\visualStudio\Projects\OnlineShelf\backend\Microservices\ShelfsService\src\ShelfsService.Host\Features\Images\GetImageByName.cs:line 50
   at FastEndpoints.Endpoint`2.ExecAsync(CancellationToken ct)
   at FastEndpoints.Endpoint`2.ExecAsync(CancellationToken ct)
   at Microsoft.AspNetCore.Http.RequestDelegateFactory.ExecuteResultWriteResponse(IResult result, HttpContext httpContext)
   at Microsoft.AspNetCore.Authorization.AuthorizationMiddleware.Invoke(HttpContext context)
   at Microsoft.AspNetCore.Authentication.AuthenticationMiddleware.Invoke(HttpContext context)
   at Swashbuckle.AspNetCore.SwaggerUI.SwaggerUIMiddleware.Invoke(HttpContext httpContext)
   at Swashbuckle.AspNetCore.Swagger.SwaggerMiddleware.Invoke(HttpContext httpContext, ISwaggerProvider swaggerProvider)
   at Serilog.AspNetCore.RequestLoggingMiddleware.Invoke(HttpContext httpContext)
2026-07-05 16:21:00.711 +03:00 [ERR] ShelfsService Microsoft.AspNetCore.Diagnostics.DeveloperExceptionPageMiddleware An unhandled exception has occurred while executing the request.
Grpc.Core.RpcException: Status(StatusCode="Unavailable", Detail="Error connecting to subchannel.", DebugException="System.Net.Sockets.SocketException: No such host is known.")
 ---> System.Net.Sockets.SocketException (11001): No such host is known.
   at System.Net.Sockets.Socket.AwaitableSocketAsyncEventArgs.ThrowException(SocketError error, CancellationToken cancellationToken)
   at System.Net.Sockets.Socket.AwaitableSocketAsyncEventArgs.System.Threading.Tasks.Sources.IValueTaskSource.GetResult(Int16 token)
   at System.Net.Sockets.Socket.<ConnectAsync>g__WaitForConnectWithCancellation|285_0(AwaitableSocketAsyncEventArgs saea, ValueTask connectTask, CancellationToken cancellationToken)
   at Grpc.Net.Client.Balancer.Internal.SocketConnectivitySubchannelTransport.TryConnectAsync(ConnectContext context, Int32 attempt)
   --- End of inner exception stack trace ---
   at Grpc.Core.AsyncStreamReaderExtensions.ReadAllAsyncCore[T](IAsyncStreamReader`1 streamReader, CancellationToken cancellationToken)+MoveNext()
   at Grpc.Core.AsyncStreamReaderExtensions.ReadAllAsyncCore[T](IAsyncStreamReader`1 streamReader, CancellationToken cancellationToken)+System.Threading.Tasks.Sources.IValueTaskSource<System.Boolean>.GetResult()
   at ShelfsService.src.ShelfsService.Host.Features.Items.GetPhotoByName.ExecuteAsync(GetImageByName req, CancellationToken ct) in D:\visualStudio\Projects\OnlineShelf\backend\Microservices\ShelfsService\src\ShelfsService.Host\Features\Images\GetImageByName.cs:line 50
   at ShelfsService.src.ShelfsService.Host.Features.Items.GetPhotoByName.ExecuteAsync(GetImageByName req, CancellationToken ct) in D:\visualStudio\Projects\OnlineShelf\backend\Microservices\ShelfsService\src\ShelfsService.Host\Features\Images\GetImageByName.cs:line 50
   at FastEndpoints.Endpoint`2.ExecAsync(CancellationToken ct)
   at FastEndpoints.Endpoint`2.ExecAsync(CancellationToken ct)
   at Microsoft.AspNetCore.Http.RequestDelegateFactory.ExecuteResultWriteResponse(IResult result, HttpContext httpContext)
   at Microsoft.AspNetCore.Authorization.AuthorizationMiddleware.Invoke(HttpContext context)
   at Microsoft.AspNetCore.Authentication.AuthenticationMiddleware.Invoke(HttpContext context)
   at Swashbuckle.AspNetCore.SwaggerUI.SwaggerUIMiddleware.Invoke(HttpContext httpContext)
   at Swashbuckle.AspNetCore.Swagger.SwaggerMiddleware.Invoke(HttpContext httpContext, ISwaggerProvider swaggerProvider)
   at Serilog.AspNetCore.RequestLoggingMiddleware.Invoke(HttpContext httpContext)
   at Microsoft.AspNetCore.Diagnostics.DeveloperExceptionPageMiddlewareImpl.Invoke(HttpContext context)
2026-07-05 16:21:02.858 +03:00 [ERR] ShelfsService Serilog.AspNetCore.RequestLoggingMiddleware HTTP GET /shelfs/image/get-image/4b1f3cdf-fa97-4744-a677-47c0969b6af8_big.webp responded 500 in 115.9011 ms
Grpc.Core.RpcException: Status(StatusCode="Unavailable", Detail="Error connecting to subchannel.", DebugException="System.Net.Sockets.SocketException: No such host is known.")
 ---> System.Net.Sockets.SocketException (11001): No such host is known.
   at System.Net.Sockets.Socket.AwaitableSocketAsyncEventArgs.ThrowException(SocketError error, CancellationToken cancellationToken)
   at System.Net.Sockets.Socket.AwaitableSocketAsyncEventArgs.System.Threading.Tasks.Sources.IValueTaskSource.GetResult(Int16 token)
   at System.Net.Sockets.Socket.<ConnectAsync>g__WaitForConnectWithCancellation|285_0(AwaitableSocketAsyncEventArgs saea, ValueTask connectTask, CancellationToken cancellationToken)
   at Grpc.Net.Client.Balancer.Internal.SocketConnectivitySubchannelTransport.TryConnectAsync(ConnectContext context, Int32 attempt)
   --- End of inner exception stack trace ---
   at Grpc.Core.AsyncStreamReaderExtensions.ReadAllAsyncCore[T](IAsyncStreamReader`1 streamReader, CancellationToken cancellationToken)+MoveNext()
   at Grpc.Core.AsyncStreamReaderExtensions.ReadAllAsyncCore[T](IAsyncStreamReader`1 streamReader, CancellationToken cancellationToken)+System.Threading.Tasks.Sources.IValueTaskSource<System.Boolean>.GetResult()
   at ShelfsService.src.ShelfsService.Host.Features.Items.GetPhotoByName.ExecuteAsync(GetImageByName req, CancellationToken ct) in D:\visualStudio\Projects\OnlineShelf\backend\Microservices\ShelfsService\src\ShelfsService.Host\Features\Images\GetImageByName.cs:line 50
   at ShelfsService.src.ShelfsService.Host.Features.Items.GetPhotoByName.ExecuteAsync(GetImageByName req, CancellationToken ct) in D:\visualStudio\Projects\OnlineShelf\backend\Microservices\ShelfsService\src\ShelfsService.Host\Features\Images\GetImageByName.cs:line 50
   at FastEndpoints.Endpoint`2.ExecAsync(CancellationToken ct)
   at FastEndpoints.Endpoint`2.ExecAsync(CancellationToken ct)
   at Microsoft.AspNetCore.Http.RequestDelegateFactory.ExecuteResultWriteResponse(IResult result, HttpContext httpContext)
   at Microsoft.AspNetCore.Authorization.AuthorizationMiddleware.Invoke(HttpContext context)
   at Microsoft.AspNetCore.Authentication.AuthenticationMiddleware.Invoke(HttpContext context)
   at Swashbuckle.AspNetCore.SwaggerUI.SwaggerUIMiddleware.Invoke(HttpContext httpContext)
   at Swashbuckle.AspNetCore.Swagger.SwaggerMiddleware.Invoke(HttpContext httpContext, ISwaggerProvider swaggerProvider)
   at Serilog.AspNetCore.RequestLoggingMiddleware.Invoke(HttpContext httpContext)
2026-07-05 16:21:02.864 +03:00 [ERR] ShelfsService Microsoft.AspNetCore.Diagnostics.DeveloperExceptionPageMiddleware An unhandled exception has occurred while executing the request.
Grpc.Core.RpcException: Status(StatusCode="Unavailable", Detail="Error connecting to subchannel.", DebugException="System.Net.Sockets.SocketException: No such host is known.")
 ---> System.Net.Sockets.SocketException (11001): No such host is known.
   at System.Net.Sockets.Socket.AwaitableSocketAsyncEventArgs.ThrowException(SocketError error, CancellationToken cancellationToken)
   at System.Net.Sockets.Socket.AwaitableSocketAsyncEventArgs.System.Threading.Tasks.Sources.IValueTaskSource.GetResult(Int16 token)
   at System.Net.Sockets.Socket.<ConnectAsync>g__WaitForConnectWithCancellation|285_0(AwaitableSocketAsyncEventArgs saea, ValueTask connectTask, CancellationToken cancellationToken)
   at Grpc.Net.Client.Balancer.Internal.SocketConnectivitySubchannelTransport.TryConnectAsync(ConnectContext context, Int32 attempt)
   --- End of inner exception stack trace ---
   at Grpc.Core.AsyncStreamReaderExtensions.ReadAllAsyncCore[T](IAsyncStreamReader`1 streamReader, CancellationToken cancellationToken)+MoveNext()
   at Grpc.Core.AsyncStreamReaderExtensions.ReadAllAsyncCore[T](IAsyncStreamReader`1 streamReader, CancellationToken cancellationToken)+System.Threading.Tasks.Sources.IValueTaskSource<System.Boolean>.GetResult()
   at ShelfsService.src.ShelfsService.Host.Features.Items.GetPhotoByName.ExecuteAsync(GetImageByName req, CancellationToken ct) in D:\visualStudio\Projects\OnlineShelf\backend\Microservices\ShelfsService\src\ShelfsService.Host\Features\Images\GetImageByName.cs:line 50
   at ShelfsService.src.ShelfsService.Host.Features.Items.GetPhotoByName.ExecuteAsync(GetImageByName req, CancellationToken ct) in D:\visualStudio\Projects\OnlineShelf\backend\Microservices\ShelfsService\src\ShelfsService.Host\Features\Images\GetImageByName.cs:line 50
   at FastEndpoints.Endpoint`2.ExecAsync(CancellationToken ct)
   at FastEndpoints.Endpoint`2.ExecAsync(CancellationToken ct)
   at Microsoft.AspNetCore.Http.RequestDelegateFactory.ExecuteResultWriteResponse(IResult result, HttpContext httpContext)
   at Microsoft.AspNetCore.Authorization.AuthorizationMiddleware.Invoke(HttpContext context)
   at Microsoft.AspNetCore.Authentication.AuthenticationMiddleware.Invoke(HttpContext context)
   at Swashbuckle.AspNetCore.SwaggerUI.SwaggerUIMiddleware.Invoke(HttpContext httpContext)
   at Swashbuckle.AspNetCore.Swagger.SwaggerMiddleware.Invoke(HttpContext httpContext, ISwaggerProvider swaggerProvider)
   at Serilog.AspNetCore.RequestLoggingMiddleware.Invoke(HttpContext httpContext)
   at Microsoft.AspNetCore.Diagnostics.DeveloperExceptionPageMiddlewareImpl.Invoke(HttpContext context)
2026-07-05 16:21:06.978 +03:00 [ERR] ShelfsService Serilog.AspNetCore.RequestLoggingMiddleware HTTP GET /shelfs/image/get-image/4b1f3cdf-fa97-4744-a677-47c0969b6af8_big.webp responded 500 in 74.3236 ms
Grpc.Core.RpcException: Status(StatusCode="Unavailable", Detail="Error connecting to subchannel.", DebugException="System.Net.Sockets.SocketException: No such host is known.")
 ---> System.Net.Sockets.SocketException (11001): No such host is known.
   at System.Net.Sockets.Socket.AwaitableSocketAsyncEventArgs.ThrowException(SocketError error, CancellationToken cancellationToken)
   at System.Net.Sockets.Socket.AwaitableSocketAsyncEventArgs.System.Threading.Tasks.Sources.IValueTaskSource.GetResult(Int16 token)
   at System.Net.Sockets.Socket.<ConnectAsync>g__WaitForConnectWithCancellation|285_0(AwaitableSocketAsyncEventArgs saea, ValueTask connectTask, CancellationToken cancellationToken)
   at Grpc.Net.Client.Balancer.Internal.SocketConnectivitySubchannelTransport.TryConnectAsync(ConnectContext context, Int32 attempt)
   --- End of inner exception stack trace ---
   at Grpc.Core.AsyncStreamReaderExtensions.ReadAllAsyncCore[T](IAsyncStreamReader`1 streamReader, CancellationToken cancellationToken)+MoveNext()
   at Grpc.Core.AsyncStreamReaderExtensions.ReadAllAsyncCore[T](IAsyncStreamReader`1 streamReader, CancellationToken cancellationToken)+System.Threading.Tasks.Sources.IValueTaskSource<System.Boolean>.GetResult()
   at ShelfsService.src.ShelfsService.Host.Features.Items.GetPhotoByName.ExecuteAsync(GetImageByName req, CancellationToken ct) in D:\visualStudio\Projects\OnlineShelf\backend\Microservices\ShelfsService\src\ShelfsService.Host\Features\Images\GetImageByName.cs:line 50
   at ShelfsService.src.ShelfsService.Host.Features.Items.GetPhotoByName.ExecuteAsync(GetImageByName req, CancellationToken ct) in D:\visualStudio\Projects\OnlineShelf\backend\Microservices\ShelfsService\src\ShelfsService.Host\Features\Images\GetImageByName.cs:line 50
   at FastEndpoints.Endpoint`2.ExecAsync(CancellationToken ct)
   at FastEndpoints.Endpoint`2.ExecAsync(CancellationToken ct)
   at Microsoft.AspNetCore.Http.RequestDelegateFactory.ExecuteResultWriteResponse(IResult result, HttpContext httpContext)
   at Microsoft.AspNetCore.Authorization.AuthorizationMiddleware.Invoke(HttpContext context)
   at Microsoft.AspNetCore.Authentication.AuthenticationMiddleware.Invoke(HttpContext context)
   at Swashbuckle.AspNetCore.SwaggerUI.SwaggerUIMiddleware.Invoke(HttpContext httpContext)
   at Swashbuckle.AspNetCore.Swagger.SwaggerMiddleware.Invoke(HttpContext httpContext, ISwaggerProvider swaggerProvider)
   at Serilog.AspNetCore.RequestLoggingMiddleware.Invoke(HttpContext httpContext)
2026-07-05 16:21:06.982 +03:00 [ERR] ShelfsService Microsoft.AspNetCore.Diagnostics.DeveloperExceptionPageMiddleware An unhandled exception has occurred while executing the request.
Grpc.Core.RpcException: Status(StatusCode="Unavailable", Detail="Error connecting to subchannel.", DebugException="System.Net.Sockets.SocketException: No such host is known.")
 ---> System.Net.Sockets.SocketException (11001): No such host is known.
   at System.Net.Sockets.Socket.AwaitableSocketAsyncEventArgs.ThrowException(SocketError error, CancellationToken cancellationToken)
   at System.Net.Sockets.Socket.AwaitableSocketAsyncEventArgs.System.Threading.Tasks.Sources.IValueTaskSource.GetResult(Int16 token)
   at System.Net.Sockets.Socket.<ConnectAsync>g__WaitForConnectWithCancellation|285_0(AwaitableSocketAsyncEventArgs saea, ValueTask connectTask, CancellationToken cancellationToken)
   at Grpc.Net.Client.Balancer.Internal.SocketConnectivitySubchannelTransport.TryConnectAsync(ConnectContext context, Int32 attempt)
   --- End of inner exception stack trace ---
   at Grpc.Core.AsyncStreamReaderExtensions.ReadAllAsyncCore[T](IAsyncStreamReader`1 streamReader, CancellationToken cancellationToken)+MoveNext()
   at Grpc.Core.AsyncStreamReaderExtensions.ReadAllAsyncCore[T](IAsyncStreamReader`1 streamReader, CancellationToken cancellationToken)+System.Threading.Tasks.Sources.IValueTaskSource<System.Boolean>.GetResult()
   at ShelfsService.src.ShelfsService.Host.Features.Items.GetPhotoByName.ExecuteAsync(GetImageByName req, CancellationToken ct) in D:\visualStudio\Projects\OnlineShelf\backend\Microservices\ShelfsService\src\ShelfsService.Host\Features\Images\GetImageByName.cs:line 50
   at ShelfsService.src.ShelfsService.Host.Features.Items.GetPhotoByName.ExecuteAsync(GetImageByName req, CancellationToken ct) in D:\visualStudio\Projects\OnlineShelf\backend\Microservices\ShelfsService\src\ShelfsService.Host\Features\Images\GetImageByName.cs:line 50
   at FastEndpoints.Endpoint`2.ExecAsync(CancellationToken ct)
   at FastEndpoints.Endpoint`2.ExecAsync(CancellationToken ct)
   at Microsoft.AspNetCore.Http.RequestDelegateFactory.ExecuteResultWriteResponse(IResult result, HttpContext httpContext)
   at Microsoft.AspNetCore.Authorization.AuthorizationMiddleware.Invoke(HttpContext context)
   at Microsoft.AspNetCore.Authentication.AuthenticationMiddleware.Invoke(HttpContext context)
   at Swashbuckle.AspNetCore.SwaggerUI.SwaggerUIMiddleware.Invoke(HttpContext httpContext)
   at Swashbuckle.AspNetCore.Swagger.SwaggerMiddleware.Invoke(HttpContext httpContext, ISwaggerProvider swaggerProvider)
   at Serilog.AspNetCore.RequestLoggingMiddleware.Invoke(HttpContext httpContext)
   at Microsoft.AspNetCore.Diagnostics.DeveloperExceptionPageMiddlewareImpl.Invoke(HttpContext context)
2026-07-05 16:21:22.394 +03:00 [ERR] ShelfsService Serilog.AspNetCore.RequestLoggingMiddleware HTTP GET /shelfs/image/get-image/4b1f3cdf-fa97-4744-a677-47c0969b6af8_big.webp responded 500 in 64.2400 ms
Grpc.Core.RpcException: Status(StatusCode="Unavailable", Detail="Error connecting to subchannel.", DebugException="System.Net.Sockets.SocketException: No such host is known.")
 ---> System.Net.Sockets.SocketException (11001): No such host is known.
   at System.Net.Sockets.Socket.AwaitableSocketAsyncEventArgs.ThrowException(SocketError error, CancellationToken cancellationToken)
   at System.Net.Sockets.Socket.AwaitableSocketAsyncEventArgs.System.Threading.Tasks.Sources.IValueTaskSource.GetResult(Int16 token)
   at System.Net.Sockets.Socket.<ConnectAsync>g__WaitForConnectWithCancellation|285_0(AwaitableSocketAsyncEventArgs saea, ValueTask connectTask, CancellationToken cancellationToken)
   at Grpc.Net.Client.Balancer.Internal.SocketConnectivitySubchannelTransport.TryConnectAsync(ConnectContext context, Int32 attempt)
   --- End of inner exception stack trace ---
   at Grpc.Core.AsyncStreamReaderExtensions.ReadAllAsyncCore[T](IAsyncStreamReader`1 streamReader, CancellationToken cancellationToken)+MoveNext()
   at Grpc.Core.AsyncStreamReaderExtensions.ReadAllAsyncCore[T](IAsyncStreamReader`1 streamReader, CancellationToken cancellationToken)+System.Threading.Tasks.Sources.IValueTaskSource<System.Boolean>.GetResult()
   at ShelfsService.src.ShelfsService.Host.Features.Items.GetPhotoByName.ExecuteAsync(GetImageByName req, CancellationToken ct) in D:\visualStudio\Projects\OnlineShelf\backend\Microservices\ShelfsService\src\ShelfsService.Host\Features\Images\GetImageByName.cs:line 50
   at ShelfsService.src.ShelfsService.Host.Features.Items.GetPhotoByName.ExecuteAsync(GetImageByName req, CancellationToken ct) in D:\visualStudio\Projects\OnlineShelf\backend\Microservices\ShelfsService\src\ShelfsService.Host\Features\Images\GetImageByName.cs:line 50
   at FastEndpoints.Endpoint`2.ExecAsync(CancellationToken ct)
   at FastEndpoints.Endpoint`2.ExecAsync(CancellationToken ct)
   at Microsoft.AspNetCore.Http.RequestDelegateFactory.ExecuteResultWriteResponse(IResult result, HttpContext httpContext)
   at Microsoft.AspNetCore.Authorization.AuthorizationMiddleware.Invoke(HttpContext context)
   at Microsoft.AspNetCore.Authentication.AuthenticationMiddleware.Invoke(HttpContext context)
   at Swashbuckle.AspNetCore.SwaggerUI.SwaggerUIMiddleware.Invoke(HttpContext httpContext)
   at Swashbuckle.AspNetCore.Swagger.SwaggerMiddleware.Invoke(HttpContext httpContext, ISwaggerProvider swaggerProvider)
   at Serilog.AspNetCore.RequestLoggingMiddleware.Invoke(HttpContext httpContext)
2026-07-05 16:21:22.400 +03:00 [ERR] ShelfsService Microsoft.AspNetCore.Diagnostics.DeveloperExceptionPageMiddleware An unhandled exception has occurred while executing the request.
Grpc.Core.RpcException: Status(StatusCode="Unavailable", Detail="Error connecting to subchannel.", DebugException="System.Net.Sockets.SocketException: No such host is known.")
 ---> System.Net.Sockets.SocketException (11001): No such host is known.
   at System.Net.Sockets.Socket.AwaitableSocketAsyncEventArgs.ThrowException(SocketError error, CancellationToken cancellationToken)
   at System.Net.Sockets.Socket.AwaitableSocketAsyncEventArgs.System.Threading.Tasks.Sources.IValueTaskSource.GetResult(Int16 token)
   at System.Net.Sockets.Socket.<ConnectAsync>g__WaitForConnectWithCancellation|285_0(AwaitableSocketAsyncEventArgs saea, ValueTask connectTask, CancellationToken cancellationToken)
   at Grpc.Net.Client.Balancer.Internal.SocketConnectivitySubchannelTransport.TryConnectAsync(ConnectContext context, Int32 attempt)
   --- End of inner exception stack trace ---
   at Grpc.Core.AsyncStreamReaderExtensions.ReadAllAsyncCore[T](IAsyncStreamReader`1 streamReader, CancellationToken cancellationToken)+MoveNext()
   at Grpc.Core.AsyncStreamReaderExtensions.ReadAllAsyncCore[T](IAsyncStreamReader`1 streamReader, CancellationToken cancellationToken)+System.Threading.Tasks.Sources.IValueTaskSource<System.Boolean>.GetResult()
   at ShelfsService.src.ShelfsService.Host.Features.Items.GetPhotoByName.ExecuteAsync(GetImageByName req, CancellationToken ct) in D:\visualStudio\Projects\OnlineShelf\backend\Microservices\ShelfsService\src\ShelfsService.Host\Features\Images\GetImageByName.cs:line 50
   at ShelfsService.src.ShelfsService.Host.Features.Items.GetPhotoByName.ExecuteAsync(GetImageByName req, CancellationToken ct) in D:\visualStudio\Projects\OnlineShelf\backend\Microservices\ShelfsService\src\ShelfsService.Host\Features\Images\GetImageByName.cs:line 50
   at FastEndpoints.Endpoint`2.ExecAsync(CancellationToken ct)
   at FastEndpoints.Endpoint`2.ExecAsync(CancellationToken ct)
   at Microsoft.AspNetCore.Http.RequestDelegateFactory.ExecuteResultWriteResponse(IResult result, HttpContext httpContext)
   at Microsoft.AspNetCore.Authorization.AuthorizationMiddleware.Invoke(HttpContext context)
   at Microsoft.AspNetCore.Authentication.AuthenticationMiddleware.Invoke(HttpContext context)
   at Swashbuckle.AspNetCore.SwaggerUI.SwaggerUIMiddleware.Invoke(HttpContext httpContext)
   at Swashbuckle.AspNetCore.Swagger.SwaggerMiddleware.Invoke(HttpContext httpContext, ISwaggerProvider swaggerProvider)
   at Serilog.AspNetCore.RequestLoggingMiddleware.Invoke(HttpContext httpContext)
   at Microsoft.AspNetCore.Diagnostics.DeveloperExceptionPageMiddlewareImpl.Invoke(HttpContext context)
2026-07-05 16:21:23.489 +03:00 [ERR] ShelfsService Serilog.AspNetCore.RequestLoggingMiddleware HTTP GET /shelfs/image/get-image/4b1f3cdf-fa97-4744-a677-47c0969b6af8_big.webp responded 500 in 68.4021 ms
Grpc.Core.RpcException: Status(StatusCode="Unavailable", Detail="Error connecting to subchannel.", DebugException="System.Net.Sockets.SocketException: No such host is known.")
 ---> System.Net.Sockets.SocketException (11001): No such host is known.
   at System.Net.Sockets.Socket.AwaitableSocketAsyncEventArgs.ThrowException(SocketError error, CancellationToken cancellationToken)
   at System.Net.Sockets.Socket.AwaitableSocketAsyncEventArgs.System.Threading.Tasks.Sources.IValueTaskSource.GetResult(Int16 token)
   at System.Net.Sockets.Socket.<ConnectAsync>g__WaitForConnectWithCancellation|285_0(AwaitableSocketAsyncEventArgs saea, ValueTask connectTask, CancellationToken cancellationToken)
   at Grpc.Net.Client.Balancer.Internal.SocketConnectivitySubchannelTransport.TryConnectAsync(ConnectContext context, Int32 attempt)
   --- End of inner exception stack trace ---
   at Grpc.Core.AsyncStreamReaderExtensions.ReadAllAsyncCore[T](IAsyncStreamReader`1 streamReader, CancellationToken cancellationToken)+MoveNext()
   at Grpc.Core.AsyncStreamReaderExtensions.ReadAllAsyncCore[T](IAsyncStreamReader`1 streamReader, CancellationToken cancellationToken)+System.Threading.Tasks.Sources.IValueTaskSource<System.Boolean>.GetResult()
   at ShelfsService.src.ShelfsService.Host.Features.Items.GetPhotoByName.ExecuteAsync(GetImageByName req, CancellationToken ct) in D:\visualStudio\Projects\OnlineShelf\backend\Microservices\ShelfsService\src\ShelfsService.Host\Features\Images\GetImageByName.cs:line 50
   at ShelfsService.src.ShelfsService.Host.Features.Items.GetPhotoByName.ExecuteAsync(GetImageByName req, CancellationToken ct) in D:\visualStudio\Projects\OnlineShelf\backend\Microservices\ShelfsService\src\ShelfsService.Host\Features\Images\GetImageByName.cs:line 50
   at FastEndpoints.Endpoint`2.ExecAsync(CancellationToken ct)
   at FastEndpoints.Endpoint`2.ExecAsync(CancellationToken ct)
   at Microsoft.AspNetCore.Http.RequestDelegateFactory.ExecuteResultWriteResponse(IResult result, HttpContext httpContext)
   at Microsoft.AspNetCore.Authorization.AuthorizationMiddleware.Invoke(HttpContext context)
   at Microsoft.AspNetCore.Authentication.AuthenticationMiddleware.Invoke(HttpContext context)
   at Swashbuckle.AspNetCore.SwaggerUI.SwaggerUIMiddleware.Invoke(HttpContext httpContext)
   at Swashbuckle.AspNetCore.Swagger.SwaggerMiddleware.Invoke(HttpContext httpContext, ISwaggerProvider swaggerProvider)
   at Serilog.AspNetCore.RequestLoggingMiddleware.Invoke(HttpContext httpContext)
2026-07-05 16:21:23.494 +03:00 [ERR] ShelfsService Microsoft.AspNetCore.Diagnostics.DeveloperExceptionPageMiddleware An unhandled exception has occurred while executing the request.
Grpc.Core.RpcException: Status(StatusCode="Unavailable", Detail="Error connecting to subchannel.", DebugException="System.Net.Sockets.SocketException: No such host is known.")
 ---> System.Net.Sockets.SocketException (11001): No such host is known.
   at System.Net.Sockets.Socket.AwaitableSocketAsyncEventArgs.ThrowException(SocketError error, CancellationToken cancellationToken)
   at System.Net.Sockets.Socket.AwaitableSocketAsyncEventArgs.System.Threading.Tasks.Sources.IValueTaskSource.GetResult(Int16 token)
   at System.Net.Sockets.Socket.<ConnectAsync>g__WaitForConnectWithCancellation|285_0(AwaitableSocketAsyncEventArgs saea, ValueTask connectTask, CancellationToken cancellationToken)
   at Grpc.Net.Client.Balancer.Internal.SocketConnectivitySubchannelTransport.TryConnectAsync(ConnectContext context, Int32 attempt)
   --- End of inner exception stack trace ---
   at Grpc.Core.AsyncStreamReaderExtensions.ReadAllAsyncCore[T](IAsyncStreamReader`1 streamReader, CancellationToken cancellationToken)+MoveNext()
   at Grpc.Core.AsyncStreamReaderExtensions.ReadAllAsyncCore[T](IAsyncStreamReader`1 streamReader, CancellationToken cancellationToken)+System.Threading.Tasks.Sources.IValueTaskSource<System.Boolean>.GetResult()
   at ShelfsService.src.ShelfsService.Host.Features.Items.GetPhotoByName.ExecuteAsync(GetImageByName req, CancellationToken ct) in D:\visualStudio\Projects\OnlineShelf\backend\Microservices\ShelfsService\src\ShelfsService.Host\Features\Images\GetImageByName.cs:line 50
   at ShelfsService.src.ShelfsService.Host.Features.Items.GetPhotoByName.ExecuteAsync(GetImageByName req, CancellationToken ct) in D:\visualStudio\Projects\OnlineShelf\backend\Microservices\ShelfsService\src\ShelfsService.Host\Features\Images\GetImageByName.cs:line 50
   at FastEndpoints.Endpoint`2.ExecAsync(CancellationToken ct)
   at FastEndpoints.Endpoint`2.ExecAsync(CancellationToken ct)
   at Microsoft.AspNetCore.Http.RequestDelegateFactory.ExecuteResultWriteResponse(IResult result, HttpContext httpContext)
   at Microsoft.AspNetCore.Authorization.AuthorizationMiddleware.Invoke(HttpContext context)
   at Microsoft.AspNetCore.Authentication.AuthenticationMiddleware.Invoke(HttpContext context)
   at Swashbuckle.AspNetCore.SwaggerUI.SwaggerUIMiddleware.Invoke(HttpContext httpContext)
   at Swashbuckle.AspNetCore.Swagger.SwaggerMiddleware.Invoke(HttpContext httpContext, ISwaggerProvider swaggerProvider)
   at Serilog.AspNetCore.RequestLoggingMiddleware.Invoke(HttpContext httpContext)
   at Microsoft.AspNetCore.Diagnostics.DeveloperExceptionPageMiddlewareImpl.Invoke(HttpContext context)
2026-07-05 16:21:27.227 +03:00 [ERR] ShelfsService Serilog.AspNetCore.RequestLoggingMiddleware HTTP GET /shelfs/image/get-image/4b1f3cdf-fa97-4744-a677-47c0969b6af8_big.webp responded 500 in 1714.6189 ms
Grpc.Core.RpcException: Status(StatusCode="Unavailable", Detail="Error connecting to subchannel.", DebugException="System.Net.Sockets.SocketException: No such host is known.")
 ---> System.Net.Sockets.SocketException (11001): No such host is known.
   at System.Net.Sockets.Socket.AwaitableSocketAsyncEventArgs.ThrowException(SocketError error, CancellationToken cancellationToken)
   at System.Net.Sockets.Socket.AwaitableSocketAsyncEventArgs.System.Threading.Tasks.Sources.IValueTaskSource.GetResult(Int16 token)
   at System.Net.Sockets.Socket.<ConnectAsync>g__WaitForConnectWithCancellation|285_0(AwaitableSocketAsyncEventArgs saea, ValueTask connectTask, CancellationToken cancellationToken)
   at Grpc.Net.Client.Balancer.Internal.SocketConnectivitySubchannelTransport.TryConnectAsync(ConnectContext context, Int32 attempt)
   --- End of inner exception stack trace ---
   at Grpc.Net.Client.Internal.HttpContentClientStreamReader`2.MoveNextCore(CancellationToken cancellationToken)
   at Grpc.Core.AsyncStreamReaderExtensions.ReadAllAsyncCore[T](IAsyncStreamReader`1 streamReader, CancellationToken cancellationToken)+MoveNext()
   at Grpc.Core.AsyncStreamReaderExtensions.ReadAllAsyncCore[T](IAsyncStreamReader`1 streamReader, CancellationToken cancellationToken)+System.Threading.Tasks.Sources.IValueTaskSource<System.Boolean>.GetResult()
   at ShelfsService.src.ShelfsService.Host.Features.Items.GetPhotoByName.ExecuteAsync(GetImageByName req, CancellationToken ct) in D:\visualStudio\Projects\OnlineShelf\backend\Microservices\ShelfsService\src\ShelfsService.Host\Features\Images\GetImageByName.cs:line 50
   at ShelfsService.src.ShelfsService.Host.Features.Items.GetPhotoByName.ExecuteAsync(GetImageByName req, CancellationToken ct) in D:\visualStudio\Projects\OnlineShelf\backend\Microservices\ShelfsService\src\ShelfsService.Host\Features\Images\GetImageByName.cs:line 50
   at FastEndpoints.Endpoint`2.ExecAsync(CancellationToken ct)
   at FastEndpoints.Endpoint`2.ExecAsync(CancellationToken ct)
   at Microsoft.AspNetCore.Http.RequestDelegateFactory.ExecuteResultWriteResponse(IResult result, HttpContext httpContext)
   at Microsoft.AspNetCore.Authorization.AuthorizationMiddleware.Invoke(HttpContext context)
   at Microsoft.AspNetCore.Authentication.AuthenticationMiddleware.Invoke(HttpContext context)
   at Swashbuckle.AspNetCore.SwaggerUI.SwaggerUIMiddleware.Invoke(HttpContext httpContext)
   at Swashbuckle.AspNetCore.Swagger.SwaggerMiddleware.Invoke(HttpContext httpContext, ISwaggerProvider swaggerProvider)
   at Serilog.AspNetCore.RequestLoggingMiddleware.Invoke(HttpContext httpContext)
2026-07-05 16:21:27.230 +03:00 [ERR] ShelfsService Microsoft.AspNetCore.Diagnostics.DeveloperExceptionPageMiddleware An unhandled exception has occurred while executing the request.
Grpc.Core.RpcException: Status(StatusCode="Unavailable", Detail="Error connecting to subchannel.", DebugException="System.Net.Sockets.SocketException: No such host is known.")
 ---> System.Net.Sockets.SocketException (11001): No such host is known.
   at System.Net.Sockets.Socket.AwaitableSocketAsyncEventArgs.ThrowException(SocketError error, CancellationToken cancellationToken)
   at System.Net.Sockets.Socket.AwaitableSocketAsyncEventArgs.System.Threading.Tasks.Sources.IValueTaskSource.GetResult(Int16 token)
   at System.Net.Sockets.Socket.<ConnectAsync>g__WaitForConnectWithCancellation|285_0(AwaitableSocketAsyncEventArgs saea, ValueTask connectTask, CancellationToken cancellationToken)
   at Grpc.Net.Client.Balancer.Internal.SocketConnectivitySubchannelTransport.TryConnectAsync(ConnectContext context, Int32 attempt)
   --- End of inner exception stack trace ---
   at Grpc.Net.Client.Internal.HttpContentClientStreamReader`2.MoveNextCore(CancellationToken cancellationToken)
   at Grpc.Core.AsyncStreamReaderExtensions.ReadAllAsyncCore[T](IAsyncStreamReader`1 streamReader, CancellationToken cancellationToken)+MoveNext()
   at Grpc.Core.AsyncStreamReaderExtensions.ReadAllAsyncCore[T](IAsyncStreamReader`1 streamReader, CancellationToken cancellationToken)+System.Threading.Tasks.Sources.IValueTaskSource<System.Boolean>.GetResult()
   at ShelfsService.src.ShelfsService.Host.Features.Items.GetPhotoByName.ExecuteAsync(GetImageByName req, CancellationToken ct) in D:\visualStudio\Projects\OnlineShelf\backend\Microservices\ShelfsService\src\ShelfsService.Host\Features\Images\GetImageByName.cs:line 50
   at ShelfsService.src.ShelfsService.Host.Features.Items.GetPhotoByName.ExecuteAsync(GetImageByName req, CancellationToken ct) in D:\visualStudio\Projects\OnlineShelf\backend\Microservices\ShelfsService\src\ShelfsService.Host\Features\Images\GetImageByName.cs:line 50
   at FastEndpoints.Endpoint`2.ExecAsync(CancellationToken ct)
   at FastEndpoints.Endpoint`2.ExecAsync(CancellationToken ct)
   at Microsoft.AspNetCore.Http.RequestDelegateFactory.ExecuteResultWriteResponse(IResult result, HttpContext httpContext)
   at Microsoft.AspNetCore.Authorization.AuthorizationMiddleware.Invoke(HttpContext context)
   at Microsoft.AspNetCore.Authentication.AuthenticationMiddleware.Invoke(HttpContext context)
   at Swashbuckle.AspNetCore.SwaggerUI.SwaggerUIMiddleware.Invoke(HttpContext httpContext)
   at Swashbuckle.AspNetCore.Swagger.SwaggerMiddleware.Invoke(HttpContext httpContext, ISwaggerProvider swaggerProvider)
   at Serilog.AspNetCore.RequestLoggingMiddleware.Invoke(HttpContext httpContext)
   at Microsoft.AspNetCore.Diagnostics.DeveloperExceptionPageMiddlewareImpl.Invoke(HttpContext context)
2026-07-05 16:21:31.327 +03:00 [ERR] ShelfsService Serilog.AspNetCore.RequestLoggingMiddleware HTTP GET /shelfs/image/get-image/4b1f3cdf-fa97-4744-a677-47c0969b6af8_big.webp responded 500 in 69.5754 ms
Grpc.Core.RpcException: Status(StatusCode="Unavailable", Detail="Error connecting to subchannel.", DebugException="System.Net.Sockets.SocketException: No such host is known.")
 ---> System.Net.Sockets.SocketException (11001): No such host is known.
   at System.Net.Sockets.Socket.AwaitableSocketAsyncEventArgs.ThrowException(SocketError error, CancellationToken cancellationToken)
   at System.Net.Sockets.Socket.AwaitableSocketAsyncEventArgs.System.Threading.Tasks.Sources.IValueTaskSource.GetResult(Int16 token)
   at System.Net.Sockets.Socket.<ConnectAsync>g__WaitForConnectWithCancellation|285_0(AwaitableSocketAsyncEventArgs saea, ValueTask connectTask, CancellationToken cancellationToken)
   at Grpc.Net.Client.Balancer.Internal.SocketConnectivitySubchannelTransport.TryConnectAsync(ConnectContext context, Int32 attempt)
   --- End of inner exception stack trace ---
   at Grpc.Core.AsyncStreamReaderExtensions.ReadAllAsyncCore[T](IAsyncStreamReader`1 streamReader, CancellationToken cancellationToken)+MoveNext()
   at Grpc.Core.AsyncStreamReaderExtensions.ReadAllAsyncCore[T](IAsyncStreamReader`1 streamReader, CancellationToken cancellationToken)+System.Threading.Tasks.Sources.IValueTaskSource<System.Boolean>.GetResult()
   at ShelfsService.src.ShelfsService.Host.Features.Items.GetPhotoByName.ExecuteAsync(GetImageByName req, CancellationToken ct) in D:\visualStudio\Projects\OnlineShelf\backend\Microservices\ShelfsService\src\ShelfsService.Host\Features\Images\GetImageByName.cs:line 50
   at ShelfsService.src.ShelfsService.Host.Features.Items.GetPhotoByName.ExecuteAsync(GetImageByName req, CancellationToken ct) in D:\visualStudio\Projects\OnlineShelf\backend\Microservices\ShelfsService\src\ShelfsService.Host\Features\Images\GetImageByName.cs:line 50
   at FastEndpoints.Endpoint`2.ExecAsync(CancellationToken ct)
   at FastEndpoints.Endpoint`2.ExecAsync(CancellationToken ct)
   at Microsoft.AspNetCore.Http.RequestDelegateFactory.ExecuteResultWriteResponse(IResult result, HttpContext httpContext)
   at Microsoft.AspNetCore.Authorization.AuthorizationMiddleware.Invoke(HttpContext context)
   at Microsoft.AspNetCore.Authentication.AuthenticationMiddleware.Invoke(HttpContext context)
   at Swashbuckle.AspNetCore.SwaggerUI.SwaggerUIMiddleware.Invoke(HttpContext httpContext)
   at Swashbuckle.AspNetCore.Swagger.SwaggerMiddleware.Invoke(HttpContext httpContext, ISwaggerProvider swaggerProvider)
   at Serilog.AspNetCore.RequestLoggingMiddleware.Invoke(HttpContext httpContext)
2026-07-05 16:21:31.333 +03:00 [ERR] ShelfsService Microsoft.AspNetCore.Diagnostics.DeveloperExceptionPageMiddleware An unhandled exception has occurred while executing the request.
Grpc.Core.RpcException: Status(StatusCode="Unavailable", Detail="Error connecting to subchannel.", DebugException="System.Net.Sockets.SocketException: No such host is known.")
 ---> System.Net.Sockets.SocketException (11001): No such host is known.
   at System.Net.Sockets.Socket.AwaitableSocketAsyncEventArgs.ThrowException(SocketError error, CancellationToken cancellationToken)
   at System.Net.Sockets.Socket.AwaitableSocketAsyncEventArgs.System.Threading.Tasks.Sources.IValueTaskSource.GetResult(Int16 token)
   at System.Net.Sockets.Socket.<ConnectAsync>g__WaitForConnectWithCancellation|285_0(AwaitableSocketAsyncEventArgs saea, ValueTask connectTask, CancellationToken cancellationToken)
   at Grpc.Net.Client.Balancer.Internal.SocketConnectivitySubchannelTransport.TryConnectAsync(ConnectContext context, Int32 attempt)
   --- End of inner exception stack trace ---
   at Grpc.Core.AsyncStreamReaderExtensions.ReadAllAsyncCore[T](IAsyncStreamReader`1 streamReader, CancellationToken cancellationToken)+MoveNext()
   at Grpc.Core.AsyncStreamReaderExtensions.ReadAllAsyncCore[T](IAsyncStreamReader`1 streamReader, CancellationToken cancellationToken)+System.Threading.Tasks.Sources.IValueTaskSource<System.Boolean>.GetResult()
   at ShelfsService.src.ShelfsService.Host.Features.Items.GetPhotoByName.ExecuteAsync(GetImageByName req, CancellationToken ct) in D:\visualStudio\Projects\OnlineShelf\backend\Microservices\ShelfsService\src\ShelfsService.Host\Features\Images\GetImageByName.cs:line 50
   at ShelfsService.src.ShelfsService.Host.Features.Items.GetPhotoByName.ExecuteAsync(GetImageByName req, CancellationToken ct) in D:\visualStudio\Projects\OnlineShelf\backend\Microservices\ShelfsService\src\ShelfsService.Host\Features\Images\GetImageByName.cs:line 50
   at FastEndpoints.Endpoint`2.ExecAsync(CancellationToken ct)
   at FastEndpoints.Endpoint`2.ExecAsync(CancellationToken ct)
   at Microsoft.AspNetCore.Http.RequestDelegateFactory.ExecuteResultWriteResponse(IResult result, HttpContext httpContext)
   at Microsoft.AspNetCore.Authorization.AuthorizationMiddleware.Invoke(HttpContext context)
   at Microsoft.AspNetCore.Authentication.AuthenticationMiddleware.Invoke(HttpContext context)
   at Swashbuckle.AspNetCore.SwaggerUI.SwaggerUIMiddleware.Invoke(HttpContext httpContext)
   at Swashbuckle.AspNetCore.Swagger.SwaggerMiddleware.Invoke(HttpContext httpContext, ISwaggerProvider swaggerProvider)
   at Serilog.AspNetCore.RequestLoggingMiddleware.Invoke(HttpContext httpContext)
   at Microsoft.AspNetCore.Diagnostics.DeveloperExceptionPageMiddlewareImpl.Invoke(HttpContext context)
2026-07-05 16:21:40.568 +03:00 [ERR] ShelfsService Serilog.AspNetCore.RequestLoggingMiddleware HTTP GET /shelfs/image/get-image/4b1f3cdf-fa97-4744-a677-47c0969b6af8_big.webp responded 500 in 116.9035 ms
Grpc.Core.RpcException: Status(StatusCode="Unavailable", Detail="Error connecting to subchannel.", DebugException="System.Net.Sockets.SocketException: No such host is known.")
 ---> System.Net.Sockets.SocketException (11001): No such host is known.
   at System.Net.Sockets.Socket.AwaitableSocketAsyncEventArgs.ThrowException(SocketError error, CancellationToken cancellationToken)
   at System.Net.Sockets.Socket.AwaitableSocketAsyncEventArgs.System.Threading.Tasks.Sources.IValueTaskSource.GetResult(Int16 token)
   at System.Net.Sockets.Socket.<ConnectAsync>g__WaitForConnectWithCancellation|285_0(AwaitableSocketAsyncEventArgs saea, ValueTask connectTask, CancellationToken cancellationToken)
   at Grpc.Net.Client.Balancer.Internal.SocketConnectivitySubchannelTransport.TryConnectAsync(ConnectContext context, Int32 attempt)
   --- End of inner exception stack trace ---
   at Grpc.Core.AsyncStreamReaderExtensions.ReadAllAsyncCore[T](IAsyncStreamReader`1 streamReader, CancellationToken cancellationToken)+MoveNext()
   at Grpc.Core.AsyncStreamReaderExtensions.ReadAllAsyncCore[T](IAsyncStreamReader`1 streamReader, CancellationToken cancellationToken)+System.Threading.Tasks.Sources.IValueTaskSource<System.Boolean>.GetResult()
   at ShelfsService.src.ShelfsService.Host.Features.Items.GetPhotoByName.ExecuteAsync(GetImageByName req, CancellationToken ct) in D:\visualStudio\Projects\OnlineShelf\backend\Microservices\ShelfsService\src\ShelfsService.Host\Features\Images\GetImageByName.cs:line 50
   at ShelfsService.src.ShelfsService.Host.Features.Items.GetPhotoByName.ExecuteAsync(GetImageByName req, CancellationToken ct) in D:\visualStudio\Projects\OnlineShelf\backend\Microservices\ShelfsService\src\ShelfsService.Host\Features\Images\GetImageByName.cs:line 50
   at FastEndpoints.Endpoint`2.ExecAsync(CancellationToken ct)
   at FastEndpoints.Endpoint`2.ExecAsync(CancellationToken ct)
   at Microsoft.AspNetCore.Http.RequestDelegateFactory.ExecuteResultWriteResponse(IResult result, HttpContext httpContext)
   at Microsoft.AspNetCore.Authorization.AuthorizationMiddleware.Invoke(HttpContext context)
   at Microsoft.AspNetCore.Authentication.AuthenticationMiddleware.Invoke(HttpContext context)
   at Swashbuckle.AspNetCore.SwaggerUI.SwaggerUIMiddleware.Invoke(HttpContext httpContext)
   at Swashbuckle.AspNetCore.Swagger.SwaggerMiddleware.Invoke(HttpContext httpContext, ISwaggerProvider swaggerProvider)
   at Serilog.AspNetCore.RequestLoggingMiddleware.Invoke(HttpContext httpContext)
2026-07-05 16:21:40.572 +03:00 [ERR] ShelfsService Microsoft.AspNetCore.Diagnostics.DeveloperExceptionPageMiddleware An unhandled exception has occurred while executing the request.
Grpc.Core.RpcException: Status(StatusCode="Unavailable", Detail="Error connecting to subchannel.", DebugException="System.Net.Sockets.SocketException: No such host is known.")
 ---> System.Net.Sockets.SocketException (11001): No such host is known.
   at System.Net.Sockets.Socket.AwaitableSocketAsyncEventArgs.ThrowException(SocketError error, CancellationToken cancellationToken)
   at System.Net.Sockets.Socket.AwaitableSocketAsyncEventArgs.System.Threading.Tasks.Sources.IValueTaskSource.GetResult(Int16 token)
   at System.Net.Sockets.Socket.<ConnectAsync>g__WaitForConnectWithCancellation|285_0(AwaitableSocketAsyncEventArgs saea, ValueTask connectTask, CancellationToken cancellationToken)
   at Grpc.Net.Client.Balancer.Internal.SocketConnectivitySubchannelTransport.TryConnectAsync(ConnectContext context, Int32 attempt)
   --- End of inner exception stack trace ---
   at Grpc.Core.AsyncStreamReaderExtensions.ReadAllAsyncCore[T](IAsyncStreamReader`1 streamReader, CancellationToken cancellationToken)+MoveNext()
   at Grpc.Core.AsyncStreamReaderExtensions.ReadAllAsyncCore[T](IAsyncStreamReader`1 streamReader, CancellationToken cancellationToken)+System.Threading.Tasks.Sources.IValueTaskSource<System.Boolean>.GetResult()
   at ShelfsService.src.ShelfsService.Host.Features.Items.GetPhotoByName.ExecuteAsync(GetImageByName req, CancellationToken ct) in D:\visualStudio\Projects\OnlineShelf\backend\Microservices\ShelfsService\src\ShelfsService.Host\Features\Images\GetImageByName.cs:line 50
   at ShelfsService.src.ShelfsService.Host.Features.Items.GetPhotoByName.ExecuteAsync(GetImageByName req, CancellationToken ct) in D:\visualStudio\Projects\OnlineShelf\backend\Microservices\ShelfsService\src\ShelfsService.Host\Features\Images\GetImageByName.cs:line 50
   at FastEndpoints.Endpoint`2.ExecAsync(CancellationToken ct)
   at FastEndpoints.Endpoint`2.ExecAsync(CancellationToken ct)
   at Microsoft.AspNetCore.Http.RequestDelegateFactory.ExecuteResultWriteResponse(IResult result, HttpContext httpContext)
   at Microsoft.AspNetCore.Authorization.AuthorizationMiddleware.Invoke(HttpContext context)
   at Microsoft.AspNetCore.Authentication.AuthenticationMiddleware.Invoke(HttpContext context)
   at Swashbuckle.AspNetCore.SwaggerUI.SwaggerUIMiddleware.Invoke(HttpContext httpContext)
   at Swashbuckle.AspNetCore.Swagger.SwaggerMiddleware.Invoke(HttpContext httpContext, ISwaggerProvider swaggerProvider)
   at Serilog.AspNetCore.RequestLoggingMiddleware.Invoke(HttpContext httpContext)
   at Microsoft.AspNetCore.Diagnostics.DeveloperExceptionPageMiddlewareImpl.Invoke(HttpContext context)
2026-07-05 16:21:41.666 +03:00 [ERR] ShelfsService Serilog.AspNetCore.RequestLoggingMiddleware HTTP GET /shelfs/image/get-image/4b1f3cdf-fa97-4744-a677-47c0969b6af8_big.webp responded 500 in 69.9047 ms
Grpc.Core.RpcException: Status(StatusCode="Unavailable", Detail="Error connecting to subchannel.", DebugException="System.Net.Sockets.SocketException: No such host is known.")
 ---> System.Net.Sockets.SocketException (11001): No such host is known.
   at System.Net.Sockets.Socket.AwaitableSocketAsyncEventArgs.ThrowException(SocketError error, CancellationToken cancellationToken)
   at System.Net.Sockets.Socket.AwaitableSocketAsyncEventArgs.System.Threading.Tasks.Sources.IValueTaskSource.GetResult(Int16 token)
   at System.Net.Sockets.Socket.<ConnectAsync>g__WaitForConnectWithCancellation|285_0(AwaitableSocketAsyncEventArgs saea, ValueTask connectTask, CancellationToken cancellationToken)
   at Grpc.Net.Client.Balancer.Internal.SocketConnectivitySubchannelTransport.TryConnectAsync(ConnectContext context, Int32 attempt)
   --- End of inner exception stack trace ---
   at Grpc.Core.AsyncStreamReaderExtensions.ReadAllAsyncCore[T](IAsyncStreamReader`1 streamReader, CancellationToken cancellationToken)+MoveNext()
   at Grpc.Core.AsyncStreamReaderExtensions.ReadAllAsyncCore[T](IAsyncStreamReader`1 streamReader, CancellationToken cancellationToken)+System.Threading.Tasks.Sources.IValueTaskSource<System.Boolean>.GetResult()
   at ShelfsService.src.ShelfsService.Host.Features.Items.GetPhotoByName.ExecuteAsync(GetImageByName req, CancellationToken ct) in D:\visualStudio\Projects\OnlineShelf\backend\Microservices\ShelfsService\src\ShelfsService.Host\Features\Images\GetImageByName.cs:line 50
   at ShelfsService.src.ShelfsService.Host.Features.Items.GetPhotoByName.ExecuteAsync(GetImageByName req, CancellationToken ct) in D:\visualStudio\Projects\OnlineShelf\backend\Microservices\ShelfsService\src\ShelfsService.Host\Features\Images\GetImageByName.cs:line 50
   at FastEndpoints.Endpoint`2.ExecAsync(CancellationToken ct)
   at FastEndpoints.Endpoint`2.ExecAsync(CancellationToken ct)
   at Microsoft.AspNetCore.Http.RequestDelegateFactory.ExecuteResultWriteResponse(IResult result, HttpContext httpContext)
   at Microsoft.AspNetCore.Authorization.AuthorizationMiddleware.Invoke(HttpContext context)
   at Microsoft.AspNetCore.Authentication.AuthenticationMiddleware.Invoke(HttpContext context)
   at Swashbuckle.AspNetCore.SwaggerUI.SwaggerUIMiddleware.Invoke(HttpContext httpContext)
   at Swashbuckle.AspNetCore.Swagger.SwaggerMiddleware.Invoke(HttpContext httpContext, ISwaggerProvider swaggerProvider)
   at Serilog.AspNetCore.RequestLoggingMiddleware.Invoke(HttpContext httpContext)
2026-07-05 16:21:41.671 +03:00 [ERR] ShelfsService Microsoft.AspNetCore.Diagnostics.DeveloperExceptionPageMiddleware An unhandled exception has occurred while executing the request.
Grpc.Core.RpcException: Status(StatusCode="Unavailable", Detail="Error connecting to subchannel.", DebugException="System.Net.Sockets.SocketException: No such host is known.")
 ---> System.Net.Sockets.SocketException (11001): No such host is known.
   at System.Net.Sockets.Socket.AwaitableSocketAsyncEventArgs.ThrowException(SocketError error, CancellationToken cancellationToken)
   at System.Net.Sockets.Socket.AwaitableSocketAsyncEventArgs.System.Threading.Tasks.Sources.IValueTaskSource.GetResult(Int16 token)
   at System.Net.Sockets.Socket.<ConnectAsync>g__WaitForConnectWithCancellation|285_0(AwaitableSocketAsyncEventArgs saea, ValueTask connectTask, CancellationToken cancellationToken)
   at Grpc.Net.Client.Balancer.Internal.SocketConnectivitySubchannelTransport.TryConnectAsync(ConnectContext context, Int32 attempt)
   --- End of inner exception stack trace ---
   at Grpc.Core.AsyncStreamReaderExtensions.ReadAllAsyncCore[T](IAsyncStreamReader`1 streamReader, CancellationToken cancellationToken)+MoveNext()
   at Grpc.Core.AsyncStreamReaderExtensions.ReadAllAsyncCore[T](IAsyncStreamReader`1 streamReader, CancellationToken cancellationToken)+System.Threading.Tasks.Sources.IValueTaskSource<System.Boolean>.GetResult()
   at ShelfsService.src.ShelfsService.Host.Features.Items.GetPhotoByName.ExecuteAsync(GetImageByName req, CancellationToken ct) in D:\visualStudio\Projects\OnlineShelf\backend\Microservices\ShelfsService\src\ShelfsService.Host\Features\Images\GetImageByName.cs:line 50
   at ShelfsService.src.ShelfsService.Host.Features.Items.GetPhotoByName.ExecuteAsync(GetImageByName req, CancellationToken ct) in D:\visualStudio\Projects\OnlineShelf\backend\Microservices\ShelfsService\src\ShelfsService.Host\Features\Images\GetImageByName.cs:line 50
   at FastEndpoints.Endpoint`2.ExecAsync(CancellationToken ct)
   at FastEndpoints.Endpoint`2.ExecAsync(CancellationToken ct)
   at Microsoft.AspNetCore.Http.RequestDelegateFactory.ExecuteResultWriteResponse(IResult result, HttpContext httpContext)
   at Microsoft.AspNetCore.Authorization.AuthorizationMiddleware.Invoke(HttpContext context)
   at Microsoft.AspNetCore.Authentication.AuthenticationMiddleware.Invoke(HttpContext context)
   at Swashbuckle.AspNetCore.SwaggerUI.SwaggerUIMiddleware.Invoke(HttpContext httpContext)
   at Swashbuckle.AspNetCore.Swagger.SwaggerMiddleware.Invoke(HttpContext httpContext, ISwaggerProvider swaggerProvider)
   at Serilog.AspNetCore.RequestLoggingMiddleware.Invoke(HttpContext httpContext)
   at Microsoft.AspNetCore.Diagnostics.DeveloperExceptionPageMiddlewareImpl.Invoke(HttpContext context)
2026-07-05 16:21:43.753 +03:00 [ERR] ShelfsService Serilog.AspNetCore.RequestLoggingMiddleware HTTP GET /shelfs/image/get-image/4b1f3cdf-fa97-4744-a677-47c0969b6af8_big.webp responded 500 in 65.3171 ms
Grpc.Core.RpcException: Status(StatusCode="Unavailable", Detail="Error connecting to subchannel.", DebugException="System.Net.Sockets.SocketException: No such host is known.")
 ---> System.Net.Sockets.SocketException (11001): No such host is known.
   at System.Net.Sockets.Socket.AwaitableSocketAsyncEventArgs.ThrowException(SocketError error, CancellationToken cancellationToken)
   at System.Net.Sockets.Socket.AwaitableSocketAsyncEventArgs.System.Threading.Tasks.Sources.IValueTaskSource.GetResult(Int16 token)
   at System.Net.Sockets.Socket.<ConnectAsync>g__WaitForConnectWithCancellation|285_0(AwaitableSocketAsyncEventArgs saea, ValueTask connectTask, CancellationToken cancellationToken)
   at Grpc.Net.Client.Balancer.Internal.SocketConnectivitySubchannelTransport.TryConnectAsync(ConnectContext context, Int32 attempt)
   --- End of inner exception stack trace ---
   at Grpc.Core.AsyncStreamReaderExtensions.ReadAllAsyncCore[T](IAsyncStreamReader`1 streamReader, CancellationToken cancellationToken)+MoveNext()
   at Grpc.Core.AsyncStreamReaderExtensions.ReadAllAsyncCore[T](IAsyncStreamReader`1 streamReader, CancellationToken cancellationToken)+System.Threading.Tasks.Sources.IValueTaskSource<System.Boolean>.GetResult()
   at ShelfsService.src.ShelfsService.Host.Features.Items.GetPhotoByName.ExecuteAsync(GetImageByName req, CancellationToken ct) in D:\visualStudio\Projects\OnlineShelf\backend\Microservices\ShelfsService\src\ShelfsService.Host\Features\Images\GetImageByName.cs:line 50
   at ShelfsService.src.ShelfsService.Host.Features.Items.GetPhotoByName.ExecuteAsync(GetImageByName req, CancellationToken ct) in D:\visualStudio\Projects\OnlineShelf\backend\Microservices\ShelfsService\src\ShelfsService.Host\Features\Images\GetImageByName.cs:line 50
   at FastEndpoints.Endpoint`2.ExecAsync(CancellationToken ct)
   at FastEndpoints.Endpoint`2.ExecAsync(CancellationToken ct)
   at Microsoft.AspNetCore.Http.RequestDelegateFactory.ExecuteResultWriteResponse(IResult result, HttpContext httpContext)
   at Microsoft.AspNetCore.Authorization.AuthorizationMiddleware.Invoke(HttpContext context)
   at Microsoft.AspNetCore.Authentication.AuthenticationMiddleware.Invoke(HttpContext context)
   at Swashbuckle.AspNetCore.SwaggerUI.SwaggerUIMiddleware.Invoke(HttpContext httpContext)
   at Swashbuckle.AspNetCore.Swagger.SwaggerMiddleware.Invoke(HttpContext httpContext, ISwaggerProvider swaggerProvider)
   at Serilog.AspNetCore.RequestLoggingMiddleware.Invoke(HttpContext httpContext)
2026-07-05 16:21:43.756 +03:00 [ERR] ShelfsService Microsoft.AspNetCore.Diagnostics.DeveloperExceptionPageMiddleware An unhandled exception has occurred while executing the request.
Grpc.Core.RpcException: Status(StatusCode="Unavailable", Detail="Error connecting to subchannel.", DebugException="System.Net.Sockets.SocketException: No such host is known.")
 ---> System.Net.Sockets.SocketException (11001): No such host is known.
   at System.Net.Sockets.Socket.AwaitableSocketAsyncEventArgs.ThrowException(SocketError error, CancellationToken cancellationToken)
   at System.Net.Sockets.Socket.AwaitableSocketAsyncEventArgs.System.Threading.Tasks.Sources.IValueTaskSource.GetResult(Int16 token)
   at System.Net.Sockets.Socket.<ConnectAsync>g__WaitForConnectWithCancellation|285_0(AwaitableSocketAsyncEventArgs saea, ValueTask connectTask, CancellationToken cancellationToken)
   at Grpc.Net.Client.Balancer.Internal.SocketConnectivitySubchannelTransport.TryConnectAsync(ConnectContext context, Int32 attempt)
   --- End of inner exception stack trace ---
   at Grpc.Core.AsyncStreamReaderExtensions.ReadAllAsyncCore[T](IAsyncStreamReader`1 streamReader, CancellationToken cancellationToken)+MoveNext()
   at Grpc.Core.AsyncStreamReaderExtensions.ReadAllAsyncCore[T](IAsyncStreamReader`1 streamReader, CancellationToken cancellationToken)+System.Threading.Tasks.Sources.IValueTaskSource<System.Boolean>.GetResult()
   at ShelfsService.src.ShelfsService.Host.Features.Items.GetPhotoByName.ExecuteAsync(GetImageByName req, CancellationToken ct) in D:\visualStudio\Projects\OnlineShelf\backend\Microservices\ShelfsService\src\ShelfsService.Host\Features\Images\GetImageByName.cs:line 50
   at ShelfsService.src.ShelfsService.Host.Features.Items.GetPhotoByName.ExecuteAsync(GetImageByName req, CancellationToken ct) in D:\visualStudio\Projects\OnlineShelf\backend\Microservices\ShelfsService\src\ShelfsService.Host\Features\Images\GetImageByName.cs:line 50
   at FastEndpoints.Endpoint`2.ExecAsync(CancellationToken ct)
   at FastEndpoints.Endpoint`2.ExecAsync(CancellationToken ct)
   at Microsoft.AspNetCore.Http.RequestDelegateFactory.ExecuteResultWriteResponse(IResult result, HttpContext httpContext)
   at Microsoft.AspNetCore.Authorization.AuthorizationMiddleware.Invoke(HttpContext context)
   at Microsoft.AspNetCore.Authentication.AuthenticationMiddleware.Invoke(HttpContext context)
   at Swashbuckle.AspNetCore.SwaggerUI.SwaggerUIMiddleware.Invoke(HttpContext httpContext)
   at Swashbuckle.AspNetCore.Swagger.SwaggerMiddleware.Invoke(HttpContext httpContext, ISwaggerProvider swaggerProvider)
   at Serilog.AspNetCore.RequestLoggingMiddleware.Invoke(HttpContext httpContext)
   at Microsoft.AspNetCore.Diagnostics.DeveloperExceptionPageMiddlewareImpl.Invoke(HttpContext context)
2026-07-05 16:21:47.841 +03:00 [ERR] ShelfsService Serilog.AspNetCore.RequestLoggingMiddleware HTTP GET /shelfs/image/get-image/4b1f3cdf-fa97-4744-a677-47c0969b6af8_big.webp responded 500 in 66.4252 ms
Grpc.Core.RpcException: Status(StatusCode="Unavailable", Detail="Error connecting to subchannel.", DebugException="System.Net.Sockets.SocketException: No such host is known.")
 ---> System.Net.Sockets.SocketException (11001): No such host is known.
   at System.Net.Sockets.Socket.AwaitableSocketAsyncEventArgs.ThrowException(SocketError error, CancellationToken cancellationToken)
   at System.Net.Sockets.Socket.AwaitableSocketAsyncEventArgs.System.Threading.Tasks.Sources.IValueTaskSource.GetResult(Int16 token)
   at System.Net.Sockets.Socket.<ConnectAsync>g__WaitForConnectWithCancellation|285_0(AwaitableSocketAsyncEventArgs saea, ValueTask connectTask, CancellationToken cancellationToken)
   at Grpc.Net.Client.Balancer.Internal.SocketConnectivitySubchannelTransport.TryConnectAsync(ConnectContext context, Int32 attempt)
   --- End of inner exception stack trace ---
   at Grpc.Core.AsyncStreamReaderExtensions.ReadAllAsyncCore[T](IAsyncStreamReader`1 streamReader, CancellationToken cancellationToken)+MoveNext()
   at Grpc.Core.AsyncStreamReaderExtensions.ReadAllAsyncCore[T](IAsyncStreamReader`1 streamReader, CancellationToken cancellationToken)+System.Threading.Tasks.Sources.IValueTaskSource<System.Boolean>.GetResult()
   at ShelfsService.src.ShelfsService.Host.Features.Items.GetPhotoByName.ExecuteAsync(GetImageByName req, CancellationToken ct) in D:\visualStudio\Projects\OnlineShelf\backend\Microservices\ShelfsService\src\ShelfsService.Host\Features\Images\GetImageByName.cs:line 50
   at ShelfsService.src.ShelfsService.Host.Features.Items.GetPhotoByName.ExecuteAsync(GetImageByName req, CancellationToken ct) in D:\visualStudio\Projects\OnlineShelf\backend\Microservices\ShelfsService\src\ShelfsService.Host\Features\Images\GetImageByName.cs:line 50
   at FastEndpoints.Endpoint`2.ExecAsync(CancellationToken ct)
   at FastEndpoints.Endpoint`2.ExecAsync(CancellationToken ct)
   at Microsoft.AspNetCore.Http.RequestDelegateFactory.ExecuteResultWriteResponse(IResult result, HttpContext httpContext)
   at Microsoft.AspNetCore.Authorization.AuthorizationMiddleware.Invoke(HttpContext context)
   at Microsoft.AspNetCore.Authentication.AuthenticationMiddleware.Invoke(HttpContext context)
   at Swashbuckle.AspNetCore.SwaggerUI.SwaggerUIMiddleware.Invoke(HttpContext httpContext)
   at Swashbuckle.AspNetCore.Swagger.SwaggerMiddleware.Invoke(HttpContext httpContext, ISwaggerProvider swaggerProvider)
   at Serilog.AspNetCore.RequestLoggingMiddleware.Invoke(HttpContext httpContext)
2026-07-05 16:21:47.846 +03:00 [ERR] ShelfsService Microsoft.AspNetCore.Diagnostics.DeveloperExceptionPageMiddleware An unhandled exception has occurred while executing the request.
Grpc.Core.RpcException: Status(StatusCode="Unavailable", Detail="Error connecting to subchannel.", DebugException="System.Net.Sockets.SocketException: No such host is known.")
 ---> System.Net.Sockets.SocketException (11001): No such host is known.
   at System.Net.Sockets.Socket.AwaitableSocketAsyncEventArgs.ThrowException(SocketError error, CancellationToken cancellationToken)
   at System.Net.Sockets.Socket.AwaitableSocketAsyncEventArgs.System.Threading.Tasks.Sources.IValueTaskSource.GetResult(Int16 token)
   at System.Net.Sockets.Socket.<ConnectAsync>g__WaitForConnectWithCancellation|285_0(AwaitableSocketAsyncEventArgs saea, ValueTask connectTask, CancellationToken cancellationToken)
   at Grpc.Net.Client.Balancer.Internal.SocketConnectivitySubchannelTransport.TryConnectAsync(ConnectContext context, Int32 attempt)
   --- End of inner exception stack trace ---
   at Grpc.Core.AsyncStreamReaderExtensions.ReadAllAsyncCore[T](IAsyncStreamReader`1 streamReader, CancellationToken cancellationToken)+MoveNext()
   at Grpc.Core.AsyncStreamReaderExtensions.ReadAllAsyncCore[T](IAsyncStreamReader`1 streamReader, CancellationToken cancellationToken)+System.Threading.Tasks.Sources.IValueTaskSource<System.Boolean>.GetResult()
   at ShelfsService.src.ShelfsService.Host.Features.Items.GetPhotoByName.ExecuteAsync(GetImageByName req, CancellationToken ct) in D:\visualStudio\Projects\OnlineShelf\backend\Microservices\ShelfsService\src\ShelfsService.Host\Features\Images\GetImageByName.cs:line 50
   at ShelfsService.src.ShelfsService.Host.Features.Items.GetPhotoByName.ExecuteAsync(GetImageByName req, CancellationToken ct) in D:\visualStudio\Projects\OnlineShelf\backend\Microservices\ShelfsService\src\ShelfsService.Host\Features\Images\GetImageByName.cs:line 50
   at FastEndpoints.Endpoint`2.ExecAsync(CancellationToken ct)
   at FastEndpoints.Endpoint`2.ExecAsync(CancellationToken ct)
   at Microsoft.AspNetCore.Http.RequestDelegateFactory.ExecuteResultWriteResponse(IResult result, HttpContext httpContext)
   at Microsoft.AspNetCore.Authorization.AuthorizationMiddleware.Invoke(HttpContext context)
   at Microsoft.AspNetCore.Authentication.AuthenticationMiddleware.Invoke(HttpContext context)
   at Swashbuckle.AspNetCore.SwaggerUI.SwaggerUIMiddleware.Invoke(HttpContext httpContext)
   at Swashbuckle.AspNetCore.Swagger.SwaggerMiddleware.Invoke(HttpContext httpContext, ISwaggerProvider swaggerProvider)
   at Serilog.AspNetCore.RequestLoggingMiddleware.Invoke(HttpContext httpContext)
   at Microsoft.AspNetCore.Diagnostics.DeveloperExceptionPageMiddlewareImpl.Invoke(HttpContext context)
2026-07-05 16:22:35.231 +03:00 [ERR] ShelfsService Serilog.AspNetCore.RequestLoggingMiddleware HTTP GET /shelfs/image/get-image/4b1f3cdf-fa97-4744-a677-47c0969b6af8_big.webp responded 500 in 97.1476 ms
Grpc.Core.RpcException: Status(StatusCode="Unavailable", Detail="Error connecting to subchannel.", DebugException="System.Net.Sockets.SocketException: No such host is known.")
 ---> System.Net.Sockets.SocketException (11001): No such host is known.
   at System.Net.Sockets.Socket.AwaitableSocketAsyncEventArgs.ThrowException(SocketError error, CancellationToken cancellationToken)
   at System.Net.Sockets.Socket.AwaitableSocketAsyncEventArgs.System.Threading.Tasks.Sources.IValueTaskSource.GetResult(Int16 token)
   at System.Net.Sockets.Socket.<ConnectAsync>g__WaitForConnectWithCancellation|285_0(AwaitableSocketAsyncEventArgs saea, ValueTask connectTask, CancellationToken cancellationToken)
   at Grpc.Net.Client.Balancer.Internal.SocketConnectivitySubchannelTransport.TryConnectAsync(ConnectContext context, Int32 attempt)
   --- End of inner exception stack trace ---
   at Grpc.Core.AsyncStreamReaderExtensions.ReadAllAsyncCore[T](IAsyncStreamReader`1 streamReader, CancellationToken cancellationToken)+MoveNext()
   at Grpc.Core.AsyncStreamReaderExtensions.ReadAllAsyncCore[T](IAsyncStreamReader`1 streamReader, CancellationToken cancellationToken)+System.Threading.Tasks.Sources.IValueTaskSource<System.Boolean>.GetResult()
   at ShelfsService.src.ShelfsService.Host.Features.Items.GetPhotoByName.ExecuteAsync(GetImageByName req, CancellationToken ct) in D:\visualStudio\Projects\OnlineShelf\backend\Microservices\ShelfsService\src\ShelfsService.Host\Features\Images\GetImageByName.cs:line 50
   at ShelfsService.src.ShelfsService.Host.Features.Items.GetPhotoByName.ExecuteAsync(GetImageByName req, CancellationToken ct) in D:\visualStudio\Projects\OnlineShelf\backend\Microservices\ShelfsService\src\ShelfsService.Host\Features\Images\GetImageByName.cs:line 50
   at FastEndpoints.Endpoint`2.ExecAsync(CancellationToken ct)
   at FastEndpoints.Endpoint`2.ExecAsync(CancellationToken ct)
   at Microsoft.AspNetCore.Http.RequestDelegateFactory.ExecuteResultWriteResponse(IResult result, HttpContext httpContext)
   at Microsoft.AspNetCore.Authorization.AuthorizationMiddleware.Invoke(HttpContext context)
   at Microsoft.AspNetCore.Authentication.AuthenticationMiddleware.Invoke(HttpContext context)
   at Swashbuckle.AspNetCore.SwaggerUI.SwaggerUIMiddleware.Invoke(HttpContext httpContext)
   at Swashbuckle.AspNetCore.Swagger.SwaggerMiddleware.Invoke(HttpContext httpContext, ISwaggerProvider swaggerProvider)
   at Serilog.AspNetCore.RequestLoggingMiddleware.Invoke(HttpContext httpContext)
2026-07-05 16:22:35.236 +03:00 [ERR] ShelfsService Microsoft.AspNetCore.Diagnostics.DeveloperExceptionPageMiddleware An unhandled exception has occurred while executing the request.
Grpc.Core.RpcException: Status(StatusCode="Unavailable", Detail="Error connecting to subchannel.", DebugException="System.Net.Sockets.SocketException: No such host is known.")
 ---> System.Net.Sockets.SocketException (11001): No such host is known.
   at System.Net.Sockets.Socket.AwaitableSocketAsyncEventArgs.ThrowException(SocketError error, CancellationToken cancellationToken)
   at System.Net.Sockets.Socket.AwaitableSocketAsyncEventArgs.System.Threading.Tasks.Sources.IValueTaskSource.GetResult(Int16 token)
   at System.Net.Sockets.Socket.<ConnectAsync>g__WaitForConnectWithCancellation|285_0(AwaitableSocketAsyncEventArgs saea, ValueTask connectTask, CancellationToken cancellationToken)
   at Grpc.Net.Client.Balancer.Internal.SocketConnectivitySubchannelTransport.TryConnectAsync(ConnectContext context, Int32 attempt)
   --- End of inner exception stack trace ---
   at Grpc.Core.AsyncStreamReaderExtensions.ReadAllAsyncCore[T](IAsyncStreamReader`1 streamReader, CancellationToken cancellationToken)+MoveNext()
   at Grpc.Core.AsyncStreamReaderExtensions.ReadAllAsyncCore[T](IAsyncStreamReader`1 streamReader, CancellationToken cancellationToken)+System.Threading.Tasks.Sources.IValueTaskSource<System.Boolean>.GetResult()
   at ShelfsService.src.ShelfsService.Host.Features.Items.GetPhotoByName.ExecuteAsync(GetImageByName req, CancellationToken ct) in D:\visualStudio\Projects\OnlineShelf\backend\Microservices\ShelfsService\src\ShelfsService.Host\Features\Images\GetImageByName.cs:line 50
   at ShelfsService.src.ShelfsService.Host.Features.Items.GetPhotoByName.ExecuteAsync(GetImageByName req, CancellationToken ct) in D:\visualStudio\Projects\OnlineShelf\backend\Microservices\ShelfsService\src\ShelfsService.Host\Features\Images\GetImageByName.cs:line 50
   at FastEndpoints.Endpoint`2.ExecAsync(CancellationToken ct)
   at FastEndpoints.Endpoint`2.ExecAsync(CancellationToken ct)
   at Microsoft.AspNetCore.Http.RequestDelegateFactory.ExecuteResultWriteResponse(IResult result, HttpContext httpContext)
   at Microsoft.AspNetCore.Authorization.AuthorizationMiddleware.Invoke(HttpContext context)
   at Microsoft.AspNetCore.Authentication.AuthenticationMiddleware.Invoke(HttpContext context)
   at Swashbuckle.AspNetCore.SwaggerUI.SwaggerUIMiddleware.Invoke(HttpContext httpContext)
   at Swashbuckle.AspNetCore.Swagger.SwaggerMiddleware.Invoke(HttpContext httpContext, ISwaggerProvider swaggerProvider)
   at Serilog.AspNetCore.RequestLoggingMiddleware.Invoke(HttpContext httpContext)
   at Microsoft.AspNetCore.Diagnostics.DeveloperExceptionPageMiddlewareImpl.Invoke(HttpContext context)
2026-07-05 16:22:36.428 +03:00 [ERR] ShelfsService Serilog.AspNetCore.RequestLoggingMiddleware HTTP GET /shelfs/image/get-image/4b1f3cdf-fa97-4744-a677-47c0969b6af8_big.webp responded 500 in 79.7769 ms
Grpc.Core.RpcException: Status(StatusCode="Unavailable", Detail="Error connecting to subchannel.", DebugException="System.Net.Sockets.SocketException: No such host is known.")
 ---> System.Net.Sockets.SocketException (11001): No such host is known.
   at System.Net.Sockets.Socket.AwaitableSocketAsyncEventArgs.ThrowException(SocketError error, CancellationToken cancellationToken)
   at System.Net.Sockets.Socket.AwaitableSocketAsyncEventArgs.System.Threading.Tasks.Sources.IValueTaskSource.GetResult(Int16 token)
   at System.Net.Sockets.Socket.<ConnectAsync>g__WaitForConnectWithCancellation|285_0(AwaitableSocketAsyncEventArgs saea, ValueTask connectTask, CancellationToken cancellationToken)
   at Grpc.Net.Client.Balancer.Internal.SocketConnectivitySubchannelTransport.TryConnectAsync(ConnectContext context, Int32 attempt)
   --- End of inner exception stack trace ---
   at Grpc.Core.AsyncStreamReaderExtensions.ReadAllAsyncCore[T](IAsyncStreamReader`1 streamReader, CancellationToken cancellationToken)+MoveNext()
   at Grpc.Core.AsyncStreamReaderExtensions.ReadAllAsyncCore[T](IAsyncStreamReader`1 streamReader, CancellationToken cancellationToken)+System.Threading.Tasks.Sources.IValueTaskSource<System.Boolean>.GetResult()
   at ShelfsService.src.ShelfsService.Host.Features.Items.GetPhotoByName.ExecuteAsync(GetImageByName req, CancellationToken ct) in D:\visualStudio\Projects\OnlineShelf\backend\Microservices\ShelfsService\src\ShelfsService.Host\Features\Images\GetImageByName.cs:line 50
   at ShelfsService.src.ShelfsService.Host.Features.Items.GetPhotoByName.ExecuteAsync(GetImageByName req, CancellationToken ct) in D:\visualStudio\Projects\OnlineShelf\backend\Microservices\ShelfsService\src\ShelfsService.Host\Features\Images\GetImageByName.cs:line 50
   at FastEndpoints.Endpoint`2.ExecAsync(CancellationToken ct)
   at FastEndpoints.Endpoint`2.ExecAsync(CancellationToken ct)
   at Microsoft.AspNetCore.Http.RequestDelegateFactory.ExecuteResultWriteResponse(IResult result, HttpContext httpContext)
   at Microsoft.AspNetCore.Authorization.AuthorizationMiddleware.Invoke(HttpContext context)
   at Microsoft.AspNetCore.Authentication.AuthenticationMiddleware.Invoke(HttpContext context)
   at Swashbuckle.AspNetCore.SwaggerUI.SwaggerUIMiddleware.Invoke(HttpContext httpContext)
   at Swashbuckle.AspNetCore.Swagger.SwaggerMiddleware.Invoke(HttpContext httpContext, ISwaggerProvider swaggerProvider)
   at Serilog.AspNetCore.RequestLoggingMiddleware.Invoke(HttpContext httpContext)
2026-07-05 16:22:36.433 +03:00 [ERR] ShelfsService Microsoft.AspNetCore.Diagnostics.DeveloperExceptionPageMiddleware An unhandled exception has occurred while executing the request.
Grpc.Core.RpcException: Status(StatusCode="Unavailable", Detail="Error connecting to subchannel.", DebugException="System.Net.Sockets.SocketException: No such host is known.")
 ---> System.Net.Sockets.SocketException (11001): No such host is known.
   at System.Net.Sockets.Socket.AwaitableSocketAsyncEventArgs.ThrowException(SocketError error, CancellationToken cancellationToken)
   at System.Net.Sockets.Socket.AwaitableSocketAsyncEventArgs.System.Threading.Tasks.Sources.IValueTaskSource.GetResult(Int16 token)
   at System.Net.Sockets.Socket.<ConnectAsync>g__WaitForConnectWithCancellation|285_0(AwaitableSocketAsyncEventArgs saea, ValueTask connectTask, CancellationToken cancellationToken)
   at Grpc.Net.Client.Balancer.Internal.SocketConnectivitySubchannelTransport.TryConnectAsync(ConnectContext context, Int32 attempt)
   --- End of inner exception stack trace ---
   at Grpc.Core.AsyncStreamReaderExtensions.ReadAllAsyncCore[T](IAsyncStreamReader`1 streamReader, CancellationToken cancellationToken)+MoveNext()
   at Grpc.Core.AsyncStreamReaderExtensions.ReadAllAsyncCore[T](IAsyncStreamReader`1 streamReader, CancellationToken cancellationToken)+System.Threading.Tasks.Sources.IValueTaskSource<System.Boolean>.GetResult()
   at ShelfsService.src.ShelfsService.Host.Features.Items.GetPhotoByName.ExecuteAsync(GetImageByName req, CancellationToken ct) in D:\visualStudio\Projects\OnlineShelf\backend\Microservices\ShelfsService\src\ShelfsService.Host\Features\Images\GetImageByName.cs:line 50
   at ShelfsService.src.ShelfsService.Host.Features.Items.GetPhotoByName.ExecuteAsync(GetImageByName req, CancellationToken ct) in D:\visualStudio\Projects\OnlineShelf\backend\Microservices\ShelfsService\src\ShelfsService.Host\Features\Images\GetImageByName.cs:line 50
   at FastEndpoints.Endpoint`2.ExecAsync(CancellationToken ct)
   at FastEndpoints.Endpoint`2.ExecAsync(CancellationToken ct)
   at Microsoft.AspNetCore.Http.RequestDelegateFactory.ExecuteResultWriteResponse(IResult result, HttpContext httpContext)
   at Microsoft.AspNetCore.Authorization.AuthorizationMiddleware.Invoke(HttpContext context)
   at Microsoft.AspNetCore.Authentication.AuthenticationMiddleware.Invoke(HttpContext context)
   at Swashbuckle.AspNetCore.SwaggerUI.SwaggerUIMiddleware.Invoke(HttpContext httpContext)
   at Swashbuckle.AspNetCore.Swagger.SwaggerMiddleware.Invoke(HttpContext httpContext, ISwaggerProvider swaggerProvider)
   at Serilog.AspNetCore.RequestLoggingMiddleware.Invoke(HttpContext httpContext)
   at Microsoft.AspNetCore.Diagnostics.DeveloperExceptionPageMiddlewareImpl.Invoke(HttpContext context)
2026-07-05 16:22:36.838 +03:00 [ERR] ShelfsService Serilog.AspNetCore.RequestLoggingMiddleware HTTP GET /shelfs/image/recognize/4b1f3cdf-fa97-4744-a677-47c0969b6af8_big.webp responded 500 in 67.8314 ms
Grpc.Core.RpcException: Status(StatusCode="Unavailable", Detail="Error connecting to subchannel.", DebugException="System.Net.Sockets.SocketException: No such host is known.")
 ---> System.Net.Sockets.SocketException (11001): No such host is known.
   at System.Net.Sockets.Socket.AwaitableSocketAsyncEventArgs.ThrowException(SocketError error, CancellationToken cancellationToken)
   at System.Net.Sockets.Socket.AwaitableSocketAsyncEventArgs.System.Threading.Tasks.Sources.IValueTaskSource.GetResult(Int16 token)
   at System.Net.Sockets.Socket.<ConnectAsync>g__WaitForConnectWithCancellation|285_0(AwaitableSocketAsyncEventArgs saea, ValueTask connectTask, CancellationToken cancellationToken)
   at Grpc.Net.Client.Balancer.Internal.SocketConnectivitySubchannelTransport.TryConnectAsync(ConnectContext context, Int32 attempt)
   --- End of inner exception stack trace ---
   at Grpc.Net.Client.Balancer.Internal.ConnectionManager.PickAsync(PickContext context, Boolean waitForReady, CancellationToken cancellationToken)
   at Grpc.Net.Client.Balancer.Internal.BalancerHttpHandler.SendAsync(HttpRequestMessage request, CancellationToken cancellationToken)
   at Grpc.Net.Client.Internal.GrpcCall`2.RunCall(HttpRequestMessage request, Nullable`1 timeout)
   at Grpc.Net.Client.Internal.HttpClientCallInvoker.BlockingUnaryCall[TRequest,TResponse](Method`2 method, String host, CallOptions options, TRequest request)
   at Grpc.Core.Interceptors.InterceptingCallInvoker.<BlockingUnaryCall>b__3_0[TRequest,TResponse](TRequest req, ClientInterceptorContext`2 ctx)
   at Grpc.Core.ClientBase.ClientBaseConfiguration.ClientBaseConfigurationInterceptor.BlockingUnaryCall[TRequest,TResponse](TRequest request, ClientInterceptorContext`2 context, BlockingUnaryCallContinuation`2 continuation)
   at Grpc.Core.Interceptors.InterceptingCallInvoker.BlockingUnaryCall[TRequest,TResponse](Method`2 method, String host, CallOptions options, TRequest request)
   at ImageService.Protos.ImageProcessor.ImageProcessorClient.RecognizeImageByName(RecognizeImageByNameRequest request, CallOptions options) in D:\visualStudio\Projects\OnlineShelf\backend\Microservices\ShelfsService\obj\Debug\net8.0\src\ShelfsService.Host\Protos\ImageProcessingGrpc.cs:line 294
   at ImageService.Protos.ImageProcessor.ImageProcessorClient.RecognizeImageByName(RecognizeImageByNameRequest request, Metadata headers, Nullable`1 deadline, CancellationToken cancellationToken) in D:\visualStudio\Projects\OnlineShelf\backend\Microservices\ShelfsService\obj\Debug\net8.0\src\ShelfsService.Host\Protos\ImageProcessingGrpc.cs:line 289
   at ShelfsService.src.ShelfsService.Host.Features.Items.RecognizeImageByName.HandleAsync(HttpRecognizeImageByNameReqest req, CancellationToken ct) in D:\visualStudio\Projects\OnlineShelf\backend\Microservices\ShelfsService\src\ShelfsService.Host\Features\Images\RecognizeImageByName.cs:line 42
   at FastEndpoints.Endpoint`2.ExecAsync(CancellationToken ct)
   at FastEndpoints.Endpoint`2.ExecAsync(CancellationToken ct)
   at Microsoft.AspNetCore.Http.RequestDelegateFactory.ExecuteResultWriteResponse(IResult result, HttpContext httpContext)
   at Microsoft.AspNetCore.Authorization.AuthorizationMiddleware.Invoke(HttpContext context)
   at Microsoft.AspNetCore.Authentication.AuthenticationMiddleware.Invoke(HttpContext context)
   at Swashbuckle.AspNetCore.SwaggerUI.SwaggerUIMiddleware.Invoke(HttpContext httpContext)
   at Swashbuckle.AspNetCore.Swagger.SwaggerMiddleware.Invoke(HttpContext httpContext, ISwaggerProvider swaggerProvider)
   at Serilog.AspNetCore.RequestLoggingMiddleware.Invoke(HttpContext httpContext)
2026-07-05 16:22:36.844 +03:00 [ERR] ShelfsService Microsoft.AspNetCore.Diagnostics.DeveloperExceptionPageMiddleware An unhandled exception has occurred while executing the request.
Grpc.Core.RpcException: Status(StatusCode="Unavailable", Detail="Error connecting to subchannel.", DebugException="System.Net.Sockets.SocketException: No such host is known.")
 ---> System.Net.Sockets.SocketException (11001): No such host is known.
   at System.Net.Sockets.Socket.AwaitableSocketAsyncEventArgs.ThrowException(SocketError error, CancellationToken cancellationToken)
   at System.Net.Sockets.Socket.AwaitableSocketAsyncEventArgs.System.Threading.Tasks.Sources.IValueTaskSource.GetResult(Int16 token)
   at System.Net.Sockets.Socket.<ConnectAsync>g__WaitForConnectWithCancellation|285_0(AwaitableSocketAsyncEventArgs saea, ValueTask connectTask, CancellationToken cancellationToken)
   at Grpc.Net.Client.Balancer.Internal.SocketConnectivitySubchannelTransport.TryConnectAsync(ConnectContext context, Int32 attempt)
   --- End of inner exception stack trace ---
   at Grpc.Net.Client.Balancer.Internal.ConnectionManager.PickAsync(PickContext context, Boolean waitForReady, CancellationToken cancellationToken)
   at Grpc.Net.Client.Balancer.Internal.BalancerHttpHandler.SendAsync(HttpRequestMessage request, CancellationToken cancellationToken)
   at Grpc.Net.Client.Internal.GrpcCall`2.RunCall(HttpRequestMessage request, Nullable`1 timeout)
   at Grpc.Net.Client.Internal.HttpClientCallInvoker.BlockingUnaryCall[TRequest,TResponse](Method`2 method, String host, CallOptions options, TRequest request)
   at Grpc.Core.Interceptors.InterceptingCallInvoker.<BlockingUnaryCall>b__3_0[TRequest,TResponse](TRequest req, ClientInterceptorContext`2 ctx)
   at Grpc.Core.ClientBase.ClientBaseConfiguration.ClientBaseConfigurationInterceptor.BlockingUnaryCall[TRequest,TResponse](TRequest request, ClientInterceptorContext`2 context, BlockingUnaryCallContinuation`2 continuation)
   at Grpc.Core.Interceptors.InterceptingCallInvoker.BlockingUnaryCall[TRequest,TResponse](Method`2 method, String host, CallOptions options, TRequest request)
   at ImageService.Protos.ImageProcessor.ImageProcessorClient.RecognizeImageByName(RecognizeImageByNameRequest request, CallOptions options) in D:\visualStudio\Projects\OnlineShelf\backend\Microservices\ShelfsService\obj\Debug\net8.0\src\ShelfsService.Host\Protos\ImageProcessingGrpc.cs:line 294
   at ImageService.Protos.ImageProcessor.ImageProcessorClient.RecognizeImageByName(RecognizeImageByNameRequest request, Metadata headers, Nullable`1 deadline, CancellationToken cancellationToken) in D:\visualStudio\Projects\OnlineShelf\backend\Microservices\ShelfsService\obj\Debug\net8.0\src\ShelfsService.Host\Protos\ImageProcessingGrpc.cs:line 289
   at ShelfsService.src.ShelfsService.Host.Features.Items.RecognizeImageByName.HandleAsync(HttpRecognizeImageByNameReqest req, CancellationToken ct) in D:\visualStudio\Projects\OnlineShelf\backend\Microservices\ShelfsService\src\ShelfsService.Host\Features\Images\RecognizeImageByName.cs:line 42
   at FastEndpoints.Endpoint`2.ExecAsync(CancellationToken ct)
   at FastEndpoints.Endpoint`2.ExecAsync(CancellationToken ct)
   at Microsoft.AspNetCore.Http.RequestDelegateFactory.ExecuteResultWriteResponse(IResult result, HttpContext httpContext)
   at Microsoft.AspNetCore.Authorization.AuthorizationMiddleware.Invoke(HttpContext context)
   at Microsoft.AspNetCore.Authentication.AuthenticationMiddleware.Invoke(HttpContext context)
   at Swashbuckle.AspNetCore.SwaggerUI.SwaggerUIMiddleware.Invoke(HttpContext httpContext)
   at Swashbuckle.AspNetCore.Swagger.SwaggerMiddleware.Invoke(HttpContext httpContext, ISwaggerProvider swaggerProvider)
   at Serilog.AspNetCore.RequestLoggingMiddleware.Invoke(HttpContext httpContext)
   at Microsoft.AspNetCore.Diagnostics.DeveloperExceptionPageMiddlewareImpl.Invoke(HttpContext context)
2026-07-05 16:22:37.921 +03:00 [ERR] ShelfsService Serilog.AspNetCore.RequestLoggingMiddleware HTTP GET /shelfs/image/recognize/4b1f3cdf-fa97-4744-a677-47c0969b6af8_big.webp responded 500 in 47.7466 ms
Grpc.Core.RpcException: Status(StatusCode="Unavailable", Detail="Error connecting to subchannel.", DebugException="System.Net.Sockets.SocketException: No such host is known.")
 ---> System.Net.Sockets.SocketException (11001): No such host is known.
   at System.Net.Sockets.Socket.AwaitableSocketAsyncEventArgs.ThrowException(SocketError error, CancellationToken cancellationToken)
   at System.Net.Sockets.Socket.AwaitableSocketAsyncEventArgs.System.Threading.Tasks.Sources.IValueTaskSource.GetResult(Int16 token)
   at System.Net.Sockets.Socket.<ConnectAsync>g__WaitForConnectWithCancellation|285_0(AwaitableSocketAsyncEventArgs saea, ValueTask connectTask, CancellationToken cancellationToken)
   at Grpc.Net.Client.Balancer.Internal.SocketConnectivitySubchannelTransport.TryConnectAsync(ConnectContext context, Int32 attempt)
   --- End of inner exception stack trace ---
   at Grpc.Net.Client.Balancer.Internal.ConnectionManager.PickAsync(PickContext context, Boolean waitForReady, CancellationToken cancellationToken)
   at Grpc.Net.Client.Balancer.Internal.BalancerHttpHandler.SendAsync(HttpRequestMessage request, CancellationToken cancellationToken)
   at Grpc.Net.Client.Internal.GrpcCall`2.RunCall(HttpRequestMessage request, Nullable`1 timeout)
   at Grpc.Net.Client.Internal.HttpClientCallInvoker.BlockingUnaryCall[TRequest,TResponse](Method`2 method, String host, CallOptions options, TRequest request)
   at Grpc.Core.Interceptors.InterceptingCallInvoker.<BlockingUnaryCall>b__3_0[TRequest,TResponse](TRequest req, ClientInterceptorContext`2 ctx)
   at Grpc.Core.ClientBase.ClientBaseConfiguration.ClientBaseConfigurationInterceptor.BlockingUnaryCall[TRequest,TResponse](TRequest request, ClientInterceptorContext`2 context, BlockingUnaryCallContinuation`2 continuation)
   at Grpc.Core.Interceptors.InterceptingCallInvoker.BlockingUnaryCall[TRequest,TResponse](Method`2 method, String host, CallOptions options, TRequest request)
   at ImageService.Protos.ImageProcessor.ImageProcessorClient.RecognizeImageByName(RecognizeImageByNameRequest request, CallOptions options) in D:\visualStudio\Projects\OnlineShelf\backend\Microservices\ShelfsService\obj\Debug\net8.0\src\ShelfsService.Host\Protos\ImageProcessingGrpc.cs:line 294
   at ImageService.Protos.ImageProcessor.ImageProcessorClient.RecognizeImageByName(RecognizeImageByNameRequest request, Metadata headers, Nullable`1 deadline, CancellationToken cancellationToken) in D:\visualStudio\Projects\OnlineShelf\backend\Microservices\ShelfsService\obj\Debug\net8.0\src\ShelfsService.Host\Protos\ImageProcessingGrpc.cs:line 289
   at ShelfsService.src.ShelfsService.Host.Features.Items.RecognizeImageByName.HandleAsync(HttpRecognizeImageByNameReqest req, CancellationToken ct) in D:\visualStudio\Projects\OnlineShelf\backend\Microservices\ShelfsService\src\ShelfsService.Host\Features\Images\RecognizeImageByName.cs:line 42
   at FastEndpoints.Endpoint`2.ExecAsync(CancellationToken ct)
   at FastEndpoints.Endpoint`2.ExecAsync(CancellationToken ct)
   at Microsoft.AspNetCore.Http.RequestDelegateFactory.ExecuteResultWriteResponse(IResult result, HttpContext httpContext)
   at Microsoft.AspNetCore.Authorization.AuthorizationMiddleware.Invoke(HttpContext context)
   at Microsoft.AspNetCore.Authentication.AuthenticationMiddleware.Invoke(HttpContext context)
   at Swashbuckle.AspNetCore.SwaggerUI.SwaggerUIMiddleware.Invoke(HttpContext httpContext)
   at Swashbuckle.AspNetCore.Swagger.SwaggerMiddleware.Invoke(HttpContext httpContext, ISwaggerProvider swaggerProvider)
   at Serilog.AspNetCore.RequestLoggingMiddleware.Invoke(HttpContext httpContext)
2026-07-05 16:22:37.927 +03:00 [ERR] ShelfsService Microsoft.AspNetCore.Diagnostics.DeveloperExceptionPageMiddleware An unhandled exception has occurred while executing the request.
Grpc.Core.RpcException: Status(StatusCode="Unavailable", Detail="Error connecting to subchannel.", DebugException="System.Net.Sockets.SocketException: No such host is known.")
 ---> System.Net.Sockets.SocketException (11001): No such host is known.
   at System.Net.Sockets.Socket.AwaitableSocketAsyncEventArgs.ThrowException(SocketError error, CancellationToken cancellationToken)
   at System.Net.Sockets.Socket.AwaitableSocketAsyncEventArgs.System.Threading.Tasks.Sources.IValueTaskSource.GetResult(Int16 token)
   at System.Net.Sockets.Socket.<ConnectAsync>g__WaitForConnectWithCancellation|285_0(AwaitableSocketAsyncEventArgs saea, ValueTask connectTask, CancellationToken cancellationToken)
   at Grpc.Net.Client.Balancer.Internal.SocketConnectivitySubchannelTransport.TryConnectAsync(ConnectContext context, Int32 attempt)
   --- End of inner exception stack trace ---
   at Grpc.Net.Client.Balancer.Internal.ConnectionManager.PickAsync(PickContext context, Boolean waitForReady, CancellationToken cancellationToken)
   at Grpc.Net.Client.Balancer.Internal.BalancerHttpHandler.SendAsync(HttpRequestMessage request, CancellationToken cancellationToken)
   at Grpc.Net.Client.Internal.GrpcCall`2.RunCall(HttpRequestMessage request, Nullable`1 timeout)
   at Grpc.Net.Client.Internal.HttpClientCallInvoker.BlockingUnaryCall[TRequest,TResponse](Method`2 method, String host, CallOptions options, TRequest request)
   at Grpc.Core.Interceptors.InterceptingCallInvoker.<BlockingUnaryCall>b__3_0[TRequest,TResponse](TRequest req, ClientInterceptorContext`2 ctx)
   at Grpc.Core.ClientBase.ClientBaseConfiguration.ClientBaseConfigurationInterceptor.BlockingUnaryCall[TRequest,TResponse](TRequest request, ClientInterceptorContext`2 context, BlockingUnaryCallContinuation`2 continuation)
   at Grpc.Core.Interceptors.InterceptingCallInvoker.BlockingUnaryCall[TRequest,TResponse](Method`2 method, String host, CallOptions options, TRequest request)
   at ImageService.Protos.ImageProcessor.ImageProcessorClient.RecognizeImageByName(RecognizeImageByNameRequest request, CallOptions options) in D:\visualStudio\Projects\OnlineShelf\backend\Microservices\ShelfsService\obj\Debug\net8.0\src\ShelfsService.Host\Protos\ImageProcessingGrpc.cs:line 294
   at ImageService.Protos.ImageProcessor.ImageProcessorClient.RecognizeImageByName(RecognizeImageByNameRequest request, Metadata headers, Nullable`1 deadline, CancellationToken cancellationToken) in D:\visualStudio\Projects\OnlineShelf\backend\Microservices\ShelfsService\obj\Debug\net8.0\src\ShelfsService.Host\Protos\ImageProcessingGrpc.cs:line 289
   at ShelfsService.src.ShelfsService.Host.Features.Items.RecognizeImageByName.HandleAsync(HttpRecognizeImageByNameReqest req, CancellationToken ct) in D:\visualStudio\Projects\OnlineShelf\backend\Microservices\ShelfsService\src\ShelfsService.Host\Features\Images\RecognizeImageByName.cs:line 42
   at FastEndpoints.Endpoint`2.ExecAsync(CancellationToken ct)
   at FastEndpoints.Endpoint`2.ExecAsync(CancellationToken ct)
   at Microsoft.AspNetCore.Http.RequestDelegateFactory.ExecuteResultWriteResponse(IResult result, HttpContext httpContext)
   at Microsoft.AspNetCore.Authorization.AuthorizationMiddleware.Invoke(HttpContext context)
   at Microsoft.AspNetCore.Authentication.AuthenticationMiddleware.Invoke(HttpContext context)
   at Swashbuckle.AspNetCore.SwaggerUI.SwaggerUIMiddleware.Invoke(HttpContext httpContext)
   at Swashbuckle.AspNetCore.Swagger.SwaggerMiddleware.Invoke(HttpContext httpContext, ISwaggerProvider swaggerProvider)
   at Serilog.AspNetCore.RequestLoggingMiddleware.Invoke(HttpContext httpContext)
   at Microsoft.AspNetCore.Diagnostics.DeveloperExceptionPageMiddlewareImpl.Invoke(HttpContext context)
2026-07-05 16:22:38.520 +03:00 [ERR] ShelfsService Serilog.AspNetCore.RequestLoggingMiddleware HTTP GET /shelfs/image/get-image/4b1f3cdf-fa97-4744-a677-47c0969b6af8_big.webp responded 500 in 70.1960 ms
Grpc.Core.RpcException: Status(StatusCode="Unavailable", Detail="Error connecting to subchannel.", DebugException="System.Net.Sockets.SocketException: No such host is known.")
 ---> System.Net.Sockets.SocketException (11001): No such host is known.
   at System.Net.Sockets.Socket.AwaitableSocketAsyncEventArgs.ThrowException(SocketError error, CancellationToken cancellationToken)
   at System.Net.Sockets.Socket.AwaitableSocketAsyncEventArgs.System.Threading.Tasks.Sources.IValueTaskSource.GetResult(Int16 token)
   at System.Net.Sockets.Socket.<ConnectAsync>g__WaitForConnectWithCancellation|285_0(AwaitableSocketAsyncEventArgs saea, ValueTask connectTask, CancellationToken cancellationToken)
   at Grpc.Net.Client.Balancer.Internal.SocketConnectivitySubchannelTransport.TryConnectAsync(ConnectContext context, Int32 attempt)
   --- End of inner exception stack trace ---
   at Grpc.Core.AsyncStreamReaderExtensions.ReadAllAsyncCore[T](IAsyncStreamReader`1 streamReader, CancellationToken cancellationToken)+MoveNext()
   at Grpc.Core.AsyncStreamReaderExtensions.ReadAllAsyncCore[T](IAsyncStreamReader`1 streamReader, CancellationToken cancellationToken)+System.Threading.Tasks.Sources.IValueTaskSource<System.Boolean>.GetResult()
   at ShelfsService.src.ShelfsService.Host.Features.Items.GetPhotoByName.ExecuteAsync(GetImageByName req, CancellationToken ct) in D:\visualStudio\Projects\OnlineShelf\backend\Microservices\ShelfsService\src\ShelfsService.Host\Features\Images\GetImageByName.cs:line 50
   at ShelfsService.src.ShelfsService.Host.Features.Items.GetPhotoByName.ExecuteAsync(GetImageByName req, CancellationToken ct) in D:\visualStudio\Projects\OnlineShelf\backend\Microservices\ShelfsService\src\ShelfsService.Host\Features\Images\GetImageByName.cs:line 50
   at FastEndpoints.Endpoint`2.ExecAsync(CancellationToken ct)
   at FastEndpoints.Endpoint`2.ExecAsync(CancellationToken ct)
   at Microsoft.AspNetCore.Http.RequestDelegateFactory.ExecuteResultWriteResponse(IResult result, HttpContext httpContext)
   at Microsoft.AspNetCore.Authorization.AuthorizationMiddleware.Invoke(HttpContext context)
   at Microsoft.AspNetCore.Authentication.AuthenticationMiddleware.Invoke(HttpContext context)
   at Swashbuckle.AspNetCore.SwaggerUI.SwaggerUIMiddleware.Invoke(HttpContext httpContext)
   at Swashbuckle.AspNetCore.Swagger.SwaggerMiddleware.Invoke(HttpContext httpContext, ISwaggerProvider swaggerProvider)
   at Serilog.AspNetCore.RequestLoggingMiddleware.Invoke(HttpContext httpContext)
2026-07-05 16:22:38.524 +03:00 [ERR] ShelfsService Microsoft.AspNetCore.Diagnostics.DeveloperExceptionPageMiddleware An unhandled exception has occurred while executing the request.
Grpc.Core.RpcException: Status(StatusCode="Unavailable", Detail="Error connecting to subchannel.", DebugException="System.Net.Sockets.SocketException: No such host is known.")
 ---> System.Net.Sockets.SocketException (11001): No such host is known.
   at System.Net.Sockets.Socket.AwaitableSocketAsyncEventArgs.ThrowException(SocketError error, CancellationToken cancellationToken)
   at System.Net.Sockets.Socket.AwaitableSocketAsyncEventArgs.System.Threading.Tasks.Sources.IValueTaskSource.GetResult(Int16 token)
   at System.Net.Sockets.Socket.<ConnectAsync>g__WaitForConnectWithCancellation|285_0(AwaitableSocketAsyncEventArgs saea, ValueTask connectTask, CancellationToken cancellationToken)
   at Grpc.Net.Client.Balancer.Internal.SocketConnectivitySubchannelTransport.TryConnectAsync(ConnectContext context, Int32 attempt)
   --- End of inner exception stack trace ---
   at Grpc.Core.AsyncStreamReaderExtensions.ReadAllAsyncCore[T](IAsyncStreamReader`1 streamReader, CancellationToken cancellationToken)+MoveNext()
   at Grpc.Core.AsyncStreamReaderExtensions.ReadAllAsyncCore[T](IAsyncStreamReader`1 streamReader, CancellationToken cancellationToken)+System.Threading.Tasks.Sources.IValueTaskSource<System.Boolean>.GetResult()
   at ShelfsService.src.ShelfsService.Host.Features.Items.GetPhotoByName.ExecuteAsync(GetImageByName req, CancellationToken ct) in D:\visualStudio\Projects\OnlineShelf\backend\Microservices\ShelfsService\src\ShelfsService.Host\Features\Images\GetImageByName.cs:line 50
   at ShelfsService.src.ShelfsService.Host.Features.Items.GetPhotoByName.ExecuteAsync(GetImageByName req, CancellationToken ct) in D:\visualStudio\Projects\OnlineShelf\backend\Microservices\ShelfsService\src\ShelfsService.Host\Features\Images\GetImageByName.cs:line 50
   at FastEndpoints.Endpoint`2.ExecAsync(CancellationToken ct)
   at FastEndpoints.Endpoint`2.ExecAsync(CancellationToken ct)
   at Microsoft.AspNetCore.Http.RequestDelegateFactory.ExecuteResultWriteResponse(IResult result, HttpContext httpContext)
   at Microsoft.AspNetCore.Authorization.AuthorizationMiddleware.Invoke(HttpContext context)
   at Microsoft.AspNetCore.Authentication.AuthenticationMiddleware.Invoke(HttpContext context)
   at Swashbuckle.AspNetCore.SwaggerUI.SwaggerUIMiddleware.Invoke(HttpContext httpContext)
   at Swashbuckle.AspNetCore.Swagger.SwaggerMiddleware.Invoke(HttpContext httpContext, ISwaggerProvider swaggerProvider)
   at Serilog.AspNetCore.RequestLoggingMiddleware.Invoke(HttpContext httpContext)
   at Microsoft.AspNetCore.Diagnostics.DeveloperExceptionPageMiddlewareImpl.Invoke(HttpContext context)
2026-07-05 16:22:41.123 +03:00 [ERR] ShelfsService Serilog.AspNetCore.RequestLoggingMiddleware HTTP GET /shelfs/image/get-image/4b1f3cdf-fa97-4744-a677-47c0969b6af8_big.webp responded 500 in 81.8901 ms
Grpc.Core.RpcException: Status(StatusCode="Unavailable", Detail="Error connecting to subchannel.", DebugException="System.Net.Sockets.SocketException: No such host is known.")
 ---> System.Net.Sockets.SocketException (11001): No such host is known.
   at System.Net.Sockets.Socket.AwaitableSocketAsyncEventArgs.ThrowException(SocketError error, CancellationToken cancellationToken)
   at System.Net.Sockets.Socket.AwaitableSocketAsyncEventArgs.System.Threading.Tasks.Sources.IValueTaskSource.GetResult(Int16 token)
   at System.Net.Sockets.Socket.<ConnectAsync>g__WaitForConnectWithCancellation|285_0(AwaitableSocketAsyncEventArgs saea, ValueTask connectTask, CancellationToken cancellationToken)
   at Grpc.Net.Client.Balancer.Internal.SocketConnectivitySubchannelTransport.TryConnectAsync(ConnectContext context, Int32 attempt)
   --- End of inner exception stack trace ---
   at Grpc.Core.AsyncStreamReaderExtensions.ReadAllAsyncCore[T](IAsyncStreamReader`1 streamReader, CancellationToken cancellationToken)+MoveNext()
   at Grpc.Core.AsyncStreamReaderExtensions.ReadAllAsyncCore[T](IAsyncStreamReader`1 streamReader, CancellationToken cancellationToken)+System.Threading.Tasks.Sources.IValueTaskSource<System.Boolean>.GetResult()
   at ShelfsService.src.ShelfsService.Host.Features.Items.GetPhotoByName.ExecuteAsync(GetImageByName req, CancellationToken ct) in D:\visualStudio\Projects\OnlineShelf\backend\Microservices\ShelfsService\src\ShelfsService.Host\Features\Images\GetImageByName.cs:line 50
   at ShelfsService.src.ShelfsService.Host.Features.Items.GetPhotoByName.ExecuteAsync(GetImageByName req, CancellationToken ct) in D:\visualStudio\Projects\OnlineShelf\backend\Microservices\ShelfsService\src\ShelfsService.Host\Features\Images\GetImageByName.cs:line 50
   at FastEndpoints.Endpoint`2.ExecAsync(CancellationToken ct)
   at FastEndpoints.Endpoint`2.ExecAsync(CancellationToken ct)
   at Microsoft.AspNetCore.Http.RequestDelegateFactory.ExecuteResultWriteResponse(IResult result, HttpContext httpContext)
   at Microsoft.AspNetCore.Authorization.AuthorizationMiddleware.Invoke(HttpContext context)
   at Microsoft.AspNetCore.Authentication.AuthenticationMiddleware.Invoke(HttpContext context)
   at Swashbuckle.AspNetCore.SwaggerUI.SwaggerUIMiddleware.Invoke(HttpContext httpContext)
   at Swashbuckle.AspNetCore.Swagger.SwaggerMiddleware.Invoke(HttpContext httpContext, ISwaggerProvider swaggerProvider)
   at Serilog.AspNetCore.RequestLoggingMiddleware.Invoke(HttpContext httpContext)
2026-07-05 16:22:41.127 +03:00 [ERR] ShelfsService Microsoft.AspNetCore.Diagnostics.DeveloperExceptionPageMiddleware An unhandled exception has occurred while executing the request.
Grpc.Core.RpcException: Status(StatusCode="Unavailable", Detail="Error connecting to subchannel.", DebugException="System.Net.Sockets.SocketException: No such host is known.")
 ---> System.Net.Sockets.SocketException (11001): No such host is known.
   at System.Net.Sockets.Socket.AwaitableSocketAsyncEventArgs.ThrowException(SocketError error, CancellationToken cancellationToken)
   at System.Net.Sockets.Socket.AwaitableSocketAsyncEventArgs.System.Threading.Tasks.Sources.IValueTaskSource.GetResult(Int16 token)
   at System.Net.Sockets.Socket.<ConnectAsync>g__WaitForConnectWithCancellation|285_0(AwaitableSocketAsyncEventArgs saea, ValueTask connectTask, CancellationToken cancellationToken)
   at Grpc.Net.Client.Balancer.Internal.SocketConnectivitySubchannelTransport.TryConnectAsync(ConnectContext context, Int32 attempt)
   --- End of inner exception stack trace ---
   at Grpc.Core.AsyncStreamReaderExtensions.ReadAllAsyncCore[T](IAsyncStreamReader`1 streamReader, CancellationToken cancellationToken)+MoveNext()
   at Grpc.Core.AsyncStreamReaderExtensions.ReadAllAsyncCore[T](IAsyncStreamReader`1 streamReader, CancellationToken cancellationToken)+System.Threading.Tasks.Sources.IValueTaskSource<System.Boolean>.GetResult()
   at ShelfsService.src.ShelfsService.Host.Features.Items.GetPhotoByName.ExecuteAsync(GetImageByName req, CancellationToken ct) in D:\visualStudio\Projects\OnlineShelf\backend\Microservices\ShelfsService\src\ShelfsService.Host\Features\Images\GetImageByName.cs:line 50
   at ShelfsService.src.ShelfsService.Host.Features.Items.GetPhotoByName.ExecuteAsync(GetImageByName req, CancellationToken ct) in D:\visualStudio\Projects\OnlineShelf\backend\Microservices\ShelfsService\src\ShelfsService.Host\Features\Images\GetImageByName.cs:line 50
   at FastEndpoints.Endpoint`2.ExecAsync(CancellationToken ct)
   at FastEndpoints.Endpoint`2.ExecAsync(CancellationToken ct)
   at Microsoft.AspNetCore.Http.RequestDelegateFactory.ExecuteResultWriteResponse(IResult result, HttpContext httpContext)
   at Microsoft.AspNetCore.Authorization.AuthorizationMiddleware.Invoke(HttpContext context)
   at Microsoft.AspNetCore.Authentication.AuthenticationMiddleware.Invoke(HttpContext context)
   at Swashbuckle.AspNetCore.SwaggerUI.SwaggerUIMiddleware.Invoke(HttpContext httpContext)
   at Swashbuckle.AspNetCore.Swagger.SwaggerMiddleware.Invoke(HttpContext httpContext, ISwaggerProvider swaggerProvider)
   at Serilog.AspNetCore.RequestLoggingMiddleware.Invoke(HttpContext httpContext)
   at Microsoft.AspNetCore.Diagnostics.DeveloperExceptionPageMiddlewareImpl.Invoke(HttpContext context)
2026-07-05 16:22:42.216 +03:00 [ERR] ShelfsService Serilog.AspNetCore.RequestLoggingMiddleware HTTP GET /shelfs/image/get-image/4b1f3cdf-fa97-4744-a677-47c0969b6af8_big.webp responded 500 in 66.9253 ms
Grpc.Core.RpcException: Status(StatusCode="Unavailable", Detail="Error connecting to subchannel.", DebugException="System.Net.Sockets.SocketException: No such host is known.")
 ---> System.Net.Sockets.SocketException (11001): No such host is known.
   at System.Net.Sockets.Socket.AwaitableSocketAsyncEventArgs.ThrowException(SocketError error, CancellationToken cancellationToken)
   at System.Net.Sockets.Socket.AwaitableSocketAsyncEventArgs.System.Threading.Tasks.Sources.IValueTaskSource.GetResult(Int16 token)
   at System.Net.Sockets.Socket.<ConnectAsync>g__WaitForConnectWithCancellation|285_0(AwaitableSocketAsyncEventArgs saea, ValueTask connectTask, CancellationToken cancellationToken)
   at Grpc.Net.Client.Balancer.Internal.SocketConnectivitySubchannelTransport.TryConnectAsync(ConnectContext context, Int32 attempt)
   --- End of inner exception stack trace ---
   at Grpc.Core.AsyncStreamReaderExtensions.ReadAllAsyncCore[T](IAsyncStreamReader`1 streamReader, CancellationToken cancellationToken)+MoveNext()
   at Grpc.Core.AsyncStreamReaderExtensions.ReadAllAsyncCore[T](IAsyncStreamReader`1 streamReader, CancellationToken cancellationToken)+System.Threading.Tasks.Sources.IValueTaskSource<System.Boolean>.GetResult()
   at ShelfsService.src.ShelfsService.Host.Features.Items.GetPhotoByName.ExecuteAsync(GetImageByName req, CancellationToken ct) in D:\visualStudio\Projects\OnlineShelf\backend\Microservices\ShelfsService\src\ShelfsService.Host\Features\Images\GetImageByName.cs:line 50
   at ShelfsService.src.ShelfsService.Host.Features.Items.GetPhotoByName.ExecuteAsync(GetImageByName req, CancellationToken ct) in D:\visualStudio\Projects\OnlineShelf\backend\Microservices\ShelfsService\src\ShelfsService.Host\Features\Images\GetImageByName.cs:line 50
   at FastEndpoints.Endpoint`2.ExecAsync(CancellationToken ct)
   at FastEndpoints.Endpoint`2.ExecAsync(CancellationToken ct)
   at Microsoft.AspNetCore.Http.RequestDelegateFactory.ExecuteResultWriteResponse(IResult result, HttpContext httpContext)
   at Microsoft.AspNetCore.Authorization.AuthorizationMiddleware.Invoke(HttpContext context)
   at Microsoft.AspNetCore.Authentication.AuthenticationMiddleware.Invoke(HttpContext context)
   at Swashbuckle.AspNetCore.SwaggerUI.SwaggerUIMiddleware.Invoke(HttpContext httpContext)
   at Swashbuckle.AspNetCore.Swagger.SwaggerMiddleware.Invoke(HttpContext httpContext, ISwaggerProvider swaggerProvider)
   at Serilog.AspNetCore.RequestLoggingMiddleware.Invoke(HttpContext httpContext)
2026-07-05 16:22:42.221 +03:00 [ERR] ShelfsService Microsoft.AspNetCore.Diagnostics.DeveloperExceptionPageMiddleware An unhandled exception has occurred while executing the request.
Grpc.Core.RpcException: Status(StatusCode="Unavailable", Detail="Error connecting to subchannel.", DebugException="System.Net.Sockets.SocketException: No such host is known.")
 ---> System.Net.Sockets.SocketException (11001): No such host is known.
   at System.Net.Sockets.Socket.AwaitableSocketAsyncEventArgs.ThrowException(SocketError error, CancellationToken cancellationToken)
   at System.Net.Sockets.Socket.AwaitableSocketAsyncEventArgs.System.Threading.Tasks.Sources.IValueTaskSource.GetResult(Int16 token)
   at System.Net.Sockets.Socket.<ConnectAsync>g__WaitForConnectWithCancellation|285_0(AwaitableSocketAsyncEventArgs saea, ValueTask connectTask, CancellationToken cancellationToken)
   at Grpc.Net.Client.Balancer.Internal.SocketConnectivitySubchannelTransport.TryConnectAsync(ConnectContext context, Int32 attempt)
   --- End of inner exception stack trace ---
   at Grpc.Core.AsyncStreamReaderExtensions.ReadAllAsyncCore[T](IAsyncStreamReader`1 streamReader, CancellationToken cancellationToken)+MoveNext()
   at Grpc.Core.AsyncStreamReaderExtensions.ReadAllAsyncCore[T](IAsyncStreamReader`1 streamReader, CancellationToken cancellationToken)+System.Threading.Tasks.Sources.IValueTaskSource<System.Boolean>.GetResult()
   at ShelfsService.src.ShelfsService.Host.Features.Items.GetPhotoByName.ExecuteAsync(GetImageByName req, CancellationToken ct) in D:\visualStudio\Projects\OnlineShelf\backend\Microservices\ShelfsService\src\ShelfsService.Host\Features\Images\GetImageByName.cs:line 50
   at ShelfsService.src.ShelfsService.Host.Features.Items.GetPhotoByName.ExecuteAsync(GetImageByName req, CancellationToken ct) in D:\visualStudio\Projects\OnlineShelf\backend\Microservices\ShelfsService\src\ShelfsService.Host\Features\Images\GetImageByName.cs:line 50
   at FastEndpoints.Endpoint`2.ExecAsync(CancellationToken ct)
   at FastEndpoints.Endpoint`2.ExecAsync(CancellationToken ct)
   at Microsoft.AspNetCore.Http.RequestDelegateFactory.ExecuteResultWriteResponse(IResult result, HttpContext httpContext)
   at Microsoft.AspNetCore.Authorization.AuthorizationMiddleware.Invoke(HttpContext context)
   at Microsoft.AspNetCore.Authentication.AuthenticationMiddleware.Invoke(HttpContext context)
   at Swashbuckle.AspNetCore.SwaggerUI.SwaggerUIMiddleware.Invoke(HttpContext httpContext)
   at Swashbuckle.AspNetCore.Swagger.SwaggerMiddleware.Invoke(HttpContext httpContext, ISwaggerProvider swaggerProvider)
   at Serilog.AspNetCore.RequestLoggingMiddleware.Invoke(HttpContext httpContext)
   at Microsoft.AspNetCore.Diagnostics.DeveloperExceptionPageMiddlewareImpl.Invoke(HttpContext context)
2026-07-05 16:22:44.334 +03:00 [ERR] ShelfsService Serilog.AspNetCore.RequestLoggingMiddleware HTTP GET /shelfs/image/get-image/4b1f3cdf-fa97-4744-a677-47c0969b6af8_big.webp responded 500 in 67.7913 ms
Grpc.Core.RpcException: Status(StatusCode="Unavailable", Detail="Error connecting to subchannel.", DebugException="System.Net.Sockets.SocketException: No such host is known.")
 ---> System.Net.Sockets.SocketException (11001): No such host is known.
   at System.Net.Sockets.Socket.AwaitableSocketAsyncEventArgs.ThrowException(SocketError error, CancellationToken cancellationToken)
   at System.Net.Sockets.Socket.AwaitableSocketAsyncEventArgs.System.Threading.Tasks.Sources.IValueTaskSource.GetResult(Int16 token)
   at System.Net.Sockets.Socket.<ConnectAsync>g__WaitForConnectWithCancellation|285_0(AwaitableSocketAsyncEventArgs saea, ValueTask connectTask, CancellationToken cancellationToken)
   at Grpc.Net.Client.Balancer.Internal.SocketConnectivitySubchannelTransport.TryConnectAsync(ConnectContext context, Int32 attempt)
   --- End of inner exception stack trace ---
   at Grpc.Core.AsyncStreamReaderExtensions.ReadAllAsyncCore[T](IAsyncStreamReader`1 streamReader, CancellationToken cancellationToken)+MoveNext()
   at Grpc.Core.AsyncStreamReaderExtensions.ReadAllAsyncCore[T](IAsyncStreamReader`1 streamReader, CancellationToken cancellationToken)+System.Threading.Tasks.Sources.IValueTaskSource<System.Boolean>.GetResult()
   at ShelfsService.src.ShelfsService.Host.Features.Items.GetPhotoByName.ExecuteAsync(GetImageByName req, CancellationToken ct) in D:\visualStudio\Projects\OnlineShelf\backend\Microservices\ShelfsService\src\ShelfsService.Host\Features\Images\GetImageByName.cs:line 50
   at ShelfsService.src.ShelfsService.Host.Features.Items.GetPhotoByName.ExecuteAsync(GetImageByName req, CancellationToken ct) in D:\visualStudio\Projects\OnlineShelf\backend\Microservices\ShelfsService\src\ShelfsService.Host\Features\Images\GetImageByName.cs:line 50
   at FastEndpoints.Endpoint`2.ExecAsync(CancellationToken ct)
   at FastEndpoints.Endpoint`2.ExecAsync(CancellationToken ct)
   at Microsoft.AspNetCore.Http.RequestDelegateFactory.ExecuteResultWriteResponse(IResult result, HttpContext httpContext)
   at Microsoft.AspNetCore.Authorization.AuthorizationMiddleware.Invoke(HttpContext context)
   at Microsoft.AspNetCore.Authentication.AuthenticationMiddleware.Invoke(HttpContext context)
   at Swashbuckle.AspNetCore.SwaggerUI.SwaggerUIMiddleware.Invoke(HttpContext httpContext)
   at Swashbuckle.AspNetCore.Swagger.SwaggerMiddleware.Invoke(HttpContext httpContext, ISwaggerProvider swaggerProvider)
   at Serilog.AspNetCore.RequestLoggingMiddleware.Invoke(HttpContext httpContext)
2026-07-05 16:22:44.339 +03:00 [ERR] ShelfsService Microsoft.AspNetCore.Diagnostics.DeveloperExceptionPageMiddleware An unhandled exception has occurred while executing the request.
Grpc.Core.RpcException: Status(StatusCode="Unavailable", Detail="Error connecting to subchannel.", DebugException="System.Net.Sockets.SocketException: No such host is known.")
 ---> System.Net.Sockets.SocketException (11001): No such host is known.
   at System.Net.Sockets.Socket.AwaitableSocketAsyncEventArgs.ThrowException(SocketError error, CancellationToken cancellationToken)
   at System.Net.Sockets.Socket.AwaitableSocketAsyncEventArgs.System.Threading.Tasks.Sources.IValueTaskSource.GetResult(Int16 token)
   at System.Net.Sockets.Socket.<ConnectAsync>g__WaitForConnectWithCancellation|285_0(AwaitableSocketAsyncEventArgs saea, ValueTask connectTask, CancellationToken cancellationToken)
   at Grpc.Net.Client.Balancer.Internal.SocketConnectivitySubchannelTransport.TryConnectAsync(ConnectContext context, Int32 attempt)
   --- End of inner exception stack trace ---
   at Grpc.Core.AsyncStreamReaderExtensions.ReadAllAsyncCore[T](IAsyncStreamReader`1 streamReader, CancellationToken cancellationToken)+MoveNext()
   at Grpc.Core.AsyncStreamReaderExtensions.ReadAllAsyncCore[T](IAsyncStreamReader`1 streamReader, CancellationToken cancellationToken)+System.Threading.Tasks.Sources.IValueTaskSource<System.Boolean>.GetResult()
   at ShelfsService.src.ShelfsService.Host.Features.Items.GetPhotoByName.ExecuteAsync(GetImageByName req, CancellationToken ct) in D:\visualStudio\Projects\OnlineShelf\backend\Microservices\ShelfsService\src\ShelfsService.Host\Features\Images\GetImageByName.cs:line 50
   at ShelfsService.src.ShelfsService.Host.Features.Items.GetPhotoByName.ExecuteAsync(GetImageByName req, CancellationToken ct) in D:\visualStudio\Projects\OnlineShelf\backend\Microservices\ShelfsService\src\ShelfsService.Host\Features\Images\GetImageByName.cs:line 50
   at FastEndpoints.Endpoint`2.ExecAsync(CancellationToken ct)
   at FastEndpoints.Endpoint`2.ExecAsync(CancellationToken ct)
   at Microsoft.AspNetCore.Http.RequestDelegateFactory.ExecuteResultWriteResponse(IResult result, HttpContext httpContext)
   at Microsoft.AspNetCore.Authorization.AuthorizationMiddleware.Invoke(HttpContext context)
   at Microsoft.AspNetCore.Authentication.AuthenticationMiddleware.Invoke(HttpContext context)
   at Swashbuckle.AspNetCore.SwaggerUI.SwaggerUIMiddleware.Invoke(HttpContext httpContext)
   at Swashbuckle.AspNetCore.Swagger.SwaggerMiddleware.Invoke(HttpContext httpContext, ISwaggerProvider swaggerProvider)
   at Serilog.AspNetCore.RequestLoggingMiddleware.Invoke(HttpContext httpContext)
   at Microsoft.AspNetCore.Diagnostics.DeveloperExceptionPageMiddlewareImpl.Invoke(HttpContext context)
2026-07-05 16:23:02.854 +03:00 [ERR] ShelfsService Serilog.AspNetCore.RequestLoggingMiddleware HTTP GET /shelfs/image/get-image/4b1f3cdf-fa97-4744-a677-47c0969b6af8_big.webp responded 500 in 71.6134 ms
Grpc.Core.RpcException: Status(StatusCode="Unavailable", Detail="Error connecting to subchannel.", DebugException="System.Net.Sockets.SocketException: No such host is known.")
 ---> System.Net.Sockets.SocketException (11001): No such host is known.
   at System.Net.Sockets.Socket.AwaitableSocketAsyncEventArgs.ThrowException(SocketError error, CancellationToken cancellationToken)
   at System.Net.Sockets.Socket.AwaitableSocketAsyncEventArgs.System.Threading.Tasks.Sources.IValueTaskSource.GetResult(Int16 token)
   at System.Net.Sockets.Socket.<ConnectAsync>g__WaitForConnectWithCancellation|285_0(AwaitableSocketAsyncEventArgs saea, ValueTask connectTask, CancellationToken cancellationToken)
   at Grpc.Net.Client.Balancer.Internal.SocketConnectivitySubchannelTransport.TryConnectAsync(ConnectContext context, Int32 attempt)
   --- End of inner exception stack trace ---
   at Grpc.Core.AsyncStreamReaderExtensions.ReadAllAsyncCore[T](IAsyncStreamReader`1 streamReader, CancellationToken cancellationToken)+MoveNext()
   at Grpc.Core.AsyncStreamReaderExtensions.ReadAllAsyncCore[T](IAsyncStreamReader`1 streamReader, CancellationToken cancellationToken)+System.Threading.Tasks.Sources.IValueTaskSource<System.Boolean>.GetResult()
   at ShelfsService.src.ShelfsService.Host.Features.Items.GetPhotoByName.ExecuteAsync(GetImageByName req, CancellationToken ct) in D:\visualStudio\Projects\OnlineShelf\backend\Microservices\ShelfsService\src\ShelfsService.Host\Features\Images\GetImageByName.cs:line 50
   at ShelfsService.src.ShelfsService.Host.Features.Items.GetPhotoByName.ExecuteAsync(GetImageByName req, CancellationToken ct) in D:\visualStudio\Projects\OnlineShelf\backend\Microservices\ShelfsService\src\ShelfsService.Host\Features\Images\GetImageByName.cs:line 50
   at FastEndpoints.Endpoint`2.ExecAsync(CancellationToken ct)
   at FastEndpoints.Endpoint`2.ExecAsync(CancellationToken ct)
   at Microsoft.AspNetCore.Http.RequestDelegateFactory.ExecuteResultWriteResponse(IResult result, HttpContext httpContext)
   at Microsoft.AspNetCore.Authorization.AuthorizationMiddleware.Invoke(HttpContext context)
   at Microsoft.AspNetCore.Authentication.AuthenticationMiddleware.Invoke(HttpContext context)
   at Swashbuckle.AspNetCore.SwaggerUI.SwaggerUIMiddleware.Invoke(HttpContext httpContext)
   at Swashbuckle.AspNetCore.Swagger.SwaggerMiddleware.Invoke(HttpContext httpContext, ISwaggerProvider swaggerProvider)
   at Serilog.AspNetCore.RequestLoggingMiddleware.Invoke(HttpContext httpContext)
2026-07-05 16:23:02.858 +03:00 [ERR] ShelfsService Microsoft.AspNetCore.Diagnostics.DeveloperExceptionPageMiddleware An unhandled exception has occurred while executing the request.
Grpc.Core.RpcException: Status(StatusCode="Unavailable", Detail="Error connecting to subchannel.", DebugException="System.Net.Sockets.SocketException: No such host is known.")
 ---> System.Net.Sockets.SocketException (11001): No such host is known.
   at System.Net.Sockets.Socket.AwaitableSocketAsyncEventArgs.ThrowException(SocketError error, CancellationToken cancellationToken)
   at System.Net.Sockets.Socket.AwaitableSocketAsyncEventArgs.System.Threading.Tasks.Sources.IValueTaskSource.GetResult(Int16 token)
   at System.Net.Sockets.Socket.<ConnectAsync>g__WaitForConnectWithCancellation|285_0(AwaitableSocketAsyncEventArgs saea, ValueTask connectTask, CancellationToken cancellationToken)
   at Grpc.Net.Client.Balancer.Internal.SocketConnectivitySubchannelTransport.TryConnectAsync(ConnectContext context, Int32 attempt)
   --- End of inner exception stack trace ---
   at Grpc.Core.AsyncStreamReaderExtensions.ReadAllAsyncCore[T](IAsyncStreamReader`1 streamReader, CancellationToken cancellationToken)+MoveNext()
   at Grpc.Core.AsyncStreamReaderExtensions.ReadAllAsyncCore[T](IAsyncStreamReader`1 streamReader, CancellationToken cancellationToken)+System.Threading.Tasks.Sources.IValueTaskSource<System.Boolean>.GetResult()
   at ShelfsService.src.ShelfsService.Host.Features.Items.GetPhotoByName.ExecuteAsync(GetImageByName req, CancellationToken ct) in D:\visualStudio\Projects\OnlineShelf\backend\Microservices\ShelfsService\src\ShelfsService.Host\Features\Images\GetImageByName.cs:line 50
   at ShelfsService.src.ShelfsService.Host.Features.Items.GetPhotoByName.ExecuteAsync(GetImageByName req, CancellationToken ct) in D:\visualStudio\Projects\OnlineShelf\backend\Microservices\ShelfsService\src\ShelfsService.Host\Features\Images\GetImageByName.cs:line 50
   at FastEndpoints.Endpoint`2.ExecAsync(CancellationToken ct)
   at FastEndpoints.Endpoint`2.ExecAsync(CancellationToken ct)
   at Microsoft.AspNetCore.Http.RequestDelegateFactory.ExecuteResultWriteResponse(IResult result, HttpContext httpContext)
   at Microsoft.AspNetCore.Authorization.AuthorizationMiddleware.Invoke(HttpContext context)
   at Microsoft.AspNetCore.Authentication.AuthenticationMiddleware.Invoke(HttpContext context)
   at Swashbuckle.AspNetCore.SwaggerUI.SwaggerUIMiddleware.Invoke(HttpContext httpContext)
   at Swashbuckle.AspNetCore.Swagger.SwaggerMiddleware.Invoke(HttpContext httpContext, ISwaggerProvider swaggerProvider)
   at Serilog.AspNetCore.RequestLoggingMiddleware.Invoke(HttpContext httpContext)
   at Microsoft.AspNetCore.Diagnostics.DeveloperExceptionPageMiddlewareImpl.Invoke(HttpContext context)
2026-07-05 16:25:26.493 +03:00 [ERR] ShelfsService Serilog.AspNetCore.RequestLoggingMiddleware HTTP GET /shelfs/image/get-image/4b1f3cdf-fa97-4744-a677-47c0969b6af8_big.webp responded 500 in 4106.4221 ms
Grpc.Core.RpcException: Status(StatusCode="Unavailable", Detail="Error connecting to subchannel.", DebugException="System.Net.Sockets.SocketException: No such host is known.")
 ---> System.Net.Sockets.SocketException (11001): No such host is known.
   at System.Net.Sockets.Socket.AwaitableSocketAsyncEventArgs.ThrowException(SocketError error, CancellationToken cancellationToken)
   at System.Net.Sockets.Socket.AwaitableSocketAsyncEventArgs.System.Threading.Tasks.Sources.IValueTaskSource.GetResult(Int16 token)
   at System.Net.Sockets.Socket.<ConnectAsync>g__WaitForConnectWithCancellation|285_0(AwaitableSocketAsyncEventArgs saea, ValueTask connectTask, CancellationToken cancellationToken)
   at Grpc.Net.Client.Balancer.Internal.SocketConnectivitySubchannelTransport.TryConnectAsync(ConnectContext context, Int32 attempt)
   --- End of inner exception stack trace ---
   at Grpc.Net.Client.Internal.HttpContentClientStreamReader`2.MoveNextCore(CancellationToken cancellationToken)
   at Grpc.Core.AsyncStreamReaderExtensions.ReadAllAsyncCore[T](IAsyncStreamReader`1 streamReader, CancellationToken cancellationToken)+MoveNext()
   at Grpc.Core.AsyncStreamReaderExtensions.ReadAllAsyncCore[T](IAsyncStreamReader`1 streamReader, CancellationToken cancellationToken)+System.Threading.Tasks.Sources.IValueTaskSource<System.Boolean>.GetResult()
   at ShelfsService.src.ShelfsService.Host.Features.Items.GetPhotoByName.ExecuteAsync(GetImageByName req, CancellationToken ct) in D:\visualStudio\Projects\OnlineShelf\backend\Microservices\ShelfsService\src\ShelfsService.Host\Features\Images\GetImageByName.cs:line 50
   at ShelfsService.src.ShelfsService.Host.Features.Items.GetPhotoByName.ExecuteAsync(GetImageByName req, CancellationToken ct) in D:\visualStudio\Projects\OnlineShelf\backend\Microservices\ShelfsService\src\ShelfsService.Host\Features\Images\GetImageByName.cs:line 50
   at FastEndpoints.Endpoint`2.ExecAsync(CancellationToken ct)
   at FastEndpoints.Endpoint`2.ExecAsync(CancellationToken ct)
   at Microsoft.AspNetCore.Http.RequestDelegateFactory.ExecuteResultWriteResponse(IResult result, HttpContext httpContext)
   at Microsoft.AspNetCore.Authorization.AuthorizationMiddleware.Invoke(HttpContext context)
   at Microsoft.AspNetCore.Authentication.AuthenticationMiddleware.Invoke(HttpContext context)
   at Swashbuckle.AspNetCore.SwaggerUI.SwaggerUIMiddleware.Invoke(HttpContext httpContext)
   at Swashbuckle.AspNetCore.Swagger.SwaggerMiddleware.Invoke(HttpContext httpContext, ISwaggerProvider swaggerProvider)
   at Serilog.AspNetCore.RequestLoggingMiddleware.Invoke(HttpContext httpContext)
2026-07-05 16:25:26.514 +03:00 [ERR] ShelfsService Microsoft.AspNetCore.Diagnostics.DeveloperExceptionPageMiddleware An unhandled exception has occurred while executing the request.
Grpc.Core.RpcException: Status(StatusCode="Unavailable", Detail="Error connecting to subchannel.", DebugException="System.Net.Sockets.SocketException: No such host is known.")
 ---> System.Net.Sockets.SocketException (11001): No such host is known.
   at System.Net.Sockets.Socket.AwaitableSocketAsyncEventArgs.ThrowException(SocketError error, CancellationToken cancellationToken)
   at System.Net.Sockets.Socket.AwaitableSocketAsyncEventArgs.System.Threading.Tasks.Sources.IValueTaskSource.GetResult(Int16 token)
   at System.Net.Sockets.Socket.<ConnectAsync>g__WaitForConnectWithCancellation|285_0(AwaitableSocketAsyncEventArgs saea, ValueTask connectTask, CancellationToken cancellationToken)
   at Grpc.Net.Client.Balancer.Internal.SocketConnectivitySubchannelTransport.TryConnectAsync(ConnectContext context, Int32 attempt)
   --- End of inner exception stack trace ---
   at Grpc.Net.Client.Internal.HttpContentClientStreamReader`2.MoveNextCore(CancellationToken cancellationToken)
   at Grpc.Core.AsyncStreamReaderExtensions.ReadAllAsyncCore[T](IAsyncStreamReader`1 streamReader, CancellationToken cancellationToken)+MoveNext()
   at Grpc.Core.AsyncStreamReaderExtensions.ReadAllAsyncCore[T](IAsyncStreamReader`1 streamReader, CancellationToken cancellationToken)+System.Threading.Tasks.Sources.IValueTaskSource<System.Boolean>.GetResult()
   at ShelfsService.src.ShelfsService.Host.Features.Items.GetPhotoByName.ExecuteAsync(GetImageByName req, CancellationToken ct) in D:\visualStudio\Projects\OnlineShelf\backend\Microservices\ShelfsService\src\ShelfsService.Host\Features\Images\GetImageByName.cs:line 50
   at ShelfsService.src.ShelfsService.Host.Features.Items.GetPhotoByName.ExecuteAsync(GetImageByName req, CancellationToken ct) in D:\visualStudio\Projects\OnlineShelf\backend\Microservices\ShelfsService\src\ShelfsService.Host\Features\Images\GetImageByName.cs:line 50
   at FastEndpoints.Endpoint`2.ExecAsync(CancellationToken ct)
   at FastEndpoints.Endpoint`2.ExecAsync(CancellationToken ct)
   at Microsoft.AspNetCore.Http.RequestDelegateFactory.ExecuteResultWriteResponse(IResult result, HttpContext httpContext)
   at Microsoft.AspNetCore.Authorization.AuthorizationMiddleware.Invoke(HttpContext context)
   at Microsoft.AspNetCore.Authentication.AuthenticationMiddleware.Invoke(HttpContext context)
   at Swashbuckle.AspNetCore.SwaggerUI.SwaggerUIMiddleware.Invoke(HttpContext httpContext)
   at Swashbuckle.AspNetCore.Swagger.SwaggerMiddleware.Invoke(HttpContext httpContext, ISwaggerProvider swaggerProvider)
   at Serilog.AspNetCore.RequestLoggingMiddleware.Invoke(HttpContext httpContext)
   at Microsoft.AspNetCore.Diagnostics.DeveloperExceptionPageMiddlewareImpl.Invoke(HttpContext context)
2026-07-05 16:25:29.745 +03:00 [ERR] ShelfsService Serilog.AspNetCore.RequestLoggingMiddleware HTTP GET /shelfs/image/get-image/4b1f3cdf-fa97-4744-a677-47c0969b6af8_big.webp responded 500 in 2649.8368 ms
Grpc.Core.RpcException: Status(StatusCode="Unavailable", Detail="Error connecting to subchannel.", DebugException="System.Net.Sockets.SocketException: No such host is known.")
 ---> System.Net.Sockets.SocketException (11001): No such host is known.
   at System.Net.Sockets.Socket.AwaitableSocketAsyncEventArgs.ThrowException(SocketError error, CancellationToken cancellationToken)
   at System.Net.Sockets.Socket.AwaitableSocketAsyncEventArgs.System.Threading.Tasks.Sources.IValueTaskSource.GetResult(Int16 token)
   at System.Net.Sockets.Socket.<ConnectAsync>g__WaitForConnectWithCancellation|285_0(AwaitableSocketAsyncEventArgs saea, ValueTask connectTask, CancellationToken cancellationToken)
   at Grpc.Net.Client.Balancer.Internal.SocketConnectivitySubchannelTransport.TryConnectAsync(ConnectContext context, Int32 attempt)
   --- End of inner exception stack trace ---
   at Grpc.Net.Client.Internal.HttpContentClientStreamReader`2.MoveNextCore(CancellationToken cancellationToken)
   at Grpc.Core.AsyncStreamReaderExtensions.ReadAllAsyncCore[T](IAsyncStreamReader`1 streamReader, CancellationToken cancellationToken)+MoveNext()
   at Grpc.Core.AsyncStreamReaderExtensions.ReadAllAsyncCore[T](IAsyncStreamReader`1 streamReader, CancellationToken cancellationToken)+System.Threading.Tasks.Sources.IValueTaskSource<System.Boolean>.GetResult()
   at ShelfsService.src.ShelfsService.Host.Features.Items.GetPhotoByName.ExecuteAsync(GetImageByName req, CancellationToken ct) in D:\visualStudio\Projects\OnlineShelf\backend\Microservices\ShelfsService\src\ShelfsService.Host\Features\Images\GetImageByName.cs:line 50
   at ShelfsService.src.ShelfsService.Host.Features.Items.GetPhotoByName.ExecuteAsync(GetImageByName req, CancellationToken ct) in D:\visualStudio\Projects\OnlineShelf\backend\Microservices\ShelfsService\src\ShelfsService.Host\Features\Images\GetImageByName.cs:line 50
   at FastEndpoints.Endpoint`2.ExecAsync(CancellationToken ct)
   at FastEndpoints.Endpoint`2.ExecAsync(CancellationToken ct)
   at Microsoft.AspNetCore.Http.RequestDelegateFactory.ExecuteResultWriteResponse(IResult result, HttpContext httpContext)
   at Microsoft.AspNetCore.Authorization.AuthorizationMiddleware.Invoke(HttpContext context)
   at Microsoft.AspNetCore.Authentication.AuthenticationMiddleware.Invoke(HttpContext context)
   at Swashbuckle.AspNetCore.SwaggerUI.SwaggerUIMiddleware.Invoke(HttpContext httpContext)
   at Swashbuckle.AspNetCore.Swagger.SwaggerMiddleware.Invoke(HttpContext httpContext, ISwaggerProvider swaggerProvider)
   at Serilog.AspNetCore.RequestLoggingMiddleware.Invoke(HttpContext httpContext)
2026-07-05 16:25:29.751 +03:00 [ERR] ShelfsService Microsoft.AspNetCore.Diagnostics.DeveloperExceptionPageMiddleware An unhandled exception has occurred while executing the request.
Grpc.Core.RpcException: Status(StatusCode="Unavailable", Detail="Error connecting to subchannel.", DebugException="System.Net.Sockets.SocketException: No such host is known.")
 ---> System.Net.Sockets.SocketException (11001): No such host is known.
   at System.Net.Sockets.Socket.AwaitableSocketAsyncEventArgs.ThrowException(SocketError error, CancellationToken cancellationToken)
   at System.Net.Sockets.Socket.AwaitableSocketAsyncEventArgs.System.Threading.Tasks.Sources.IValueTaskSource.GetResult(Int16 token)
   at System.Net.Sockets.Socket.<ConnectAsync>g__WaitForConnectWithCancellation|285_0(AwaitableSocketAsyncEventArgs saea, ValueTask connectTask, CancellationToken cancellationToken)
   at Grpc.Net.Client.Balancer.Internal.SocketConnectivitySubchannelTransport.TryConnectAsync(ConnectContext context, Int32 attempt)
   --- End of inner exception stack trace ---
   at Grpc.Net.Client.Internal.HttpContentClientStreamReader`2.MoveNextCore(CancellationToken cancellationToken)
   at Grpc.Core.AsyncStreamReaderExtensions.ReadAllAsyncCore[T](IAsyncStreamReader`1 streamReader, CancellationToken cancellationToken)+MoveNext()
   at Grpc.Core.AsyncStreamReaderExtensions.ReadAllAsyncCore[T](IAsyncStreamReader`1 streamReader, CancellationToken cancellationToken)+System.Threading.Tasks.Sources.IValueTaskSource<System.Boolean>.GetResult()
   at ShelfsService.src.ShelfsService.Host.Features.Items.GetPhotoByName.ExecuteAsync(GetImageByName req, CancellationToken ct) in D:\visualStudio\Projects\OnlineShelf\backend\Microservices\ShelfsService\src\ShelfsService.Host\Features\Images\GetImageByName.cs:line 50
   at ShelfsService.src.ShelfsService.Host.Features.Items.GetPhotoByName.ExecuteAsync(GetImageByName req, CancellationToken ct) in D:\visualStudio\Projects\OnlineShelf\backend\Microservices\ShelfsService\src\ShelfsService.Host\Features\Images\GetImageByName.cs:line 50
   at FastEndpoints.Endpoint`2.ExecAsync(CancellationToken ct)
   at FastEndpoints.Endpoint`2.ExecAsync(CancellationToken ct)
   at Microsoft.AspNetCore.Http.RequestDelegateFactory.ExecuteResultWriteResponse(IResult result, HttpContext httpContext)
   at Microsoft.AspNetCore.Authorization.AuthorizationMiddleware.Invoke(HttpContext context)
   at Microsoft.AspNetCore.Authentication.AuthenticationMiddleware.Invoke(HttpContext context)
   at Swashbuckle.AspNetCore.SwaggerUI.SwaggerUIMiddleware.Invoke(HttpContext httpContext)
   at Swashbuckle.AspNetCore.Swagger.SwaggerMiddleware.Invoke(HttpContext httpContext, ISwaggerProvider swaggerProvider)
   at Serilog.AspNetCore.RequestLoggingMiddleware.Invoke(HttpContext httpContext)
   at Microsoft.AspNetCore.Diagnostics.DeveloperExceptionPageMiddlewareImpl.Invoke(HttpContext context)
2026-07-05 16:25:30.882 +03:00 [ERR] ShelfsService Serilog.AspNetCore.RequestLoggingMiddleware HTTP GET /shelfs/image/get-image/4b1f3cdf-fa97-4744-a677-47c0969b6af8_big.webp responded 500 in 105.6864 ms
Grpc.Core.RpcException: Status(StatusCode="Unavailable", Detail="Error connecting to subchannel.", DebugException="System.Net.Sockets.SocketException: No such host is known.")
 ---> System.Net.Sockets.SocketException (11001): No such host is known.
   at System.Net.Sockets.Socket.AwaitableSocketAsyncEventArgs.ThrowException(SocketError error, CancellationToken cancellationToken)
   at System.Net.Sockets.Socket.AwaitableSocketAsyncEventArgs.System.Threading.Tasks.Sources.IValueTaskSource.GetResult(Int16 token)
   at System.Net.Sockets.Socket.<ConnectAsync>g__WaitForConnectWithCancellation|285_0(AwaitableSocketAsyncEventArgs saea, ValueTask connectTask, CancellationToken cancellationToken)
   at Grpc.Net.Client.Balancer.Internal.SocketConnectivitySubchannelTransport.TryConnectAsync(ConnectContext context, Int32 attempt)
   --- End of inner exception stack trace ---
   at Grpc.Core.AsyncStreamReaderExtensions.ReadAllAsyncCore[T](IAsyncStreamReader`1 streamReader, CancellationToken cancellationToken)+MoveNext()
   at Grpc.Core.AsyncStreamReaderExtensions.ReadAllAsyncCore[T](IAsyncStreamReader`1 streamReader, CancellationToken cancellationToken)+System.Threading.Tasks.Sources.IValueTaskSource<System.Boolean>.GetResult()
   at ShelfsService.src.ShelfsService.Host.Features.Items.GetPhotoByName.ExecuteAsync(GetImageByName req, CancellationToken ct) in D:\visualStudio\Projects\OnlineShelf\backend\Microservices\ShelfsService\src\ShelfsService.Host\Features\Images\GetImageByName.cs:line 50
   at ShelfsService.src.ShelfsService.Host.Features.Items.GetPhotoByName.ExecuteAsync(GetImageByName req, CancellationToken ct) in D:\visualStudio\Projects\OnlineShelf\backend\Microservices\ShelfsService\src\ShelfsService.Host\Features\Images\GetImageByName.cs:line 50
   at FastEndpoints.Endpoint`2.ExecAsync(CancellationToken ct)
   at FastEndpoints.Endpoint`2.ExecAsync(CancellationToken ct)
   at Microsoft.AspNetCore.Http.RequestDelegateFactory.ExecuteResultWriteResponse(IResult result, HttpContext httpContext)
   at Microsoft.AspNetCore.Authorization.AuthorizationMiddleware.Invoke(HttpContext context)
   at Microsoft.AspNetCore.Authentication.AuthenticationMiddleware.Invoke(HttpContext context)
   at Swashbuckle.AspNetCore.SwaggerUI.SwaggerUIMiddleware.Invoke(HttpContext httpContext)
   at Swashbuckle.AspNetCore.Swagger.SwaggerMiddleware.Invoke(HttpContext httpContext, ISwaggerProvider swaggerProvider)
   at Serilog.AspNetCore.RequestLoggingMiddleware.Invoke(HttpContext httpContext)
2026-07-05 16:25:30.888 +03:00 [ERR] ShelfsService Microsoft.AspNetCore.Diagnostics.DeveloperExceptionPageMiddleware An unhandled exception has occurred while executing the request.
Grpc.Core.RpcException: Status(StatusCode="Unavailable", Detail="Error connecting to subchannel.", DebugException="System.Net.Sockets.SocketException: No such host is known.")
 ---> System.Net.Sockets.SocketException (11001): No such host is known.
   at System.Net.Sockets.Socket.AwaitableSocketAsyncEventArgs.ThrowException(SocketError error, CancellationToken cancellationToken)
   at System.Net.Sockets.Socket.AwaitableSocketAsyncEventArgs.System.Threading.Tasks.Sources.IValueTaskSource.GetResult(Int16 token)
   at System.Net.Sockets.Socket.<ConnectAsync>g__WaitForConnectWithCancellation|285_0(AwaitableSocketAsyncEventArgs saea, ValueTask connectTask, CancellationToken cancellationToken)
   at Grpc.Net.Client.Balancer.Internal.SocketConnectivitySubchannelTransport.TryConnectAsync(ConnectContext context, Int32 attempt)
   --- End of inner exception stack trace ---
   at Grpc.Core.AsyncStreamReaderExtensions.ReadAllAsyncCore[T](IAsyncStreamReader`1 streamReader, CancellationToken cancellationToken)+MoveNext()
   at Grpc.Core.AsyncStreamReaderExtensions.ReadAllAsyncCore[T](IAsyncStreamReader`1 streamReader, CancellationToken cancellationToken)+System.Threading.Tasks.Sources.IValueTaskSource<System.Boolean>.GetResult()
   at ShelfsService.src.ShelfsService.Host.Features.Items.GetPhotoByName.ExecuteAsync(GetImageByName req, CancellationToken ct) in D:\visualStudio\Projects\OnlineShelf\backend\Microservices\ShelfsService\src\ShelfsService.Host\Features\Images\GetImageByName.cs:line 50
   at ShelfsService.src.ShelfsService.Host.Features.Items.GetPhotoByName.ExecuteAsync(GetImageByName req, CancellationToken ct) in D:\visualStudio\Projects\OnlineShelf\backend\Microservices\ShelfsService\src\ShelfsService.Host\Features\Images\GetImageByName.cs:line 50
   at FastEndpoints.Endpoint`2.ExecAsync(CancellationToken ct)
   at FastEndpoints.Endpoint`2.ExecAsync(CancellationToken ct)
   at Microsoft.AspNetCore.Http.RequestDelegateFactory.ExecuteResultWriteResponse(IResult result, HttpContext httpContext)
   at Microsoft.AspNetCore.Authorization.AuthorizationMiddleware.Invoke(HttpContext context)
   at Microsoft.AspNetCore.Authentication.AuthenticationMiddleware.Invoke(HttpContext context)
   at Swashbuckle.AspNetCore.SwaggerUI.SwaggerUIMiddleware.Invoke(HttpContext httpContext)
   at Swashbuckle.AspNetCore.Swagger.SwaggerMiddleware.Invoke(HttpContext httpContext, ISwaggerProvider swaggerProvider)
   at Serilog.AspNetCore.RequestLoggingMiddleware.Invoke(HttpContext httpContext)
   at Microsoft.AspNetCore.Diagnostics.DeveloperExceptionPageMiddlewareImpl.Invoke(HttpContext context)
2026-07-05 16:25:34.289 +03:00 [ERR] ShelfsService Serilog.AspNetCore.RequestLoggingMiddleware HTTP GET /shelfs/image/get-image/4b1f3cdf-fa97-4744-a677-47c0969b6af8_big.webp responded 500 in 1358.7724 ms
Grpc.Core.RpcException: Status(StatusCode="Unavailable", Detail="Error connecting to subchannel.", DebugException="System.Net.Sockets.SocketException: No such host is known.")
 ---> System.Net.Sockets.SocketException (11001): No such host is known.
   at System.Net.Sockets.Socket.AwaitableSocketAsyncEventArgs.ThrowException(SocketError error, CancellationToken cancellationToken)
   at System.Net.Sockets.Socket.AwaitableSocketAsyncEventArgs.System.Threading.Tasks.Sources.IValueTaskSource.GetResult(Int16 token)
   at System.Net.Sockets.Socket.<ConnectAsync>g__WaitForConnectWithCancellation|285_0(AwaitableSocketAsyncEventArgs saea, ValueTask connectTask, CancellationToken cancellationToken)
   at Grpc.Net.Client.Balancer.Internal.SocketConnectivitySubchannelTransport.TryConnectAsync(ConnectContext context, Int32 attempt)
   --- End of inner exception stack trace ---
   at Grpc.Net.Client.Internal.HttpContentClientStreamReader`2.MoveNextCore(CancellationToken cancellationToken)
   at Grpc.Core.AsyncStreamReaderExtensions.ReadAllAsyncCore[T](IAsyncStreamReader`1 streamReader, CancellationToken cancellationToken)+MoveNext()
   at Grpc.Core.AsyncStreamReaderExtensions.ReadAllAsyncCore[T](IAsyncStreamReader`1 streamReader, CancellationToken cancellationToken)+System.Threading.Tasks.Sources.IValueTaskSource<System.Boolean>.GetResult()
   at ShelfsService.src.ShelfsService.Host.Features.Items.GetPhotoByName.ExecuteAsync(GetImageByName req, CancellationToken ct) in D:\visualStudio\Projects\OnlineShelf\backend\Microservices\ShelfsService\src\ShelfsService.Host\Features\Images\GetImageByName.cs:line 50
   at ShelfsService.src.ShelfsService.Host.Features.Items.GetPhotoByName.ExecuteAsync(GetImageByName req, CancellationToken ct) in D:\visualStudio\Projects\OnlineShelf\backend\Microservices\ShelfsService\src\ShelfsService.Host\Features\Images\GetImageByName.cs:line 50
   at FastEndpoints.Endpoint`2.ExecAsync(CancellationToken ct)
   at FastEndpoints.Endpoint`2.ExecAsync(CancellationToken ct)
   at Microsoft.AspNetCore.Http.RequestDelegateFactory.ExecuteResultWriteResponse(IResult result, HttpContext httpContext)
   at Microsoft.AspNetCore.Authorization.AuthorizationMiddleware.Invoke(HttpContext context)
   at Microsoft.AspNetCore.Authentication.AuthenticationMiddleware.Invoke(HttpContext context)
   at Swashbuckle.AspNetCore.SwaggerUI.SwaggerUIMiddleware.Invoke(HttpContext httpContext)
   at Swashbuckle.AspNetCore.Swagger.SwaggerMiddleware.Invoke(HttpContext httpContext, ISwaggerProvider swaggerProvider)
   at Serilog.AspNetCore.RequestLoggingMiddleware.Invoke(HttpContext httpContext)
2026-07-05 16:25:34.292 +03:00 [ERR] ShelfsService Microsoft.AspNetCore.Diagnostics.DeveloperExceptionPageMiddleware An unhandled exception has occurred while executing the request.
Grpc.Core.RpcException: Status(StatusCode="Unavailable", Detail="Error connecting to subchannel.", DebugException="System.Net.Sockets.SocketException: No such host is known.")
 ---> System.Net.Sockets.SocketException (11001): No such host is known.
   at System.Net.Sockets.Socket.AwaitableSocketAsyncEventArgs.ThrowException(SocketError error, CancellationToken cancellationToken)
   at System.Net.Sockets.Socket.AwaitableSocketAsyncEventArgs.System.Threading.Tasks.Sources.IValueTaskSource.GetResult(Int16 token)
   at System.Net.Sockets.Socket.<ConnectAsync>g__WaitForConnectWithCancellation|285_0(AwaitableSocketAsyncEventArgs saea, ValueTask connectTask, CancellationToken cancellationToken)
   at Grpc.Net.Client.Balancer.Internal.SocketConnectivitySubchannelTransport.TryConnectAsync(ConnectContext context, Int32 attempt)
   --- End of inner exception stack trace ---
   at Grpc.Net.Client.Internal.HttpContentClientStreamReader`2.MoveNextCore(CancellationToken cancellationToken)
   at Grpc.Core.AsyncStreamReaderExtensions.ReadAllAsyncCore[T](IAsyncStreamReader`1 streamReader, CancellationToken cancellationToken)+MoveNext()
   at Grpc.Core.AsyncStreamReaderExtensions.ReadAllAsyncCore[T](IAsyncStreamReader`1 streamReader, CancellationToken cancellationToken)+System.Threading.Tasks.Sources.IValueTaskSource<System.Boolean>.GetResult()
   at ShelfsService.src.ShelfsService.Host.Features.Items.GetPhotoByName.ExecuteAsync(GetImageByName req, CancellationToken ct) in D:\visualStudio\Projects\OnlineShelf\backend\Microservices\ShelfsService\src\ShelfsService.Host\Features\Images\GetImageByName.cs:line 50
   at ShelfsService.src.ShelfsService.Host.Features.Items.GetPhotoByName.ExecuteAsync(GetImageByName req, CancellationToken ct) in D:\visualStudio\Projects\OnlineShelf\backend\Microservices\ShelfsService\src\ShelfsService.Host\Features\Images\GetImageByName.cs:line 50
   at FastEndpoints.Endpoint`2.ExecAsync(CancellationToken ct)
   at FastEndpoints.Endpoint`2.ExecAsync(CancellationToken ct)
   at Microsoft.AspNetCore.Http.RequestDelegateFactory.ExecuteResultWriteResponse(IResult result, HttpContext httpContext)
   at Microsoft.AspNetCore.Authorization.AuthorizationMiddleware.Invoke(HttpContext context)
   at Microsoft.AspNetCore.Authentication.AuthenticationMiddleware.Invoke(HttpContext context)
   at Swashbuckle.AspNetCore.SwaggerUI.SwaggerUIMiddleware.Invoke(HttpContext httpContext)
   at Swashbuckle.AspNetCore.Swagger.SwaggerMiddleware.Invoke(HttpContext httpContext, ISwaggerProvider swaggerProvider)
   at Serilog.AspNetCore.RequestLoggingMiddleware.Invoke(HttpContext httpContext)
   at Microsoft.AspNetCore.Diagnostics.DeveloperExceptionPageMiddlewareImpl.Invoke(HttpContext context)
2026-07-05 16:25:39.310 +03:00 [ERR] ShelfsService Serilog.AspNetCore.RequestLoggingMiddleware HTTP GET /shelfs/image/get-image/4b1f3cdf-fa97-4744-a677-47c0969b6af8_big.webp responded 500 in 987.2834 ms
Grpc.Core.RpcException: Status(StatusCode="Unavailable", Detail="Error connecting to subchannel.", DebugException="System.Net.Sockets.SocketException: No such host is known.")
 ---> System.Net.Sockets.SocketException (11001): No such host is known.
   at System.Net.Sockets.Socket.AwaitableSocketAsyncEventArgs.ThrowException(SocketError error, CancellationToken cancellationToken)
   at System.Net.Sockets.Socket.AwaitableSocketAsyncEventArgs.System.Threading.Tasks.Sources.IValueTaskSource.GetResult(Int16 token)
   at System.Net.Sockets.Socket.<ConnectAsync>g__WaitForConnectWithCancellation|285_0(AwaitableSocketAsyncEventArgs saea, ValueTask connectTask, CancellationToken cancellationToken)
   at Grpc.Net.Client.Balancer.Internal.SocketConnectivitySubchannelTransport.TryConnectAsync(ConnectContext context, Int32 attempt)
   --- End of inner exception stack trace ---
   at Grpc.Net.Client.Internal.HttpContentClientStreamReader`2.MoveNextCore(CancellationToken cancellationToken)
   at Grpc.Core.AsyncStreamReaderExtensions.ReadAllAsyncCore[T](IAsyncStreamReader`1 streamReader, CancellationToken cancellationToken)+MoveNext()
   at Grpc.Core.AsyncStreamReaderExtensions.ReadAllAsyncCore[T](IAsyncStreamReader`1 streamReader, CancellationToken cancellationToken)+System.Threading.Tasks.Sources.IValueTaskSource<System.Boolean>.GetResult()
   at ShelfsService.src.ShelfsService.Host.Features.Items.GetPhotoByName.ExecuteAsync(GetImageByName req, CancellationToken ct) in D:\visualStudio\Projects\OnlineShelf\backend\Microservices\ShelfsService\src\ShelfsService.Host\Features\Images\GetImageByName.cs:line 50
   at ShelfsService.src.ShelfsService.Host.Features.Items.GetPhotoByName.ExecuteAsync(GetImageByName req, CancellationToken ct) in D:\visualStudio\Projects\OnlineShelf\backend\Microservices\ShelfsService\src\ShelfsService.Host\Features\Images\GetImageByName.cs:line 50
   at FastEndpoints.Endpoint`2.ExecAsync(CancellationToken ct)
   at FastEndpoints.Endpoint`2.ExecAsync(CancellationToken ct)
   at Microsoft.AspNetCore.Http.RequestDelegateFactory.ExecuteResultWriteResponse(IResult result, HttpContext httpContext)
   at Microsoft.AspNetCore.Authorization.AuthorizationMiddleware.Invoke(HttpContext context)
   at Microsoft.AspNetCore.Authentication.AuthenticationMiddleware.Invoke(HttpContext context)
   at Swashbuckle.AspNetCore.SwaggerUI.SwaggerUIMiddleware.Invoke(HttpContext httpContext)
   at Swashbuckle.AspNetCore.Swagger.SwaggerMiddleware.Invoke(HttpContext httpContext, ISwaggerProvider swaggerProvider)
   at Serilog.AspNetCore.RequestLoggingMiddleware.Invoke(HttpContext httpContext)
2026-07-05 16:25:39.318 +03:00 [ERR] ShelfsService Microsoft.AspNetCore.Diagnostics.DeveloperExceptionPageMiddleware An unhandled exception has occurred while executing the request.
Grpc.Core.RpcException: Status(StatusCode="Unavailable", Detail="Error connecting to subchannel.", DebugException="System.Net.Sockets.SocketException: No such host is known.")
 ---> System.Net.Sockets.SocketException (11001): No such host is known.
   at System.Net.Sockets.Socket.AwaitableSocketAsyncEventArgs.ThrowException(SocketError error, CancellationToken cancellationToken)
   at System.Net.Sockets.Socket.AwaitableSocketAsyncEventArgs.System.Threading.Tasks.Sources.IValueTaskSource.GetResult(Int16 token)
   at System.Net.Sockets.Socket.<ConnectAsync>g__WaitForConnectWithCancellation|285_0(AwaitableSocketAsyncEventArgs saea, ValueTask connectTask, CancellationToken cancellationToken)
   at Grpc.Net.Client.Balancer.Internal.SocketConnectivitySubchannelTransport.TryConnectAsync(ConnectContext context, Int32 attempt)
   --- End of inner exception stack trace ---
   at Grpc.Net.Client.Internal.HttpContentClientStreamReader`2.MoveNextCore(CancellationToken cancellationToken)
   at Grpc.Core.AsyncStreamReaderExtensions.ReadAllAsyncCore[T](IAsyncStreamReader`1 streamReader, CancellationToken cancellationToken)+MoveNext()
   at Grpc.Core.AsyncStreamReaderExtensions.ReadAllAsyncCore[T](IAsyncStreamReader`1 streamReader, CancellationToken cancellationToken)+System.Threading.Tasks.Sources.IValueTaskSource<System.Boolean>.GetResult()
   at ShelfsService.src.ShelfsService.Host.Features.Items.GetPhotoByName.ExecuteAsync(GetImageByName req, CancellationToken ct) in D:\visualStudio\Projects\OnlineShelf\backend\Microservices\ShelfsService\src\ShelfsService.Host\Features\Images\GetImageByName.cs:line 50
   at ShelfsService.src.ShelfsService.Host.Features.Items.GetPhotoByName.ExecuteAsync(GetImageByName req, CancellationToken ct) in D:\visualStudio\Projects\OnlineShelf\backend\Microservices\ShelfsService\src\ShelfsService.Host\Features\Images\GetImageByName.cs:line 50
   at FastEndpoints.Endpoint`2.ExecAsync(CancellationToken ct)
   at FastEndpoints.Endpoint`2.ExecAsync(CancellationToken ct)
   at Microsoft.AspNetCore.Http.RequestDelegateFactory.ExecuteResultWriteResponse(IResult result, HttpContext httpContext)
   at Microsoft.AspNetCore.Authorization.AuthorizationMiddleware.Invoke(HttpContext context)
   at Microsoft.AspNetCore.Authentication.AuthenticationMiddleware.Invoke(HttpContext context)
   at Swashbuckle.AspNetCore.SwaggerUI.SwaggerUIMiddleware.Invoke(HttpContext httpContext)
   at Swashbuckle.AspNetCore.Swagger.SwaggerMiddleware.Invoke(HttpContext httpContext, ISwaggerProvider swaggerProvider)
   at Serilog.AspNetCore.RequestLoggingMiddleware.Invoke(HttpContext httpContext)
   at Microsoft.AspNetCore.Diagnostics.DeveloperExceptionPageMiddlewareImpl.Invoke(HttpContext context)
2026-07-05 16:31:37.395 +03:00 [ERR] ShelfsService Serilog.AspNetCore.RequestLoggingMiddleware HTTP GET /shelfs/image/get-image/4b1f3cdf-fa97-4744-a677-47c0969b6af8_big.webp responded 500 in 3333.0320 ms
Grpc.Core.RpcException: Status(StatusCode="Unavailable", Detail="Error connecting to subchannel.", DebugException="System.Net.Sockets.SocketException: No such host is known.")
 ---> System.Net.Sockets.SocketException (11001): No such host is known.
   at System.Net.Sockets.Socket.AwaitableSocketAsyncEventArgs.ThrowException(SocketError error, CancellationToken cancellationToken)
   at System.Net.Sockets.Socket.AwaitableSocketAsyncEventArgs.System.Threading.Tasks.Sources.IValueTaskSource.GetResult(Int16 token)
   at System.Net.Sockets.Socket.<ConnectAsync>g__WaitForConnectWithCancellation|285_0(AwaitableSocketAsyncEventArgs saea, ValueTask connectTask, CancellationToken cancellationToken)
   at Grpc.Net.Client.Balancer.Internal.SocketConnectivitySubchannelTransport.TryConnectAsync(ConnectContext context, Int32 attempt)
   --- End of inner exception stack trace ---
   at Grpc.Net.Client.Internal.HttpContentClientStreamReader`2.MoveNextCore(CancellationToken cancellationToken)
   at Grpc.Core.AsyncStreamReaderExtensions.ReadAllAsyncCore[T](IAsyncStreamReader`1 streamReader, CancellationToken cancellationToken)+MoveNext()
   at Grpc.Core.AsyncStreamReaderExtensions.ReadAllAsyncCore[T](IAsyncStreamReader`1 streamReader, CancellationToken cancellationToken)+System.Threading.Tasks.Sources.IValueTaskSource<System.Boolean>.GetResult()
   at ShelfsService.src.ShelfsService.Host.Features.Items.GetPhotoByName.ExecuteAsync(GetImageByName req, CancellationToken ct) in D:\visualStudio\Projects\OnlineShelf\backend\Microservices\ShelfsService\src\ShelfsService.Host\Features\Images\GetImageByName.cs:line 50
   at ShelfsService.src.ShelfsService.Host.Features.Items.GetPhotoByName.ExecuteAsync(GetImageByName req, CancellationToken ct) in D:\visualStudio\Projects\OnlineShelf\backend\Microservices\ShelfsService\src\ShelfsService.Host\Features\Images\GetImageByName.cs:line 50
   at FastEndpoints.Endpoint`2.ExecAsync(CancellationToken ct)
   at FastEndpoints.Endpoint`2.ExecAsync(CancellationToken ct)
   at Microsoft.AspNetCore.Http.RequestDelegateFactory.ExecuteResultWriteResponse(IResult result, HttpContext httpContext)
   at Microsoft.AspNetCore.Authorization.AuthorizationMiddleware.Invoke(HttpContext context)
   at Microsoft.AspNetCore.Authentication.AuthenticationMiddleware.Invoke(HttpContext context)
   at Swashbuckle.AspNetCore.SwaggerUI.SwaggerUIMiddleware.Invoke(HttpContext httpContext)
   at Swashbuckle.AspNetCore.Swagger.SwaggerMiddleware.Invoke(HttpContext httpContext, ISwaggerProvider swaggerProvider)
   at Serilog.AspNetCore.RequestLoggingMiddleware.Invoke(HttpContext httpContext)
2026-07-05 16:31:37.413 +03:00 [ERR] ShelfsService Microsoft.AspNetCore.Diagnostics.DeveloperExceptionPageMiddleware An unhandled exception has occurred while executing the request.
Grpc.Core.RpcException: Status(StatusCode="Unavailable", Detail="Error connecting to subchannel.", DebugException="System.Net.Sockets.SocketException: No such host is known.")
 ---> System.Net.Sockets.SocketException (11001): No such host is known.
   at System.Net.Sockets.Socket.AwaitableSocketAsyncEventArgs.ThrowException(SocketError error, CancellationToken cancellationToken)
   at System.Net.Sockets.Socket.AwaitableSocketAsyncEventArgs.System.Threading.Tasks.Sources.IValueTaskSource.GetResult(Int16 token)
   at System.Net.Sockets.Socket.<ConnectAsync>g__WaitForConnectWithCancellation|285_0(AwaitableSocketAsyncEventArgs saea, ValueTask connectTask, CancellationToken cancellationToken)
   at Grpc.Net.Client.Balancer.Internal.SocketConnectivitySubchannelTransport.TryConnectAsync(ConnectContext context, Int32 attempt)
   --- End of inner exception stack trace ---
   at Grpc.Net.Client.Internal.HttpContentClientStreamReader`2.MoveNextCore(CancellationToken cancellationToken)
   at Grpc.Core.AsyncStreamReaderExtensions.ReadAllAsyncCore[T](IAsyncStreamReader`1 streamReader, CancellationToken cancellationToken)+MoveNext()
   at Grpc.Core.AsyncStreamReaderExtensions.ReadAllAsyncCore[T](IAsyncStreamReader`1 streamReader, CancellationToken cancellationToken)+System.Threading.Tasks.Sources.IValueTaskSource<System.Boolean>.GetResult()
   at ShelfsService.src.ShelfsService.Host.Features.Items.GetPhotoByName.ExecuteAsync(GetImageByName req, CancellationToken ct) in D:\visualStudio\Projects\OnlineShelf\backend\Microservices\ShelfsService\src\ShelfsService.Host\Features\Images\GetImageByName.cs:line 50
   at ShelfsService.src.ShelfsService.Host.Features.Items.GetPhotoByName.ExecuteAsync(GetImageByName req, CancellationToken ct) in D:\visualStudio\Projects\OnlineShelf\backend\Microservices\ShelfsService\src\ShelfsService.Host\Features\Images\GetImageByName.cs:line 50
   at FastEndpoints.Endpoint`2.ExecAsync(CancellationToken ct)
   at FastEndpoints.Endpoint`2.ExecAsync(CancellationToken ct)
   at Microsoft.AspNetCore.Http.RequestDelegateFactory.ExecuteResultWriteResponse(IResult result, HttpContext httpContext)
   at Microsoft.AspNetCore.Authorization.AuthorizationMiddleware.Invoke(HttpContext context)
   at Microsoft.AspNetCore.Authentication.AuthenticationMiddleware.Invoke(HttpContext context)
   at Swashbuckle.AspNetCore.SwaggerUI.SwaggerUIMiddleware.Invoke(HttpContext httpContext)
   at Swashbuckle.AspNetCore.Swagger.SwaggerMiddleware.Invoke(HttpContext httpContext, ISwaggerProvider swaggerProvider)
   at Serilog.AspNetCore.RequestLoggingMiddleware.Invoke(HttpContext httpContext)
   at Microsoft.AspNetCore.Diagnostics.DeveloperExceptionPageMiddlewareImpl.Invoke(HttpContext context)
2026-07-05 16:35:18.797 +03:00 [ERR] ShelfsService Serilog.AspNetCore.RequestLoggingMiddleware HTTP GET /shelfs/image/get-image/4b1f3cdf-fa97-4744-a677-47c0969b6af8_big.webp responded 500 in 220343.5126 ms
Grpc.Core.RpcException: Status(StatusCode="Unavailable", Detail="Error connecting to subchannel.", DebugException="System.Net.Sockets.SocketException: No such host is known.")
 ---> System.Net.Sockets.SocketException (11001): No such host is known.
   at System.Net.Sockets.Socket.AwaitableSocketAsyncEventArgs.ThrowException(SocketError error, CancellationToken cancellationToken)
   at System.Net.Sockets.Socket.AwaitableSocketAsyncEventArgs.System.Threading.Tasks.Sources.IValueTaskSource.GetResult(Int16 token)
   at System.Net.Sockets.Socket.<ConnectAsync>g__WaitForConnectWithCancellation|285_0(AwaitableSocketAsyncEventArgs saea, ValueTask connectTask, CancellationToken cancellationToken)
   at Grpc.Net.Client.Balancer.Internal.SocketConnectivitySubchannelTransport.TryConnectAsync(ConnectContext context, Int32 attempt)
   --- End of inner exception stack trace ---
   at Grpc.Net.Client.Internal.HttpContentClientStreamReader`2.MoveNextCore(CancellationToken cancellationToken)
   at Grpc.Core.AsyncStreamReaderExtensions.ReadAllAsyncCore[T](IAsyncStreamReader`1 streamReader, CancellationToken cancellationToken)+MoveNext()
   at Grpc.Core.AsyncStreamReaderExtensions.ReadAllAsyncCore[T](IAsyncStreamReader`1 streamReader, CancellationToken cancellationToken)+System.Threading.Tasks.Sources.IValueTaskSource<System.Boolean>.GetResult()
   at ShelfsService.src.ShelfsService.Host.Features.Items.GetPhotoByName.ExecuteAsync(GetImageByName req, CancellationToken ct) in D:\visualStudio\Projects\OnlineShelf\backend\Microservices\ShelfsService\src\ShelfsService.Host\Features\Images\GetImageByName.cs:line 50
   at ShelfsService.src.ShelfsService.Host.Features.Items.GetPhotoByName.ExecuteAsync(GetImageByName req, CancellationToken ct) in D:\visualStudio\Projects\OnlineShelf\backend\Microservices\ShelfsService\src\ShelfsService.Host\Features\Images\GetImageByName.cs:line 50
   at FastEndpoints.Endpoint`2.ExecAsync(CancellationToken ct)
   at FastEndpoints.Endpoint`2.ExecAsync(CancellationToken ct)
   at Microsoft.AspNetCore.Http.RequestDelegateFactory.ExecuteResultWriteResponse(IResult result, HttpContext httpContext)
   at Microsoft.AspNetCore.Authorization.AuthorizationMiddleware.Invoke(HttpContext context)
   at Microsoft.AspNetCore.Authentication.AuthenticationMiddleware.Invoke(HttpContext context)
   at Swashbuckle.AspNetCore.SwaggerUI.SwaggerUIMiddleware.Invoke(HttpContext httpContext)
   at Swashbuckle.AspNetCore.Swagger.SwaggerMiddleware.Invoke(HttpContext httpContext, ISwaggerProvider swaggerProvider)
   at Serilog.AspNetCore.RequestLoggingMiddleware.Invoke(HttpContext httpContext)
2026-07-05 16:35:18.801 +03:00 [ERR] ShelfsService Microsoft.AspNetCore.Diagnostics.DeveloperExceptionPageMiddleware An unhandled exception has occurred while executing the request.
Grpc.Core.RpcException: Status(StatusCode="Unavailable", Detail="Error connecting to subchannel.", DebugException="System.Net.Sockets.SocketException: No such host is known.")
 ---> System.Net.Sockets.SocketException (11001): No such host is known.
   at System.Net.Sockets.Socket.AwaitableSocketAsyncEventArgs.ThrowException(SocketError error, CancellationToken cancellationToken)
   at System.Net.Sockets.Socket.AwaitableSocketAsyncEventArgs.System.Threading.Tasks.Sources.IValueTaskSource.GetResult(Int16 token)
   at System.Net.Sockets.Socket.<ConnectAsync>g__WaitForConnectWithCancellation|285_0(AwaitableSocketAsyncEventArgs saea, ValueTask connectTask, CancellationToken cancellationToken)
   at Grpc.Net.Client.Balancer.Internal.SocketConnectivitySubchannelTransport.TryConnectAsync(ConnectContext context, Int32 attempt)
   --- End of inner exception stack trace ---
   at Grpc.Net.Client.Internal.HttpContentClientStreamReader`2.MoveNextCore(CancellationToken cancellationToken)
   at Grpc.Core.AsyncStreamReaderExtensions.ReadAllAsyncCore[T](IAsyncStreamReader`1 streamReader, CancellationToken cancellationToken)+MoveNext()
   at Grpc.Core.AsyncStreamReaderExtensions.ReadAllAsyncCore[T](IAsyncStreamReader`1 streamReader, CancellationToken cancellationToken)+System.Threading.Tasks.Sources.IValueTaskSource<System.Boolean>.GetResult()
   at ShelfsService.src.ShelfsService.Host.Features.Items.GetPhotoByName.ExecuteAsync(GetImageByName req, CancellationToken ct) in D:\visualStudio\Projects\OnlineShelf\backend\Microservices\ShelfsService\src\ShelfsService.Host\Features\Images\GetImageByName.cs:line 50
   at ShelfsService.src.ShelfsService.Host.Features.Items.GetPhotoByName.ExecuteAsync(GetImageByName req, CancellationToken ct) in D:\visualStudio\Projects\OnlineShelf\backend\Microservices\ShelfsService\src\ShelfsService.Host\Features\Images\GetImageByName.cs:line 50
   at FastEndpoints.Endpoint`2.ExecAsync(CancellationToken ct)
   at FastEndpoints.Endpoint`2.ExecAsync(CancellationToken ct)
   at Microsoft.AspNetCore.Http.RequestDelegateFactory.ExecuteResultWriteResponse(IResult result, HttpContext httpContext)
   at Microsoft.AspNetCore.Authorization.AuthorizationMiddleware.Invoke(HttpContext context)
   at Microsoft.AspNetCore.Authentication.AuthenticationMiddleware.Invoke(HttpContext context)
   at Swashbuckle.AspNetCore.SwaggerUI.SwaggerUIMiddleware.Invoke(HttpContext httpContext)
   at Swashbuckle.AspNetCore.Swagger.SwaggerMiddleware.Invoke(HttpContext httpContext, ISwaggerProvider swaggerProvider)
   at Serilog.AspNetCore.RequestLoggingMiddleware.Invoke(HttpContext httpContext)
   at Microsoft.AspNetCore.Diagnostics.DeveloperExceptionPageMiddlewareImpl.Invoke(HttpContext context)
2026-07-05 16:35:28.652 +03:00 [ERR] ShelfsService Serilog.AspNetCore.RequestLoggingMiddleware HTTP GET /shelfs/image/get-image/4b1f3cdf-fa97-4744-a677-47c0969b6af8_big.webp responded 500 in 2545.8759 ms
Grpc.Core.RpcException: Status(StatusCode="Unavailable", Detail="Error connecting to subchannel.", DebugException="System.Net.Sockets.SocketException: No such host is known.")
 ---> System.Net.Sockets.SocketException (11001): No such host is known.
   at System.Net.Sockets.Socket.AwaitableSocketAsyncEventArgs.ThrowException(SocketError error, CancellationToken cancellationToken)
   at System.Net.Sockets.Socket.AwaitableSocketAsyncEventArgs.System.Threading.Tasks.Sources.IValueTaskSource.GetResult(Int16 token)
   at System.Net.Sockets.Socket.<ConnectAsync>g__WaitForConnectWithCancellation|285_0(AwaitableSocketAsyncEventArgs saea, ValueTask connectTask, CancellationToken cancellationToken)
   at Grpc.Net.Client.Balancer.Internal.SocketConnectivitySubchannelTransport.TryConnectAsync(ConnectContext context, Int32 attempt)
   --- End of inner exception stack trace ---
   at Grpc.Net.Client.Internal.HttpContentClientStreamReader`2.MoveNextCore(CancellationToken cancellationToken)
   at Grpc.Core.AsyncStreamReaderExtensions.ReadAllAsyncCore[T](IAsyncStreamReader`1 streamReader, CancellationToken cancellationToken)+MoveNext()
   at Grpc.Core.AsyncStreamReaderExtensions.ReadAllAsyncCore[T](IAsyncStreamReader`1 streamReader, CancellationToken cancellationToken)+System.Threading.Tasks.Sources.IValueTaskSource<System.Boolean>.GetResult()
   at ShelfsService.src.ShelfsService.Host.Features.Items.GetPhotoByName.ExecuteAsync(GetImageByName req, CancellationToken ct) in D:\visualStudio\Projects\OnlineShelf\backend\Microservices\ShelfsService\src\ShelfsService.Host\Features\Images\GetImageByName.cs:line 50
   at ShelfsService.src.ShelfsService.Host.Features.Items.GetPhotoByName.ExecuteAsync(GetImageByName req, CancellationToken ct) in D:\visualStudio\Projects\OnlineShelf\backend\Microservices\ShelfsService\src\ShelfsService.Host\Features\Images\GetImageByName.cs:line 50
   at FastEndpoints.Endpoint`2.ExecAsync(CancellationToken ct)
   at FastEndpoints.Endpoint`2.ExecAsync(CancellationToken ct)
   at Microsoft.AspNetCore.Http.RequestDelegateFactory.ExecuteResultWriteResponse(IResult result, HttpContext httpContext)
   at Microsoft.AspNetCore.Authorization.AuthorizationMiddleware.Invoke(HttpContext context)
   at Microsoft.AspNetCore.Authentication.AuthenticationMiddleware.Invoke(HttpContext context)
   at Swashbuckle.AspNetCore.SwaggerUI.SwaggerUIMiddleware.Invoke(HttpContext httpContext)
   at Swashbuckle.AspNetCore.Swagger.SwaggerMiddleware.Invoke(HttpContext httpContext, ISwaggerProvider swaggerProvider)
   at Serilog.AspNetCore.RequestLoggingMiddleware.Invoke(HttpContext httpContext)
2026-07-05 16:35:28.657 +03:00 [ERR] ShelfsService Microsoft.AspNetCore.Diagnostics.DeveloperExceptionPageMiddleware An unhandled exception has occurred while executing the request.
Grpc.Core.RpcException: Status(StatusCode="Unavailable", Detail="Error connecting to subchannel.", DebugException="System.Net.Sockets.SocketException: No such host is known.")
 ---> System.Net.Sockets.SocketException (11001): No such host is known.
   at System.Net.Sockets.Socket.AwaitableSocketAsyncEventArgs.ThrowException(SocketError error, CancellationToken cancellationToken)
   at System.Net.Sockets.Socket.AwaitableSocketAsyncEventArgs.System.Threading.Tasks.Sources.IValueTaskSource.GetResult(Int16 token)
   at System.Net.Sockets.Socket.<ConnectAsync>g__WaitForConnectWithCancellation|285_0(AwaitableSocketAsyncEventArgs saea, ValueTask connectTask, CancellationToken cancellationToken)
   at Grpc.Net.Client.Balancer.Internal.SocketConnectivitySubchannelTransport.TryConnectAsync(ConnectContext context, Int32 attempt)
   --- End of inner exception stack trace ---
   at Grpc.Net.Client.Internal.HttpContentClientStreamReader`2.MoveNextCore(CancellationToken cancellationToken)
   at Grpc.Core.AsyncStreamReaderExtensions.ReadAllAsyncCore[T](IAsyncStreamReader`1 streamReader, CancellationToken cancellationToken)+MoveNext()
   at Grpc.Core.AsyncStreamReaderExtensions.ReadAllAsyncCore[T](IAsyncStreamReader`1 streamReader, CancellationToken cancellationToken)+System.Threading.Tasks.Sources.IValueTaskSource<System.Boolean>.GetResult()
   at ShelfsService.src.ShelfsService.Host.Features.Items.GetPhotoByName.ExecuteAsync(GetImageByName req, CancellationToken ct) in D:\visualStudio\Projects\OnlineShelf\backend\Microservices\ShelfsService\src\ShelfsService.Host\Features\Images\GetImageByName.cs:line 50
   at ShelfsService.src.ShelfsService.Host.Features.Items.GetPhotoByName.ExecuteAsync(GetImageByName req, CancellationToken ct) in D:\visualStudio\Projects\OnlineShelf\backend\Microservices\ShelfsService\src\ShelfsService.Host\Features\Images\GetImageByName.cs:line 50
   at FastEndpoints.Endpoint`2.ExecAsync(CancellationToken ct)
   at FastEndpoints.Endpoint`2.ExecAsync(CancellationToken ct)
   at Microsoft.AspNetCore.Http.RequestDelegateFactory.ExecuteResultWriteResponse(IResult result, HttpContext httpContext)
   at Microsoft.AspNetCore.Authorization.AuthorizationMiddleware.Invoke(HttpContext context)
   at Microsoft.AspNetCore.Authentication.AuthenticationMiddleware.Invoke(HttpContext context)
   at Swashbuckle.AspNetCore.SwaggerUI.SwaggerUIMiddleware.Invoke(HttpContext httpContext)
   at Swashbuckle.AspNetCore.Swagger.SwaggerMiddleware.Invoke(HttpContext httpContext, ISwaggerProvider swaggerProvider)
   at Serilog.AspNetCore.RequestLoggingMiddleware.Invoke(HttpContext httpContext)
   at Microsoft.AspNetCore.Diagnostics.DeveloperExceptionPageMiddlewareImpl.Invoke(HttpContext context)
2026-07-05 16:35:29.737 +03:00 [ERR] ShelfsService Serilog.AspNetCore.RequestLoggingMiddleware HTTP GET /shelfs/image/get-image/4b1f3cdf-fa97-4744-a677-47c0969b6af8_big.webp responded 500 in 61.7864 ms
Grpc.Core.RpcException: Status(StatusCode="Unavailable", Detail="Error connecting to subchannel.", DebugException="System.Net.Sockets.SocketException: No such host is known.")
 ---> System.Net.Sockets.SocketException (11001): No such host is known.
   at System.Net.Sockets.Socket.AwaitableSocketAsyncEventArgs.ThrowException(SocketError error, CancellationToken cancellationToken)
   at System.Net.Sockets.Socket.AwaitableSocketAsyncEventArgs.System.Threading.Tasks.Sources.IValueTaskSource.GetResult(Int16 token)
   at System.Net.Sockets.Socket.<ConnectAsync>g__WaitForConnectWithCancellation|285_0(AwaitableSocketAsyncEventArgs saea, ValueTask connectTask, CancellationToken cancellationToken)
   at Grpc.Net.Client.Balancer.Internal.SocketConnectivitySubchannelTransport.TryConnectAsync(ConnectContext context, Int32 attempt)
   --- End of inner exception stack trace ---
   at Grpc.Core.AsyncStreamReaderExtensions.ReadAllAsyncCore[T](IAsyncStreamReader`1 streamReader, CancellationToken cancellationToken)+MoveNext()
   at Grpc.Core.AsyncStreamReaderExtensions.ReadAllAsyncCore[T](IAsyncStreamReader`1 streamReader, CancellationToken cancellationToken)+System.Threading.Tasks.Sources.IValueTaskSource<System.Boolean>.GetResult()
   at ShelfsService.src.ShelfsService.Host.Features.Items.GetPhotoByName.ExecuteAsync(GetImageByName req, CancellationToken ct) in D:\visualStudio\Projects\OnlineShelf\backend\Microservices\ShelfsService\src\ShelfsService.Host\Features\Images\GetImageByName.cs:line 50
   at ShelfsService.src.ShelfsService.Host.Features.Items.GetPhotoByName.ExecuteAsync(GetImageByName req, CancellationToken ct) in D:\visualStudio\Projects\OnlineShelf\backend\Microservices\ShelfsService\src\ShelfsService.Host\Features\Images\GetImageByName.cs:line 50
   at FastEndpoints.Endpoint`2.ExecAsync(CancellationToken ct)
   at FastEndpoints.Endpoint`2.ExecAsync(CancellationToken ct)
   at Microsoft.AspNetCore.Http.RequestDelegateFactory.ExecuteResultWriteResponse(IResult result, HttpContext httpContext)
   at Microsoft.AspNetCore.Authorization.AuthorizationMiddleware.Invoke(HttpContext context)
   at Microsoft.AspNetCore.Authentication.AuthenticationMiddleware.Invoke(HttpContext context)
   at Swashbuckle.AspNetCore.SwaggerUI.SwaggerUIMiddleware.Invoke(HttpContext httpContext)
   at Swashbuckle.AspNetCore.Swagger.SwaggerMiddleware.Invoke(HttpContext httpContext, ISwaggerProvider swaggerProvider)
   at Serilog.AspNetCore.RequestLoggingMiddleware.Invoke(HttpContext httpContext)
2026-07-05 16:35:29.742 +03:00 [ERR] ShelfsService Microsoft.AspNetCore.Diagnostics.DeveloperExceptionPageMiddleware An unhandled exception has occurred while executing the request.
Grpc.Core.RpcException: Status(StatusCode="Unavailable", Detail="Error connecting to subchannel.", DebugException="System.Net.Sockets.SocketException: No such host is known.")
 ---> System.Net.Sockets.SocketException (11001): No such host is known.
   at System.Net.Sockets.Socket.AwaitableSocketAsyncEventArgs.ThrowException(SocketError error, CancellationToken cancellationToken)
   at System.Net.Sockets.Socket.AwaitableSocketAsyncEventArgs.System.Threading.Tasks.Sources.IValueTaskSource.GetResult(Int16 token)
   at System.Net.Sockets.Socket.<ConnectAsync>g__WaitForConnectWithCancellation|285_0(AwaitableSocketAsyncEventArgs saea, ValueTask connectTask, CancellationToken cancellationToken)
   at Grpc.Net.Client.Balancer.Internal.SocketConnectivitySubchannelTransport.TryConnectAsync(ConnectContext context, Int32 attempt)
   --- End of inner exception stack trace ---
   at Grpc.Core.AsyncStreamReaderExtensions.ReadAllAsyncCore[T](IAsyncStreamReader`1 streamReader, CancellationToken cancellationToken)+MoveNext()
   at Grpc.Core.AsyncStreamReaderExtensions.ReadAllAsyncCore[T](IAsyncStreamReader`1 streamReader, CancellationToken cancellationToken)+System.Threading.Tasks.Sources.IValueTaskSource<System.Boolean>.GetResult()
   at ShelfsService.src.ShelfsService.Host.Features.Items.GetPhotoByName.ExecuteAsync(GetImageByName req, CancellationToken ct) in D:\visualStudio\Projects\OnlineShelf\backend\Microservices\ShelfsService\src\ShelfsService.Host\Features\Images\GetImageByName.cs:line 50
   at ShelfsService.src.ShelfsService.Host.Features.Items.GetPhotoByName.ExecuteAsync(GetImageByName req, CancellationToken ct) in D:\visualStudio\Projects\OnlineShelf\backend\Microservices\ShelfsService\src\ShelfsService.Host\Features\Images\GetImageByName.cs:line 50
   at FastEndpoints.Endpoint`2.ExecAsync(CancellationToken ct)
   at FastEndpoints.Endpoint`2.ExecAsync(CancellationToken ct)
   at Microsoft.AspNetCore.Http.RequestDelegateFactory.ExecuteResultWriteResponse(IResult result, HttpContext httpContext)
   at Microsoft.AspNetCore.Authorization.AuthorizationMiddleware.Invoke(HttpContext context)
   at Microsoft.AspNetCore.Authentication.AuthenticationMiddleware.Invoke(HttpContext context)
   at Swashbuckle.AspNetCore.SwaggerUI.SwaggerUIMiddleware.Invoke(HttpContext httpContext)
   at Swashbuckle.AspNetCore.Swagger.SwaggerMiddleware.Invoke(HttpContext httpContext, ISwaggerProvider swaggerProvider)
   at Serilog.AspNetCore.RequestLoggingMiddleware.Invoke(HttpContext httpContext)
   at Microsoft.AspNetCore.Diagnostics.DeveloperExceptionPageMiddlewareImpl.Invoke(HttpContext context)
2026-07-05 16:36:35.389 +03:00 [ERR] ShelfsService Serilog.AspNetCore.RequestLoggingMiddleware HTTP GET /shelfs/image/get-image/4b1f3cdf-fa97-4744-a677-47c0969b6af8_big.webp responded 500 in 1883.4062 ms
Grpc.Core.RpcException: Status(StatusCode="Unavailable", Detail="Error connecting to subchannel.", DebugException="System.Net.Sockets.SocketException: No such host is known.")
 ---> System.Net.Sockets.SocketException (11001): No such host is known.
   at System.Net.Sockets.Socket.AwaitableSocketAsyncEventArgs.ThrowException(SocketError error, CancellationToken cancellationToken)
   at System.Net.Sockets.Socket.AwaitableSocketAsyncEventArgs.System.Threading.Tasks.Sources.IValueTaskSource.GetResult(Int16 token)
   at System.Net.Sockets.Socket.<ConnectAsync>g__WaitForConnectWithCancellation|285_0(AwaitableSocketAsyncEventArgs saea, ValueTask connectTask, CancellationToken cancellationToken)
   at Grpc.Net.Client.Balancer.Internal.SocketConnectivitySubchannelTransport.TryConnectAsync(ConnectContext context, Int32 attempt)
   --- End of inner exception stack trace ---
   at Grpc.Net.Client.Internal.HttpContentClientStreamReader`2.MoveNextCore(CancellationToken cancellationToken)
   at Grpc.Core.AsyncStreamReaderExtensions.ReadAllAsyncCore[T](IAsyncStreamReader`1 streamReader, CancellationToken cancellationToken)+MoveNext()
   at Grpc.Core.AsyncStreamReaderExtensions.ReadAllAsyncCore[T](IAsyncStreamReader`1 streamReader, CancellationToken cancellationToken)+System.Threading.Tasks.Sources.IValueTaskSource<System.Boolean>.GetResult()
   at ShelfsService.src.ShelfsService.Host.Features.Items.GetPhotoByName.ExecuteAsync(GetImageByName req, CancellationToken ct) in D:\visualStudio\Projects\OnlineShelf\backend\Microservices\ShelfsService\src\ShelfsService.Host\Features\Images\GetImageByName.cs:line 50
   at ShelfsService.src.ShelfsService.Host.Features.Items.GetPhotoByName.ExecuteAsync(GetImageByName req, CancellationToken ct) in D:\visualStudio\Projects\OnlineShelf\backend\Microservices\ShelfsService\src\ShelfsService.Host\Features\Images\GetImageByName.cs:line 50
   at FastEndpoints.Endpoint`2.ExecAsync(CancellationToken ct)
   at FastEndpoints.Endpoint`2.ExecAsync(CancellationToken ct)
   at Microsoft.AspNetCore.Http.RequestDelegateFactory.ExecuteResultWriteResponse(IResult result, HttpContext httpContext)
   at Microsoft.AspNetCore.Authorization.AuthorizationMiddleware.Invoke(HttpContext context)
   at Microsoft.AspNetCore.Authentication.AuthenticationMiddleware.Invoke(HttpContext context)
   at Swashbuckle.AspNetCore.SwaggerUI.SwaggerUIMiddleware.Invoke(HttpContext httpContext)
   at Swashbuckle.AspNetCore.Swagger.SwaggerMiddleware.Invoke(HttpContext httpContext, ISwaggerProvider swaggerProvider)
   at Serilog.AspNetCore.RequestLoggingMiddleware.Invoke(HttpContext httpContext)
2026-07-05 16:36:35.394 +03:00 [ERR] ShelfsService Microsoft.AspNetCore.Diagnostics.DeveloperExceptionPageMiddleware An unhandled exception has occurred while executing the request.
Grpc.Core.RpcException: Status(StatusCode="Unavailable", Detail="Error connecting to subchannel.", DebugException="System.Net.Sockets.SocketException: No such host is known.")
 ---> System.Net.Sockets.SocketException (11001): No such host is known.
   at System.Net.Sockets.Socket.AwaitableSocketAsyncEventArgs.ThrowException(SocketError error, CancellationToken cancellationToken)
   at System.Net.Sockets.Socket.AwaitableSocketAsyncEventArgs.System.Threading.Tasks.Sources.IValueTaskSource.GetResult(Int16 token)
   at System.Net.Sockets.Socket.<ConnectAsync>g__WaitForConnectWithCancellation|285_0(AwaitableSocketAsyncEventArgs saea, ValueTask connectTask, CancellationToken cancellationToken)
   at Grpc.Net.Client.Balancer.Internal.SocketConnectivitySubchannelTransport.TryConnectAsync(ConnectContext context, Int32 attempt)
   --- End of inner exception stack trace ---
   at Grpc.Net.Client.Internal.HttpContentClientStreamReader`2.MoveNextCore(CancellationToken cancellationToken)
   at Grpc.Core.AsyncStreamReaderExtensions.ReadAllAsyncCore[T](IAsyncStreamReader`1 streamReader, CancellationToken cancellationToken)+MoveNext()
   at Grpc.Core.AsyncStreamReaderExtensions.ReadAllAsyncCore[T](IAsyncStreamReader`1 streamReader, CancellationToken cancellationToken)+System.Threading.Tasks.Sources.IValueTaskSource<System.Boolean>.GetResult()
   at ShelfsService.src.ShelfsService.Host.Features.Items.GetPhotoByName.ExecuteAsync(GetImageByName req, CancellationToken ct) in D:\visualStudio\Projects\OnlineShelf\backend\Microservices\ShelfsService\src\ShelfsService.Host\Features\Images\GetImageByName.cs:line 50
   at ShelfsService.src.ShelfsService.Host.Features.Items.GetPhotoByName.ExecuteAsync(GetImageByName req, CancellationToken ct) in D:\visualStudio\Projects\OnlineShelf\backend\Microservices\ShelfsService\src\ShelfsService.Host\Features\Images\GetImageByName.cs:line 50
   at FastEndpoints.Endpoint`2.ExecAsync(CancellationToken ct)
   at FastEndpoints.Endpoint`2.ExecAsync(CancellationToken ct)
   at Microsoft.AspNetCore.Http.RequestDelegateFactory.ExecuteResultWriteResponse(IResult result, HttpContext httpContext)
   at Microsoft.AspNetCore.Authorization.AuthorizationMiddleware.Invoke(HttpContext context)
   at Microsoft.AspNetCore.Authentication.AuthenticationMiddleware.Invoke(HttpContext context)
   at Swashbuckle.AspNetCore.SwaggerUI.SwaggerUIMiddleware.Invoke(HttpContext httpContext)
   at Swashbuckle.AspNetCore.Swagger.SwaggerMiddleware.Invoke(HttpContext httpContext, ISwaggerProvider swaggerProvider)
   at Serilog.AspNetCore.RequestLoggingMiddleware.Invoke(HttpContext httpContext)
   at Microsoft.AspNetCore.Diagnostics.DeveloperExceptionPageMiddlewareImpl.Invoke(HttpContext context)
2026-07-05 16:36:36.490 +03:00 [ERR] ShelfsService Serilog.AspNetCore.RequestLoggingMiddleware HTTP GET /shelfs/image/get-image/4b1f3cdf-fa97-4744-a677-47c0969b6af8_big.webp responded 500 in 80.1057 ms
Grpc.Core.RpcException: Status(StatusCode="Unavailable", Detail="Error connecting to subchannel.", DebugException="System.Net.Sockets.SocketException: No such host is known.")
 ---> System.Net.Sockets.SocketException (11001): No such host is known.
   at System.Net.Sockets.Socket.AwaitableSocketAsyncEventArgs.ThrowException(SocketError error, CancellationToken cancellationToken)
   at System.Net.Sockets.Socket.AwaitableSocketAsyncEventArgs.System.Threading.Tasks.Sources.IValueTaskSource.GetResult(Int16 token)
   at System.Net.Sockets.Socket.<ConnectAsync>g__WaitForConnectWithCancellation|285_0(AwaitableSocketAsyncEventArgs saea, ValueTask connectTask, CancellationToken cancellationToken)
   at Grpc.Net.Client.Balancer.Internal.SocketConnectivitySubchannelTransport.TryConnectAsync(ConnectContext context, Int32 attempt)
   --- End of inner exception stack trace ---
   at Grpc.Core.AsyncStreamReaderExtensions.ReadAllAsyncCore[T](IAsyncStreamReader`1 streamReader, CancellationToken cancellationToken)+MoveNext()
   at Grpc.Core.AsyncStreamReaderExtensions.ReadAllAsyncCore[T](IAsyncStreamReader`1 streamReader, CancellationToken cancellationToken)+System.Threading.Tasks.Sources.IValueTaskSource<System.Boolean>.GetResult()
   at ShelfsService.src.ShelfsService.Host.Features.Items.GetPhotoByName.ExecuteAsync(GetImageByName req, CancellationToken ct) in D:\visualStudio\Projects\OnlineShelf\backend\Microservices\ShelfsService\src\ShelfsService.Host\Features\Images\GetImageByName.cs:line 50
   at ShelfsService.src.ShelfsService.Host.Features.Items.GetPhotoByName.ExecuteAsync(GetImageByName req, CancellationToken ct) in D:\visualStudio\Projects\OnlineShelf\backend\Microservices\ShelfsService\src\ShelfsService.Host\Features\Images\GetImageByName.cs:line 50
   at FastEndpoints.Endpoint`2.ExecAsync(CancellationToken ct)
   at FastEndpoints.Endpoint`2.ExecAsync(CancellationToken ct)
   at Microsoft.AspNetCore.Http.RequestDelegateFactory.ExecuteResultWriteResponse(IResult result, HttpContext httpContext)
   at Microsoft.AspNetCore.Authorization.AuthorizationMiddleware.Invoke(HttpContext context)
   at Microsoft.AspNetCore.Authentication.AuthenticationMiddleware.Invoke(HttpContext context)
   at Swashbuckle.AspNetCore.SwaggerUI.SwaggerUIMiddleware.Invoke(HttpContext httpContext)
   at Swashbuckle.AspNetCore.Swagger.SwaggerMiddleware.Invoke(HttpContext httpContext, ISwaggerProvider swaggerProvider)
   at Serilog.AspNetCore.RequestLoggingMiddleware.Invoke(HttpContext httpContext)
2026-07-05 16:36:36.496 +03:00 [ERR] ShelfsService Microsoft.AspNetCore.Diagnostics.DeveloperExceptionPageMiddleware An unhandled exception has occurred while executing the request.
Grpc.Core.RpcException: Status(StatusCode="Unavailable", Detail="Error connecting to subchannel.", DebugException="System.Net.Sockets.SocketException: No such host is known.")
 ---> System.Net.Sockets.SocketException (11001): No such host is known.
   at System.Net.Sockets.Socket.AwaitableSocketAsyncEventArgs.ThrowException(SocketError error, CancellationToken cancellationToken)
   at System.Net.Sockets.Socket.AwaitableSocketAsyncEventArgs.System.Threading.Tasks.Sources.IValueTaskSource.GetResult(Int16 token)
   at System.Net.Sockets.Socket.<ConnectAsync>g__WaitForConnectWithCancellation|285_0(AwaitableSocketAsyncEventArgs saea, ValueTask connectTask, CancellationToken cancellationToken)
   at Grpc.Net.Client.Balancer.Internal.SocketConnectivitySubchannelTransport.TryConnectAsync(ConnectContext context, Int32 attempt)
   --- End of inner exception stack trace ---
   at Grpc.Core.AsyncStreamReaderExtensions.ReadAllAsyncCore[T](IAsyncStreamReader`1 streamReader, CancellationToken cancellationToken)+MoveNext()
   at Grpc.Core.AsyncStreamReaderExtensions.ReadAllAsyncCore[T](IAsyncStreamReader`1 streamReader, CancellationToken cancellationToken)+System.Threading.Tasks.Sources.IValueTaskSource<System.Boolean>.GetResult()
   at ShelfsService.src.ShelfsService.Host.Features.Items.GetPhotoByName.ExecuteAsync(GetImageByName req, CancellationToken ct) in D:\visualStudio\Projects\OnlineShelf\backend\Microservices\ShelfsService\src\ShelfsService.Host\Features\Images\GetImageByName.cs:line 50
   at ShelfsService.src.ShelfsService.Host.Features.Items.GetPhotoByName.ExecuteAsync(GetImageByName req, CancellationToken ct) in D:\visualStudio\Projects\OnlineShelf\backend\Microservices\ShelfsService\src\ShelfsService.Host\Features\Images\GetImageByName.cs:line 50
   at FastEndpoints.Endpoint`2.ExecAsync(CancellationToken ct)
   at FastEndpoints.Endpoint`2.ExecAsync(CancellationToken ct)
   at Microsoft.AspNetCore.Http.RequestDelegateFactory.ExecuteResultWriteResponse(IResult result, HttpContext httpContext)
   at Microsoft.AspNetCore.Authorization.AuthorizationMiddleware.Invoke(HttpContext context)
   at Microsoft.AspNetCore.Authentication.AuthenticationMiddleware.Invoke(HttpContext context)
   at Swashbuckle.AspNetCore.SwaggerUI.SwaggerUIMiddleware.Invoke(HttpContext httpContext)
   at Swashbuckle.AspNetCore.Swagger.SwaggerMiddleware.Invoke(HttpContext httpContext, ISwaggerProvider swaggerProvider)
   at Serilog.AspNetCore.RequestLoggingMiddleware.Invoke(HttpContext httpContext)
   at Microsoft.AspNetCore.Diagnostics.DeveloperExceptionPageMiddlewareImpl.Invoke(HttpContext context)
2026-07-05 16:37:38.084 +03:00 [ERR] ShelfsService Serilog.AspNetCore.RequestLoggingMiddleware HTTP GET /shelfs/image/get-image/4b1f3cdf-fa97-4744-a677-47c0969b6af8_big.webp responded 500 in 90.4555 ms
Grpc.Core.RpcException: Status(StatusCode="Unavailable", Detail="Error connecting to subchannel.", DebugException="System.Net.Sockets.SocketException: No such host is known.")
 ---> System.Net.Sockets.SocketException (11001): No such host is known.
   at System.Net.Sockets.Socket.AwaitableSocketAsyncEventArgs.ThrowException(SocketError error, CancellationToken cancellationToken)
   at System.Net.Sockets.Socket.AwaitableSocketAsyncEventArgs.System.Threading.Tasks.Sources.IValueTaskSource.GetResult(Int16 token)
   at System.Net.Sockets.Socket.<ConnectAsync>g__WaitForConnectWithCancellation|285_0(AwaitableSocketAsyncEventArgs saea, ValueTask connectTask, CancellationToken cancellationToken)
   at Grpc.Net.Client.Balancer.Internal.SocketConnectivitySubchannelTransport.TryConnectAsync(ConnectContext context, Int32 attempt)
   --- End of inner exception stack trace ---
   at Grpc.Core.AsyncStreamReaderExtensions.ReadAllAsyncCore[T](IAsyncStreamReader`1 streamReader, CancellationToken cancellationToken)+MoveNext()
   at Grpc.Core.AsyncStreamReaderExtensions.ReadAllAsyncCore[T](IAsyncStreamReader`1 streamReader, CancellationToken cancellationToken)+System.Threading.Tasks.Sources.IValueTaskSource<System.Boolean>.GetResult()
   at ShelfsService.src.ShelfsService.Host.Features.Items.GetPhotoByName.ExecuteAsync(GetImageByName req, CancellationToken ct) in D:\visualStudio\Projects\OnlineShelf\backend\Microservices\ShelfsService\src\ShelfsService.Host\Features\Images\GetImageByName.cs:line 50
   at ShelfsService.src.ShelfsService.Host.Features.Items.GetPhotoByName.ExecuteAsync(GetImageByName req, CancellationToken ct) in D:\visualStudio\Projects\OnlineShelf\backend\Microservices\ShelfsService\src\ShelfsService.Host\Features\Images\GetImageByName.cs:line 50
   at FastEndpoints.Endpoint`2.ExecAsync(CancellationToken ct)
   at FastEndpoints.Endpoint`2.ExecAsync(CancellationToken ct)
   at Microsoft.AspNetCore.Http.RequestDelegateFactory.ExecuteResultWriteResponse(IResult result, HttpContext httpContext)
   at Microsoft.AspNetCore.Authorization.AuthorizationMiddleware.Invoke(HttpContext context)
   at Microsoft.AspNetCore.Authentication.AuthenticationMiddleware.Invoke(HttpContext context)
   at Swashbuckle.AspNetCore.SwaggerUI.SwaggerUIMiddleware.Invoke(HttpContext httpContext)
   at Swashbuckle.AspNetCore.Swagger.SwaggerMiddleware.Invoke(HttpContext httpContext, ISwaggerProvider swaggerProvider)
   at Serilog.AspNetCore.RequestLoggingMiddleware.Invoke(HttpContext httpContext)
2026-07-05 16:37:38.090 +03:00 [ERR] ShelfsService Microsoft.AspNetCore.Diagnostics.DeveloperExceptionPageMiddleware An unhandled exception has occurred while executing the request.
Grpc.Core.RpcException: Status(StatusCode="Unavailable", Detail="Error connecting to subchannel.", DebugException="System.Net.Sockets.SocketException: No such host is known.")
 ---> System.Net.Sockets.SocketException (11001): No such host is known.
   at System.Net.Sockets.Socket.AwaitableSocketAsyncEventArgs.ThrowException(SocketError error, CancellationToken cancellationToken)
   at System.Net.Sockets.Socket.AwaitableSocketAsyncEventArgs.System.Threading.Tasks.Sources.IValueTaskSource.GetResult(Int16 token)
   at System.Net.Sockets.Socket.<ConnectAsync>g__WaitForConnectWithCancellation|285_0(AwaitableSocketAsyncEventArgs saea, ValueTask connectTask, CancellationToken cancellationToken)
   at Grpc.Net.Client.Balancer.Internal.SocketConnectivitySubchannelTransport.TryConnectAsync(ConnectContext context, Int32 attempt)
   --- End of inner exception stack trace ---
   at Grpc.Core.AsyncStreamReaderExtensions.ReadAllAsyncCore[T](IAsyncStreamReader`1 streamReader, CancellationToken cancellationToken)+MoveNext()
   at Grpc.Core.AsyncStreamReaderExtensions.ReadAllAsyncCore[T](IAsyncStreamReader`1 streamReader, CancellationToken cancellationToken)+System.Threading.Tasks.Sources.IValueTaskSource<System.Boolean>.GetResult()
   at ShelfsService.src.ShelfsService.Host.Features.Items.GetPhotoByName.ExecuteAsync(GetImageByName req, CancellationToken ct) in D:\visualStudio\Projects\OnlineShelf\backend\Microservices\ShelfsService\src\ShelfsService.Host\Features\Images\GetImageByName.cs:line 50
   at ShelfsService.src.ShelfsService.Host.Features.Items.GetPhotoByName.ExecuteAsync(GetImageByName req, CancellationToken ct) in D:\visualStudio\Projects\OnlineShelf\backend\Microservices\ShelfsService\src\ShelfsService.Host\Features\Images\GetImageByName.cs:line 50
   at FastEndpoints.Endpoint`2.ExecAsync(CancellationToken ct)
   at FastEndpoints.Endpoint`2.ExecAsync(CancellationToken ct)
   at Microsoft.AspNetCore.Http.RequestDelegateFactory.ExecuteResultWriteResponse(IResult result, HttpContext httpContext)
   at Microsoft.AspNetCore.Authorization.AuthorizationMiddleware.Invoke(HttpContext context)
   at Microsoft.AspNetCore.Authentication.AuthenticationMiddleware.Invoke(HttpContext context)
   at Swashbuckle.AspNetCore.SwaggerUI.SwaggerUIMiddleware.Invoke(HttpContext httpContext)
   at Swashbuckle.AspNetCore.Swagger.SwaggerMiddleware.Invoke(HttpContext httpContext, ISwaggerProvider swaggerProvider)
   at Serilog.AspNetCore.RequestLoggingMiddleware.Invoke(HttpContext httpContext)
   at Microsoft.AspNetCore.Diagnostics.DeveloperExceptionPageMiddlewareImpl.Invoke(HttpContext context)
2026-07-05 16:37:39.176 +03:00 [ERR] ShelfsService Serilog.AspNetCore.RequestLoggingMiddleware HTTP GET /shelfs/image/get-image/4b1f3cdf-fa97-4744-a677-47c0969b6af8_big.webp responded 500 in 67.1896 ms
Grpc.Core.RpcException: Status(StatusCode="Unavailable", Detail="Error connecting to subchannel.", DebugException="System.Net.Sockets.SocketException: No such host is known.")
 ---> System.Net.Sockets.SocketException (11001): No such host is known.
   at System.Net.Sockets.Socket.AwaitableSocketAsyncEventArgs.ThrowException(SocketError error, CancellationToken cancellationToken)
   at System.Net.Sockets.Socket.AwaitableSocketAsyncEventArgs.System.Threading.Tasks.Sources.IValueTaskSource.GetResult(Int16 token)
   at System.Net.Sockets.Socket.<ConnectAsync>g__WaitForConnectWithCancellation|285_0(AwaitableSocketAsyncEventArgs saea, ValueTask connectTask, CancellationToken cancellationToken)
   at Grpc.Net.Client.Balancer.Internal.SocketConnectivitySubchannelTransport.TryConnectAsync(ConnectContext context, Int32 attempt)
   --- End of inner exception stack trace ---
   at Grpc.Core.AsyncStreamReaderExtensions.ReadAllAsyncCore[T](IAsyncStreamReader`1 streamReader, CancellationToken cancellationToken)+MoveNext()
   at Grpc.Core.AsyncStreamReaderExtensions.ReadAllAsyncCore[T](IAsyncStreamReader`1 streamReader, CancellationToken cancellationToken)+System.Threading.Tasks.Sources.IValueTaskSource<System.Boolean>.GetResult()
   at ShelfsService.src.ShelfsService.Host.Features.Items.GetPhotoByName.ExecuteAsync(GetImageByName req, CancellationToken ct) in D:\visualStudio\Projects\OnlineShelf\backend\Microservices\ShelfsService\src\ShelfsService.Host\Features\Images\GetImageByName.cs:line 50
   at ShelfsService.src.ShelfsService.Host.Features.Items.GetPhotoByName.ExecuteAsync(GetImageByName req, CancellationToken ct) in D:\visualStudio\Projects\OnlineShelf\backend\Microservices\ShelfsService\src\ShelfsService.Host\Features\Images\GetImageByName.cs:line 50
   at FastEndpoints.Endpoint`2.ExecAsync(CancellationToken ct)
   at FastEndpoints.Endpoint`2.ExecAsync(CancellationToken ct)
   at Microsoft.AspNetCore.Http.RequestDelegateFactory.ExecuteResultWriteResponse(IResult result, HttpContext httpContext)
   at Microsoft.AspNetCore.Authorization.AuthorizationMiddleware.Invoke(HttpContext context)
   at Microsoft.AspNetCore.Authentication.AuthenticationMiddleware.Invoke(HttpContext context)
   at Swashbuckle.AspNetCore.SwaggerUI.SwaggerUIMiddleware.Invoke(HttpContext httpContext)
   at Swashbuckle.AspNetCore.Swagger.SwaggerMiddleware.Invoke(HttpContext httpContext, ISwaggerProvider swaggerProvider)
   at Serilog.AspNetCore.RequestLoggingMiddleware.Invoke(HttpContext httpContext)
2026-07-05 16:37:39.180 +03:00 [ERR] ShelfsService Microsoft.AspNetCore.Diagnostics.DeveloperExceptionPageMiddleware An unhandled exception has occurred while executing the request.
Grpc.Core.RpcException: Status(StatusCode="Unavailable", Detail="Error connecting to subchannel.", DebugException="System.Net.Sockets.SocketException: No such host is known.")
 ---> System.Net.Sockets.SocketException (11001): No such host is known.
   at System.Net.Sockets.Socket.AwaitableSocketAsyncEventArgs.ThrowException(SocketError error, CancellationToken cancellationToken)
   at System.Net.Sockets.Socket.AwaitableSocketAsyncEventArgs.System.Threading.Tasks.Sources.IValueTaskSource.GetResult(Int16 token)
   at System.Net.Sockets.Socket.<ConnectAsync>g__WaitForConnectWithCancellation|285_0(AwaitableSocketAsyncEventArgs saea, ValueTask connectTask, CancellationToken cancellationToken)
   at Grpc.Net.Client.Balancer.Internal.SocketConnectivitySubchannelTransport.TryConnectAsync(ConnectContext context, Int32 attempt)
   --- End of inner exception stack trace ---
   at Grpc.Core.AsyncStreamReaderExtensions.ReadAllAsyncCore[T](IAsyncStreamReader`1 streamReader, CancellationToken cancellationToken)+MoveNext()
   at Grpc.Core.AsyncStreamReaderExtensions.ReadAllAsyncCore[T](IAsyncStreamReader`1 streamReader, CancellationToken cancellationToken)+System.Threading.Tasks.Sources.IValueTaskSource<System.Boolean>.GetResult()
   at ShelfsService.src.ShelfsService.Host.Features.Items.GetPhotoByName.ExecuteAsync(GetImageByName req, CancellationToken ct) in D:\visualStudio\Projects\OnlineShelf\backend\Microservices\ShelfsService\src\ShelfsService.Host\Features\Images\GetImageByName.cs:line 50
   at ShelfsService.src.ShelfsService.Host.Features.Items.GetPhotoByName.ExecuteAsync(GetImageByName req, CancellationToken ct) in D:\visualStudio\Projects\OnlineShelf\backend\Microservices\ShelfsService\src\ShelfsService.Host\Features\Images\GetImageByName.cs:line 50
   at FastEndpoints.Endpoint`2.ExecAsync(CancellationToken ct)
   at FastEndpoints.Endpoint`2.ExecAsync(CancellationToken ct)
   at Microsoft.AspNetCore.Http.RequestDelegateFactory.ExecuteResultWriteResponse(IResult result, HttpContext httpContext)
   at Microsoft.AspNetCore.Authorization.AuthorizationMiddleware.Invoke(HttpContext context)
   at Microsoft.AspNetCore.Authentication.AuthenticationMiddleware.Invoke(HttpContext context)
   at Swashbuckle.AspNetCore.SwaggerUI.SwaggerUIMiddleware.Invoke(HttpContext httpContext)
   at Swashbuckle.AspNetCore.Swagger.SwaggerMiddleware.Invoke(HttpContext httpContext, ISwaggerProvider swaggerProvider)
   at Serilog.AspNetCore.RequestLoggingMiddleware.Invoke(HttpContext httpContext)
   at Microsoft.AspNetCore.Diagnostics.DeveloperExceptionPageMiddlewareImpl.Invoke(HttpContext context)
2026-07-05 16:37:41.260 +03:00 [ERR] ShelfsService Serilog.AspNetCore.RequestLoggingMiddleware HTTP GET /shelfs/image/get-image/4b1f3cdf-fa97-4744-a677-47c0969b6af8_big.webp responded 500 in 59.6943 ms
Grpc.Core.RpcException: Status(StatusCode="Unavailable", Detail="Error connecting to subchannel.", DebugException="System.Net.Sockets.SocketException: No such host is known.")
 ---> System.Net.Sockets.SocketException (11001): No such host is known.
   at System.Net.Sockets.Socket.AwaitableSocketAsyncEventArgs.ThrowException(SocketError error, CancellationToken cancellationToken)
   at System.Net.Sockets.Socket.AwaitableSocketAsyncEventArgs.System.Threading.Tasks.Sources.IValueTaskSource.GetResult(Int16 token)
   at System.Net.Sockets.Socket.<ConnectAsync>g__WaitForConnectWithCancellation|285_0(AwaitableSocketAsyncEventArgs saea, ValueTask connectTask, CancellationToken cancellationToken)
   at Grpc.Net.Client.Balancer.Internal.SocketConnectivitySubchannelTransport.TryConnectAsync(ConnectContext context, Int32 attempt)
   --- End of inner exception stack trace ---
   at Grpc.Core.AsyncStreamReaderExtensions.ReadAllAsyncCore[T](IAsyncStreamReader`1 streamReader, CancellationToken cancellationToken)+MoveNext()
   at Grpc.Core.AsyncStreamReaderExtensions.ReadAllAsyncCore[T](IAsyncStreamReader`1 streamReader, CancellationToken cancellationToken)+System.Threading.Tasks.Sources.IValueTaskSource<System.Boolean>.GetResult()
   at ShelfsService.src.ShelfsService.Host.Features.Items.GetPhotoByName.ExecuteAsync(GetImageByName req, CancellationToken ct) in D:\visualStudio\Projects\OnlineShelf\backend\Microservices\ShelfsService\src\ShelfsService.Host\Features\Images\GetImageByName.cs:line 50
   at ShelfsService.src.ShelfsService.Host.Features.Items.GetPhotoByName.ExecuteAsync(GetImageByName req, CancellationToken ct) in D:\visualStudio\Projects\OnlineShelf\backend\Microservices\ShelfsService\src\ShelfsService.Host\Features\Images\GetImageByName.cs:line 50
   at FastEndpoints.Endpoint`2.ExecAsync(CancellationToken ct)
   at FastEndpoints.Endpoint`2.ExecAsync(CancellationToken ct)
   at Microsoft.AspNetCore.Http.RequestDelegateFactory.ExecuteResultWriteResponse(IResult result, HttpContext httpContext)
   at Microsoft.AspNetCore.Authorization.AuthorizationMiddleware.Invoke(HttpContext context)
   at Microsoft.AspNetCore.Authentication.AuthenticationMiddleware.Invoke(HttpContext context)
   at Swashbuckle.AspNetCore.SwaggerUI.SwaggerUIMiddleware.Invoke(HttpContext httpContext)
   at Swashbuckle.AspNetCore.Swagger.SwaggerMiddleware.Invoke(HttpContext httpContext, ISwaggerProvider swaggerProvider)
   at Serilog.AspNetCore.RequestLoggingMiddleware.Invoke(HttpContext httpContext)
2026-07-05 16:37:41.264 +03:00 [ERR] ShelfsService Microsoft.AspNetCore.Diagnostics.DeveloperExceptionPageMiddleware An unhandled exception has occurred while executing the request.
Grpc.Core.RpcException: Status(StatusCode="Unavailable", Detail="Error connecting to subchannel.", DebugException="System.Net.Sockets.SocketException: No such host is known.")
 ---> System.Net.Sockets.SocketException (11001): No such host is known.
   at System.Net.Sockets.Socket.AwaitableSocketAsyncEventArgs.ThrowException(SocketError error, CancellationToken cancellationToken)
   at System.Net.Sockets.Socket.AwaitableSocketAsyncEventArgs.System.Threading.Tasks.Sources.IValueTaskSource.GetResult(Int16 token)
   at System.Net.Sockets.Socket.<ConnectAsync>g__WaitForConnectWithCancellation|285_0(AwaitableSocketAsyncEventArgs saea, ValueTask connectTask, CancellationToken cancellationToken)
   at Grpc.Net.Client.Balancer.Internal.SocketConnectivitySubchannelTransport.TryConnectAsync(ConnectContext context, Int32 attempt)
   --- End of inner exception stack trace ---
   at Grpc.Core.AsyncStreamReaderExtensions.ReadAllAsyncCore[T](IAsyncStreamReader`1 streamReader, CancellationToken cancellationToken)+MoveNext()
   at Grpc.Core.AsyncStreamReaderExtensions.ReadAllAsyncCore[T](IAsyncStreamReader`1 streamReader, CancellationToken cancellationToken)+System.Threading.Tasks.Sources.IValueTaskSource<System.Boolean>.GetResult()
   at ShelfsService.src.ShelfsService.Host.Features.Items.GetPhotoByName.ExecuteAsync(GetImageByName req, CancellationToken ct) in D:\visualStudio\Projects\OnlineShelf\backend\Microservices\ShelfsService\src\ShelfsService.Host\Features\Images\GetImageByName.cs:line 50
   at ShelfsService.src.ShelfsService.Host.Features.Items.GetPhotoByName.ExecuteAsync(GetImageByName req, CancellationToken ct) in D:\visualStudio\Projects\OnlineShelf\backend\Microservices\ShelfsService\src\ShelfsService.Host\Features\Images\GetImageByName.cs:line 50
   at FastEndpoints.Endpoint`2.ExecAsync(CancellationToken ct)
   at FastEndpoints.Endpoint`2.ExecAsync(CancellationToken ct)
   at Microsoft.AspNetCore.Http.RequestDelegateFactory.ExecuteResultWriteResponse(IResult result, HttpContext httpContext)
   at Microsoft.AspNetCore.Authorization.AuthorizationMiddleware.Invoke(HttpContext context)
   at Microsoft.AspNetCore.Authentication.AuthenticationMiddleware.Invoke(HttpContext context)
   at Swashbuckle.AspNetCore.SwaggerUI.SwaggerUIMiddleware.Invoke(HttpContext httpContext)
   at Swashbuckle.AspNetCore.Swagger.SwaggerMiddleware.Invoke(HttpContext httpContext, ISwaggerProvider swaggerProvider)
   at Serilog.AspNetCore.RequestLoggingMiddleware.Invoke(HttpContext httpContext)
   at Microsoft.AspNetCore.Diagnostics.DeveloperExceptionPageMiddlewareImpl.Invoke(HttpContext context)
2026-07-05 16:51:57.020 +03:00 [ERR] ShelfsService Serilog.AspNetCore.RequestLoggingMiddleware HTTP GET /shelfs/image/get-image/4b1f3cdf-fa97-4744-a677-47c0969b6af8_big.webp responded 500 in 3455.8288 ms
Grpc.Core.RpcException: Status(StatusCode="Unavailable", Detail="Error connecting to subchannel.", DebugException="System.Net.Sockets.SocketException: No such host is known.")
 ---> System.Net.Sockets.SocketException (11001): No such host is known.
   at System.Net.Sockets.Socket.AwaitableSocketAsyncEventArgs.ThrowException(SocketError error, CancellationToken cancellationToken)
   at System.Net.Sockets.Socket.AwaitableSocketAsyncEventArgs.System.Threading.Tasks.Sources.IValueTaskSource.GetResult(Int16 token)
   at System.Net.Sockets.Socket.<ConnectAsync>g__WaitForConnectWithCancellation|285_0(AwaitableSocketAsyncEventArgs saea, ValueTask connectTask, CancellationToken cancellationToken)
   at Grpc.Net.Client.Balancer.Internal.SocketConnectivitySubchannelTransport.TryConnectAsync(ConnectContext context, Int32 attempt)
   --- End of inner exception stack trace ---
   at Grpc.Net.Client.Internal.HttpContentClientStreamReader`2.MoveNextCore(CancellationToken cancellationToken)
   at Grpc.Core.AsyncStreamReaderExtensions.ReadAllAsyncCore[T](IAsyncStreamReader`1 streamReader, CancellationToken cancellationToken)+MoveNext()
   at Grpc.Core.AsyncStreamReaderExtensions.ReadAllAsyncCore[T](IAsyncStreamReader`1 streamReader, CancellationToken cancellationToken)+System.Threading.Tasks.Sources.IValueTaskSource<System.Boolean>.GetResult()
   at ShelfsService.src.ShelfsService.Host.Features.Items.GetPhotoByName.ExecuteAsync(GetImageByName req, CancellationToken ct) in D:\visualStudio\Projects\OnlineShelf\backend\Microservices\ShelfsService\src\ShelfsService.Host\Features\Images\GetImageByName.cs:line 50
   at ShelfsService.src.ShelfsService.Host.Features.Items.GetPhotoByName.ExecuteAsync(GetImageByName req, CancellationToken ct) in D:\visualStudio\Projects\OnlineShelf\backend\Microservices\ShelfsService\src\ShelfsService.Host\Features\Images\GetImageByName.cs:line 50
   at FastEndpoints.Endpoint`2.ExecAsync(CancellationToken ct)
   at FastEndpoints.Endpoint`2.ExecAsync(CancellationToken ct)
   at Microsoft.AspNetCore.Http.RequestDelegateFactory.ExecuteResultWriteResponse(IResult result, HttpContext httpContext)
   at Microsoft.AspNetCore.Authorization.AuthorizationMiddleware.Invoke(HttpContext context)
   at Microsoft.AspNetCore.Authentication.AuthenticationMiddleware.Invoke(HttpContext context)
   at Swashbuckle.AspNetCore.SwaggerUI.SwaggerUIMiddleware.Invoke(HttpContext httpContext)
   at Swashbuckle.AspNetCore.Swagger.SwaggerMiddleware.Invoke(HttpContext httpContext, ISwaggerProvider swaggerProvider)
   at Serilog.AspNetCore.RequestLoggingMiddleware.Invoke(HttpContext httpContext)
2026-07-05 16:51:57.041 +03:00 [ERR] ShelfsService Microsoft.AspNetCore.Diagnostics.DeveloperExceptionPageMiddleware An unhandled exception has occurred while executing the request.
Grpc.Core.RpcException: Status(StatusCode="Unavailable", Detail="Error connecting to subchannel.", DebugException="System.Net.Sockets.SocketException: No such host is known.")
 ---> System.Net.Sockets.SocketException (11001): No such host is known.
   at System.Net.Sockets.Socket.AwaitableSocketAsyncEventArgs.ThrowException(SocketError error, CancellationToken cancellationToken)
   at System.Net.Sockets.Socket.AwaitableSocketAsyncEventArgs.System.Threading.Tasks.Sources.IValueTaskSource.GetResult(Int16 token)
   at System.Net.Sockets.Socket.<ConnectAsync>g__WaitForConnectWithCancellation|285_0(AwaitableSocketAsyncEventArgs saea, ValueTask connectTask, CancellationToken cancellationToken)
   at Grpc.Net.Client.Balancer.Internal.SocketConnectivitySubchannelTransport.TryConnectAsync(ConnectContext context, Int32 attempt)
   --- End of inner exception stack trace ---
   at Grpc.Net.Client.Internal.HttpContentClientStreamReader`2.MoveNextCore(CancellationToken cancellationToken)
   at Grpc.Core.AsyncStreamReaderExtensions.ReadAllAsyncCore[T](IAsyncStreamReader`1 streamReader, CancellationToken cancellationToken)+MoveNext()
   at Grpc.Core.AsyncStreamReaderExtensions.ReadAllAsyncCore[T](IAsyncStreamReader`1 streamReader, CancellationToken cancellationToken)+System.Threading.Tasks.Sources.IValueTaskSource<System.Boolean>.GetResult()
   at ShelfsService.src.ShelfsService.Host.Features.Items.GetPhotoByName.ExecuteAsync(GetImageByName req, CancellationToken ct) in D:\visualStudio\Projects\OnlineShelf\backend\Microservices\ShelfsService\src\ShelfsService.Host\Features\Images\GetImageByName.cs:line 50
   at ShelfsService.src.ShelfsService.Host.Features.Items.GetPhotoByName.ExecuteAsync(GetImageByName req, CancellationToken ct) in D:\visualStudio\Projects\OnlineShelf\backend\Microservices\ShelfsService\src\ShelfsService.Host\Features\Images\GetImageByName.cs:line 50
   at FastEndpoints.Endpoint`2.ExecAsync(CancellationToken ct)
   at FastEndpoints.Endpoint`2.ExecAsync(CancellationToken ct)
   at Microsoft.AspNetCore.Http.RequestDelegateFactory.ExecuteResultWriteResponse(IResult result, HttpContext httpContext)
   at Microsoft.AspNetCore.Authorization.AuthorizationMiddleware.Invoke(HttpContext context)
   at Microsoft.AspNetCore.Authentication.AuthenticationMiddleware.Invoke(HttpContext context)
   at Swashbuckle.AspNetCore.SwaggerUI.SwaggerUIMiddleware.Invoke(HttpContext httpContext)
   at Swashbuckle.AspNetCore.Swagger.SwaggerMiddleware.Invoke(HttpContext httpContext, ISwaggerProvider swaggerProvider)
   at Serilog.AspNetCore.RequestLoggingMiddleware.Invoke(HttpContext httpContext)
   at Microsoft.AspNetCore.Diagnostics.DeveloperExceptionPageMiddlewareImpl.Invoke(HttpContext context)
2026-07-05 16:52:00.458 +03:00 [ERR] ShelfsService Serilog.AspNetCore.RequestLoggingMiddleware HTTP GET /shelfs/image/get-image/4b1f3cdf-fa97-4744-a677-47c0969b6af8_big.webp responded 500 in 2381.4762 ms
Grpc.Core.RpcException: Status(StatusCode="Unavailable", Detail="Error connecting to subchannel.", DebugException="System.Net.Sockets.SocketException: No such host is known.")
 ---> System.Net.Sockets.SocketException (11001): No such host is known.
   at System.Net.Sockets.Socket.AwaitableSocketAsyncEventArgs.ThrowException(SocketError error, CancellationToken cancellationToken)
   at System.Net.Sockets.Socket.AwaitableSocketAsyncEventArgs.System.Threading.Tasks.Sources.IValueTaskSource.GetResult(Int16 token)
   at System.Net.Sockets.Socket.<ConnectAsync>g__WaitForConnectWithCancellation|285_0(AwaitableSocketAsyncEventArgs saea, ValueTask connectTask, CancellationToken cancellationToken)
   at Grpc.Net.Client.Balancer.Internal.SocketConnectivitySubchannelTransport.TryConnectAsync(ConnectContext context, Int32 attempt)
   --- End of inner exception stack trace ---
   at Grpc.Net.Client.Internal.HttpContentClientStreamReader`2.MoveNextCore(CancellationToken cancellationToken)
   at Grpc.Core.AsyncStreamReaderExtensions.ReadAllAsyncCore[T](IAsyncStreamReader`1 streamReader, CancellationToken cancellationToken)+MoveNext()
   at Grpc.Core.AsyncStreamReaderExtensions.ReadAllAsyncCore[T](IAsyncStreamReader`1 streamReader, CancellationToken cancellationToken)+System.Threading.Tasks.Sources.IValueTaskSource<System.Boolean>.GetResult()
   at ShelfsService.src.ShelfsService.Host.Features.Items.GetPhotoByName.ExecuteAsync(GetImageByName req, CancellationToken ct) in D:\visualStudio\Projects\OnlineShelf\backend\Microservices\ShelfsService\src\ShelfsService.Host\Features\Images\GetImageByName.cs:line 50
   at ShelfsService.src.ShelfsService.Host.Features.Items.GetPhotoByName.ExecuteAsync(GetImageByName req, CancellationToken ct) in D:\visualStudio\Projects\OnlineShelf\backend\Microservices\ShelfsService\src\ShelfsService.Host\Features\Images\GetImageByName.cs:line 50
   at FastEndpoints.Endpoint`2.ExecAsync(CancellationToken ct)
   at FastEndpoints.Endpoint`2.ExecAsync(CancellationToken ct)
   at Microsoft.AspNetCore.Http.RequestDelegateFactory.ExecuteResultWriteResponse(IResult result, HttpContext httpContext)
   at Microsoft.AspNetCore.Authorization.AuthorizationMiddleware.Invoke(HttpContext context)
   at Microsoft.AspNetCore.Authentication.AuthenticationMiddleware.Invoke(HttpContext context)
   at Swashbuckle.AspNetCore.SwaggerUI.SwaggerUIMiddleware.Invoke(HttpContext httpContext)
   at Swashbuckle.AspNetCore.Swagger.SwaggerMiddleware.Invoke(HttpContext httpContext, ISwaggerProvider swaggerProvider)
   at Serilog.AspNetCore.RequestLoggingMiddleware.Invoke(HttpContext httpContext)
2026-07-05 16:52:00.462 +03:00 [ERR] ShelfsService Microsoft.AspNetCore.Diagnostics.DeveloperExceptionPageMiddleware An unhandled exception has occurred while executing the request.
Grpc.Core.RpcException: Status(StatusCode="Unavailable", Detail="Error connecting to subchannel.", DebugException="System.Net.Sockets.SocketException: No such host is known.")
 ---> System.Net.Sockets.SocketException (11001): No such host is known.
   at System.Net.Sockets.Socket.AwaitableSocketAsyncEventArgs.ThrowException(SocketError error, CancellationToken cancellationToken)
   at System.Net.Sockets.Socket.AwaitableSocketAsyncEventArgs.System.Threading.Tasks.Sources.IValueTaskSource.GetResult(Int16 token)
   at System.Net.Sockets.Socket.<ConnectAsync>g__WaitForConnectWithCancellation|285_0(AwaitableSocketAsyncEventArgs saea, ValueTask connectTask, CancellationToken cancellationToken)
   at Grpc.Net.Client.Balancer.Internal.SocketConnectivitySubchannelTransport.TryConnectAsync(ConnectContext context, Int32 attempt)
   --- End of inner exception stack trace ---
   at Grpc.Net.Client.Internal.HttpContentClientStreamReader`2.MoveNextCore(CancellationToken cancellationToken)
   at Grpc.Core.AsyncStreamReaderExtensions.ReadAllAsyncCore[T](IAsyncStreamReader`1 streamReader, CancellationToken cancellationToken)+MoveNext()
   at Grpc.Core.AsyncStreamReaderExtensions.ReadAllAsyncCore[T](IAsyncStreamReader`1 streamReader, CancellationToken cancellationToken)+System.Threading.Tasks.Sources.IValueTaskSource<System.Boolean>.GetResult()
   at ShelfsService.src.ShelfsService.Host.Features.Items.GetPhotoByName.ExecuteAsync(GetImageByName req, CancellationToken ct) in D:\visualStudio\Projects\OnlineShelf\backend\Microservices\ShelfsService\src\ShelfsService.Host\Features\Images\GetImageByName.cs:line 50
   at ShelfsService.src.ShelfsService.Host.Features.Items.GetPhotoByName.ExecuteAsync(GetImageByName req, CancellationToken ct) in D:\visualStudio\Projects\OnlineShelf\backend\Microservices\ShelfsService\src\ShelfsService.Host\Features\Images\GetImageByName.cs:line 50
   at FastEndpoints.Endpoint`2.ExecAsync(CancellationToken ct)
   at FastEndpoints.Endpoint`2.ExecAsync(CancellationToken ct)
   at Microsoft.AspNetCore.Http.RequestDelegateFactory.ExecuteResultWriteResponse(IResult result, HttpContext httpContext)
   at Microsoft.AspNetCore.Authorization.AuthorizationMiddleware.Invoke(HttpContext context)
   at Microsoft.AspNetCore.Authentication.AuthenticationMiddleware.Invoke(HttpContext context)
   at Swashbuckle.AspNetCore.SwaggerUI.SwaggerUIMiddleware.Invoke(HttpContext httpContext)
   at Swashbuckle.AspNetCore.Swagger.SwaggerMiddleware.Invoke(HttpContext httpContext, ISwaggerProvider swaggerProvider)
   at Serilog.AspNetCore.RequestLoggingMiddleware.Invoke(HttpContext httpContext)
   at Microsoft.AspNetCore.Diagnostics.DeveloperExceptionPageMiddlewareImpl.Invoke(HttpContext context)
2026-07-05 16:52:11.024 +03:00 [ERR] ShelfsService Serilog.AspNetCore.RequestLoggingMiddleware HTTP GET /shelfs/image/get-image/4b1f3cdf-fa97-4744-a677-47c0969b6af8_big.webp responded 500 in 101.4458 ms
Grpc.Core.RpcException: Status(StatusCode="Unavailable", Detail="Error connecting to subchannel.", DebugException="System.Net.Sockets.SocketException: No such host is known.")
 ---> System.Net.Sockets.SocketException (11001): No such host is known.
   at System.Net.Sockets.Socket.AwaitableSocketAsyncEventArgs.ThrowException(SocketError error, CancellationToken cancellationToken)
   at System.Net.Sockets.Socket.AwaitableSocketAsyncEventArgs.System.Threading.Tasks.Sources.IValueTaskSource.GetResult(Int16 token)
   at System.Net.Sockets.Socket.<ConnectAsync>g__WaitForConnectWithCancellation|285_0(AwaitableSocketAsyncEventArgs saea, ValueTask connectTask, CancellationToken cancellationToken)
   at Grpc.Net.Client.Balancer.Internal.SocketConnectivitySubchannelTransport.TryConnectAsync(ConnectContext context, Int32 attempt)
   --- End of inner exception stack trace ---
   at Grpc.Core.AsyncStreamReaderExtensions.ReadAllAsyncCore[T](IAsyncStreamReader`1 streamReader, CancellationToken cancellationToken)+MoveNext()
   at Grpc.Core.AsyncStreamReaderExtensions.ReadAllAsyncCore[T](IAsyncStreamReader`1 streamReader, CancellationToken cancellationToken)+System.Threading.Tasks.Sources.IValueTaskSource<System.Boolean>.GetResult()
   at ShelfsService.src.ShelfsService.Host.Features.Items.GetPhotoByName.ExecuteAsync(GetImageByName req, CancellationToken ct) in D:\visualStudio\Projects\OnlineShelf\backend\Microservices\ShelfsService\src\ShelfsService.Host\Features\Images\GetImageByName.cs:line 50
   at ShelfsService.src.ShelfsService.Host.Features.Items.GetPhotoByName.ExecuteAsync(GetImageByName req, CancellationToken ct) in D:\visualStudio\Projects\OnlineShelf\backend\Microservices\ShelfsService\src\ShelfsService.Host\Features\Images\GetImageByName.cs:line 50
   at FastEndpoints.Endpoint`2.ExecAsync(CancellationToken ct)
   at FastEndpoints.Endpoint`2.ExecAsync(CancellationToken ct)
   at Microsoft.AspNetCore.Http.RequestDelegateFactory.ExecuteResultWriteResponse(IResult result, HttpContext httpContext)
   at Microsoft.AspNetCore.Authorization.AuthorizationMiddleware.Invoke(HttpContext context)
   at Microsoft.AspNetCore.Authentication.AuthenticationMiddleware.Invoke(HttpContext context)
   at Swashbuckle.AspNetCore.SwaggerUI.SwaggerUIMiddleware.Invoke(HttpContext httpContext)
   at Swashbuckle.AspNetCore.Swagger.SwaggerMiddleware.Invoke(HttpContext httpContext, ISwaggerProvider swaggerProvider)
   at Serilog.AspNetCore.RequestLoggingMiddleware.Invoke(HttpContext httpContext)
2026-07-05 16:52:11.029 +03:00 [ERR] ShelfsService Microsoft.AspNetCore.Diagnostics.DeveloperExceptionPageMiddleware An unhandled exception has occurred while executing the request.
Grpc.Core.RpcException: Status(StatusCode="Unavailable", Detail="Error connecting to subchannel.", DebugException="System.Net.Sockets.SocketException: No such host is known.")
 ---> System.Net.Sockets.SocketException (11001): No such host is known.
   at System.Net.Sockets.Socket.AwaitableSocketAsyncEventArgs.ThrowException(SocketError error, CancellationToken cancellationToken)
   at System.Net.Sockets.Socket.AwaitableSocketAsyncEventArgs.System.Threading.Tasks.Sources.IValueTaskSource.GetResult(Int16 token)
   at System.Net.Sockets.Socket.<ConnectAsync>g__WaitForConnectWithCancellation|285_0(AwaitableSocketAsyncEventArgs saea, ValueTask connectTask, CancellationToken cancellationToken)
   at Grpc.Net.Client.Balancer.Internal.SocketConnectivitySubchannelTransport.TryConnectAsync(ConnectContext context, Int32 attempt)
   --- End of inner exception stack trace ---
   at Grpc.Core.AsyncStreamReaderExtensions.ReadAllAsyncCore[T](IAsyncStreamReader`1 streamReader, CancellationToken cancellationToken)+MoveNext()
   at Grpc.Core.AsyncStreamReaderExtensions.ReadAllAsyncCore[T](IAsyncStreamReader`1 streamReader, CancellationToken cancellationToken)+System.Threading.Tasks.Sources.IValueTaskSource<System.Boolean>.GetResult()
   at ShelfsService.src.ShelfsService.Host.Features.Items.GetPhotoByName.ExecuteAsync(GetImageByName req, CancellationToken ct) in D:\visualStudio\Projects\OnlineShelf\backend\Microservices\ShelfsService\src\ShelfsService.Host\Features\Images\GetImageByName.cs:line 50
   at ShelfsService.src.ShelfsService.Host.Features.Items.GetPhotoByName.ExecuteAsync(GetImageByName req, CancellationToken ct) in D:\visualStudio\Projects\OnlineShelf\backend\Microservices\ShelfsService\src\ShelfsService.Host\Features\Images\GetImageByName.cs:line 50
   at FastEndpoints.Endpoint`2.ExecAsync(CancellationToken ct)
   at FastEndpoints.Endpoint`2.ExecAsync(CancellationToken ct)
   at Microsoft.AspNetCore.Http.RequestDelegateFactory.ExecuteResultWriteResponse(IResult result, HttpContext httpContext)
   at Microsoft.AspNetCore.Authorization.AuthorizationMiddleware.Invoke(HttpContext context)
   at Microsoft.AspNetCore.Authentication.AuthenticationMiddleware.Invoke(HttpContext context)
   at Swashbuckle.AspNetCore.SwaggerUI.SwaggerUIMiddleware.Invoke(HttpContext httpContext)
   at Swashbuckle.AspNetCore.Swagger.SwaggerMiddleware.Invoke(HttpContext httpContext, ISwaggerProvider swaggerProvider)
   at Serilog.AspNetCore.RequestLoggingMiddleware.Invoke(HttpContext httpContext)
   at Microsoft.AspNetCore.Diagnostics.DeveloperExceptionPageMiddlewareImpl.Invoke(HttpContext context)
2026-07-05 16:52:12.109 +03:00 [ERR] ShelfsService Serilog.AspNetCore.RequestLoggingMiddleware HTTP GET /shelfs/image/get-image/4b1f3cdf-fa97-4744-a677-47c0969b6af8_big.webp responded 500 in 62.9092 ms
Grpc.Core.RpcException: Status(StatusCode="Unavailable", Detail="Error connecting to subchannel.", DebugException="System.Net.Sockets.SocketException: No such host is known.")
 ---> System.Net.Sockets.SocketException (11001): No such host is known.
   at System.Net.Sockets.Socket.AwaitableSocketAsyncEventArgs.ThrowException(SocketError error, CancellationToken cancellationToken)
   at System.Net.Sockets.Socket.AwaitableSocketAsyncEventArgs.System.Threading.Tasks.Sources.IValueTaskSource.GetResult(Int16 token)
   at System.Net.Sockets.Socket.<ConnectAsync>g__WaitForConnectWithCancellation|285_0(AwaitableSocketAsyncEventArgs saea, ValueTask connectTask, CancellationToken cancellationToken)
   at Grpc.Net.Client.Balancer.Internal.SocketConnectivitySubchannelTransport.TryConnectAsync(ConnectContext context, Int32 attempt)
   --- End of inner exception stack trace ---
   at Grpc.Core.AsyncStreamReaderExtensions.ReadAllAsyncCore[T](IAsyncStreamReader`1 streamReader, CancellationToken cancellationToken)+MoveNext()
   at Grpc.Core.AsyncStreamReaderExtensions.ReadAllAsyncCore[T](IAsyncStreamReader`1 streamReader, CancellationToken cancellationToken)+System.Threading.Tasks.Sources.IValueTaskSource<System.Boolean>.GetResult()
   at ShelfsService.src.ShelfsService.Host.Features.Items.GetPhotoByName.ExecuteAsync(GetImageByName req, CancellationToken ct) in D:\visualStudio\Projects\OnlineShelf\backend\Microservices\ShelfsService\src\ShelfsService.Host\Features\Images\GetImageByName.cs:line 50
   at ShelfsService.src.ShelfsService.Host.Features.Items.GetPhotoByName.ExecuteAsync(GetImageByName req, CancellationToken ct) in D:\visualStudio\Projects\OnlineShelf\backend\Microservices\ShelfsService\src\ShelfsService.Host\Features\Images\GetImageByName.cs:line 50
   at FastEndpoints.Endpoint`2.ExecAsync(CancellationToken ct)
   at FastEndpoints.Endpoint`2.ExecAsync(CancellationToken ct)
   at Microsoft.AspNetCore.Http.RequestDelegateFactory.ExecuteResultWriteResponse(IResult result, HttpContext httpContext)
   at Microsoft.AspNetCore.Authorization.AuthorizationMiddleware.Invoke(HttpContext context)
   at Microsoft.AspNetCore.Authentication.AuthenticationMiddleware.Invoke(HttpContext context)
   at Swashbuckle.AspNetCore.SwaggerUI.SwaggerUIMiddleware.Invoke(HttpContext httpContext)
   at Swashbuckle.AspNetCore.Swagger.SwaggerMiddleware.Invoke(HttpContext httpContext, ISwaggerProvider swaggerProvider)
   at Serilog.AspNetCore.RequestLoggingMiddleware.Invoke(HttpContext httpContext)
2026-07-05 16:52:12.114 +03:00 [ERR] ShelfsService Microsoft.AspNetCore.Diagnostics.DeveloperExceptionPageMiddleware An unhandled exception has occurred while executing the request.
Grpc.Core.RpcException: Status(StatusCode="Unavailable", Detail="Error connecting to subchannel.", DebugException="System.Net.Sockets.SocketException: No such host is known.")
 ---> System.Net.Sockets.SocketException (11001): No such host is known.
   at System.Net.Sockets.Socket.AwaitableSocketAsyncEventArgs.ThrowException(SocketError error, CancellationToken cancellationToken)
   at System.Net.Sockets.Socket.AwaitableSocketAsyncEventArgs.System.Threading.Tasks.Sources.IValueTaskSource.GetResult(Int16 token)
   at System.Net.Sockets.Socket.<ConnectAsync>g__WaitForConnectWithCancellation|285_0(AwaitableSocketAsyncEventArgs saea, ValueTask connectTask, CancellationToken cancellationToken)
   at Grpc.Net.Client.Balancer.Internal.SocketConnectivitySubchannelTransport.TryConnectAsync(ConnectContext context, Int32 attempt)
   --- End of inner exception stack trace ---
   at Grpc.Core.AsyncStreamReaderExtensions.ReadAllAsyncCore[T](IAsyncStreamReader`1 streamReader, CancellationToken cancellationToken)+MoveNext()
   at Grpc.Core.AsyncStreamReaderExtensions.ReadAllAsyncCore[T](IAsyncStreamReader`1 streamReader, CancellationToken cancellationToken)+System.Threading.Tasks.Sources.IValueTaskSource<System.Boolean>.GetResult()
   at ShelfsService.src.ShelfsService.Host.Features.Items.GetPhotoByName.ExecuteAsync(GetImageByName req, CancellationToken ct) in D:\visualStudio\Projects\OnlineShelf\backend\Microservices\ShelfsService\src\ShelfsService.Host\Features\Images\GetImageByName.cs:line 50
   at ShelfsService.src.ShelfsService.Host.Features.Items.GetPhotoByName.ExecuteAsync(GetImageByName req, CancellationToken ct) in D:\visualStudio\Projects\OnlineShelf\backend\Microservices\ShelfsService\src\ShelfsService.Host\Features\Images\GetImageByName.cs:line 50
   at FastEndpoints.Endpoint`2.ExecAsync(CancellationToken ct)
   at FastEndpoints.Endpoint`2.ExecAsync(CancellationToken ct)
   at Microsoft.AspNetCore.Http.RequestDelegateFactory.ExecuteResultWriteResponse(IResult result, HttpContext httpContext)
   at Microsoft.AspNetCore.Authorization.AuthorizationMiddleware.Invoke(HttpContext context)
   at Microsoft.AspNetCore.Authentication.AuthenticationMiddleware.Invoke(HttpContext context)
   at Swashbuckle.AspNetCore.SwaggerUI.SwaggerUIMiddleware.Invoke(HttpContext httpContext)
   at Swashbuckle.AspNetCore.Swagger.SwaggerMiddleware.Invoke(HttpContext httpContext, ISwaggerProvider swaggerProvider)
   at Serilog.AspNetCore.RequestLoggingMiddleware.Invoke(HttpContext httpContext)
   at Microsoft.AspNetCore.Diagnostics.DeveloperExceptionPageMiddlewareImpl.Invoke(HttpContext context)
2026-07-05 16:52:16.824 +03:00 [ERR] ShelfsService Serilog.AspNetCore.RequestLoggingMiddleware HTTP GET /shelfs/image/get-image/4b1f3cdf-fa97-4744-a677-47c0969b6af8_big.webp responded 500 in 2688.3469 ms
Grpc.Core.RpcException: Status(StatusCode="Unavailable", Detail="Error connecting to subchannel.", DebugException="System.Net.Sockets.SocketException: No such host is known.")
 ---> System.Net.Sockets.SocketException (11001): No such host is known.
   at System.Net.Sockets.Socket.AwaitableSocketAsyncEventArgs.ThrowException(SocketError error, CancellationToken cancellationToken)
   at System.Net.Sockets.Socket.AwaitableSocketAsyncEventArgs.System.Threading.Tasks.Sources.IValueTaskSource.GetResult(Int16 token)
   at System.Net.Sockets.Socket.<ConnectAsync>g__WaitForConnectWithCancellation|285_0(AwaitableSocketAsyncEventArgs saea, ValueTask connectTask, CancellationToken cancellationToken)
   at Grpc.Net.Client.Balancer.Internal.SocketConnectivitySubchannelTransport.TryConnectAsync(ConnectContext context, Int32 attempt)
   --- End of inner exception stack trace ---
   at Grpc.Net.Client.Internal.HttpContentClientStreamReader`2.MoveNextCore(CancellationToken cancellationToken)
   at Grpc.Core.AsyncStreamReaderExtensions.ReadAllAsyncCore[T](IAsyncStreamReader`1 streamReader, CancellationToken cancellationToken)+MoveNext()
   at Grpc.Core.AsyncStreamReaderExtensions.ReadAllAsyncCore[T](IAsyncStreamReader`1 streamReader, CancellationToken cancellationToken)+System.Threading.Tasks.Sources.IValueTaskSource<System.Boolean>.GetResult()
   at ShelfsService.src.ShelfsService.Host.Features.Items.GetPhotoByName.ExecuteAsync(GetImageByName req, CancellationToken ct) in D:\visualStudio\Projects\OnlineShelf\backend\Microservices\ShelfsService\src\ShelfsService.Host\Features\Images\GetImageByName.cs:line 50
   at ShelfsService.src.ShelfsService.Host.Features.Items.GetPhotoByName.ExecuteAsync(GetImageByName req, CancellationToken ct) in D:\visualStudio\Projects\OnlineShelf\backend\Microservices\ShelfsService\src\ShelfsService.Host\Features\Images\GetImageByName.cs:line 50
   at FastEndpoints.Endpoint`2.ExecAsync(CancellationToken ct)
   at FastEndpoints.Endpoint`2.ExecAsync(CancellationToken ct)
   at Microsoft.AspNetCore.Http.RequestDelegateFactory.ExecuteResultWriteResponse(IResult result, HttpContext httpContext)
   at Microsoft.AspNetCore.Authorization.AuthorizationMiddleware.Invoke(HttpContext context)
   at Microsoft.AspNetCore.Authentication.AuthenticationMiddleware.Invoke(HttpContext context)
   at Swashbuckle.AspNetCore.SwaggerUI.SwaggerUIMiddleware.Invoke(HttpContext httpContext)
   at Swashbuckle.AspNetCore.Swagger.SwaggerMiddleware.Invoke(HttpContext httpContext, ISwaggerProvider swaggerProvider)
   at Serilog.AspNetCore.RequestLoggingMiddleware.Invoke(HttpContext httpContext)
2026-07-05 16:52:16.831 +03:00 [ERR] ShelfsService Microsoft.AspNetCore.Diagnostics.DeveloperExceptionPageMiddleware An unhandled exception has occurred while executing the request.
Grpc.Core.RpcException: Status(StatusCode="Unavailable", Detail="Error connecting to subchannel.", DebugException="System.Net.Sockets.SocketException: No such host is known.")
 ---> System.Net.Sockets.SocketException (11001): No such host is known.
   at System.Net.Sockets.Socket.AwaitableSocketAsyncEventArgs.ThrowException(SocketError error, CancellationToken cancellationToken)
   at System.Net.Sockets.Socket.AwaitableSocketAsyncEventArgs.System.Threading.Tasks.Sources.IValueTaskSource.GetResult(Int16 token)
   at System.Net.Sockets.Socket.<ConnectAsync>g__WaitForConnectWithCancellation|285_0(AwaitableSocketAsyncEventArgs saea, ValueTask connectTask, CancellationToken cancellationToken)
   at Grpc.Net.Client.Balancer.Internal.SocketConnectivitySubchannelTransport.TryConnectAsync(ConnectContext context, Int32 attempt)
   --- End of inner exception stack trace ---
   at Grpc.Net.Client.Internal.HttpContentClientStreamReader`2.MoveNextCore(CancellationToken cancellationToken)
   at Grpc.Core.AsyncStreamReaderExtensions.ReadAllAsyncCore[T](IAsyncStreamReader`1 streamReader, CancellationToken cancellationToken)+MoveNext()
   at Grpc.Core.AsyncStreamReaderExtensions.ReadAllAsyncCore[T](IAsyncStreamReader`1 streamReader, CancellationToken cancellationToken)+System.Threading.Tasks.Sources.IValueTaskSource<System.Boolean>.GetResult()
   at ShelfsService.src.ShelfsService.Host.Features.Items.GetPhotoByName.ExecuteAsync(GetImageByName req, CancellationToken ct) in D:\visualStudio\Projects\OnlineShelf\backend\Microservices\ShelfsService\src\ShelfsService.Host\Features\Images\GetImageByName.cs:line 50
   at ShelfsService.src.ShelfsService.Host.Features.Items.GetPhotoByName.ExecuteAsync(GetImageByName req, CancellationToken ct) in D:\visualStudio\Projects\OnlineShelf\backend\Microservices\ShelfsService\src\ShelfsService.Host\Features\Images\GetImageByName.cs:line 50
   at FastEndpoints.Endpoint`2.ExecAsync(CancellationToken ct)
   at FastEndpoints.Endpoint`2.ExecAsync(CancellationToken ct)
   at Microsoft.AspNetCore.Http.RequestDelegateFactory.ExecuteResultWriteResponse(IResult result, HttpContext httpContext)
   at Microsoft.AspNetCore.Authorization.AuthorizationMiddleware.Invoke(HttpContext context)
   at Microsoft.AspNetCore.Authentication.AuthenticationMiddleware.Invoke(HttpContext context)
   at Swashbuckle.AspNetCore.SwaggerUI.SwaggerUIMiddleware.Invoke(HttpContext httpContext)
   at Swashbuckle.AspNetCore.Swagger.SwaggerMiddleware.Invoke(HttpContext httpContext, ISwaggerProvider swaggerProvider)
   at Serilog.AspNetCore.RequestLoggingMiddleware.Invoke(HttpContext httpContext)
   at Microsoft.AspNetCore.Diagnostics.DeveloperExceptionPageMiddlewareImpl.Invoke(HttpContext context)
2026-07-05 16:56:12.444 +03:00 [ERR] ShelfsService Serilog.AspNetCore.RequestLoggingMiddleware HTTP GET /shelfs/image/get-image/4b1f3cdf-fa97-4744-a677-47c0969b6af8_big.webp responded 500 in 57.6664 ms
Grpc.Core.RpcException: Status(StatusCode="Unavailable", Detail="Error connecting to subchannel.", DebugException="System.Net.Sockets.SocketException: No such host is known.")
 ---> System.Net.Sockets.SocketException (11001): No such host is known.
   at System.Net.Sockets.Socket.AwaitableSocketAsyncEventArgs.ThrowException(SocketError error, CancellationToken cancellationToken)
   at System.Net.Sockets.Socket.AwaitableSocketAsyncEventArgs.System.Threading.Tasks.Sources.IValueTaskSource.GetResult(Int16 token)
   at System.Net.Sockets.Socket.<ConnectAsync>g__WaitForConnectWithCancellation|285_0(AwaitableSocketAsyncEventArgs saea, ValueTask connectTask, CancellationToken cancellationToken)
   at Grpc.Net.Client.Balancer.Internal.SocketConnectivitySubchannelTransport.TryConnectAsync(ConnectContext context, Int32 attempt)
   --- End of inner exception stack trace ---
   at Grpc.Core.AsyncStreamReaderExtensions.ReadAllAsyncCore[T](IAsyncStreamReader`1 streamReader, CancellationToken cancellationToken)+MoveNext()
   at Grpc.Core.AsyncStreamReaderExtensions.ReadAllAsyncCore[T](IAsyncStreamReader`1 streamReader, CancellationToken cancellationToken)+System.Threading.Tasks.Sources.IValueTaskSource<System.Boolean>.GetResult()
   at ShelfsService.src.ShelfsService.Host.Features.Items.GetPhotoByName.ExecuteAsync(GetImageByName req, CancellationToken ct) in D:\visualStudio\Projects\OnlineShelf\backend\Microservices\ShelfsService\src\ShelfsService.Host\Features\Images\GetImageByName.cs:line 50
   at ShelfsService.src.ShelfsService.Host.Features.Items.GetPhotoByName.ExecuteAsync(GetImageByName req, CancellationToken ct) in D:\visualStudio\Projects\OnlineShelf\backend\Microservices\ShelfsService\src\ShelfsService.Host\Features\Images\GetImageByName.cs:line 50
   at FastEndpoints.Endpoint`2.ExecAsync(CancellationToken ct)
   at FastEndpoints.Endpoint`2.ExecAsync(CancellationToken ct)
   at Microsoft.AspNetCore.Http.RequestDelegateFactory.ExecuteResultWriteResponse(IResult result, HttpContext httpContext)
   at Microsoft.AspNetCore.Authorization.AuthorizationMiddleware.Invoke(HttpContext context)
   at Microsoft.AspNetCore.Authentication.AuthenticationMiddleware.Invoke(HttpContext context)
   at Swashbuckle.AspNetCore.SwaggerUI.SwaggerUIMiddleware.Invoke(HttpContext httpContext)
   at Swashbuckle.AspNetCore.Swagger.SwaggerMiddleware.Invoke(HttpContext httpContext, ISwaggerProvider swaggerProvider)
   at Serilog.AspNetCore.RequestLoggingMiddleware.Invoke(HttpContext httpContext)
2026-07-05 16:56:12.449 +03:00 [ERR] ShelfsService Microsoft.AspNetCore.Diagnostics.DeveloperExceptionPageMiddleware An unhandled exception has occurred while executing the request.
Grpc.Core.RpcException: Status(StatusCode="Unavailable", Detail="Error connecting to subchannel.", DebugException="System.Net.Sockets.SocketException: No such host is known.")
 ---> System.Net.Sockets.SocketException (11001): No such host is known.
   at System.Net.Sockets.Socket.AwaitableSocketAsyncEventArgs.ThrowException(SocketError error, CancellationToken cancellationToken)
   at System.Net.Sockets.Socket.AwaitableSocketAsyncEventArgs.System.Threading.Tasks.Sources.IValueTaskSource.GetResult(Int16 token)
   at System.Net.Sockets.Socket.<ConnectAsync>g__WaitForConnectWithCancellation|285_0(AwaitableSocketAsyncEventArgs saea, ValueTask connectTask, CancellationToken cancellationToken)
   at Grpc.Net.Client.Balancer.Internal.SocketConnectivitySubchannelTransport.TryConnectAsync(ConnectContext context, Int32 attempt)
   --- End of inner exception stack trace ---
   at Grpc.Core.AsyncStreamReaderExtensions.ReadAllAsyncCore[T](IAsyncStreamReader`1 streamReader, CancellationToken cancellationToken)+MoveNext()
   at Grpc.Core.AsyncStreamReaderExtensions.ReadAllAsyncCore[T](IAsyncStreamReader`1 streamReader, CancellationToken cancellationToken)+System.Threading.Tasks.Sources.IValueTaskSource<System.Boolean>.GetResult()
   at ShelfsService.src.ShelfsService.Host.Features.Items.GetPhotoByName.ExecuteAsync(GetImageByName req, CancellationToken ct) in D:\visualStudio\Projects\OnlineShelf\backend\Microservices\ShelfsService\src\ShelfsService.Host\Features\Images\GetImageByName.cs:line 50
   at ShelfsService.src.ShelfsService.Host.Features.Items.GetPhotoByName.ExecuteAsync(GetImageByName req, CancellationToken ct) in D:\visualStudio\Projects\OnlineShelf\backend\Microservices\ShelfsService\src\ShelfsService.Host\Features\Images\GetImageByName.cs:line 50
   at FastEndpoints.Endpoint`2.ExecAsync(CancellationToken ct)
   at FastEndpoints.Endpoint`2.ExecAsync(CancellationToken ct)
   at Microsoft.AspNetCore.Http.RequestDelegateFactory.ExecuteResultWriteResponse(IResult result, HttpContext httpContext)
   at Microsoft.AspNetCore.Authorization.AuthorizationMiddleware.Invoke(HttpContext context)
   at Microsoft.AspNetCore.Authentication.AuthenticationMiddleware.Invoke(HttpContext context)
   at Swashbuckle.AspNetCore.SwaggerUI.SwaggerUIMiddleware.Invoke(HttpContext httpContext)
   at Swashbuckle.AspNetCore.Swagger.SwaggerMiddleware.Invoke(HttpContext httpContext, ISwaggerProvider swaggerProvider)
   at Serilog.AspNetCore.RequestLoggingMiddleware.Invoke(HttpContext httpContext)
   at Microsoft.AspNetCore.Diagnostics.DeveloperExceptionPageMiddlewareImpl.Invoke(HttpContext context)
2026-07-05 16:56:13.518 +03:00 [ERR] ShelfsService Serilog.AspNetCore.RequestLoggingMiddleware HTTP GET /shelfs/image/get-image/4b1f3cdf-fa97-4744-a677-47c0969b6af8_big.webp responded 500 in 53.5586 ms
Grpc.Core.RpcException: Status(StatusCode="Unavailable", Detail="Error connecting to subchannel.", DebugException="System.Net.Sockets.SocketException: No such host is known.")
 ---> System.Net.Sockets.SocketException (11001): No such host is known.
   at System.Net.Sockets.Socket.AwaitableSocketAsyncEventArgs.ThrowException(SocketError error, CancellationToken cancellationToken)
   at System.Net.Sockets.Socket.AwaitableSocketAsyncEventArgs.System.Threading.Tasks.Sources.IValueTaskSource.GetResult(Int16 token)
   at System.Net.Sockets.Socket.<ConnectAsync>g__WaitForConnectWithCancellation|285_0(AwaitableSocketAsyncEventArgs saea, ValueTask connectTask, CancellationToken cancellationToken)
   at Grpc.Net.Client.Balancer.Internal.SocketConnectivitySubchannelTransport.TryConnectAsync(ConnectContext context, Int32 attempt)
   --- End of inner exception stack trace ---
   at Grpc.Core.AsyncStreamReaderExtensions.ReadAllAsyncCore[T](IAsyncStreamReader`1 streamReader, CancellationToken cancellationToken)+MoveNext()
   at Grpc.Core.AsyncStreamReaderExtensions.ReadAllAsyncCore[T](IAsyncStreamReader`1 streamReader, CancellationToken cancellationToken)+System.Threading.Tasks.Sources.IValueTaskSource<System.Boolean>.GetResult()
   at ShelfsService.src.ShelfsService.Host.Features.Items.GetPhotoByName.ExecuteAsync(GetImageByName req, CancellationToken ct) in D:\visualStudio\Projects\OnlineShelf\backend\Microservices\ShelfsService\src\ShelfsService.Host\Features\Images\GetImageByName.cs:line 50
   at ShelfsService.src.ShelfsService.Host.Features.Items.GetPhotoByName.ExecuteAsync(GetImageByName req, CancellationToken ct) in D:\visualStudio\Projects\OnlineShelf\backend\Microservices\ShelfsService\src\ShelfsService.Host\Features\Images\GetImageByName.cs:line 50
   at FastEndpoints.Endpoint`2.ExecAsync(CancellationToken ct)
   at FastEndpoints.Endpoint`2.ExecAsync(CancellationToken ct)
   at Microsoft.AspNetCore.Http.RequestDelegateFactory.ExecuteResultWriteResponse(IResult result, HttpContext httpContext)
   at Microsoft.AspNetCore.Authorization.AuthorizationMiddleware.Invoke(HttpContext context)
   at Microsoft.AspNetCore.Authentication.AuthenticationMiddleware.Invoke(HttpContext context)
   at Swashbuckle.AspNetCore.SwaggerUI.SwaggerUIMiddleware.Invoke(HttpContext httpContext)
   at Swashbuckle.AspNetCore.Swagger.SwaggerMiddleware.Invoke(HttpContext httpContext, ISwaggerProvider swaggerProvider)
   at Serilog.AspNetCore.RequestLoggingMiddleware.Invoke(HttpContext httpContext)
2026-07-05 16:56:13.521 +03:00 [ERR] ShelfsService Microsoft.AspNetCore.Diagnostics.DeveloperExceptionPageMiddleware An unhandled exception has occurred while executing the request.
Grpc.Core.RpcException: Status(StatusCode="Unavailable", Detail="Error connecting to subchannel.", DebugException="System.Net.Sockets.SocketException: No such host is known.")
 ---> System.Net.Sockets.SocketException (11001): No such host is known.
   at System.Net.Sockets.Socket.AwaitableSocketAsyncEventArgs.ThrowException(SocketError error, CancellationToken cancellationToken)
   at System.Net.Sockets.Socket.AwaitableSocketAsyncEventArgs.System.Threading.Tasks.Sources.IValueTaskSource.GetResult(Int16 token)
   at System.Net.Sockets.Socket.<ConnectAsync>g__WaitForConnectWithCancellation|285_0(AwaitableSocketAsyncEventArgs saea, ValueTask connectTask, CancellationToken cancellationToken)
   at Grpc.Net.Client.Balancer.Internal.SocketConnectivitySubchannelTransport.TryConnectAsync(ConnectContext context, Int32 attempt)
   --- End of inner exception stack trace ---
   at Grpc.Core.AsyncStreamReaderExtensions.ReadAllAsyncCore[T](IAsyncStreamReader`1 streamReader, CancellationToken cancellationToken)+MoveNext()
   at Grpc.Core.AsyncStreamReaderExtensions.ReadAllAsyncCore[T](IAsyncStreamReader`1 streamReader, CancellationToken cancellationToken)+System.Threading.Tasks.Sources.IValueTaskSource<System.Boolean>.GetResult()
   at ShelfsService.src.ShelfsService.Host.Features.Items.GetPhotoByName.ExecuteAsync(GetImageByName req, CancellationToken ct) in D:\visualStudio\Projects\OnlineShelf\backend\Microservices\ShelfsService\src\ShelfsService.Host\Features\Images\GetImageByName.cs:line 50
   at ShelfsService.src.ShelfsService.Host.Features.Items.GetPhotoByName.ExecuteAsync(GetImageByName req, CancellationToken ct) in D:\visualStudio\Projects\OnlineShelf\backend\Microservices\ShelfsService\src\ShelfsService.Host\Features\Images\GetImageByName.cs:line 50
   at FastEndpoints.Endpoint`2.ExecAsync(CancellationToken ct)
   at FastEndpoints.Endpoint`2.ExecAsync(CancellationToken ct)
   at Microsoft.AspNetCore.Http.RequestDelegateFactory.ExecuteResultWriteResponse(IResult result, HttpContext httpContext)
   at Microsoft.AspNetCore.Authorization.AuthorizationMiddleware.Invoke(HttpContext context)
   at Microsoft.AspNetCore.Authentication.AuthenticationMiddleware.Invoke(HttpContext context)
   at Swashbuckle.AspNetCore.SwaggerUI.SwaggerUIMiddleware.Invoke(HttpContext httpContext)
   at Swashbuckle.AspNetCore.Swagger.SwaggerMiddleware.Invoke(HttpContext httpContext, ISwaggerProvider swaggerProvider)
   at Serilog.AspNetCore.RequestLoggingMiddleware.Invoke(HttpContext httpContext)
   at Microsoft.AspNetCore.Diagnostics.DeveloperExceptionPageMiddlewareImpl.Invoke(HttpContext context)
2026-07-05 16:56:15.591 +03:00 [ERR] ShelfsService Serilog.AspNetCore.RequestLoggingMiddleware HTTP GET /shelfs/image/get-image/4b1f3cdf-fa97-4744-a677-47c0969b6af8_big.webp responded 500 in 50.5072 ms
Grpc.Core.RpcException: Status(StatusCode="Unavailable", Detail="Error connecting to subchannel.", DebugException="System.Net.Sockets.SocketException: No such host is known.")
 ---> System.Net.Sockets.SocketException (11001): No such host is known.
   at System.Net.Sockets.Socket.AwaitableSocketAsyncEventArgs.ThrowException(SocketError error, CancellationToken cancellationToken)
   at System.Net.Sockets.Socket.AwaitableSocketAsyncEventArgs.System.Threading.Tasks.Sources.IValueTaskSource.GetResult(Int16 token)
   at System.Net.Sockets.Socket.<ConnectAsync>g__WaitForConnectWithCancellation|285_0(AwaitableSocketAsyncEventArgs saea, ValueTask connectTask, CancellationToken cancellationToken)
   at Grpc.Net.Client.Balancer.Internal.SocketConnectivitySubchannelTransport.TryConnectAsync(ConnectContext context, Int32 attempt)
   --- End of inner exception stack trace ---
   at Grpc.Core.AsyncStreamReaderExtensions.ReadAllAsyncCore[T](IAsyncStreamReader`1 streamReader, CancellationToken cancellationToken)+MoveNext()
   at Grpc.Core.AsyncStreamReaderExtensions.ReadAllAsyncCore[T](IAsyncStreamReader`1 streamReader, CancellationToken cancellationToken)+System.Threading.Tasks.Sources.IValueTaskSource<System.Boolean>.GetResult()
   at ShelfsService.src.ShelfsService.Host.Features.Items.GetPhotoByName.ExecuteAsync(GetImageByName req, CancellationToken ct) in D:\visualStudio\Projects\OnlineShelf\backend\Microservices\ShelfsService\src\ShelfsService.Host\Features\Images\GetImageByName.cs:line 50
   at ShelfsService.src.ShelfsService.Host.Features.Items.GetPhotoByName.ExecuteAsync(GetImageByName req, CancellationToken ct) in D:\visualStudio\Projects\OnlineShelf\backend\Microservices\ShelfsService\src\ShelfsService.Host\Features\Images\GetImageByName.cs:line 50
   at FastEndpoints.Endpoint`2.ExecAsync(CancellationToken ct)
   at FastEndpoints.Endpoint`2.ExecAsync(CancellationToken ct)
   at Microsoft.AspNetCore.Http.RequestDelegateFactory.ExecuteResultWriteResponse(IResult result, HttpContext httpContext)
   at Microsoft.AspNetCore.Authorization.AuthorizationMiddleware.Invoke(HttpContext context)
   at Microsoft.AspNetCore.Authentication.AuthenticationMiddleware.Invoke(HttpContext context)
   at Swashbuckle.AspNetCore.SwaggerUI.SwaggerUIMiddleware.Invoke(HttpContext httpContext)
   at Swashbuckle.AspNetCore.Swagger.SwaggerMiddleware.Invoke(HttpContext httpContext, ISwaggerProvider swaggerProvider)
   at Serilog.AspNetCore.RequestLoggingMiddleware.Invoke(HttpContext httpContext)
2026-07-05 16:56:15.595 +03:00 [ERR] ShelfsService Microsoft.AspNetCore.Diagnostics.DeveloperExceptionPageMiddleware An unhandled exception has occurred while executing the request.
Grpc.Core.RpcException: Status(StatusCode="Unavailable", Detail="Error connecting to subchannel.", DebugException="System.Net.Sockets.SocketException: No such host is known.")
 ---> System.Net.Sockets.SocketException (11001): No such host is known.
   at System.Net.Sockets.Socket.AwaitableSocketAsyncEventArgs.ThrowException(SocketError error, CancellationToken cancellationToken)
   at System.Net.Sockets.Socket.AwaitableSocketAsyncEventArgs.System.Threading.Tasks.Sources.IValueTaskSource.GetResult(Int16 token)
   at System.Net.Sockets.Socket.<ConnectAsync>g__WaitForConnectWithCancellation|285_0(AwaitableSocketAsyncEventArgs saea, ValueTask connectTask, CancellationToken cancellationToken)
   at Grpc.Net.Client.Balancer.Internal.SocketConnectivitySubchannelTransport.TryConnectAsync(ConnectContext context, Int32 attempt)
   --- End of inner exception stack trace ---
   at Grpc.Core.AsyncStreamReaderExtensions.ReadAllAsyncCore[T](IAsyncStreamReader`1 streamReader, CancellationToken cancellationToken)+MoveNext()
   at Grpc.Core.AsyncStreamReaderExtensions.ReadAllAsyncCore[T](IAsyncStreamReader`1 streamReader, CancellationToken cancellationToken)+System.Threading.Tasks.Sources.IValueTaskSource<System.Boolean>.GetResult()
   at ShelfsService.src.ShelfsService.Host.Features.Items.GetPhotoByName.ExecuteAsync(GetImageByName req, CancellationToken ct) in D:\visualStudio\Projects\OnlineShelf\backend\Microservices\ShelfsService\src\ShelfsService.Host\Features\Images\GetImageByName.cs:line 50
   at ShelfsService.src.ShelfsService.Host.Features.Items.GetPhotoByName.ExecuteAsync(GetImageByName req, CancellationToken ct) in D:\visualStudio\Projects\OnlineShelf\backend\Microservices\ShelfsService\src\ShelfsService.Host\Features\Images\GetImageByName.cs:line 50
   at FastEndpoints.Endpoint`2.ExecAsync(CancellationToken ct)
   at FastEndpoints.Endpoint`2.ExecAsync(CancellationToken ct)
   at Microsoft.AspNetCore.Http.RequestDelegateFactory.ExecuteResultWriteResponse(IResult result, HttpContext httpContext)
   at Microsoft.AspNetCore.Authorization.AuthorizationMiddleware.Invoke(HttpContext context)
   at Microsoft.AspNetCore.Authentication.AuthenticationMiddleware.Invoke(HttpContext context)
   at Swashbuckle.AspNetCore.SwaggerUI.SwaggerUIMiddleware.Invoke(HttpContext httpContext)
   at Swashbuckle.AspNetCore.Swagger.SwaggerMiddleware.Invoke(HttpContext httpContext, ISwaggerProvider swaggerProvider)
   at Serilog.AspNetCore.RequestLoggingMiddleware.Invoke(HttpContext httpContext)
   at Microsoft.AspNetCore.Diagnostics.DeveloperExceptionPageMiddlewareImpl.Invoke(HttpContext context)
2026-07-05 16:56:19.660 +03:00 [ERR] ShelfsService Serilog.AspNetCore.RequestLoggingMiddleware HTTP GET /shelfs/image/get-image/4b1f3cdf-fa97-4744-a677-47c0969b6af8_big.webp responded 500 in 45.1006 ms
Grpc.Core.RpcException: Status(StatusCode="Unavailable", Detail="Error connecting to subchannel.", DebugException="System.Net.Sockets.SocketException: No such host is known.")
 ---> System.Net.Sockets.SocketException (11001): No such host is known.
   at System.Net.Sockets.Socket.AwaitableSocketAsyncEventArgs.ThrowException(SocketError error, CancellationToken cancellationToken)
   at System.Net.Sockets.Socket.AwaitableSocketAsyncEventArgs.System.Threading.Tasks.Sources.IValueTaskSource.GetResult(Int16 token)
   at System.Net.Sockets.Socket.<ConnectAsync>g__WaitForConnectWithCancellation|285_0(AwaitableSocketAsyncEventArgs saea, ValueTask connectTask, CancellationToken cancellationToken)
   at Grpc.Net.Client.Balancer.Internal.SocketConnectivitySubchannelTransport.TryConnectAsync(ConnectContext context, Int32 attempt)
   --- End of inner exception stack trace ---
   at Grpc.Core.AsyncStreamReaderExtensions.ReadAllAsyncCore[T](IAsyncStreamReader`1 streamReader, CancellationToken cancellationToken)+MoveNext()
   at Grpc.Core.AsyncStreamReaderExtensions.ReadAllAsyncCore[T](IAsyncStreamReader`1 streamReader, CancellationToken cancellationToken)+System.Threading.Tasks.Sources.IValueTaskSource<System.Boolean>.GetResult()
   at ShelfsService.src.ShelfsService.Host.Features.Items.GetPhotoByName.ExecuteAsync(GetImageByName req, CancellationToken ct) in D:\visualStudio\Projects\OnlineShelf\backend\Microservices\ShelfsService\src\ShelfsService.Host\Features\Images\GetImageByName.cs:line 50
   at ShelfsService.src.ShelfsService.Host.Features.Items.GetPhotoByName.ExecuteAsync(GetImageByName req, CancellationToken ct) in D:\visualStudio\Projects\OnlineShelf\backend\Microservices\ShelfsService\src\ShelfsService.Host\Features\Images\GetImageByName.cs:line 50
   at FastEndpoints.Endpoint`2.ExecAsync(CancellationToken ct)
   at FastEndpoints.Endpoint`2.ExecAsync(CancellationToken ct)
   at Microsoft.AspNetCore.Http.RequestDelegateFactory.ExecuteResultWriteResponse(IResult result, HttpContext httpContext)
   at Microsoft.AspNetCore.Authorization.AuthorizationMiddleware.Invoke(HttpContext context)
   at Microsoft.AspNetCore.Authentication.AuthenticationMiddleware.Invoke(HttpContext context)
   at Swashbuckle.AspNetCore.SwaggerUI.SwaggerUIMiddleware.Invoke(HttpContext httpContext)
   at Swashbuckle.AspNetCore.Swagger.SwaggerMiddleware.Invoke(HttpContext httpContext, ISwaggerProvider swaggerProvider)
   at Serilog.AspNetCore.RequestLoggingMiddleware.Invoke(HttpContext httpContext)
2026-07-05 16:56:19.663 +03:00 [ERR] ShelfsService Microsoft.AspNetCore.Diagnostics.DeveloperExceptionPageMiddleware An unhandled exception has occurred while executing the request.
Grpc.Core.RpcException: Status(StatusCode="Unavailable", Detail="Error connecting to subchannel.", DebugException="System.Net.Sockets.SocketException: No such host is known.")
 ---> System.Net.Sockets.SocketException (11001): No such host is known.
   at System.Net.Sockets.Socket.AwaitableSocketAsyncEventArgs.ThrowException(SocketError error, CancellationToken cancellationToken)
   at System.Net.Sockets.Socket.AwaitableSocketAsyncEventArgs.System.Threading.Tasks.Sources.IValueTaskSource.GetResult(Int16 token)
   at System.Net.Sockets.Socket.<ConnectAsync>g__WaitForConnectWithCancellation|285_0(AwaitableSocketAsyncEventArgs saea, ValueTask connectTask, CancellationToken cancellationToken)
   at Grpc.Net.Client.Balancer.Internal.SocketConnectivitySubchannelTransport.TryConnectAsync(ConnectContext context, Int32 attempt)
   --- End of inner exception stack trace ---
   at Grpc.Core.AsyncStreamReaderExtensions.ReadAllAsyncCore[T](IAsyncStreamReader`1 streamReader, CancellationToken cancellationToken)+MoveNext()
   at Grpc.Core.AsyncStreamReaderExtensions.ReadAllAsyncCore[T](IAsyncStreamReader`1 streamReader, CancellationToken cancellationToken)+System.Threading.Tasks.Sources.IValueTaskSource<System.Boolean>.GetResult()
   at ShelfsService.src.ShelfsService.Host.Features.Items.GetPhotoByName.ExecuteAsync(GetImageByName req, CancellationToken ct) in D:\visualStudio\Projects\OnlineShelf\backend\Microservices\ShelfsService\src\ShelfsService.Host\Features\Images\GetImageByName.cs:line 50
   at ShelfsService.src.ShelfsService.Host.Features.Items.GetPhotoByName.ExecuteAsync(GetImageByName req, CancellationToken ct) in D:\visualStudio\Projects\OnlineShelf\backend\Microservices\ShelfsService\src\ShelfsService.Host\Features\Images\GetImageByName.cs:line 50
   at FastEndpoints.Endpoint`2.ExecAsync(CancellationToken ct)
   at FastEndpoints.Endpoint`2.ExecAsync(CancellationToken ct)
   at Microsoft.AspNetCore.Http.RequestDelegateFactory.ExecuteResultWriteResponse(IResult result, HttpContext httpContext)
   at Microsoft.AspNetCore.Authorization.AuthorizationMiddleware.Invoke(HttpContext context)
   at Microsoft.AspNetCore.Authentication.AuthenticationMiddleware.Invoke(HttpContext context)
   at Swashbuckle.AspNetCore.SwaggerUI.SwaggerUIMiddleware.Invoke(HttpContext httpContext)
   at Swashbuckle.AspNetCore.Swagger.SwaggerMiddleware.Invoke(HttpContext httpContext, ISwaggerProvider swaggerProvider)
   at Serilog.AspNetCore.RequestLoggingMiddleware.Invoke(HttpContext httpContext)
   at Microsoft.AspNetCore.Diagnostics.DeveloperExceptionPageMiddlewareImpl.Invoke(HttpContext context)
2026-07-05 16:56:29.022 +03:00 [ERR] ShelfsService Serilog.AspNetCore.RequestLoggingMiddleware HTTP GET /shelfs/image/get-image/4b1f3cdf-fa97-4744-a677-47c0969b6af8_big.webp responded 500 in 63.2937 ms
Grpc.Core.RpcException: Status(StatusCode="Unavailable", Detail="Error connecting to subchannel.", DebugException="System.Net.Sockets.SocketException: No such host is known.")
 ---> System.Net.Sockets.SocketException (11001): No such host is known.
   at System.Net.Sockets.Socket.AwaitableSocketAsyncEventArgs.ThrowException(SocketError error, CancellationToken cancellationToken)
   at System.Net.Sockets.Socket.AwaitableSocketAsyncEventArgs.System.Threading.Tasks.Sources.IValueTaskSource.GetResult(Int16 token)
   at System.Net.Sockets.Socket.<ConnectAsync>g__WaitForConnectWithCancellation|285_0(AwaitableSocketAsyncEventArgs saea, ValueTask connectTask, CancellationToken cancellationToken)
   at Grpc.Net.Client.Balancer.Internal.SocketConnectivitySubchannelTransport.TryConnectAsync(ConnectContext context, Int32 attempt)
   --- End of inner exception stack trace ---
   at Grpc.Core.AsyncStreamReaderExtensions.ReadAllAsyncCore[T](IAsyncStreamReader`1 streamReader, CancellationToken cancellationToken)+MoveNext()
   at Grpc.Core.AsyncStreamReaderExtensions.ReadAllAsyncCore[T](IAsyncStreamReader`1 streamReader, CancellationToken cancellationToken)+System.Threading.Tasks.Sources.IValueTaskSource<System.Boolean>.GetResult()
   at ShelfsService.src.ShelfsService.Host.Features.Items.GetPhotoByName.ExecuteAsync(GetImageByName req, CancellationToken ct) in D:\visualStudio\Projects\OnlineShelf\backend\Microservices\ShelfsService\src\ShelfsService.Host\Features\Images\GetImageByName.cs:line 50
   at ShelfsService.src.ShelfsService.Host.Features.Items.GetPhotoByName.ExecuteAsync(GetImageByName req, CancellationToken ct) in D:\visualStudio\Projects\OnlineShelf\backend\Microservices\ShelfsService\src\ShelfsService.Host\Features\Images\GetImageByName.cs:line 50
   at FastEndpoints.Endpoint`2.ExecAsync(CancellationToken ct)
   at FastEndpoints.Endpoint`2.ExecAsync(CancellationToken ct)
   at Microsoft.AspNetCore.Http.RequestDelegateFactory.ExecuteResultWriteResponse(IResult result, HttpContext httpContext)
   at Microsoft.AspNetCore.Authorization.AuthorizationMiddleware.Invoke(HttpContext context)
   at Microsoft.AspNetCore.Authentication.AuthenticationMiddleware.Invoke(HttpContext context)
   at Swashbuckle.AspNetCore.SwaggerUI.SwaggerUIMiddleware.Invoke(HttpContext httpContext)
   at Swashbuckle.AspNetCore.Swagger.SwaggerMiddleware.Invoke(HttpContext httpContext, ISwaggerProvider swaggerProvider)
   at Serilog.AspNetCore.RequestLoggingMiddleware.Invoke(HttpContext httpContext)
2026-07-05 16:56:29.027 +03:00 [ERR] ShelfsService Microsoft.AspNetCore.Diagnostics.DeveloperExceptionPageMiddleware An unhandled exception has occurred while executing the request.
Grpc.Core.RpcException: Status(StatusCode="Unavailable", Detail="Error connecting to subchannel.", DebugException="System.Net.Sockets.SocketException: No such host is known.")
 ---> System.Net.Sockets.SocketException (11001): No such host is known.
   at System.Net.Sockets.Socket.AwaitableSocketAsyncEventArgs.ThrowException(SocketError error, CancellationToken cancellationToken)
   at System.Net.Sockets.Socket.AwaitableSocketAsyncEventArgs.System.Threading.Tasks.Sources.IValueTaskSource.GetResult(Int16 token)
   at System.Net.Sockets.Socket.<ConnectAsync>g__WaitForConnectWithCancellation|285_0(AwaitableSocketAsyncEventArgs saea, ValueTask connectTask, CancellationToken cancellationToken)
   at Grpc.Net.Client.Balancer.Internal.SocketConnectivitySubchannelTransport.TryConnectAsync(ConnectContext context, Int32 attempt)
   --- End of inner exception stack trace ---
   at Grpc.Core.AsyncStreamReaderExtensions.ReadAllAsyncCore[T](IAsyncStreamReader`1 streamReader, CancellationToken cancellationToken)+MoveNext()
   at Grpc.Core.AsyncStreamReaderExtensions.ReadAllAsyncCore[T](IAsyncStreamReader`1 streamReader, CancellationToken cancellationToken)+System.Threading.Tasks.Sources.IValueTaskSource<System.Boolean>.GetResult()
   at ShelfsService.src.ShelfsService.Host.Features.Items.GetPhotoByName.ExecuteAsync(GetImageByName req, CancellationToken ct) in D:\visualStudio\Projects\OnlineShelf\backend\Microservices\ShelfsService\src\ShelfsService.Host\Features\Images\GetImageByName.cs:line 50
   at ShelfsService.src.ShelfsService.Host.Features.Items.GetPhotoByName.ExecuteAsync(GetImageByName req, CancellationToken ct) in D:\visualStudio\Projects\OnlineShelf\backend\Microservices\ShelfsService\src\ShelfsService.Host\Features\Images\GetImageByName.cs:line 50
   at FastEndpoints.Endpoint`2.ExecAsync(CancellationToken ct)
   at FastEndpoints.Endpoint`2.ExecAsync(CancellationToken ct)
   at Microsoft.AspNetCore.Http.RequestDelegateFactory.ExecuteResultWriteResponse(IResult result, HttpContext httpContext)
   at Microsoft.AspNetCore.Authorization.AuthorizationMiddleware.Invoke(HttpContext context)
   at Microsoft.AspNetCore.Authentication.AuthenticationMiddleware.Invoke(HttpContext context)
   at Swashbuckle.AspNetCore.SwaggerUI.SwaggerUIMiddleware.Invoke(HttpContext httpContext)
   at Swashbuckle.AspNetCore.Swagger.SwaggerMiddleware.Invoke(HttpContext httpContext, ISwaggerProvider swaggerProvider)
   at Serilog.AspNetCore.RequestLoggingMiddleware.Invoke(HttpContext httpContext)
   at Microsoft.AspNetCore.Diagnostics.DeveloperExceptionPageMiddlewareImpl.Invoke(HttpContext context)
2026-07-05 16:56:30.089 +03:00 [ERR] ShelfsService Serilog.AspNetCore.RequestLoggingMiddleware HTTP GET /shelfs/image/get-image/4b1f3cdf-fa97-4744-a677-47c0969b6af8_big.webp responded 500 in 44.7845 ms
Grpc.Core.RpcException: Status(StatusCode="Unavailable", Detail="Error connecting to subchannel.", DebugException="System.Net.Sockets.SocketException: No such host is known.")
 ---> System.Net.Sockets.SocketException (11001): No such host is known.
   at System.Net.Sockets.Socket.AwaitableSocketAsyncEventArgs.ThrowException(SocketError error, CancellationToken cancellationToken)
   at System.Net.Sockets.Socket.AwaitableSocketAsyncEventArgs.System.Threading.Tasks.Sources.IValueTaskSource.GetResult(Int16 token)
   at System.Net.Sockets.Socket.<ConnectAsync>g__WaitForConnectWithCancellation|285_0(AwaitableSocketAsyncEventArgs saea, ValueTask connectTask, CancellationToken cancellationToken)
   at Grpc.Net.Client.Balancer.Internal.SocketConnectivitySubchannelTransport.TryConnectAsync(ConnectContext context, Int32 attempt)
   --- End of inner exception stack trace ---
   at Grpc.Core.AsyncStreamReaderExtensions.ReadAllAsyncCore[T](IAsyncStreamReader`1 streamReader, CancellationToken cancellationToken)+MoveNext()
   at Grpc.Core.AsyncStreamReaderExtensions.ReadAllAsyncCore[T](IAsyncStreamReader`1 streamReader, CancellationToken cancellationToken)+System.Threading.Tasks.Sources.IValueTaskSource<System.Boolean>.GetResult()
   at ShelfsService.src.ShelfsService.Host.Features.Items.GetPhotoByName.ExecuteAsync(GetImageByName req, CancellationToken ct) in D:\visualStudio\Projects\OnlineShelf\backend\Microservices\ShelfsService\src\ShelfsService.Host\Features\Images\GetImageByName.cs:line 50
   at ShelfsService.src.ShelfsService.Host.Features.Items.GetPhotoByName.ExecuteAsync(GetImageByName req, CancellationToken ct) in D:\visualStudio\Projects\OnlineShelf\backend\Microservices\ShelfsService\src\ShelfsService.Host\Features\Images\GetImageByName.cs:line 50
   at FastEndpoints.Endpoint`2.ExecAsync(CancellationToken ct)
   at FastEndpoints.Endpoint`2.ExecAsync(CancellationToken ct)
   at Microsoft.AspNetCore.Http.RequestDelegateFactory.ExecuteResultWriteResponse(IResult result, HttpContext httpContext)
   at Microsoft.AspNetCore.Authorization.AuthorizationMiddleware.Invoke(HttpContext context)
   at Microsoft.AspNetCore.Authentication.AuthenticationMiddleware.Invoke(HttpContext context)
   at Swashbuckle.AspNetCore.SwaggerUI.SwaggerUIMiddleware.Invoke(HttpContext httpContext)
   at Swashbuckle.AspNetCore.Swagger.SwaggerMiddleware.Invoke(HttpContext httpContext, ISwaggerProvider swaggerProvider)
   at Serilog.AspNetCore.RequestLoggingMiddleware.Invoke(HttpContext httpContext)
2026-07-05 16:56:30.093 +03:00 [ERR] ShelfsService Microsoft.AspNetCore.Diagnostics.DeveloperExceptionPageMiddleware An unhandled exception has occurred while executing the request.
Grpc.Core.RpcException: Status(StatusCode="Unavailable", Detail="Error connecting to subchannel.", DebugException="System.Net.Sockets.SocketException: No such host is known.")
 ---> System.Net.Sockets.SocketException (11001): No such host is known.
   at System.Net.Sockets.Socket.AwaitableSocketAsyncEventArgs.ThrowException(SocketError error, CancellationToken cancellationToken)
   at System.Net.Sockets.Socket.AwaitableSocketAsyncEventArgs.System.Threading.Tasks.Sources.IValueTaskSource.GetResult(Int16 token)
   at System.Net.Sockets.Socket.<ConnectAsync>g__WaitForConnectWithCancellation|285_0(AwaitableSocketAsyncEventArgs saea, ValueTask connectTask, CancellationToken cancellationToken)
   at Grpc.Net.Client.Balancer.Internal.SocketConnectivitySubchannelTransport.TryConnectAsync(ConnectContext context, Int32 attempt)
   --- End of inner exception stack trace ---
   at Grpc.Core.AsyncStreamReaderExtensions.ReadAllAsyncCore[T](IAsyncStreamReader`1 streamReader, CancellationToken cancellationToken)+MoveNext()
   at Grpc.Core.AsyncStreamReaderExtensions.ReadAllAsyncCore[T](IAsyncStreamReader`1 streamReader, CancellationToken cancellationToken)+System.Threading.Tasks.Sources.IValueTaskSource<System.Boolean>.GetResult()
   at ShelfsService.src.ShelfsService.Host.Features.Items.GetPhotoByName.ExecuteAsync(GetImageByName req, CancellationToken ct) in D:\visualStudio\Projects\OnlineShelf\backend\Microservices\ShelfsService\src\ShelfsService.Host\Features\Images\GetImageByName.cs:line 50
   at ShelfsService.src.ShelfsService.Host.Features.Items.GetPhotoByName.ExecuteAsync(GetImageByName req, CancellationToken ct) in D:\visualStudio\Projects\OnlineShelf\backend\Microservices\ShelfsService\src\ShelfsService.Host\Features\Images\GetImageByName.cs:line 50
   at FastEndpoints.Endpoint`2.ExecAsync(CancellationToken ct)
   at FastEndpoints.Endpoint`2.ExecAsync(CancellationToken ct)
   at Microsoft.AspNetCore.Http.RequestDelegateFactory.ExecuteResultWriteResponse(IResult result, HttpContext httpContext)
   at Microsoft.AspNetCore.Authorization.AuthorizationMiddleware.Invoke(HttpContext context)
   at Microsoft.AspNetCore.Authentication.AuthenticationMiddleware.Invoke(HttpContext context)
   at Swashbuckle.AspNetCore.SwaggerUI.SwaggerUIMiddleware.Invoke(HttpContext httpContext)
   at Swashbuckle.AspNetCore.Swagger.SwaggerMiddleware.Invoke(HttpContext httpContext, ISwaggerProvider swaggerProvider)
   at Serilog.AspNetCore.RequestLoggingMiddleware.Invoke(HttpContext httpContext)
   at Microsoft.AspNetCore.Diagnostics.DeveloperExceptionPageMiddlewareImpl.Invoke(HttpContext context)
2026-07-05 16:56:32.149 +03:00 [ERR] ShelfsService Serilog.AspNetCore.RequestLoggingMiddleware HTTP GET /shelfs/image/get-image/4b1f3cdf-fa97-4744-a677-47c0969b6af8_big.webp responded 500 in 44.2859 ms
Grpc.Core.RpcException: Status(StatusCode="Unavailable", Detail="Error connecting to subchannel.", DebugException="System.Net.Sockets.SocketException: No such host is known.")
 ---> System.Net.Sockets.SocketException (11001): No such host is known.
   at System.Net.Sockets.Socket.AwaitableSocketAsyncEventArgs.ThrowException(SocketError error, CancellationToken cancellationToken)
   at System.Net.Sockets.Socket.AwaitableSocketAsyncEventArgs.System.Threading.Tasks.Sources.IValueTaskSource.GetResult(Int16 token)
   at System.Net.Sockets.Socket.<ConnectAsync>g__WaitForConnectWithCancellation|285_0(AwaitableSocketAsyncEventArgs saea, ValueTask connectTask, CancellationToken cancellationToken)
   at Grpc.Net.Client.Balancer.Internal.SocketConnectivitySubchannelTransport.TryConnectAsync(ConnectContext context, Int32 attempt)
   --- End of inner exception stack trace ---
   at Grpc.Core.AsyncStreamReaderExtensions.ReadAllAsyncCore[T](IAsyncStreamReader`1 streamReader, CancellationToken cancellationToken)+MoveNext()
   at Grpc.Core.AsyncStreamReaderExtensions.ReadAllAsyncCore[T](IAsyncStreamReader`1 streamReader, CancellationToken cancellationToken)+System.Threading.Tasks.Sources.IValueTaskSource<System.Boolean>.GetResult()
   at ShelfsService.src.ShelfsService.Host.Features.Items.GetPhotoByName.ExecuteAsync(GetImageByName req, CancellationToken ct) in D:\visualStudio\Projects\OnlineShelf\backend\Microservices\ShelfsService\src\ShelfsService.Host\Features\Images\GetImageByName.cs:line 50
   at ShelfsService.src.ShelfsService.Host.Features.Items.GetPhotoByName.ExecuteAsync(GetImageByName req, CancellationToken ct) in D:\visualStudio\Projects\OnlineShelf\backend\Microservices\ShelfsService\src\ShelfsService.Host\Features\Images\GetImageByName.cs:line 50
   at FastEndpoints.Endpoint`2.ExecAsync(CancellationToken ct)
   at FastEndpoints.Endpoint`2.ExecAsync(CancellationToken ct)
   at Microsoft.AspNetCore.Http.RequestDelegateFactory.ExecuteResultWriteResponse(IResult result, HttpContext httpContext)
   at Microsoft.AspNetCore.Authorization.AuthorizationMiddleware.Invoke(HttpContext context)
   at Microsoft.AspNetCore.Authentication.AuthenticationMiddleware.Invoke(HttpContext context)
   at Swashbuckle.AspNetCore.SwaggerUI.SwaggerUIMiddleware.Invoke(HttpContext httpContext)
   at Swashbuckle.AspNetCore.Swagger.SwaggerMiddleware.Invoke(HttpContext httpContext, ISwaggerProvider swaggerProvider)
   at Serilog.AspNetCore.RequestLoggingMiddleware.Invoke(HttpContext httpContext)
2026-07-05 16:56:32.152 +03:00 [ERR] ShelfsService Microsoft.AspNetCore.Diagnostics.DeveloperExceptionPageMiddleware An unhandled exception has occurred while executing the request.
Grpc.Core.RpcException: Status(StatusCode="Unavailable", Detail="Error connecting to subchannel.", DebugException="System.Net.Sockets.SocketException: No such host is known.")
 ---> System.Net.Sockets.SocketException (11001): No such host is known.
   at System.Net.Sockets.Socket.AwaitableSocketAsyncEventArgs.ThrowException(SocketError error, CancellationToken cancellationToken)
   at System.Net.Sockets.Socket.AwaitableSocketAsyncEventArgs.System.Threading.Tasks.Sources.IValueTaskSource.GetResult(Int16 token)
   at System.Net.Sockets.Socket.<ConnectAsync>g__WaitForConnectWithCancellation|285_0(AwaitableSocketAsyncEventArgs saea, ValueTask connectTask, CancellationToken cancellationToken)
   at Grpc.Net.Client.Balancer.Internal.SocketConnectivitySubchannelTransport.TryConnectAsync(ConnectContext context, Int32 attempt)
   --- End of inner exception stack trace ---
   at Grpc.Core.AsyncStreamReaderExtensions.ReadAllAsyncCore[T](IAsyncStreamReader`1 streamReader, CancellationToken cancellationToken)+MoveNext()
   at Grpc.Core.AsyncStreamReaderExtensions.ReadAllAsyncCore[T](IAsyncStreamReader`1 streamReader, CancellationToken cancellationToken)+System.Threading.Tasks.Sources.IValueTaskSource<System.Boolean>.GetResult()
   at ShelfsService.src.ShelfsService.Host.Features.Items.GetPhotoByName.ExecuteAsync(GetImageByName req, CancellationToken ct) in D:\visualStudio\Projects\OnlineShelf\backend\Microservices\ShelfsService\src\ShelfsService.Host\Features\Images\GetImageByName.cs:line 50
   at ShelfsService.src.ShelfsService.Host.Features.Items.GetPhotoByName.ExecuteAsync(GetImageByName req, CancellationToken ct) in D:\visualStudio\Projects\OnlineShelf\backend\Microservices\ShelfsService\src\ShelfsService.Host\Features\Images\GetImageByName.cs:line 50
   at FastEndpoints.Endpoint`2.ExecAsync(CancellationToken ct)
   at FastEndpoints.Endpoint`2.ExecAsync(CancellationToken ct)
   at Microsoft.AspNetCore.Http.RequestDelegateFactory.ExecuteResultWriteResponse(IResult result, HttpContext httpContext)
   at Microsoft.AspNetCore.Authorization.AuthorizationMiddleware.Invoke(HttpContext context)
   at Microsoft.AspNetCore.Authentication.AuthenticationMiddleware.Invoke(HttpContext context)
   at Swashbuckle.AspNetCore.SwaggerUI.SwaggerUIMiddleware.Invoke(HttpContext httpContext)
   at Swashbuckle.AspNetCore.Swagger.SwaggerMiddleware.Invoke(HttpContext httpContext, ISwaggerProvider swaggerProvider)
   at Serilog.AspNetCore.RequestLoggingMiddleware.Invoke(HttpContext httpContext)
   at Microsoft.AspNetCore.Diagnostics.DeveloperExceptionPageMiddlewareImpl.Invoke(HttpContext context)
2026-07-05 16:56:36.222 +03:00 [ERR] ShelfsService Serilog.AspNetCore.RequestLoggingMiddleware HTTP GET /shelfs/image/get-image/4b1f3cdf-fa97-4744-a677-47c0969b6af8_big.webp responded 500 in 49.0734 ms
Grpc.Core.RpcException: Status(StatusCode="Unavailable", Detail="Error connecting to subchannel.", DebugException="System.Net.Sockets.SocketException: No such host is known.")
 ---> System.Net.Sockets.SocketException (11001): No such host is known.
   at System.Net.Sockets.Socket.AwaitableSocketAsyncEventArgs.ThrowException(SocketError error, CancellationToken cancellationToken)
   at System.Net.Sockets.Socket.AwaitableSocketAsyncEventArgs.System.Threading.Tasks.Sources.IValueTaskSource.GetResult(Int16 token)
   at System.Net.Sockets.Socket.<ConnectAsync>g__WaitForConnectWithCancellation|285_0(AwaitableSocketAsyncEventArgs saea, ValueTask connectTask, CancellationToken cancellationToken)
   at Grpc.Net.Client.Balancer.Internal.SocketConnectivitySubchannelTransport.TryConnectAsync(ConnectContext context, Int32 attempt)
   --- End of inner exception stack trace ---
   at Grpc.Core.AsyncStreamReaderExtensions.ReadAllAsyncCore[T](IAsyncStreamReader`1 streamReader, CancellationToken cancellationToken)+MoveNext()
   at Grpc.Core.AsyncStreamReaderExtensions.ReadAllAsyncCore[T](IAsyncStreamReader`1 streamReader, CancellationToken cancellationToken)+System.Threading.Tasks.Sources.IValueTaskSource<System.Boolean>.GetResult()
   at ShelfsService.src.ShelfsService.Host.Features.Items.GetPhotoByName.ExecuteAsync(GetImageByName req, CancellationToken ct) in D:\visualStudio\Projects\OnlineShelf\backend\Microservices\ShelfsService\src\ShelfsService.Host\Features\Images\GetImageByName.cs:line 50
   at ShelfsService.src.ShelfsService.Host.Features.Items.GetPhotoByName.ExecuteAsync(GetImageByName req, CancellationToken ct) in D:\visualStudio\Projects\OnlineShelf\backend\Microservices\ShelfsService\src\ShelfsService.Host\Features\Images\GetImageByName.cs:line 50
   at FastEndpoints.Endpoint`2.ExecAsync(CancellationToken ct)
   at FastEndpoints.Endpoint`2.ExecAsync(CancellationToken ct)
   at Microsoft.AspNetCore.Http.RequestDelegateFactory.ExecuteResultWriteResponse(IResult result, HttpContext httpContext)
   at Microsoft.AspNetCore.Authorization.AuthorizationMiddleware.Invoke(HttpContext context)
   at Microsoft.AspNetCore.Authentication.AuthenticationMiddleware.Invoke(HttpContext context)
   at Swashbuckle.AspNetCore.SwaggerUI.SwaggerUIMiddleware.Invoke(HttpContext httpContext)
   at Swashbuckle.AspNetCore.Swagger.SwaggerMiddleware.Invoke(HttpContext httpContext, ISwaggerProvider swaggerProvider)
   at Serilog.AspNetCore.RequestLoggingMiddleware.Invoke(HttpContext httpContext)
2026-07-05 16:56:36.225 +03:00 [ERR] ShelfsService Microsoft.AspNetCore.Diagnostics.DeveloperExceptionPageMiddleware An unhandled exception has occurred while executing the request.
Grpc.Core.RpcException: Status(StatusCode="Unavailable", Detail="Error connecting to subchannel.", DebugException="System.Net.Sockets.SocketException: No such host is known.")
 ---> System.Net.Sockets.SocketException (11001): No such host is known.
   at System.Net.Sockets.Socket.AwaitableSocketAsyncEventArgs.ThrowException(SocketError error, CancellationToken cancellationToken)
   at System.Net.Sockets.Socket.AwaitableSocketAsyncEventArgs.System.Threading.Tasks.Sources.IValueTaskSource.GetResult(Int16 token)
   at System.Net.Sockets.Socket.<ConnectAsync>g__WaitForConnectWithCancellation|285_0(AwaitableSocketAsyncEventArgs saea, ValueTask connectTask, CancellationToken cancellationToken)
   at Grpc.Net.Client.Balancer.Internal.SocketConnectivitySubchannelTransport.TryConnectAsync(ConnectContext context, Int32 attempt)
   --- End of inner exception stack trace ---
   at Grpc.Core.AsyncStreamReaderExtensions.ReadAllAsyncCore[T](IAsyncStreamReader`1 streamReader, CancellationToken cancellationToken)+MoveNext()
   at Grpc.Core.AsyncStreamReaderExtensions.ReadAllAsyncCore[T](IAsyncStreamReader`1 streamReader, CancellationToken cancellationToken)+System.Threading.Tasks.Sources.IValueTaskSource<System.Boolean>.GetResult()
   at ShelfsService.src.ShelfsService.Host.Features.Items.GetPhotoByName.ExecuteAsync(GetImageByName req, CancellationToken ct) in D:\visualStudio\Projects\OnlineShelf\backend\Microservices\ShelfsService\src\ShelfsService.Host\Features\Images\GetImageByName.cs:line 50
   at ShelfsService.src.ShelfsService.Host.Features.Items.GetPhotoByName.ExecuteAsync(GetImageByName req, CancellationToken ct) in D:\visualStudio\Projects\OnlineShelf\backend\Microservices\ShelfsService\src\ShelfsService.Host\Features\Images\GetImageByName.cs:line 50
   at FastEndpoints.Endpoint`2.ExecAsync(CancellationToken ct)
   at FastEndpoints.Endpoint`2.ExecAsync(CancellationToken ct)
   at Microsoft.AspNetCore.Http.RequestDelegateFactory.ExecuteResultWriteResponse(IResult result, HttpContext httpContext)
   at Microsoft.AspNetCore.Authorization.AuthorizationMiddleware.Invoke(HttpContext context)
   at Microsoft.AspNetCore.Authentication.AuthenticationMiddleware.Invoke(HttpContext context)
   at Swashbuckle.AspNetCore.SwaggerUI.SwaggerUIMiddleware.Invoke(HttpContext httpContext)
   at Swashbuckle.AspNetCore.Swagger.SwaggerMiddleware.Invoke(HttpContext httpContext, ISwaggerProvider swaggerProvider)
   at Serilog.AspNetCore.RequestLoggingMiddleware.Invoke(HttpContext httpContext)
   at Microsoft.AspNetCore.Diagnostics.DeveloperExceptionPageMiddlewareImpl.Invoke(HttpContext context)
2026-07-05 17:00:35.703 +03:00 [ERR] ShelfsService Serilog.AspNetCore.RequestLoggingMiddleware HTTP GET /shelfs/image/get-image/4b1f3cdf-fa97-4744-a677-47c0969b6af8_big.webp responded 500 in 522.0621 ms
Grpc.Core.RpcException: Status(StatusCode="Cancelled", Detail="Call canceled by the client.", DebugException="System.OperationCanceledException: The operation was canceled.")
 ---> System.OperationCanceledException: The operation was canceled.
   --- End of inner exception stack trace ---
   at Grpc.Core.AsyncStreamReaderExtensions.ReadAllAsyncCore[T](IAsyncStreamReader`1 streamReader, CancellationToken cancellationToken)+MoveNext()
   at Grpc.Core.AsyncStreamReaderExtensions.ReadAllAsyncCore[T](IAsyncStreamReader`1 streamReader, CancellationToken cancellationToken)+System.Threading.Tasks.Sources.IValueTaskSource<System.Boolean>.GetResult()
   at ShelfsService.src.ShelfsService.Host.Features.Items.GetPhotoByName.ExecuteAsync(GetImageByName req, CancellationToken ct) in D:\visualStudio\Projects\OnlineShelf\backend\Microservices\ShelfsService\src\ShelfsService.Host\Features\Images\GetImageByName.cs:line 50
   at ShelfsService.src.ShelfsService.Host.Features.Items.GetPhotoByName.ExecuteAsync(GetImageByName req, CancellationToken ct) in D:\visualStudio\Projects\OnlineShelf\backend\Microservices\ShelfsService\src\ShelfsService.Host\Features\Images\GetImageByName.cs:line 50
   at FastEndpoints.Endpoint`2.ExecAsync(CancellationToken ct)
   at FastEndpoints.Endpoint`2.ExecAsync(CancellationToken ct)
   at Microsoft.AspNetCore.Http.RequestDelegateFactory.ExecuteResultWriteResponse(IResult result, HttpContext httpContext)
   at Microsoft.AspNetCore.Authorization.AuthorizationMiddleware.Invoke(HttpContext context)
   at Microsoft.AspNetCore.Authentication.AuthenticationMiddleware.Invoke(HttpContext context)
   at Swashbuckle.AspNetCore.SwaggerUI.SwaggerUIMiddleware.Invoke(HttpContext httpContext)
   at Swashbuckle.AspNetCore.Swagger.SwaggerMiddleware.Invoke(HttpContext httpContext, ISwaggerProvider swaggerProvider)
   at Serilog.AspNetCore.RequestLoggingMiddleware.Invoke(HttpContext httpContext)
2026-07-05 17:00:35.704 +03:00 [ERR] ShelfsService Serilog.AspNetCore.RequestLoggingMiddleware HTTP GET /shelfs/items/bc540d10-cc61-41a6-8d42-5afdac6a0b1b responded 500 in 522.9403 ms
System.OperationCanceledException: The operation was canceled.
   at System.Threading.CancellationToken.ThrowOperationCanceledException()
   at System.Threading.CancellationToken.ThrowIfCancellationRequested()
   at Npgsql.NpgsqlCommand.ExecuteReader(Boolean async, CommandBehavior behavior, CancellationToken cancellationToken)
   at Npgsql.NpgsqlCommand.ExecuteReader(Boolean async, CommandBehavior behavior, CancellationToken cancellationToken)
   at Npgsql.NpgsqlCommand.ExecuteDbDataReaderAsync(CommandBehavior behavior, CancellationToken cancellationToken)
   at Microsoft.EntityFrameworkCore.Storage.RelationalCommand.ExecuteReaderAsync(RelationalCommandParameterObject parameterObject, CancellationToken cancellationToken)
   at Microsoft.EntityFrameworkCore.Storage.RelationalCommand.ExecuteReaderAsync(RelationalCommandParameterObject parameterObject, CancellationToken cancellationToken)
   at Microsoft.EntityFrameworkCore.Query.Internal.SingleQueryingEnumerable`1.AsyncEnumerator.InitializeReaderAsync(AsyncEnumerator enumerator, CancellationToken cancellationToken)
   at Npgsql.EntityFrameworkCore.PostgreSQL.Storage.Internal.NpgsqlExecutionStrategy.ExecuteAsync[TState,TResult](TState state, Func`4 operation, Func`4 verifySucceeded, CancellationToken cancellationToken)
   at Microsoft.EntityFrameworkCore.Query.Internal.SingleQueryingEnumerable`1.AsyncEnumerator.MoveNextAsync()
   at Microsoft.EntityFrameworkCore.Query.ShapedQueryCompilingExpressionVisitor.SingleOrDefaultAsync[TSource](IAsyncEnumerable`1 asyncEnumerable, CancellationToken cancellationToken)
   at Microsoft.EntityFrameworkCore.Query.ShapedQueryCompilingExpressionVisitor.SingleOrDefaultAsync[TSource](IAsyncEnumerable`1 asyncEnumerable, CancellationToken cancellationToken)
   at ShelfsService.src.ShelfsService.Host.Features.Items.GetItemById.ExecuteAsync(GetItemByIdRequest req, CancellationToken ct) in D:\visualStudio\Projects\OnlineShelf\backend\Microservices\ShelfsService\src\ShelfsService.Host\Features\Items\GetItemById.cs:line 33
   at FastEndpoints.Endpoint`2.ExecAsync(CancellationToken ct)
   at FastEndpoints.Endpoint`2.ExecAsync(CancellationToken ct)
   at Microsoft.AspNetCore.Http.RequestDelegateFactory.ExecuteResultWriteResponse(IResult result, HttpContext httpContext)
   at Microsoft.AspNetCore.Authorization.AuthorizationMiddleware.Invoke(HttpContext context)
   at Microsoft.AspNetCore.Authentication.AuthenticationMiddleware.Invoke(HttpContext context)
   at Swashbuckle.AspNetCore.SwaggerUI.SwaggerUIMiddleware.Invoke(HttpContext httpContext)
   at Swashbuckle.AspNetCore.Swagger.SwaggerMiddleware.Invoke(HttpContext httpContext, ISwaggerProvider swaggerProvider)
   at Serilog.AspNetCore.RequestLoggingMiddleware.Invoke(HttpContext httpContext)
2026-07-05 17:00:35.714 +03:00 [ERR] ShelfsService Microsoft.AspNetCore.Diagnostics.DeveloperExceptionPageMiddleware An unhandled exception has occurred while executing the request.
Grpc.Core.RpcException: Status(StatusCode="Cancelled", Detail="Call canceled by the client.", DebugException="System.OperationCanceledException: The operation was canceled.")
 ---> System.OperationCanceledException: The operation was canceled.
   --- End of inner exception stack trace ---
   at Grpc.Core.AsyncStreamReaderExtensions.ReadAllAsyncCore[T](IAsyncStreamReader`1 streamReader, CancellationToken cancellationToken)+MoveNext()
   at Grpc.Core.AsyncStreamReaderExtensions.ReadAllAsyncCore[T](IAsyncStreamReader`1 streamReader, CancellationToken cancellationToken)+System.Threading.Tasks.Sources.IValueTaskSource<System.Boolean>.GetResult()
   at ShelfsService.src.ShelfsService.Host.Features.Items.GetPhotoByName.ExecuteAsync(GetImageByName req, CancellationToken ct) in D:\visualStudio\Projects\OnlineShelf\backend\Microservices\ShelfsService\src\ShelfsService.Host\Features\Images\GetImageByName.cs:line 50
   at ShelfsService.src.ShelfsService.Host.Features.Items.GetPhotoByName.ExecuteAsync(GetImageByName req, CancellationToken ct) in D:\visualStudio\Projects\OnlineShelf\backend\Microservices\ShelfsService\src\ShelfsService.Host\Features\Images\GetImageByName.cs:line 50
   at FastEndpoints.Endpoint`2.ExecAsync(CancellationToken ct)
   at FastEndpoints.Endpoint`2.ExecAsync(CancellationToken ct)
   at Microsoft.AspNetCore.Http.RequestDelegateFactory.ExecuteResultWriteResponse(IResult result, HttpContext httpContext)
   at Microsoft.AspNetCore.Authorization.AuthorizationMiddleware.Invoke(HttpContext context)
   at Microsoft.AspNetCore.Authentication.AuthenticationMiddleware.Invoke(HttpContext context)
   at Swashbuckle.AspNetCore.SwaggerUI.SwaggerUIMiddleware.Invoke(HttpContext httpContext)
   at Swashbuckle.AspNetCore.Swagger.SwaggerMiddleware.Invoke(HttpContext httpContext, ISwaggerProvider swaggerProvider)
   at Serilog.AspNetCore.RequestLoggingMiddleware.Invoke(HttpContext httpContext)
   at Microsoft.AspNetCore.Diagnostics.DeveloperExceptionPageMiddlewareImpl.Invoke(HttpContext context)
2026-07-05 17:00:39.509 +03:00 [ERR] ShelfsService Serilog.AspNetCore.RequestLoggingMiddleware HTTP GET /shelfs/image/get-image/4b1f3cdf-fa97-4744-a677-47c0969b6af8_big.webp responded 500 in 2852.3351 ms
Grpc.Core.RpcException: Status(StatusCode="Unavailable", Detail="Error connecting to subchannel.", DebugException="System.Net.Sockets.SocketException: No such host is known.")
 ---> System.Net.Sockets.SocketException (11001): No such host is known.
   at System.Net.Sockets.Socket.AwaitableSocketAsyncEventArgs.ThrowException(SocketError error, CancellationToken cancellationToken)
   at System.Net.Sockets.Socket.AwaitableSocketAsyncEventArgs.System.Threading.Tasks.Sources.IValueTaskSource.GetResult(Int16 token)
   at System.Net.Sockets.Socket.<ConnectAsync>g__WaitForConnectWithCancellation|285_0(AwaitableSocketAsyncEventArgs saea, ValueTask connectTask, CancellationToken cancellationToken)
   at Grpc.Net.Client.Balancer.Internal.SocketConnectivitySubchannelTransport.TryConnectAsync(ConnectContext context, Int32 attempt)
   --- End of inner exception stack trace ---
   at Grpc.Net.Client.Internal.HttpContentClientStreamReader`2.MoveNextCore(CancellationToken cancellationToken)
   at Grpc.Core.AsyncStreamReaderExtensions.ReadAllAsyncCore[T](IAsyncStreamReader`1 streamReader, CancellationToken cancellationToken)+MoveNext()
   at Grpc.Core.AsyncStreamReaderExtensions.ReadAllAsyncCore[T](IAsyncStreamReader`1 streamReader, CancellationToken cancellationToken)+System.Threading.Tasks.Sources.IValueTaskSource<System.Boolean>.GetResult()
   at ShelfsService.src.ShelfsService.Host.Features.Items.GetPhotoByName.ExecuteAsync(GetImageByName req, CancellationToken ct) in D:\visualStudio\Projects\OnlineShelf\backend\Microservices\ShelfsService\src\ShelfsService.Host\Features\Images\GetImageByName.cs:line 50
   at ShelfsService.src.ShelfsService.Host.Features.Items.GetPhotoByName.ExecuteAsync(GetImageByName req, CancellationToken ct) in D:\visualStudio\Projects\OnlineShelf\backend\Microservices\ShelfsService\src\ShelfsService.Host\Features\Images\GetImageByName.cs:line 50
   at FastEndpoints.Endpoint`2.ExecAsync(CancellationToken ct)
   at FastEndpoints.Endpoint`2.ExecAsync(CancellationToken ct)
   at Microsoft.AspNetCore.Http.RequestDelegateFactory.ExecuteResultWriteResponse(IResult result, HttpContext httpContext)
   at Microsoft.AspNetCore.Authorization.AuthorizationMiddleware.Invoke(HttpContext context)
   at Microsoft.AspNetCore.Authentication.AuthenticationMiddleware.Invoke(HttpContext context)
   at Swashbuckle.AspNetCore.SwaggerUI.SwaggerUIMiddleware.Invoke(HttpContext httpContext)
   at Swashbuckle.AspNetCore.Swagger.SwaggerMiddleware.Invoke(HttpContext httpContext, ISwaggerProvider swaggerProvider)
   at Serilog.AspNetCore.RequestLoggingMiddleware.Invoke(HttpContext httpContext)
2026-07-05 17:00:39.513 +03:00 [ERR] ShelfsService Microsoft.AspNetCore.Diagnostics.DeveloperExceptionPageMiddleware An unhandled exception has occurred while executing the request.
Grpc.Core.RpcException: Status(StatusCode="Unavailable", Detail="Error connecting to subchannel.", DebugException="System.Net.Sockets.SocketException: No such host is known.")
 ---> System.Net.Sockets.SocketException (11001): No such host is known.
   at System.Net.Sockets.Socket.AwaitableSocketAsyncEventArgs.ThrowException(SocketError error, CancellationToken cancellationToken)
   at System.Net.Sockets.Socket.AwaitableSocketAsyncEventArgs.System.Threading.Tasks.Sources.IValueTaskSource.GetResult(Int16 token)
   at System.Net.Sockets.Socket.<ConnectAsync>g__WaitForConnectWithCancellation|285_0(AwaitableSocketAsyncEventArgs saea, ValueTask connectTask, CancellationToken cancellationToken)
   at Grpc.Net.Client.Balancer.Internal.SocketConnectivitySubchannelTransport.TryConnectAsync(ConnectContext context, Int32 attempt)
   --- End of inner exception stack trace ---
   at Grpc.Net.Client.Internal.HttpContentClientStreamReader`2.MoveNextCore(CancellationToken cancellationToken)
   at Grpc.Core.AsyncStreamReaderExtensions.ReadAllAsyncCore[T](IAsyncStreamReader`1 streamReader, CancellationToken cancellationToken)+MoveNext()
   at Grpc.Core.AsyncStreamReaderExtensions.ReadAllAsyncCore[T](IAsyncStreamReader`1 streamReader, CancellationToken cancellationToken)+System.Threading.Tasks.Sources.IValueTaskSource<System.Boolean>.GetResult()
   at ShelfsService.src.ShelfsService.Host.Features.Items.GetPhotoByName.ExecuteAsync(GetImageByName req, CancellationToken ct) in D:\visualStudio\Projects\OnlineShelf\backend\Microservices\ShelfsService\src\ShelfsService.Host\Features\Images\GetImageByName.cs:line 50
   at ShelfsService.src.ShelfsService.Host.Features.Items.GetPhotoByName.ExecuteAsync(GetImageByName req, CancellationToken ct) in D:\visualStudio\Projects\OnlineShelf\backend\Microservices\ShelfsService\src\ShelfsService.Host\Features\Images\GetImageByName.cs:line 50
   at FastEndpoints.Endpoint`2.ExecAsync(CancellationToken ct)
   at FastEndpoints.Endpoint`2.ExecAsync(CancellationToken ct)
   at Microsoft.AspNetCore.Http.RequestDelegateFactory.ExecuteResultWriteResponse(IResult result, HttpContext httpContext)
   at Microsoft.AspNetCore.Authorization.AuthorizationMiddleware.Invoke(HttpContext context)
   at Microsoft.AspNetCore.Authentication.AuthenticationMiddleware.Invoke(HttpContext context)
   at Swashbuckle.AspNetCore.SwaggerUI.SwaggerUIMiddleware.Invoke(HttpContext httpContext)
   at Swashbuckle.AspNetCore.Swagger.SwaggerMiddleware.Invoke(HttpContext httpContext, ISwaggerProvider swaggerProvider)
   at Serilog.AspNetCore.RequestLoggingMiddleware.Invoke(HttpContext httpContext)
   at Microsoft.AspNetCore.Diagnostics.DeveloperExceptionPageMiddlewareImpl.Invoke(HttpContext context)
2026-07-05 17:00:43.025 +03:00 [ERR] ShelfsService Serilog.AspNetCore.RequestLoggingMiddleware HTTP GET /shelfs/image/get-image/4b1f3cdf-fa97-4744-a677-47c0969b6af8_big.webp responded 500 in 2491.6151 ms
Grpc.Core.RpcException: Status(StatusCode="Unavailable", Detail="Error connecting to subchannel.", DebugException="System.Net.Sockets.SocketException: No such host is known.")
 ---> System.Net.Sockets.SocketException (11001): No such host is known.
   at System.Net.Sockets.Socket.AwaitableSocketAsyncEventArgs.ThrowException(SocketError error, CancellationToken cancellationToken)
   at System.Net.Sockets.Socket.AwaitableSocketAsyncEventArgs.System.Threading.Tasks.Sources.IValueTaskSource.GetResult(Int16 token)
   at System.Net.Sockets.Socket.<ConnectAsync>g__WaitForConnectWithCancellation|285_0(AwaitableSocketAsyncEventArgs saea, ValueTask connectTask, CancellationToken cancellationToken)
   at Grpc.Net.Client.Balancer.Internal.SocketConnectivitySubchannelTransport.TryConnectAsync(ConnectContext context, Int32 attempt)
   --- End of inner exception stack trace ---
   at Grpc.Net.Client.Internal.HttpContentClientStreamReader`2.MoveNextCore(CancellationToken cancellationToken)
   at Grpc.Core.AsyncStreamReaderExtensions.ReadAllAsyncCore[T](IAsyncStreamReader`1 streamReader, CancellationToken cancellationToken)+MoveNext()
   at Grpc.Core.AsyncStreamReaderExtensions.ReadAllAsyncCore[T](IAsyncStreamReader`1 streamReader, CancellationToken cancellationToken)+System.Threading.Tasks.Sources.IValueTaskSource<System.Boolean>.GetResult()
   at ShelfsService.src.ShelfsService.Host.Features.Items.GetPhotoByName.ExecuteAsync(GetImageByName req, CancellationToken ct) in D:\visualStudio\Projects\OnlineShelf\backend\Microservices\ShelfsService\src\ShelfsService.Host\Features\Images\GetImageByName.cs:line 50
   at ShelfsService.src.ShelfsService.Host.Features.Items.GetPhotoByName.ExecuteAsync(GetImageByName req, CancellationToken ct) in D:\visualStudio\Projects\OnlineShelf\backend\Microservices\ShelfsService\src\ShelfsService.Host\Features\Images\GetImageByName.cs:line 50
   at FastEndpoints.Endpoint`2.ExecAsync(CancellationToken ct)
   at FastEndpoints.Endpoint`2.ExecAsync(CancellationToken ct)
   at Microsoft.AspNetCore.Http.RequestDelegateFactory.ExecuteResultWriteResponse(IResult result, HttpContext httpContext)
   at Microsoft.AspNetCore.Authorization.AuthorizationMiddleware.Invoke(HttpContext context)
   at Microsoft.AspNetCore.Authentication.AuthenticationMiddleware.Invoke(HttpContext context)
   at Swashbuckle.AspNetCore.SwaggerUI.SwaggerUIMiddleware.Invoke(HttpContext httpContext)
   at Swashbuckle.AspNetCore.Swagger.SwaggerMiddleware.Invoke(HttpContext httpContext, ISwaggerProvider swaggerProvider)
   at Serilog.AspNetCore.RequestLoggingMiddleware.Invoke(HttpContext httpContext)
2026-07-05 17:00:43.028 +03:00 [ERR] ShelfsService Microsoft.AspNetCore.Diagnostics.DeveloperExceptionPageMiddleware An unhandled exception has occurred while executing the request.
Grpc.Core.RpcException: Status(StatusCode="Unavailable", Detail="Error connecting to subchannel.", DebugException="System.Net.Sockets.SocketException: No such host is known.")
 ---> System.Net.Sockets.SocketException (11001): No such host is known.
   at System.Net.Sockets.Socket.AwaitableSocketAsyncEventArgs.ThrowException(SocketError error, CancellationToken cancellationToken)
   at System.Net.Sockets.Socket.AwaitableSocketAsyncEventArgs.System.Threading.Tasks.Sources.IValueTaskSource.GetResult(Int16 token)
   at System.Net.Sockets.Socket.<ConnectAsync>g__WaitForConnectWithCancellation|285_0(AwaitableSocketAsyncEventArgs saea, ValueTask connectTask, CancellationToken cancellationToken)
   at Grpc.Net.Client.Balancer.Internal.SocketConnectivitySubchannelTransport.TryConnectAsync(ConnectContext context, Int32 attempt)
   --- End of inner exception stack trace ---
   at Grpc.Net.Client.Internal.HttpContentClientStreamReader`2.MoveNextCore(CancellationToken cancellationToken)
   at Grpc.Core.AsyncStreamReaderExtensions.ReadAllAsyncCore[T](IAsyncStreamReader`1 streamReader, CancellationToken cancellationToken)+MoveNext()
   at Grpc.Core.AsyncStreamReaderExtensions.ReadAllAsyncCore[T](IAsyncStreamReader`1 streamReader, CancellationToken cancellationToken)+System.Threading.Tasks.Sources.IValueTaskSource<System.Boolean>.GetResult()
   at ShelfsService.src.ShelfsService.Host.Features.Items.GetPhotoByName.ExecuteAsync(GetImageByName req, CancellationToken ct) in D:\visualStudio\Projects\OnlineShelf\backend\Microservices\ShelfsService\src\ShelfsService.Host\Features\Images\GetImageByName.cs:line 50
   at ShelfsService.src.ShelfsService.Host.Features.Items.GetPhotoByName.ExecuteAsync(GetImageByName req, CancellationToken ct) in D:\visualStudio\Projects\OnlineShelf\backend\Microservices\ShelfsService\src\ShelfsService.Host\Features\Images\GetImageByName.cs:line 50
   at FastEndpoints.Endpoint`2.ExecAsync(CancellationToken ct)
   at FastEndpoints.Endpoint`2.ExecAsync(CancellationToken ct)
   at Microsoft.AspNetCore.Http.RequestDelegateFactory.ExecuteResultWriteResponse(IResult result, HttpContext httpContext)
   at Microsoft.AspNetCore.Authorization.AuthorizationMiddleware.Invoke(HttpContext context)
   at Microsoft.AspNetCore.Authentication.AuthenticationMiddleware.Invoke(HttpContext context)
   at Swashbuckle.AspNetCore.SwaggerUI.SwaggerUIMiddleware.Invoke(HttpContext httpContext)
   at Swashbuckle.AspNetCore.Swagger.SwaggerMiddleware.Invoke(HttpContext httpContext, ISwaggerProvider swaggerProvider)
   at Serilog.AspNetCore.RequestLoggingMiddleware.Invoke(HttpContext httpContext)
   at Microsoft.AspNetCore.Diagnostics.DeveloperExceptionPageMiddlewareImpl.Invoke(HttpContext context)
2026-07-05 17:00:47.144 +03:00 [ERR] ShelfsService Serilog.AspNetCore.RequestLoggingMiddleware HTTP GET /shelfs/image/get-image/4b1f3cdf-fa97-4744-a677-47c0969b6af8_big.webp responded 500 in 2096.5584 ms
Grpc.Core.RpcException: Status(StatusCode="Unavailable", Detail="Error connecting to subchannel.", DebugException="System.Net.Sockets.SocketException: No such host is known.")
 ---> System.Net.Sockets.SocketException (11001): No such host is known.
   at System.Net.Sockets.Socket.AwaitableSocketAsyncEventArgs.ThrowException(SocketError error, CancellationToken cancellationToken)
   at System.Net.Sockets.Socket.AwaitableSocketAsyncEventArgs.System.Threading.Tasks.Sources.IValueTaskSource.GetResult(Int16 token)
   at System.Net.Sockets.Socket.<ConnectAsync>g__WaitForConnectWithCancellation|285_0(AwaitableSocketAsyncEventArgs saea, ValueTask connectTask, CancellationToken cancellationToken)
   at Grpc.Net.Client.Balancer.Internal.SocketConnectivitySubchannelTransport.TryConnectAsync(ConnectContext context, Int32 attempt)
   --- End of inner exception stack trace ---
   at Grpc.Net.Client.Internal.HttpContentClientStreamReader`2.MoveNextCore(CancellationToken cancellationToken)
   at Grpc.Core.AsyncStreamReaderExtensions.ReadAllAsyncCore[T](IAsyncStreamReader`1 streamReader, CancellationToken cancellationToken)+MoveNext()
   at Grpc.Core.AsyncStreamReaderExtensions.ReadAllAsyncCore[T](IAsyncStreamReader`1 streamReader, CancellationToken cancellationToken)+System.Threading.Tasks.Sources.IValueTaskSource<System.Boolean>.GetResult()
   at ShelfsService.src.ShelfsService.Host.Features.Items.GetPhotoByName.ExecuteAsync(GetImageByName req, CancellationToken ct) in D:\visualStudio\Projects\OnlineShelf\backend\Microservices\ShelfsService\src\ShelfsService.Host\Features\Images\GetImageByName.cs:line 50
   at ShelfsService.src.ShelfsService.Host.Features.Items.GetPhotoByName.ExecuteAsync(GetImageByName req, CancellationToken ct) in D:\visualStudio\Projects\OnlineShelf\backend\Microservices\ShelfsService\src\ShelfsService.Host\Features\Images\GetImageByName.cs:line 50
   at FastEndpoints.Endpoint`2.ExecAsync(CancellationToken ct)
   at FastEndpoints.Endpoint`2.ExecAsync(CancellationToken ct)
   at Microsoft.AspNetCore.Http.RequestDelegateFactory.ExecuteResultWriteResponse(IResult result, HttpContext httpContext)
   at Microsoft.AspNetCore.Authorization.AuthorizationMiddleware.Invoke(HttpContext context)
   at Microsoft.AspNetCore.Authentication.AuthenticationMiddleware.Invoke(HttpContext context)
   at Swashbuckle.AspNetCore.SwaggerUI.SwaggerUIMiddleware.Invoke(HttpContext httpContext)
   at Swashbuckle.AspNetCore.Swagger.SwaggerMiddleware.Invoke(HttpContext httpContext, ISwaggerProvider swaggerProvider)
   at Serilog.AspNetCore.RequestLoggingMiddleware.Invoke(HttpContext httpContext)
2026-07-05 17:00:47.148 +03:00 [ERR] ShelfsService Microsoft.AspNetCore.Diagnostics.DeveloperExceptionPageMiddleware An unhandled exception has occurred while executing the request.
Grpc.Core.RpcException: Status(StatusCode="Unavailable", Detail="Error connecting to subchannel.", DebugException="System.Net.Sockets.SocketException: No such host is known.")
 ---> System.Net.Sockets.SocketException (11001): No such host is known.
   at System.Net.Sockets.Socket.AwaitableSocketAsyncEventArgs.ThrowException(SocketError error, CancellationToken cancellationToken)
   at System.Net.Sockets.Socket.AwaitableSocketAsyncEventArgs.System.Threading.Tasks.Sources.IValueTaskSource.GetResult(Int16 token)
   at System.Net.Sockets.Socket.<ConnectAsync>g__WaitForConnectWithCancellation|285_0(AwaitableSocketAsyncEventArgs saea, ValueTask connectTask, CancellationToken cancellationToken)
   at Grpc.Net.Client.Balancer.Internal.SocketConnectivitySubchannelTransport.TryConnectAsync(ConnectContext context, Int32 attempt)
   --- End of inner exception stack trace ---
   at Grpc.Net.Client.Internal.HttpContentClientStreamReader`2.MoveNextCore(CancellationToken cancellationToken)
   at Grpc.Core.AsyncStreamReaderExtensions.ReadAllAsyncCore[T](IAsyncStreamReader`1 streamReader, CancellationToken cancellationToken)+MoveNext()
   at Grpc.Core.AsyncStreamReaderExtensions.ReadAllAsyncCore[T](IAsyncStreamReader`1 streamReader, CancellationToken cancellationToken)+System.Threading.Tasks.Sources.IValueTaskSource<System.Boolean>.GetResult()
   at ShelfsService.src.ShelfsService.Host.Features.Items.GetPhotoByName.ExecuteAsync(GetImageByName req, CancellationToken ct) in D:\visualStudio\Projects\OnlineShelf\backend\Microservices\ShelfsService\src\ShelfsService.Host\Features\Images\GetImageByName.cs:line 50
   at ShelfsService.src.ShelfsService.Host.Features.Items.GetPhotoByName.ExecuteAsync(GetImageByName req, CancellationToken ct) in D:\visualStudio\Projects\OnlineShelf\backend\Microservices\ShelfsService\src\ShelfsService.Host\Features\Images\GetImageByName.cs:line 50
   at FastEndpoints.Endpoint`2.ExecAsync(CancellationToken ct)
   at FastEndpoints.Endpoint`2.ExecAsync(CancellationToken ct)
   at Microsoft.AspNetCore.Http.RequestDelegateFactory.ExecuteResultWriteResponse(IResult result, HttpContext httpContext)
   at Microsoft.AspNetCore.Authorization.AuthorizationMiddleware.Invoke(HttpContext context)
   at Microsoft.AspNetCore.Authentication.AuthenticationMiddleware.Invoke(HttpContext context)
   at Swashbuckle.AspNetCore.SwaggerUI.SwaggerUIMiddleware.Invoke(HttpContext httpContext)
   at Swashbuckle.AspNetCore.Swagger.SwaggerMiddleware.Invoke(HttpContext httpContext, ISwaggerProvider swaggerProvider)
   at Serilog.AspNetCore.RequestLoggingMiddleware.Invoke(HttpContext httpContext)
   at Microsoft.AspNetCore.Diagnostics.DeveloperExceptionPageMiddlewareImpl.Invoke(HttpContext context)
2026-07-05 17:00:52.514 +03:00 [ERR] ShelfsService Serilog.AspNetCore.RequestLoggingMiddleware HTTP GET /shelfs/image/get-image/4b1f3cdf-fa97-4744-a677-47c0969b6af8_big.webp responded 500 in 1345.4603 ms
Grpc.Core.RpcException: Status(StatusCode="Unavailable", Detail="Error connecting to subchannel.", DebugException="System.Net.Sockets.SocketException: No such host is known.")
 ---> System.Net.Sockets.SocketException (11001): No such host is known.
   at System.Net.Sockets.Socket.AwaitableSocketAsyncEventArgs.ThrowException(SocketError error, CancellationToken cancellationToken)
   at System.Net.Sockets.Socket.AwaitableSocketAsyncEventArgs.System.Threading.Tasks.Sources.IValueTaskSource.GetResult(Int16 token)
   at System.Net.Sockets.Socket.<ConnectAsync>g__WaitForConnectWithCancellation|285_0(AwaitableSocketAsyncEventArgs saea, ValueTask connectTask, CancellationToken cancellationToken)
   at Grpc.Net.Client.Balancer.Internal.SocketConnectivitySubchannelTransport.TryConnectAsync(ConnectContext context, Int32 attempt)
   --- End of inner exception stack trace ---
   at Grpc.Net.Client.Internal.HttpContentClientStreamReader`2.MoveNextCore(CancellationToken cancellationToken)
   at Grpc.Core.AsyncStreamReaderExtensions.ReadAllAsyncCore[T](IAsyncStreamReader`1 streamReader, CancellationToken cancellationToken)+MoveNext()
   at Grpc.Core.AsyncStreamReaderExtensions.ReadAllAsyncCore[T](IAsyncStreamReader`1 streamReader, CancellationToken cancellationToken)+System.Threading.Tasks.Sources.IValueTaskSource<System.Boolean>.GetResult()
   at ShelfsService.src.ShelfsService.Host.Features.Items.GetPhotoByName.ExecuteAsync(GetImageByName req, CancellationToken ct) in D:\visualStudio\Projects\OnlineShelf\backend\Microservices\ShelfsService\src\ShelfsService.Host\Features\Images\GetImageByName.cs:line 50
   at ShelfsService.src.ShelfsService.Host.Features.Items.GetPhotoByName.ExecuteAsync(GetImageByName req, CancellationToken ct) in D:\visualStudio\Projects\OnlineShelf\backend\Microservices\ShelfsService\src\ShelfsService.Host\Features\Images\GetImageByName.cs:line 50
   at FastEndpoints.Endpoint`2.ExecAsync(CancellationToken ct)
   at FastEndpoints.Endpoint`2.ExecAsync(CancellationToken ct)
   at Microsoft.AspNetCore.Http.RequestDelegateFactory.ExecuteResultWriteResponse(IResult result, HttpContext httpContext)
   at Microsoft.AspNetCore.Authorization.AuthorizationMiddleware.Invoke(HttpContext context)
   at Microsoft.AspNetCore.Authentication.AuthenticationMiddleware.Invoke(HttpContext context)
   at Swashbuckle.AspNetCore.SwaggerUI.SwaggerUIMiddleware.Invoke(HttpContext httpContext)
   at Swashbuckle.AspNetCore.Swagger.SwaggerMiddleware.Invoke(HttpContext httpContext, ISwaggerProvider swaggerProvider)
   at Serilog.AspNetCore.RequestLoggingMiddleware.Invoke(HttpContext httpContext)
2026-07-05 17:00:52.518 +03:00 [ERR] ShelfsService Microsoft.AspNetCore.Diagnostics.DeveloperExceptionPageMiddleware An unhandled exception has occurred while executing the request.
Grpc.Core.RpcException: Status(StatusCode="Unavailable", Detail="Error connecting to subchannel.", DebugException="System.Net.Sockets.SocketException: No such host is known.")
 ---> System.Net.Sockets.SocketException (11001): No such host is known.
   at System.Net.Sockets.Socket.AwaitableSocketAsyncEventArgs.ThrowException(SocketError error, CancellationToken cancellationToken)
   at System.Net.Sockets.Socket.AwaitableSocketAsyncEventArgs.System.Threading.Tasks.Sources.IValueTaskSource.GetResult(Int16 token)
   at System.Net.Sockets.Socket.<ConnectAsync>g__WaitForConnectWithCancellation|285_0(AwaitableSocketAsyncEventArgs saea, ValueTask connectTask, CancellationToken cancellationToken)
   at Grpc.Net.Client.Balancer.Internal.SocketConnectivitySubchannelTransport.TryConnectAsync(ConnectContext context, Int32 attempt)
   --- End of inner exception stack trace ---
   at Grpc.Net.Client.Internal.HttpContentClientStreamReader`2.MoveNextCore(CancellationToken cancellationToken)
   at Grpc.Core.AsyncStreamReaderExtensions.ReadAllAsyncCore[T](IAsyncStreamReader`1 streamReader, CancellationToken cancellationToken)+MoveNext()
   at Grpc.Core.AsyncStreamReaderExtensions.ReadAllAsyncCore[T](IAsyncStreamReader`1 streamReader, CancellationToken cancellationToken)+System.Threading.Tasks.Sources.IValueTaskSource<System.Boolean>.GetResult()
   at ShelfsService.src.ShelfsService.Host.Features.Items.GetPhotoByName.ExecuteAsync(GetImageByName req, CancellationToken ct) in D:\visualStudio\Projects\OnlineShelf\backend\Microservices\ShelfsService\src\ShelfsService.Host\Features\Images\GetImageByName.cs:line 50
   at ShelfsService.src.ShelfsService.Host.Features.Items.GetPhotoByName.ExecuteAsync(GetImageByName req, CancellationToken ct) in D:\visualStudio\Projects\OnlineShelf\backend\Microservices\ShelfsService\src\ShelfsService.Host\Features\Images\GetImageByName.cs:line 50
   at FastEndpoints.Endpoint`2.ExecAsync(CancellationToken ct)
   at FastEndpoints.Endpoint`2.ExecAsync(CancellationToken ct)
   at Microsoft.AspNetCore.Http.RequestDelegateFactory.ExecuteResultWriteResponse(IResult result, HttpContext httpContext)
   at Microsoft.AspNetCore.Authorization.AuthorizationMiddleware.Invoke(HttpContext context)
   at Microsoft.AspNetCore.Authentication.AuthenticationMiddleware.Invoke(HttpContext context)
   at Swashbuckle.AspNetCore.SwaggerUI.SwaggerUIMiddleware.Invoke(HttpContext httpContext)
   at Swashbuckle.AspNetCore.Swagger.SwaggerMiddleware.Invoke(HttpContext httpContext, ISwaggerProvider swaggerProvider)
   at Serilog.AspNetCore.RequestLoggingMiddleware.Invoke(HttpContext httpContext)
   at Microsoft.AspNetCore.Diagnostics.DeveloperExceptionPageMiddlewareImpl.Invoke(HttpContext context)
2026-07-05 17:01:08.733 +03:00 [ERR] ShelfsService Serilog.AspNetCore.RequestLoggingMiddleware HTTP GET /shelfs/image/get-image/4b1f3cdf-fa97-4744-a677-47c0969b6af8_big.webp responded 500 in 57.5729 ms
Grpc.Core.RpcException: Status(StatusCode="Unavailable", Detail="Error connecting to subchannel.", DebugException="System.Net.Sockets.SocketException: No such host is known.")
 ---> System.Net.Sockets.SocketException (11001): No such host is known.
   at System.Net.Sockets.Socket.AwaitableSocketAsyncEventArgs.ThrowException(SocketError error, CancellationToken cancellationToken)
   at System.Net.Sockets.Socket.AwaitableSocketAsyncEventArgs.System.Threading.Tasks.Sources.IValueTaskSource.GetResult(Int16 token)
   at System.Net.Sockets.Socket.<ConnectAsync>g__WaitForConnectWithCancellation|285_0(AwaitableSocketAsyncEventArgs saea, ValueTask connectTask, CancellationToken cancellationToken)
   at Grpc.Net.Client.Balancer.Internal.SocketConnectivitySubchannelTransport.TryConnectAsync(ConnectContext context, Int32 attempt)
   --- End of inner exception stack trace ---
   at Grpc.Core.AsyncStreamReaderExtensions.ReadAllAsyncCore[T](IAsyncStreamReader`1 streamReader, CancellationToken cancellationToken)+MoveNext()
   at Grpc.Core.AsyncStreamReaderExtensions.ReadAllAsyncCore[T](IAsyncStreamReader`1 streamReader, CancellationToken cancellationToken)+System.Threading.Tasks.Sources.IValueTaskSource<System.Boolean>.GetResult()
   at ShelfsService.src.ShelfsService.Host.Features.Items.GetPhotoByName.ExecuteAsync(GetImageByName req, CancellationToken ct) in D:\visualStudio\Projects\OnlineShelf\backend\Microservices\ShelfsService\src\ShelfsService.Host\Features\Images\GetImageByName.cs:line 50
   at ShelfsService.src.ShelfsService.Host.Features.Items.GetPhotoByName.ExecuteAsync(GetImageByName req, CancellationToken ct) in D:\visualStudio\Projects\OnlineShelf\backend\Microservices\ShelfsService\src\ShelfsService.Host\Features\Images\GetImageByName.cs:line 50
   at FastEndpoints.Endpoint`2.ExecAsync(CancellationToken ct)
   at FastEndpoints.Endpoint`2.ExecAsync(CancellationToken ct)
   at Microsoft.AspNetCore.Http.RequestDelegateFactory.ExecuteResultWriteResponse(IResult result, HttpContext httpContext)
   at Microsoft.AspNetCore.Authorization.AuthorizationMiddleware.Invoke(HttpContext context)
   at Microsoft.AspNetCore.Authentication.AuthenticationMiddleware.Invoke(HttpContext context)
   at Swashbuckle.AspNetCore.SwaggerUI.SwaggerUIMiddleware.Invoke(HttpContext httpContext)
   at Swashbuckle.AspNetCore.Swagger.SwaggerMiddleware.Invoke(HttpContext httpContext, ISwaggerProvider swaggerProvider)
   at Serilog.AspNetCore.RequestLoggingMiddleware.Invoke(HttpContext httpContext)
2026-07-05 17:01:08.737 +03:00 [ERR] ShelfsService Microsoft.AspNetCore.Diagnostics.DeveloperExceptionPageMiddleware An unhandled exception has occurred while executing the request.
Grpc.Core.RpcException: Status(StatusCode="Unavailable", Detail="Error connecting to subchannel.", DebugException="System.Net.Sockets.SocketException: No such host is known.")
 ---> System.Net.Sockets.SocketException (11001): No such host is known.
   at System.Net.Sockets.Socket.AwaitableSocketAsyncEventArgs.ThrowException(SocketError error, CancellationToken cancellationToken)
   at System.Net.Sockets.Socket.AwaitableSocketAsyncEventArgs.System.Threading.Tasks.Sources.IValueTaskSource.GetResult(Int16 token)
   at System.Net.Sockets.Socket.<ConnectAsync>g__WaitForConnectWithCancellation|285_0(AwaitableSocketAsyncEventArgs saea, ValueTask connectTask, CancellationToken cancellationToken)
   at Grpc.Net.Client.Balancer.Internal.SocketConnectivitySubchannelTransport.TryConnectAsync(ConnectContext context, Int32 attempt)
   --- End of inner exception stack trace ---
   at Grpc.Core.AsyncStreamReaderExtensions.ReadAllAsyncCore[T](IAsyncStreamReader`1 streamReader, CancellationToken cancellationToken)+MoveNext()
   at Grpc.Core.AsyncStreamReaderExtensions.ReadAllAsyncCore[T](IAsyncStreamReader`1 streamReader, CancellationToken cancellationToken)+System.Threading.Tasks.Sources.IValueTaskSource<System.Boolean>.GetResult()
   at ShelfsService.src.ShelfsService.Host.Features.Items.GetPhotoByName.ExecuteAsync(GetImageByName req, CancellationToken ct) in D:\visualStudio\Projects\OnlineShelf\backend\Microservices\ShelfsService\src\ShelfsService.Host\Features\Images\GetImageByName.cs:line 50
   at ShelfsService.src.ShelfsService.Host.Features.Items.GetPhotoByName.ExecuteAsync(GetImageByName req, CancellationToken ct) in D:\visualStudio\Projects\OnlineShelf\backend\Microservices\ShelfsService\src\ShelfsService.Host\Features\Images\GetImageByName.cs:line 50
   at FastEndpoints.Endpoint`2.ExecAsync(CancellationToken ct)
   at FastEndpoints.Endpoint`2.ExecAsync(CancellationToken ct)
   at Microsoft.AspNetCore.Http.RequestDelegateFactory.ExecuteResultWriteResponse(IResult result, HttpContext httpContext)
   at Microsoft.AspNetCore.Authorization.AuthorizationMiddleware.Invoke(HttpContext context)
   at Microsoft.AspNetCore.Authentication.AuthenticationMiddleware.Invoke(HttpContext context)
   at Swashbuckle.AspNetCore.SwaggerUI.SwaggerUIMiddleware.Invoke(HttpContext httpContext)
   at Swashbuckle.AspNetCore.Swagger.SwaggerMiddleware.Invoke(HttpContext httpContext, ISwaggerProvider swaggerProvider)
   at Serilog.AspNetCore.RequestLoggingMiddleware.Invoke(HttpContext httpContext)
   at Microsoft.AspNetCore.Diagnostics.DeveloperExceptionPageMiddlewareImpl.Invoke(HttpContext context)
2026-07-05 17:01:10.402 +03:00 [ERR] ShelfsService Serilog.AspNetCore.RequestLoggingMiddleware HTTP GET /shelfs/image/get-image/4b1f3cdf-fa97-4744-a677-47c0969b6af8_big.webp responded 500 in 54.8848 ms
Grpc.Core.RpcException: Status(StatusCode="Unavailable", Detail="Error connecting to subchannel.", DebugException="System.Net.Sockets.SocketException: No such host is known.")
 ---> System.Net.Sockets.SocketException (11001): No such host is known.
   at System.Net.Sockets.Socket.AwaitableSocketAsyncEventArgs.ThrowException(SocketError error, CancellationToken cancellationToken)
   at System.Net.Sockets.Socket.AwaitableSocketAsyncEventArgs.System.Threading.Tasks.Sources.IValueTaskSource.GetResult(Int16 token)
   at System.Net.Sockets.Socket.<ConnectAsync>g__WaitForConnectWithCancellation|285_0(AwaitableSocketAsyncEventArgs saea, ValueTask connectTask, CancellationToken cancellationToken)
   at Grpc.Net.Client.Balancer.Internal.SocketConnectivitySubchannelTransport.TryConnectAsync(ConnectContext context, Int32 attempt)
   --- End of inner exception stack trace ---
   at Grpc.Core.AsyncStreamReaderExtensions.ReadAllAsyncCore[T](IAsyncStreamReader`1 streamReader, CancellationToken cancellationToken)+MoveNext()
   at Grpc.Core.AsyncStreamReaderExtensions.ReadAllAsyncCore[T](IAsyncStreamReader`1 streamReader, CancellationToken cancellationToken)+System.Threading.Tasks.Sources.IValueTaskSource<System.Boolean>.GetResult()
   at ShelfsService.src.ShelfsService.Host.Features.Items.GetPhotoByName.ExecuteAsync(GetImageByName req, CancellationToken ct) in D:\visualStudio\Projects\OnlineShelf\backend\Microservices\ShelfsService\src\ShelfsService.Host\Features\Images\GetImageByName.cs:line 50
   at ShelfsService.src.ShelfsService.Host.Features.Items.GetPhotoByName.ExecuteAsync(GetImageByName req, CancellationToken ct) in D:\visualStudio\Projects\OnlineShelf\backend\Microservices\ShelfsService\src\ShelfsService.Host\Features\Images\GetImageByName.cs:line 50
   at FastEndpoints.Endpoint`2.ExecAsync(CancellationToken ct)
   at FastEndpoints.Endpoint`2.ExecAsync(CancellationToken ct)
   at Microsoft.AspNetCore.Http.RequestDelegateFactory.ExecuteResultWriteResponse(IResult result, HttpContext httpContext)
   at Microsoft.AspNetCore.Authorization.AuthorizationMiddleware.Invoke(HttpContext context)
   at Microsoft.AspNetCore.Authentication.AuthenticationMiddleware.Invoke(HttpContext context)
   at Swashbuckle.AspNetCore.SwaggerUI.SwaggerUIMiddleware.Invoke(HttpContext httpContext)
   at Swashbuckle.AspNetCore.Swagger.SwaggerMiddleware.Invoke(HttpContext httpContext, ISwaggerProvider swaggerProvider)
   at Serilog.AspNetCore.RequestLoggingMiddleware.Invoke(HttpContext httpContext)
2026-07-05 17:01:10.406 +03:00 [ERR] ShelfsService Microsoft.AspNetCore.Diagnostics.DeveloperExceptionPageMiddleware An unhandled exception has occurred while executing the request.
Grpc.Core.RpcException: Status(StatusCode="Unavailable", Detail="Error connecting to subchannel.", DebugException="System.Net.Sockets.SocketException: No such host is known.")
 ---> System.Net.Sockets.SocketException (11001): No such host is known.
   at System.Net.Sockets.Socket.AwaitableSocketAsyncEventArgs.ThrowException(SocketError error, CancellationToken cancellationToken)
   at System.Net.Sockets.Socket.AwaitableSocketAsyncEventArgs.System.Threading.Tasks.Sources.IValueTaskSource.GetResult(Int16 token)
   at System.Net.Sockets.Socket.<ConnectAsync>g__WaitForConnectWithCancellation|285_0(AwaitableSocketAsyncEventArgs saea, ValueTask connectTask, CancellationToken cancellationToken)
   at Grpc.Net.Client.Balancer.Internal.SocketConnectivitySubchannelTransport.TryConnectAsync(ConnectContext context, Int32 attempt)
   --- End of inner exception stack trace ---
   at Grpc.Core.AsyncStreamReaderExtensions.ReadAllAsyncCore[T](IAsyncStreamReader`1 streamReader, CancellationToken cancellationToken)+MoveNext()
   at Grpc.Core.AsyncStreamReaderExtensions.ReadAllAsyncCore[T](IAsyncStreamReader`1 streamReader, CancellationToken cancellationToken)+System.Threading.Tasks.Sources.IValueTaskSource<System.Boolean>.GetResult()
   at ShelfsService.src.ShelfsService.Host.Features.Items.GetPhotoByName.ExecuteAsync(GetImageByName req, CancellationToken ct) in D:\visualStudio\Projects\OnlineShelf\backend\Microservices\ShelfsService\src\ShelfsService.Host\Features\Images\GetImageByName.cs:line 50
   at ShelfsService.src.ShelfsService.Host.Features.Items.GetPhotoByName.ExecuteAsync(GetImageByName req, CancellationToken ct) in D:\visualStudio\Projects\OnlineShelf\backend\Microservices\ShelfsService\src\ShelfsService.Host\Features\Images\GetImageByName.cs:line 50
   at FastEndpoints.Endpoint`2.ExecAsync(CancellationToken ct)
   at FastEndpoints.Endpoint`2.ExecAsync(CancellationToken ct)
   at Microsoft.AspNetCore.Http.RequestDelegateFactory.ExecuteResultWriteResponse(IResult result, HttpContext httpContext)
   at Microsoft.AspNetCore.Authorization.AuthorizationMiddleware.Invoke(HttpContext context)
   at Microsoft.AspNetCore.Authentication.AuthenticationMiddleware.Invoke(HttpContext context)
   at Swashbuckle.AspNetCore.SwaggerUI.SwaggerUIMiddleware.Invoke(HttpContext httpContext)
   at Swashbuckle.AspNetCore.Swagger.SwaggerMiddleware.Invoke(HttpContext httpContext, ISwaggerProvider swaggerProvider)
   at Serilog.AspNetCore.RequestLoggingMiddleware.Invoke(HttpContext httpContext)
   at Microsoft.AspNetCore.Diagnostics.DeveloperExceptionPageMiddlewareImpl.Invoke(HttpContext context)
2026-07-05 17:01:11.513 +03:00 [ERR] ShelfsService Serilog.AspNetCore.RequestLoggingMiddleware HTTP GET /shelfs/image/get-image/4b1f3cdf-fa97-4744-a677-47c0969b6af8_big.webp responded 500 in 51.7938 ms
Grpc.Core.RpcException: Status(StatusCode="Unavailable", Detail="Error connecting to subchannel.", DebugException="System.Net.Sockets.SocketException: No such host is known.")
 ---> System.Net.Sockets.SocketException (11001): No such host is known.
   at System.Net.Sockets.Socket.AwaitableSocketAsyncEventArgs.ThrowException(SocketError error, CancellationToken cancellationToken)
   at System.Net.Sockets.Socket.AwaitableSocketAsyncEventArgs.System.Threading.Tasks.Sources.IValueTaskSource.GetResult(Int16 token)
   at System.Net.Sockets.Socket.<ConnectAsync>g__WaitForConnectWithCancellation|285_0(AwaitableSocketAsyncEventArgs saea, ValueTask connectTask, CancellationToken cancellationToken)
   at Grpc.Net.Client.Balancer.Internal.SocketConnectivitySubchannelTransport.TryConnectAsync(ConnectContext context, Int32 attempt)
   --- End of inner exception stack trace ---
   at Grpc.Core.AsyncStreamReaderExtensions.ReadAllAsyncCore[T](IAsyncStreamReader`1 streamReader, CancellationToken cancellationToken)+MoveNext()
   at Grpc.Core.AsyncStreamReaderExtensions.ReadAllAsyncCore[T](IAsyncStreamReader`1 streamReader, CancellationToken cancellationToken)+System.Threading.Tasks.Sources.IValueTaskSource<System.Boolean>.GetResult()
   at ShelfsService.src.ShelfsService.Host.Features.Items.GetPhotoByName.ExecuteAsync(GetImageByName req, CancellationToken ct) in D:\visualStudio\Projects\OnlineShelf\backend\Microservices\ShelfsService\src\ShelfsService.Host\Features\Images\GetImageByName.cs:line 50
   at ShelfsService.src.ShelfsService.Host.Features.Items.GetPhotoByName.ExecuteAsync(GetImageByName req, CancellationToken ct) in D:\visualStudio\Projects\OnlineShelf\backend\Microservices\ShelfsService\src\ShelfsService.Host\Features\Images\GetImageByName.cs:line 50
   at FastEndpoints.Endpoint`2.ExecAsync(CancellationToken ct)
   at FastEndpoints.Endpoint`2.ExecAsync(CancellationToken ct)
   at Microsoft.AspNetCore.Http.RequestDelegateFactory.ExecuteResultWriteResponse(IResult result, HttpContext httpContext)
   at Microsoft.AspNetCore.Authorization.AuthorizationMiddleware.Invoke(HttpContext context)
   at Microsoft.AspNetCore.Authentication.AuthenticationMiddleware.Invoke(HttpContext context)
   at Swashbuckle.AspNetCore.SwaggerUI.SwaggerUIMiddleware.Invoke(HttpContext httpContext)
   at Swashbuckle.AspNetCore.Swagger.SwaggerMiddleware.Invoke(HttpContext httpContext, ISwaggerProvider swaggerProvider)
   at Serilog.AspNetCore.RequestLoggingMiddleware.Invoke(HttpContext httpContext)
2026-07-05 17:01:11.515 +03:00 [ERR] ShelfsService Microsoft.AspNetCore.Diagnostics.DeveloperExceptionPageMiddleware An unhandled exception has occurred while executing the request.
Grpc.Core.RpcException: Status(StatusCode="Unavailable", Detail="Error connecting to subchannel.", DebugException="System.Net.Sockets.SocketException: No such host is known.")
 ---> System.Net.Sockets.SocketException (11001): No such host is known.
   at System.Net.Sockets.Socket.AwaitableSocketAsyncEventArgs.ThrowException(SocketError error, CancellationToken cancellationToken)
   at System.Net.Sockets.Socket.AwaitableSocketAsyncEventArgs.System.Threading.Tasks.Sources.IValueTaskSource.GetResult(Int16 token)
   at System.Net.Sockets.Socket.<ConnectAsync>g__WaitForConnectWithCancellation|285_0(AwaitableSocketAsyncEventArgs saea, ValueTask connectTask, CancellationToken cancellationToken)
   at Grpc.Net.Client.Balancer.Internal.SocketConnectivitySubchannelTransport.TryConnectAsync(ConnectContext context, Int32 attempt)
   --- End of inner exception stack trace ---
   at Grpc.Core.AsyncStreamReaderExtensions.ReadAllAsyncCore[T](IAsyncStreamReader`1 streamReader, CancellationToken cancellationToken)+MoveNext()
   at Grpc.Core.AsyncStreamReaderExtensions.ReadAllAsyncCore[T](IAsyncStreamReader`1 streamReader, CancellationToken cancellationToken)+System.Threading.Tasks.Sources.IValueTaskSource<System.Boolean>.GetResult()
   at ShelfsService.src.ShelfsService.Host.Features.Items.GetPhotoByName.ExecuteAsync(GetImageByName req, CancellationToken ct) in D:\visualStudio\Projects\OnlineShelf\backend\Microservices\ShelfsService\src\ShelfsService.Host\Features\Images\GetImageByName.cs:line 50
   at ShelfsService.src.ShelfsService.Host.Features.Items.GetPhotoByName.ExecuteAsync(GetImageByName req, CancellationToken ct) in D:\visualStudio\Projects\OnlineShelf\backend\Microservices\ShelfsService\src\ShelfsService.Host\Features\Images\GetImageByName.cs:line 50
   at FastEndpoints.Endpoint`2.ExecAsync(CancellationToken ct)
   at FastEndpoints.Endpoint`2.ExecAsync(CancellationToken ct)
   at Microsoft.AspNetCore.Http.RequestDelegateFactory.ExecuteResultWriteResponse(IResult result, HttpContext httpContext)
   at Microsoft.AspNetCore.Authorization.AuthorizationMiddleware.Invoke(HttpContext context)
   at Microsoft.AspNetCore.Authentication.AuthenticationMiddleware.Invoke(HttpContext context)
   at Swashbuckle.AspNetCore.SwaggerUI.SwaggerUIMiddleware.Invoke(HttpContext httpContext)
   at Swashbuckle.AspNetCore.Swagger.SwaggerMiddleware.Invoke(HttpContext httpContext, ISwaggerProvider swaggerProvider)
   at Serilog.AspNetCore.RequestLoggingMiddleware.Invoke(HttpContext httpContext)
   at Microsoft.AspNetCore.Diagnostics.DeveloperExceptionPageMiddlewareImpl.Invoke(HttpContext context)
2026-07-05 17:01:13.587 +03:00 [ERR] ShelfsService Serilog.AspNetCore.RequestLoggingMiddleware HTTP GET /shelfs/image/get-image/4b1f3cdf-fa97-4744-a677-47c0969b6af8_big.webp responded 500 in 61.6637 ms
Grpc.Core.RpcException: Status(StatusCode="Unavailable", Detail="Error connecting to subchannel.", DebugException="System.Net.Sockets.SocketException: No such host is known.")
 ---> System.Net.Sockets.SocketException (11001): No such host is known.
   at System.Net.Sockets.Socket.AwaitableSocketAsyncEventArgs.ThrowException(SocketError error, CancellationToken cancellationToken)
   at System.Net.Sockets.Socket.AwaitableSocketAsyncEventArgs.System.Threading.Tasks.Sources.IValueTaskSource.GetResult(Int16 token)
   at System.Net.Sockets.Socket.<ConnectAsync>g__WaitForConnectWithCancellation|285_0(AwaitableSocketAsyncEventArgs saea, ValueTask connectTask, CancellationToken cancellationToken)
   at Grpc.Net.Client.Balancer.Internal.SocketConnectivitySubchannelTransport.TryConnectAsync(ConnectContext context, Int32 attempt)
   --- End of inner exception stack trace ---
   at Grpc.Core.AsyncStreamReaderExtensions.ReadAllAsyncCore[T](IAsyncStreamReader`1 streamReader, CancellationToken cancellationToken)+MoveNext()
   at Grpc.Core.AsyncStreamReaderExtensions.ReadAllAsyncCore[T](IAsyncStreamReader`1 streamReader, CancellationToken cancellationToken)+System.Threading.Tasks.Sources.IValueTaskSource<System.Boolean>.GetResult()
   at ShelfsService.src.ShelfsService.Host.Features.Items.GetPhotoByName.ExecuteAsync(GetImageByName req, CancellationToken ct) in D:\visualStudio\Projects\OnlineShelf\backend\Microservices\ShelfsService\src\ShelfsService.Host\Features\Images\GetImageByName.cs:line 50
   at ShelfsService.src.ShelfsService.Host.Features.Items.GetPhotoByName.ExecuteAsync(GetImageByName req, CancellationToken ct) in D:\visualStudio\Projects\OnlineShelf\backend\Microservices\ShelfsService\src\ShelfsService.Host\Features\Images\GetImageByName.cs:line 50
   at FastEndpoints.Endpoint`2.ExecAsync(CancellationToken ct)
   at FastEndpoints.Endpoint`2.ExecAsync(CancellationToken ct)
   at Microsoft.AspNetCore.Http.RequestDelegateFactory.ExecuteResultWriteResponse(IResult result, HttpContext httpContext)
   at Microsoft.AspNetCore.Authorization.AuthorizationMiddleware.Invoke(HttpContext context)
   at Microsoft.AspNetCore.Authentication.AuthenticationMiddleware.Invoke(HttpContext context)
   at Swashbuckle.AspNetCore.SwaggerUI.SwaggerUIMiddleware.Invoke(HttpContext httpContext)
   at Swashbuckle.AspNetCore.Swagger.SwaggerMiddleware.Invoke(HttpContext httpContext, ISwaggerProvider swaggerProvider)
   at Serilog.AspNetCore.RequestLoggingMiddleware.Invoke(HttpContext httpContext)
2026-07-05 17:01:13.590 +03:00 [ERR] ShelfsService Microsoft.AspNetCore.Diagnostics.DeveloperExceptionPageMiddleware An unhandled exception has occurred while executing the request.
Grpc.Core.RpcException: Status(StatusCode="Unavailable", Detail="Error connecting to subchannel.", DebugException="System.Net.Sockets.SocketException: No such host is known.")
 ---> System.Net.Sockets.SocketException (11001): No such host is known.
   at System.Net.Sockets.Socket.AwaitableSocketAsyncEventArgs.ThrowException(SocketError error, CancellationToken cancellationToken)
   at System.Net.Sockets.Socket.AwaitableSocketAsyncEventArgs.System.Threading.Tasks.Sources.IValueTaskSource.GetResult(Int16 token)
   at System.Net.Sockets.Socket.<ConnectAsync>g__WaitForConnectWithCancellation|285_0(AwaitableSocketAsyncEventArgs saea, ValueTask connectTask, CancellationToken cancellationToken)
   at Grpc.Net.Client.Balancer.Internal.SocketConnectivitySubchannelTransport.TryConnectAsync(ConnectContext context, Int32 attempt)
   --- End of inner exception stack trace ---
   at Grpc.Core.AsyncStreamReaderExtensions.ReadAllAsyncCore[T](IAsyncStreamReader`1 streamReader, CancellationToken cancellationToken)+MoveNext()
   at Grpc.Core.AsyncStreamReaderExtensions.ReadAllAsyncCore[T](IAsyncStreamReader`1 streamReader, CancellationToken cancellationToken)+System.Threading.Tasks.Sources.IValueTaskSource<System.Boolean>.GetResult()
   at ShelfsService.src.ShelfsService.Host.Features.Items.GetPhotoByName.ExecuteAsync(GetImageByName req, CancellationToken ct) in D:\visualStudio\Projects\OnlineShelf\backend\Microservices\ShelfsService\src\ShelfsService.Host\Features\Images\GetImageByName.cs:line 50
   at ShelfsService.src.ShelfsService.Host.Features.Items.GetPhotoByName.ExecuteAsync(GetImageByName req, CancellationToken ct) in D:\visualStudio\Projects\OnlineShelf\backend\Microservices\ShelfsService\src\ShelfsService.Host\Features\Images\GetImageByName.cs:line 50
   at FastEndpoints.Endpoint`2.ExecAsync(CancellationToken ct)
   at FastEndpoints.Endpoint`2.ExecAsync(CancellationToken ct)
   at Microsoft.AspNetCore.Http.RequestDelegateFactory.ExecuteResultWriteResponse(IResult result, HttpContext httpContext)
   at Microsoft.AspNetCore.Authorization.AuthorizationMiddleware.Invoke(HttpContext context)
   at Microsoft.AspNetCore.Authentication.AuthenticationMiddleware.Invoke(HttpContext context)
   at Swashbuckle.AspNetCore.SwaggerUI.SwaggerUIMiddleware.Invoke(HttpContext httpContext)
   at Swashbuckle.AspNetCore.Swagger.SwaggerMiddleware.Invoke(HttpContext httpContext, ISwaggerProvider swaggerProvider)
   at Serilog.AspNetCore.RequestLoggingMiddleware.Invoke(HttpContext httpContext)
   at Microsoft.AspNetCore.Diagnostics.DeveloperExceptionPageMiddlewareImpl.Invoke(HttpContext context)
2026-07-05 17:01:17.657 +03:00 [ERR] ShelfsService Serilog.AspNetCore.RequestLoggingMiddleware HTTP GET /shelfs/image/get-image/4b1f3cdf-fa97-4744-a677-47c0969b6af8_big.webp responded 500 in 52.1184 ms
Grpc.Core.RpcException: Status(StatusCode="Unavailable", Detail="Error connecting to subchannel.", DebugException="System.Net.Sockets.SocketException: No such host is known.")
 ---> System.Net.Sockets.SocketException (11001): No such host is known.
   at System.Net.Sockets.Socket.AwaitableSocketAsyncEventArgs.ThrowException(SocketError error, CancellationToken cancellationToken)
   at System.Net.Sockets.Socket.AwaitableSocketAsyncEventArgs.System.Threading.Tasks.Sources.IValueTaskSource.GetResult(Int16 token)
   at System.Net.Sockets.Socket.<ConnectAsync>g__WaitForConnectWithCancellation|285_0(AwaitableSocketAsyncEventArgs saea, ValueTask connectTask, CancellationToken cancellationToken)
   at Grpc.Net.Client.Balancer.Internal.SocketConnectivitySubchannelTransport.TryConnectAsync(ConnectContext context, Int32 attempt)
   --- End of inner exception stack trace ---
   at Grpc.Core.AsyncStreamReaderExtensions.ReadAllAsyncCore[T](IAsyncStreamReader`1 streamReader, CancellationToken cancellationToken)+MoveNext()
   at Grpc.Core.AsyncStreamReaderExtensions.ReadAllAsyncCore[T](IAsyncStreamReader`1 streamReader, CancellationToken cancellationToken)+System.Threading.Tasks.Sources.IValueTaskSource<System.Boolean>.GetResult()
   at ShelfsService.src.ShelfsService.Host.Features.Items.GetPhotoByName.ExecuteAsync(GetImageByName req, CancellationToken ct) in D:\visualStudio\Projects\OnlineShelf\backend\Microservices\ShelfsService\src\ShelfsService.Host\Features\Images\GetImageByName.cs:line 50
   at ShelfsService.src.ShelfsService.Host.Features.Items.GetPhotoByName.ExecuteAsync(GetImageByName req, CancellationToken ct) in D:\visualStudio\Projects\OnlineShelf\backend\Microservices\ShelfsService\src\ShelfsService.Host\Features\Images\GetImageByName.cs:line 50
   at FastEndpoints.Endpoint`2.ExecAsync(CancellationToken ct)
   at FastEndpoints.Endpoint`2.ExecAsync(CancellationToken ct)
   at Microsoft.AspNetCore.Http.RequestDelegateFactory.ExecuteResultWriteResponse(IResult result, HttpContext httpContext)
   at Microsoft.AspNetCore.Authorization.AuthorizationMiddleware.Invoke(HttpContext context)
   at Microsoft.AspNetCore.Authentication.AuthenticationMiddleware.Invoke(HttpContext context)
   at Swashbuckle.AspNetCore.SwaggerUI.SwaggerUIMiddleware.Invoke(HttpContext httpContext)
   at Swashbuckle.AspNetCore.Swagger.SwaggerMiddleware.Invoke(HttpContext httpContext, ISwaggerProvider swaggerProvider)
   at Serilog.AspNetCore.RequestLoggingMiddleware.Invoke(HttpContext httpContext)
2026-07-05 17:01:17.660 +03:00 [ERR] ShelfsService Microsoft.AspNetCore.Diagnostics.DeveloperExceptionPageMiddleware An unhandled exception has occurred while executing the request.
Grpc.Core.RpcException: Status(StatusCode="Unavailable", Detail="Error connecting to subchannel.", DebugException="System.Net.Sockets.SocketException: No such host is known.")
 ---> System.Net.Sockets.SocketException (11001): No such host is known.
   at System.Net.Sockets.Socket.AwaitableSocketAsyncEventArgs.ThrowException(SocketError error, CancellationToken cancellationToken)
   at System.Net.Sockets.Socket.AwaitableSocketAsyncEventArgs.System.Threading.Tasks.Sources.IValueTaskSource.GetResult(Int16 token)
   at System.Net.Sockets.Socket.<ConnectAsync>g__WaitForConnectWithCancellation|285_0(AwaitableSocketAsyncEventArgs saea, ValueTask connectTask, CancellationToken cancellationToken)
   at Grpc.Net.Client.Balancer.Internal.SocketConnectivitySubchannelTransport.TryConnectAsync(ConnectContext context, Int32 attempt)
   --- End of inner exception stack trace ---
   at Grpc.Core.AsyncStreamReaderExtensions.ReadAllAsyncCore[T](IAsyncStreamReader`1 streamReader, CancellationToken cancellationToken)+MoveNext()
   at Grpc.Core.AsyncStreamReaderExtensions.ReadAllAsyncCore[T](IAsyncStreamReader`1 streamReader, CancellationToken cancellationToken)+System.Threading.Tasks.Sources.IValueTaskSource<System.Boolean>.GetResult()
   at ShelfsService.src.ShelfsService.Host.Features.Items.GetPhotoByName.ExecuteAsync(GetImageByName req, CancellationToken ct) in D:\visualStudio\Projects\OnlineShelf\backend\Microservices\ShelfsService\src\ShelfsService.Host\Features\Images\GetImageByName.cs:line 50
   at ShelfsService.src.ShelfsService.Host.Features.Items.GetPhotoByName.ExecuteAsync(GetImageByName req, CancellationToken ct) in D:\visualStudio\Projects\OnlineShelf\backend\Microservices\ShelfsService\src\ShelfsService.Host\Features\Images\GetImageByName.cs:line 50
   at FastEndpoints.Endpoint`2.ExecAsync(CancellationToken ct)
   at FastEndpoints.Endpoint`2.ExecAsync(CancellationToken ct)
   at Microsoft.AspNetCore.Http.RequestDelegateFactory.ExecuteResultWriteResponse(IResult result, HttpContext httpContext)
   at Microsoft.AspNetCore.Authorization.AuthorizationMiddleware.Invoke(HttpContext context)
   at Microsoft.AspNetCore.Authentication.AuthenticationMiddleware.Invoke(HttpContext context)
   at Swashbuckle.AspNetCore.SwaggerUI.SwaggerUIMiddleware.Invoke(HttpContext httpContext)
   at Swashbuckle.AspNetCore.Swagger.SwaggerMiddleware.Invoke(HttpContext httpContext, ISwaggerProvider swaggerProvider)
   at Serilog.AspNetCore.RequestLoggingMiddleware.Invoke(HttpContext httpContext)
   at Microsoft.AspNetCore.Diagnostics.DeveloperExceptionPageMiddlewareImpl.Invoke(HttpContext context)
2026-07-05 17:02:17.838 +03:00 [ERR] ShelfsService Serilog.AspNetCore.RequestLoggingMiddleware HTTP GET /shelfs/image/get-image/4b1f3cdf-fa97-4744-a677-47c0969b6af8_big.webp responded 500 in 2257.4082 ms
Grpc.Core.RpcException: Status(StatusCode="Unavailable", Detail="Error connecting to subchannel.", DebugException="System.Net.Sockets.SocketException: No such host is known.")
 ---> System.Net.Sockets.SocketException (11001): No such host is known.
   at System.Net.Sockets.Socket.AwaitableSocketAsyncEventArgs.ThrowException(SocketError error, CancellationToken cancellationToken)
   at System.Net.Sockets.Socket.AwaitableSocketAsyncEventArgs.System.Threading.Tasks.Sources.IValueTaskSource.GetResult(Int16 token)
   at System.Net.Sockets.Socket.<ConnectAsync>g__WaitForConnectWithCancellation|285_0(AwaitableSocketAsyncEventArgs saea, ValueTask connectTask, CancellationToken cancellationToken)
   at Grpc.Net.Client.Balancer.Internal.SocketConnectivitySubchannelTransport.TryConnectAsync(ConnectContext context, Int32 attempt)
   --- End of inner exception stack trace ---
   at Grpc.Net.Client.Internal.HttpContentClientStreamReader`2.MoveNextCore(CancellationToken cancellationToken)
   at Grpc.Core.AsyncStreamReaderExtensions.ReadAllAsyncCore[T](IAsyncStreamReader`1 streamReader, CancellationToken cancellationToken)+MoveNext()
   at Grpc.Core.AsyncStreamReaderExtensions.ReadAllAsyncCore[T](IAsyncStreamReader`1 streamReader, CancellationToken cancellationToken)+System.Threading.Tasks.Sources.IValueTaskSource<System.Boolean>.GetResult()
   at ShelfsService.src.ShelfsService.Host.Features.Items.GetPhotoByName.ExecuteAsync(GetImageByName req, CancellationToken ct) in D:\visualStudio\Projects\OnlineShelf\backend\Microservices\ShelfsService\src\ShelfsService.Host\Features\Images\GetImageByName.cs:line 50
   at ShelfsService.src.ShelfsService.Host.Features.Items.GetPhotoByName.ExecuteAsync(GetImageByName req, CancellationToken ct) in D:\visualStudio\Projects\OnlineShelf\backend\Microservices\ShelfsService\src\ShelfsService.Host\Features\Images\GetImageByName.cs:line 50
   at FastEndpoints.Endpoint`2.ExecAsync(CancellationToken ct)
   at FastEndpoints.Endpoint`2.ExecAsync(CancellationToken ct)
   at Microsoft.AspNetCore.Http.RequestDelegateFactory.ExecuteResultWriteResponse(IResult result, HttpContext httpContext)
   at Microsoft.AspNetCore.Authorization.AuthorizationMiddleware.Invoke(HttpContext context)
   at Microsoft.AspNetCore.Authentication.AuthenticationMiddleware.Invoke(HttpContext context)
   at Swashbuckle.AspNetCore.SwaggerUI.SwaggerUIMiddleware.Invoke(HttpContext httpContext)
   at Swashbuckle.AspNetCore.Swagger.SwaggerMiddleware.Invoke(HttpContext httpContext, ISwaggerProvider swaggerProvider)
   at Serilog.AspNetCore.RequestLoggingMiddleware.Invoke(HttpContext httpContext)
2026-07-05 17:02:17.841 +03:00 [ERR] ShelfsService Microsoft.AspNetCore.Diagnostics.DeveloperExceptionPageMiddleware An unhandled exception has occurred while executing the request.
Grpc.Core.RpcException: Status(StatusCode="Unavailable", Detail="Error connecting to subchannel.", DebugException="System.Net.Sockets.SocketException: No such host is known.")
 ---> System.Net.Sockets.SocketException (11001): No such host is known.
   at System.Net.Sockets.Socket.AwaitableSocketAsyncEventArgs.ThrowException(SocketError error, CancellationToken cancellationToken)
   at System.Net.Sockets.Socket.AwaitableSocketAsyncEventArgs.System.Threading.Tasks.Sources.IValueTaskSource.GetResult(Int16 token)
   at System.Net.Sockets.Socket.<ConnectAsync>g__WaitForConnectWithCancellation|285_0(AwaitableSocketAsyncEventArgs saea, ValueTask connectTask, CancellationToken cancellationToken)
   at Grpc.Net.Client.Balancer.Internal.SocketConnectivitySubchannelTransport.TryConnectAsync(ConnectContext context, Int32 attempt)
   --- End of inner exception stack trace ---
   at Grpc.Net.Client.Internal.HttpContentClientStreamReader`2.MoveNextCore(CancellationToken cancellationToken)
   at Grpc.Core.AsyncStreamReaderExtensions.ReadAllAsyncCore[T](IAsyncStreamReader`1 streamReader, CancellationToken cancellationToken)+MoveNext()
   at Grpc.Core.AsyncStreamReaderExtensions.ReadAllAsyncCore[T](IAsyncStreamReader`1 streamReader, CancellationToken cancellationToken)+System.Threading.Tasks.Sources.IValueTaskSource<System.Boolean>.GetResult()
   at ShelfsService.src.ShelfsService.Host.Features.Items.GetPhotoByName.ExecuteAsync(GetImageByName req, CancellationToken ct) in D:\visualStudio\Projects\OnlineShelf\backend\Microservices\ShelfsService\src\ShelfsService.Host\Features\Images\GetImageByName.cs:line 50
   at ShelfsService.src.ShelfsService.Host.Features.Items.GetPhotoByName.ExecuteAsync(GetImageByName req, CancellationToken ct) in D:\visualStudio\Projects\OnlineShelf\backend\Microservices\ShelfsService\src\ShelfsService.Host\Features\Images\GetImageByName.cs:line 50
   at FastEndpoints.Endpoint`2.ExecAsync(CancellationToken ct)
   at FastEndpoints.Endpoint`2.ExecAsync(CancellationToken ct)
   at Microsoft.AspNetCore.Http.RequestDelegateFactory.ExecuteResultWriteResponse(IResult result, HttpContext httpContext)
   at Microsoft.AspNetCore.Authorization.AuthorizationMiddleware.Invoke(HttpContext context)
   at Microsoft.AspNetCore.Authentication.AuthenticationMiddleware.Invoke(HttpContext context)
   at Swashbuckle.AspNetCore.SwaggerUI.SwaggerUIMiddleware.Invoke(HttpContext httpContext)
   at Swashbuckle.AspNetCore.Swagger.SwaggerMiddleware.Invoke(HttpContext httpContext, ISwaggerProvider swaggerProvider)
   at Serilog.AspNetCore.RequestLoggingMiddleware.Invoke(HttpContext httpContext)
   at Microsoft.AspNetCore.Diagnostics.DeveloperExceptionPageMiddlewareImpl.Invoke(HttpContext context)
2026-07-05 17:10:10.524 +03:00 [ERR] ShelfsService Serilog.AspNetCore.RequestLoggingMiddleware HTTP GET /shelfs/image/get-image/4b1f3cdf-fa97-4744-a677-47c0969b6af8_big.webp responded 500 in 74.7459 ms
Grpc.Core.RpcException: Status(StatusCode="Unavailable", Detail="Error connecting to subchannel.", DebugException="System.Net.Sockets.SocketException: No such host is known.")
 ---> System.Net.Sockets.SocketException (11001): No such host is known.
   at System.Net.Sockets.Socket.AwaitableSocketAsyncEventArgs.ThrowException(SocketError error, CancellationToken cancellationToken)
   at System.Net.Sockets.Socket.AwaitableSocketAsyncEventArgs.System.Threading.Tasks.Sources.IValueTaskSource.GetResult(Int16 token)
   at System.Net.Sockets.Socket.<ConnectAsync>g__WaitForConnectWithCancellation|285_0(AwaitableSocketAsyncEventArgs saea, ValueTask connectTask, CancellationToken cancellationToken)
   at Grpc.Net.Client.Balancer.Internal.SocketConnectivitySubchannelTransport.TryConnectAsync(ConnectContext context, Int32 attempt)
   --- End of inner exception stack trace ---
   at Grpc.Core.AsyncStreamReaderExtensions.ReadAllAsyncCore[T](IAsyncStreamReader`1 streamReader, CancellationToken cancellationToken)+MoveNext()
   at Grpc.Core.AsyncStreamReaderExtensions.ReadAllAsyncCore[T](IAsyncStreamReader`1 streamReader, CancellationToken cancellationToken)+System.Threading.Tasks.Sources.IValueTaskSource<System.Boolean>.GetResult()
   at ShelfsService.src.ShelfsService.Host.Features.Items.GetPhotoByName.ExecuteAsync(GetImageByName req, CancellationToken ct) in D:\visualStudio\Projects\OnlineShelf\backend\Microservices\ShelfsService\src\ShelfsService.Host\Features\Images\GetImageByName.cs:line 50
   at ShelfsService.src.ShelfsService.Host.Features.Items.GetPhotoByName.ExecuteAsync(GetImageByName req, CancellationToken ct) in D:\visualStudio\Projects\OnlineShelf\backend\Microservices\ShelfsService\src\ShelfsService.Host\Features\Images\GetImageByName.cs:line 50
   at FastEndpoints.Endpoint`2.ExecAsync(CancellationToken ct)
   at FastEndpoints.Endpoint`2.ExecAsync(CancellationToken ct)
   at Microsoft.AspNetCore.Http.RequestDelegateFactory.ExecuteResultWriteResponse(IResult result, HttpContext httpContext)
   at Microsoft.AspNetCore.Authorization.AuthorizationMiddleware.Invoke(HttpContext context)
   at Microsoft.AspNetCore.Authentication.AuthenticationMiddleware.Invoke(HttpContext context)
   at Swashbuckle.AspNetCore.SwaggerUI.SwaggerUIMiddleware.Invoke(HttpContext httpContext)
   at Swashbuckle.AspNetCore.Swagger.SwaggerMiddleware.Invoke(HttpContext httpContext, ISwaggerProvider swaggerProvider)
   at Serilog.AspNetCore.RequestLoggingMiddleware.Invoke(HttpContext httpContext)
2026-07-05 17:10:10.527 +03:00 [ERR] ShelfsService Microsoft.AspNetCore.Diagnostics.DeveloperExceptionPageMiddleware An unhandled exception has occurred while executing the request.
Grpc.Core.RpcException: Status(StatusCode="Unavailable", Detail="Error connecting to subchannel.", DebugException="System.Net.Sockets.SocketException: No such host is known.")
 ---> System.Net.Sockets.SocketException (11001): No such host is known.
   at System.Net.Sockets.Socket.AwaitableSocketAsyncEventArgs.ThrowException(SocketError error, CancellationToken cancellationToken)
   at System.Net.Sockets.Socket.AwaitableSocketAsyncEventArgs.System.Threading.Tasks.Sources.IValueTaskSource.GetResult(Int16 token)
   at System.Net.Sockets.Socket.<ConnectAsync>g__WaitForConnectWithCancellation|285_0(AwaitableSocketAsyncEventArgs saea, ValueTask connectTask, CancellationToken cancellationToken)
   at Grpc.Net.Client.Balancer.Internal.SocketConnectivitySubchannelTransport.TryConnectAsync(ConnectContext context, Int32 attempt)
   --- End of inner exception stack trace ---
   at Grpc.Core.AsyncStreamReaderExtensions.ReadAllAsyncCore[T](IAsyncStreamReader`1 streamReader, CancellationToken cancellationToken)+MoveNext()
   at Grpc.Core.AsyncStreamReaderExtensions.ReadAllAsyncCore[T](IAsyncStreamReader`1 streamReader, CancellationToken cancellationToken)+System.Threading.Tasks.Sources.IValueTaskSource<System.Boolean>.GetResult()
   at ShelfsService.src.ShelfsService.Host.Features.Items.GetPhotoByName.ExecuteAsync(GetImageByName req, CancellationToken ct) in D:\visualStudio\Projects\OnlineShelf\backend\Microservices\ShelfsService\src\ShelfsService.Host\Features\Images\GetImageByName.cs:line 50
   at ShelfsService.src.ShelfsService.Host.Features.Items.GetPhotoByName.ExecuteAsync(GetImageByName req, CancellationToken ct) in D:\visualStudio\Projects\OnlineShelf\backend\Microservices\ShelfsService\src\ShelfsService.Host\Features\Images\GetImageByName.cs:line 50
   at FastEndpoints.Endpoint`2.ExecAsync(CancellationToken ct)
   at FastEndpoints.Endpoint`2.ExecAsync(CancellationToken ct)
   at Microsoft.AspNetCore.Http.RequestDelegateFactory.ExecuteResultWriteResponse(IResult result, HttpContext httpContext)
   at Microsoft.AspNetCore.Authorization.AuthorizationMiddleware.Invoke(HttpContext context)
   at Microsoft.AspNetCore.Authentication.AuthenticationMiddleware.Invoke(HttpContext context)
   at Swashbuckle.AspNetCore.SwaggerUI.SwaggerUIMiddleware.Invoke(HttpContext httpContext)
   at Swashbuckle.AspNetCore.Swagger.SwaggerMiddleware.Invoke(HttpContext httpContext, ISwaggerProvider swaggerProvider)
   at Serilog.AspNetCore.RequestLoggingMiddleware.Invoke(HttpContext httpContext)
   at Microsoft.AspNetCore.Diagnostics.DeveloperExceptionPageMiddlewareImpl.Invoke(HttpContext context)
2026-07-05 17:10:23.425 +03:00 [ERR] ShelfsService Serilog.AspNetCore.RequestLoggingMiddleware HTTP PUT /shelfs/items responded 500 in 140.8605 ms
Grpc.Core.RpcException: Status(StatusCode="Unavailable", Detail="Error connecting to subchannel.", DebugException="System.Net.Sockets.SocketException: No such host is known.")
 ---> System.Net.Sockets.SocketException (11001): No such host is known.
   at System.Net.Sockets.Socket.AwaitableSocketAsyncEventArgs.ThrowException(SocketError error, CancellationToken cancellationToken)
   at System.Net.Sockets.Socket.AwaitableSocketAsyncEventArgs.System.Threading.Tasks.Sources.IValueTaskSource.GetResult(Int16 token)
   at System.Net.Sockets.Socket.<ConnectAsync>g__WaitForConnectWithCancellation|285_0(AwaitableSocketAsyncEventArgs saea, ValueTask connectTask, CancellationToken cancellationToken)
   at Grpc.Net.Client.Balancer.Internal.SocketConnectivitySubchannelTransport.TryConnectAsync(ConnectContext context, Int32 attempt)
   --- End of inner exception stack trace ---
   at Grpc.Net.Client.Balancer.Internal.ConnectionManager.PickAsync(PickContext context, Boolean waitForReady, CancellationToken cancellationToken)
   at Grpc.Net.Client.Balancer.Internal.BalancerHttpHandler.SendAsync(HttpRequestMessage request, CancellationToken cancellationToken)
   at System.Net.Http.HttpMessageInvoker.<SendAsync>g__SendAsyncWithTelemetry|6_0(HttpMessageHandler handler, HttpRequestMessage request, CancellationToken cancellationToken)
   at Grpc.Net.Client.Internal.GrpcCall`2.RunCall(HttpRequestMessage request, Nullable`1 timeout)
   at ShelfsService.src.ShelfsService.Host.Features.Items.UpdateItemCommandHandler.HandleAsync(UpdateItemCommand request, CancellationToken ct) in D:\visualStudio\Projects\OnlineShelf\backend\Microservices\ShelfsService\src\ShelfsService.Host\Features\Items\UpdateItem.cs:line 101
   at FastEndpoints.Endpoint`2.ExecAsync(CancellationToken ct)
   at FastEndpoints.Endpoint`2.ExecAsync(CancellationToken ct)
   at Microsoft.AspNetCore.Http.RequestDelegateFactory.ExecuteResultWriteResponse(IResult result, HttpContext httpContext)
   at Microsoft.AspNetCore.Authorization.AuthorizationMiddleware.Invoke(HttpContext context)
   at Microsoft.AspNetCore.Authentication.AuthenticationMiddleware.Invoke(HttpContext context)
   at Swashbuckle.AspNetCore.SwaggerUI.SwaggerUIMiddleware.Invoke(HttpContext httpContext)
   at Swashbuckle.AspNetCore.Swagger.SwaggerMiddleware.Invoke(HttpContext httpContext, ISwaggerProvider swaggerProvider)
   at Serilog.AspNetCore.RequestLoggingMiddleware.Invoke(HttpContext httpContext)
2026-07-05 17:10:23.430 +03:00 [ERR] ShelfsService Microsoft.AspNetCore.Diagnostics.DeveloperExceptionPageMiddleware An unhandled exception has occurred while executing the request.
Grpc.Core.RpcException: Status(StatusCode="Unavailable", Detail="Error connecting to subchannel.", DebugException="System.Net.Sockets.SocketException: No such host is known.")
 ---> System.Net.Sockets.SocketException (11001): No such host is known.
   at System.Net.Sockets.Socket.AwaitableSocketAsyncEventArgs.ThrowException(SocketError error, CancellationToken cancellationToken)
   at System.Net.Sockets.Socket.AwaitableSocketAsyncEventArgs.System.Threading.Tasks.Sources.IValueTaskSource.GetResult(Int16 token)
   at System.Net.Sockets.Socket.<ConnectAsync>g__WaitForConnectWithCancellation|285_0(AwaitableSocketAsyncEventArgs saea, ValueTask connectTask, CancellationToken cancellationToken)
   at Grpc.Net.Client.Balancer.Internal.SocketConnectivitySubchannelTransport.TryConnectAsync(ConnectContext context, Int32 attempt)
   --- End of inner exception stack trace ---
   at Grpc.Net.Client.Balancer.Internal.ConnectionManager.PickAsync(PickContext context, Boolean waitForReady, CancellationToken cancellationToken)
   at Grpc.Net.Client.Balancer.Internal.BalancerHttpHandler.SendAsync(HttpRequestMessage request, CancellationToken cancellationToken)
   at System.Net.Http.HttpMessageInvoker.<SendAsync>g__SendAsyncWithTelemetry|6_0(HttpMessageHandler handler, HttpRequestMessage request, CancellationToken cancellationToken)
   at Grpc.Net.Client.Internal.GrpcCall`2.RunCall(HttpRequestMessage request, Nullable`1 timeout)
   at ShelfsService.src.ShelfsService.Host.Features.Items.UpdateItemCommandHandler.HandleAsync(UpdateItemCommand request, CancellationToken ct) in D:\visualStudio\Projects\OnlineShelf\backend\Microservices\ShelfsService\src\ShelfsService.Host\Features\Items\UpdateItem.cs:line 101
   at FastEndpoints.Endpoint`2.ExecAsync(CancellationToken ct)
   at FastEndpoints.Endpoint`2.ExecAsync(CancellationToken ct)
   at Microsoft.AspNetCore.Http.RequestDelegateFactory.ExecuteResultWriteResponse(IResult result, HttpContext httpContext)
   at Microsoft.AspNetCore.Authorization.AuthorizationMiddleware.Invoke(HttpContext context)
   at Microsoft.AspNetCore.Authentication.AuthenticationMiddleware.Invoke(HttpContext context)
   at Swashbuckle.AspNetCore.SwaggerUI.SwaggerUIMiddleware.Invoke(HttpContext httpContext)
   at Swashbuckle.AspNetCore.Swagger.SwaggerMiddleware.Invoke(HttpContext httpContext, ISwaggerProvider swaggerProvider)
   at Serilog.AspNetCore.RequestLoggingMiddleware.Invoke(HttpContext httpContext)
   at Microsoft.AspNetCore.Diagnostics.DeveloperExceptionPageMiddlewareImpl.Invoke(HttpContext context)
2026-07-05 17:12:18.912 +03:00 [ERR] ShelfsService Serilog.AspNetCore.RequestLoggingMiddleware HTTP PUT /shelfs/items responded 500 in 71.3027 ms
Grpc.Core.RpcException: Status(StatusCode="Unavailable", Detail="Error connecting to subchannel.", DebugException="System.Net.Sockets.SocketException: No such host is known.")
 ---> System.Net.Sockets.SocketException (11001): No such host is known.
   at System.Net.Sockets.Socket.AwaitableSocketAsyncEventArgs.ThrowException(SocketError error, CancellationToken cancellationToken)
   at System.Net.Sockets.Socket.AwaitableSocketAsyncEventArgs.System.Threading.Tasks.Sources.IValueTaskSource.GetResult(Int16 token)
   at System.Net.Sockets.Socket.<ConnectAsync>g__WaitForConnectWithCancellation|285_0(AwaitableSocketAsyncEventArgs saea, ValueTask connectTask, CancellationToken cancellationToken)
   at Grpc.Net.Client.Balancer.Internal.SocketConnectivitySubchannelTransport.TryConnectAsync(ConnectContext context, Int32 attempt)
   --- End of inner exception stack trace ---
   at Grpc.Net.Client.Balancer.Internal.ConnectionManager.PickAsync(PickContext context, Boolean waitForReady, CancellationToken cancellationToken)
   at Grpc.Net.Client.Balancer.Internal.BalancerHttpHandler.SendAsync(HttpRequestMessage request, CancellationToken cancellationToken)
   at System.Net.Http.HttpMessageInvoker.<SendAsync>g__SendAsyncWithTelemetry|6_0(HttpMessageHandler handler, HttpRequestMessage request, CancellationToken cancellationToken)
   at Grpc.Net.Client.Internal.GrpcCall`2.RunCall(HttpRequestMessage request, Nullable`1 timeout)
   at ShelfsService.src.ShelfsService.Host.Features.Items.UpdateItemCommandHandler.HandleAsync(UpdateItemCommand request, CancellationToken ct) in D:\visualStudio\Projects\OnlineShelf\backend\Microservices\ShelfsService\src\ShelfsService.Host\Features\Items\UpdateItem.cs:line 101
   at FastEndpoints.Endpoint`2.ExecAsync(CancellationToken ct)
   at FastEndpoints.Endpoint`2.ExecAsync(CancellationToken ct)
   at Microsoft.AspNetCore.Http.RequestDelegateFactory.ExecuteResultWriteResponse(IResult result, HttpContext httpContext)
   at Microsoft.AspNetCore.Authorization.AuthorizationMiddleware.Invoke(HttpContext context)
   at Microsoft.AspNetCore.Authentication.AuthenticationMiddleware.Invoke(HttpContext context)
   at Swashbuckle.AspNetCore.SwaggerUI.SwaggerUIMiddleware.Invoke(HttpContext httpContext)
   at Swashbuckle.AspNetCore.Swagger.SwaggerMiddleware.Invoke(HttpContext httpContext, ISwaggerProvider swaggerProvider)
   at Serilog.AspNetCore.RequestLoggingMiddleware.Invoke(HttpContext httpContext)
2026-07-05 17:12:18.916 +03:00 [ERR] ShelfsService Microsoft.AspNetCore.Diagnostics.DeveloperExceptionPageMiddleware An unhandled exception has occurred while executing the request.
Grpc.Core.RpcException: Status(StatusCode="Unavailable", Detail="Error connecting to subchannel.", DebugException="System.Net.Sockets.SocketException: No such host is known.")
 ---> System.Net.Sockets.SocketException (11001): No such host is known.
   at System.Net.Sockets.Socket.AwaitableSocketAsyncEventArgs.ThrowException(SocketError error, CancellationToken cancellationToken)
   at System.Net.Sockets.Socket.AwaitableSocketAsyncEventArgs.System.Threading.Tasks.Sources.IValueTaskSource.GetResult(Int16 token)
   at System.Net.Sockets.Socket.<ConnectAsync>g__WaitForConnectWithCancellation|285_0(AwaitableSocketAsyncEventArgs saea, ValueTask connectTask, CancellationToken cancellationToken)
   at Grpc.Net.Client.Balancer.Internal.SocketConnectivitySubchannelTransport.TryConnectAsync(ConnectContext context, Int32 attempt)
   --- End of inner exception stack trace ---
   at Grpc.Net.Client.Balancer.Internal.ConnectionManager.PickAsync(PickContext context, Boolean waitForReady, CancellationToken cancellationToken)
   at Grpc.Net.Client.Balancer.Internal.BalancerHttpHandler.SendAsync(HttpRequestMessage request, CancellationToken cancellationToken)
   at System.Net.Http.HttpMessageInvoker.<SendAsync>g__SendAsyncWithTelemetry|6_0(HttpMessageHandler handler, HttpRequestMessage request, CancellationToken cancellationToken)
   at Grpc.Net.Client.Internal.GrpcCall`2.RunCall(HttpRequestMessage request, Nullable`1 timeout)
   at ShelfsService.src.ShelfsService.Host.Features.Items.UpdateItemCommandHandler.HandleAsync(UpdateItemCommand request, CancellationToken ct) in D:\visualStudio\Projects\OnlineShelf\backend\Microservices\ShelfsService\src\ShelfsService.Host\Features\Items\UpdateItem.cs:line 101
   at FastEndpoints.Endpoint`2.ExecAsync(CancellationToken ct)
   at FastEndpoints.Endpoint`2.ExecAsync(CancellationToken ct)
   at Microsoft.AspNetCore.Http.RequestDelegateFactory.ExecuteResultWriteResponse(IResult result, HttpContext httpContext)
   at Microsoft.AspNetCore.Authorization.AuthorizationMiddleware.Invoke(HttpContext context)
   at Microsoft.AspNetCore.Authentication.AuthenticationMiddleware.Invoke(HttpContext context)
   at Swashbuckle.AspNetCore.SwaggerUI.SwaggerUIMiddleware.Invoke(HttpContext httpContext)
   at Swashbuckle.AspNetCore.Swagger.SwaggerMiddleware.Invoke(HttpContext httpContext, ISwaggerProvider swaggerProvider)
   at Serilog.AspNetCore.RequestLoggingMiddleware.Invoke(HttpContext httpContext)
   at Microsoft.AspNetCore.Diagnostics.DeveloperExceptionPageMiddlewareImpl.Invoke(HttpContext context)
2026-07-05 17:12:54.149 +03:00 [ERR] ShelfsService Serilog.AspNetCore.RequestLoggingMiddleware HTTP GET /shelfs/image/get-image/4b1f3cdf-fa97-4744-a677-47c0969b6af8_big.webp responded 500 in 70.6657 ms
Grpc.Core.RpcException: Status(StatusCode="Unavailable", Detail="Error connecting to subchannel.", DebugException="System.Net.Sockets.SocketException: No such host is known.")
 ---> System.Net.Sockets.SocketException (11001): No such host is known.
   at System.Net.Sockets.Socket.AwaitableSocketAsyncEventArgs.ThrowException(SocketError error, CancellationToken cancellationToken)
   at System.Net.Sockets.Socket.AwaitableSocketAsyncEventArgs.System.Threading.Tasks.Sources.IValueTaskSource.GetResult(Int16 token)
   at System.Net.Sockets.Socket.<ConnectAsync>g__WaitForConnectWithCancellation|285_0(AwaitableSocketAsyncEventArgs saea, ValueTask connectTask, CancellationToken cancellationToken)
   at Grpc.Net.Client.Balancer.Internal.SocketConnectivitySubchannelTransport.TryConnectAsync(ConnectContext context, Int32 attempt)
   --- End of inner exception stack trace ---
   at Grpc.Core.AsyncStreamReaderExtensions.ReadAllAsyncCore[T](IAsyncStreamReader`1 streamReader, CancellationToken cancellationToken)+MoveNext()
   at Grpc.Core.AsyncStreamReaderExtensions.ReadAllAsyncCore[T](IAsyncStreamReader`1 streamReader, CancellationToken cancellationToken)+System.Threading.Tasks.Sources.IValueTaskSource<System.Boolean>.GetResult()
   at ShelfsService.src.ShelfsService.Host.Features.Items.GetPhotoByName.ExecuteAsync(GetImageByName req, CancellationToken ct) in D:\visualStudio\Projects\OnlineShelf\backend\Microservices\ShelfsService\src\ShelfsService.Host\Features\Images\GetImageByName.cs:line 50
   at ShelfsService.src.ShelfsService.Host.Features.Items.GetPhotoByName.ExecuteAsync(GetImageByName req, CancellationToken ct) in D:\visualStudio\Projects\OnlineShelf\backend\Microservices\ShelfsService\src\ShelfsService.Host\Features\Images\GetImageByName.cs:line 50
   at FastEndpoints.Endpoint`2.ExecAsync(CancellationToken ct)
   at FastEndpoints.Endpoint`2.ExecAsync(CancellationToken ct)
   at Microsoft.AspNetCore.Http.RequestDelegateFactory.ExecuteResultWriteResponse(IResult result, HttpContext httpContext)
   at Microsoft.AspNetCore.Authorization.AuthorizationMiddleware.Invoke(HttpContext context)
   at Microsoft.AspNetCore.Authentication.AuthenticationMiddleware.Invoke(HttpContext context)
   at Swashbuckle.AspNetCore.SwaggerUI.SwaggerUIMiddleware.Invoke(HttpContext httpContext)
   at Swashbuckle.AspNetCore.Swagger.SwaggerMiddleware.Invoke(HttpContext httpContext, ISwaggerProvider swaggerProvider)
   at Serilog.AspNetCore.RequestLoggingMiddleware.Invoke(HttpContext httpContext)
2026-07-05 17:12:54.152 +03:00 [ERR] ShelfsService Microsoft.AspNetCore.Diagnostics.DeveloperExceptionPageMiddleware An unhandled exception has occurred while executing the request.
Grpc.Core.RpcException: Status(StatusCode="Unavailable", Detail="Error connecting to subchannel.", DebugException="System.Net.Sockets.SocketException: No such host is known.")
 ---> System.Net.Sockets.SocketException (11001): No such host is known.
   at System.Net.Sockets.Socket.AwaitableSocketAsyncEventArgs.ThrowException(SocketError error, CancellationToken cancellationToken)
   at System.Net.Sockets.Socket.AwaitableSocketAsyncEventArgs.System.Threading.Tasks.Sources.IValueTaskSource.GetResult(Int16 token)
   at System.Net.Sockets.Socket.<ConnectAsync>g__WaitForConnectWithCancellation|285_0(AwaitableSocketAsyncEventArgs saea, ValueTask connectTask, CancellationToken cancellationToken)
   at Grpc.Net.Client.Balancer.Internal.SocketConnectivitySubchannelTransport.TryConnectAsync(ConnectContext context, Int32 attempt)
   --- End of inner exception stack trace ---
   at Grpc.Core.AsyncStreamReaderExtensions.ReadAllAsyncCore[T](IAsyncStreamReader`1 streamReader, CancellationToken cancellationToken)+MoveNext()
   at Grpc.Core.AsyncStreamReaderExtensions.ReadAllAsyncCore[T](IAsyncStreamReader`1 streamReader, CancellationToken cancellationToken)+System.Threading.Tasks.Sources.IValueTaskSource<System.Boolean>.GetResult()
   at ShelfsService.src.ShelfsService.Host.Features.Items.GetPhotoByName.ExecuteAsync(GetImageByName req, CancellationToken ct) in D:\visualStudio\Projects\OnlineShelf\backend\Microservices\ShelfsService\src\ShelfsService.Host\Features\Images\GetImageByName.cs:line 50
   at ShelfsService.src.ShelfsService.Host.Features.Items.GetPhotoByName.ExecuteAsync(GetImageByName req, CancellationToken ct) in D:\visualStudio\Projects\OnlineShelf\backend\Microservices\ShelfsService\src\ShelfsService.Host\Features\Images\GetImageByName.cs:line 50
   at FastEndpoints.Endpoint`2.ExecAsync(CancellationToken ct)
   at FastEndpoints.Endpoint`2.ExecAsync(CancellationToken ct)
   at Microsoft.AspNetCore.Http.RequestDelegateFactory.ExecuteResultWriteResponse(IResult result, HttpContext httpContext)
   at Microsoft.AspNetCore.Authorization.AuthorizationMiddleware.Invoke(HttpContext context)
   at Microsoft.AspNetCore.Authentication.AuthenticationMiddleware.Invoke(HttpContext context)
   at Swashbuckle.AspNetCore.SwaggerUI.SwaggerUIMiddleware.Invoke(HttpContext httpContext)
   at Swashbuckle.AspNetCore.Swagger.SwaggerMiddleware.Invoke(HttpContext httpContext, ISwaggerProvider swaggerProvider)
   at Serilog.AspNetCore.RequestLoggingMiddleware.Invoke(HttpContext httpContext)
   at Microsoft.AspNetCore.Diagnostics.DeveloperExceptionPageMiddlewareImpl.Invoke(HttpContext context)
2026-07-05 17:12:55.215 +03:00 [ERR] ShelfsService Serilog.AspNetCore.RequestLoggingMiddleware HTTP GET /shelfs/image/get-image/4b1f3cdf-fa97-4744-a677-47c0969b6af8_big.webp responded 500 in 51.0305 ms
Grpc.Core.RpcException: Status(StatusCode="Unavailable", Detail="Error connecting to subchannel.", DebugException="System.Net.Sockets.SocketException: No such host is known.")
 ---> System.Net.Sockets.SocketException (11001): No such host is known.
   at System.Net.Sockets.Socket.AwaitableSocketAsyncEventArgs.ThrowException(SocketError error, CancellationToken cancellationToken)
   at System.Net.Sockets.Socket.AwaitableSocketAsyncEventArgs.System.Threading.Tasks.Sources.IValueTaskSource.GetResult(Int16 token)
   at System.Net.Sockets.Socket.<ConnectAsync>g__WaitForConnectWithCancellation|285_0(AwaitableSocketAsyncEventArgs saea, ValueTask connectTask, CancellationToken cancellationToken)
   at Grpc.Net.Client.Balancer.Internal.SocketConnectivitySubchannelTransport.TryConnectAsync(ConnectContext context, Int32 attempt)
   --- End of inner exception stack trace ---
   at Grpc.Core.AsyncStreamReaderExtensions.ReadAllAsyncCore[T](IAsyncStreamReader`1 streamReader, CancellationToken cancellationToken)+MoveNext()
   at Grpc.Core.AsyncStreamReaderExtensions.ReadAllAsyncCore[T](IAsyncStreamReader`1 streamReader, CancellationToken cancellationToken)+System.Threading.Tasks.Sources.IValueTaskSource<System.Boolean>.GetResult()
   at ShelfsService.src.ShelfsService.Host.Features.Items.GetPhotoByName.ExecuteAsync(GetImageByName req, CancellationToken ct) in D:\visualStudio\Projects\OnlineShelf\backend\Microservices\ShelfsService\src\ShelfsService.Host\Features\Images\GetImageByName.cs:line 50
   at ShelfsService.src.ShelfsService.Host.Features.Items.GetPhotoByName.ExecuteAsync(GetImageByName req, CancellationToken ct) in D:\visualStudio\Projects\OnlineShelf\backend\Microservices\ShelfsService\src\ShelfsService.Host\Features\Images\GetImageByName.cs:line 50
   at FastEndpoints.Endpoint`2.ExecAsync(CancellationToken ct)
   at FastEndpoints.Endpoint`2.ExecAsync(CancellationToken ct)
   at Microsoft.AspNetCore.Http.RequestDelegateFactory.ExecuteResultWriteResponse(IResult result, HttpContext httpContext)
   at Microsoft.AspNetCore.Authorization.AuthorizationMiddleware.Invoke(HttpContext context)
   at Microsoft.AspNetCore.Authentication.AuthenticationMiddleware.Invoke(HttpContext context)
   at Swashbuckle.AspNetCore.SwaggerUI.SwaggerUIMiddleware.Invoke(HttpContext httpContext)
   at Swashbuckle.AspNetCore.Swagger.SwaggerMiddleware.Invoke(HttpContext httpContext, ISwaggerProvider swaggerProvider)
   at Serilog.AspNetCore.RequestLoggingMiddleware.Invoke(HttpContext httpContext)
2026-07-05 17:12:55.218 +03:00 [ERR] ShelfsService Microsoft.AspNetCore.Diagnostics.DeveloperExceptionPageMiddleware An unhandled exception has occurred while executing the request.
Grpc.Core.RpcException: Status(StatusCode="Unavailable", Detail="Error connecting to subchannel.", DebugException="System.Net.Sockets.SocketException: No such host is known.")
 ---> System.Net.Sockets.SocketException (11001): No such host is known.
   at System.Net.Sockets.Socket.AwaitableSocketAsyncEventArgs.ThrowException(SocketError error, CancellationToken cancellationToken)
   at System.Net.Sockets.Socket.AwaitableSocketAsyncEventArgs.System.Threading.Tasks.Sources.IValueTaskSource.GetResult(Int16 token)
   at System.Net.Sockets.Socket.<ConnectAsync>g__WaitForConnectWithCancellation|285_0(AwaitableSocketAsyncEventArgs saea, ValueTask connectTask, CancellationToken cancellationToken)
   at Grpc.Net.Client.Balancer.Internal.SocketConnectivitySubchannelTransport.TryConnectAsync(ConnectContext context, Int32 attempt)
   --- End of inner exception stack trace ---
   at Grpc.Core.AsyncStreamReaderExtensions.ReadAllAsyncCore[T](IAsyncStreamReader`1 streamReader, CancellationToken cancellationToken)+MoveNext()
   at Grpc.Core.AsyncStreamReaderExtensions.ReadAllAsyncCore[T](IAsyncStreamReader`1 streamReader, CancellationToken cancellationToken)+System.Threading.Tasks.Sources.IValueTaskSource<System.Boolean>.GetResult()
   at ShelfsService.src.ShelfsService.Host.Features.Items.GetPhotoByName.ExecuteAsync(GetImageByName req, CancellationToken ct) in D:\visualStudio\Projects\OnlineShelf\backend\Microservices\ShelfsService\src\ShelfsService.Host\Features\Images\GetImageByName.cs:line 50
   at ShelfsService.src.ShelfsService.Host.Features.Items.GetPhotoByName.ExecuteAsync(GetImageByName req, CancellationToken ct) in D:\visualStudio\Projects\OnlineShelf\backend\Microservices\ShelfsService\src\ShelfsService.Host\Features\Images\GetImageByName.cs:line 50
   at FastEndpoints.Endpoint`2.ExecAsync(CancellationToken ct)
   at FastEndpoints.Endpoint`2.ExecAsync(CancellationToken ct)
   at Microsoft.AspNetCore.Http.RequestDelegateFactory.ExecuteResultWriteResponse(IResult result, HttpContext httpContext)
   at Microsoft.AspNetCore.Authorization.AuthorizationMiddleware.Invoke(HttpContext context)
   at Microsoft.AspNetCore.Authentication.AuthenticationMiddleware.Invoke(HttpContext context)
   at Swashbuckle.AspNetCore.SwaggerUI.SwaggerUIMiddleware.Invoke(HttpContext httpContext)
   at Swashbuckle.AspNetCore.Swagger.SwaggerMiddleware.Invoke(HttpContext httpContext, ISwaggerProvider swaggerProvider)
   at Serilog.AspNetCore.RequestLoggingMiddleware.Invoke(HttpContext httpContext)
   at Microsoft.AspNetCore.Diagnostics.DeveloperExceptionPageMiddlewareImpl.Invoke(HttpContext context)
2026-07-05 17:13:39.565 +03:00 [ERR] ShelfsService Serilog.AspNetCore.RequestLoggingMiddleware HTTP PUT /shelfs/items responded 500 in 109.3224 ms
Grpc.Core.RpcException: Status(StatusCode="Unavailable", Detail="Error connecting to subchannel.", DebugException="System.Net.Sockets.SocketException: No such host is known.")
 ---> System.Net.Sockets.SocketException (11001): No such host is known.
   at System.Net.Sockets.Socket.AwaitableSocketAsyncEventArgs.ThrowException(SocketError error, CancellationToken cancellationToken)
   at System.Net.Sockets.Socket.AwaitableSocketAsyncEventArgs.System.Threading.Tasks.Sources.IValueTaskSource.GetResult(Int16 token)
   at System.Net.Sockets.Socket.<ConnectAsync>g__WaitForConnectWithCancellation|285_0(AwaitableSocketAsyncEventArgs saea, ValueTask connectTask, CancellationToken cancellationToken)
   at Grpc.Net.Client.Balancer.Internal.SocketConnectivitySubchannelTransport.TryConnectAsync(ConnectContext context, Int32 attempt)
   --- End of inner exception stack trace ---
   at Grpc.Net.Client.Balancer.Internal.ConnectionManager.PickAsync(PickContext context, Boolean waitForReady, CancellationToken cancellationToken)
   at Grpc.Net.Client.Balancer.Internal.BalancerHttpHandler.SendAsync(HttpRequestMessage request, CancellationToken cancellationToken)
   at System.Net.Http.HttpMessageInvoker.<SendAsync>g__SendAsyncWithTelemetry|6_0(HttpMessageHandler handler, HttpRequestMessage request, CancellationToken cancellationToken)
   at Grpc.Net.Client.Internal.GrpcCall`2.RunCall(HttpRequestMessage request, Nullable`1 timeout)
   at ShelfsService.src.ShelfsService.Host.Features.Items.UpdateItemCommandHandler.HandleAsync(UpdateItemCommand request, CancellationToken ct) in D:\visualStudio\Projects\OnlineShelf\backend\Microservices\ShelfsService\src\ShelfsService.Host\Features\Items\UpdateItem.cs:line 101
   at FastEndpoints.Endpoint`2.ExecAsync(CancellationToken ct)
   at FastEndpoints.Endpoint`2.ExecAsync(CancellationToken ct)
   at Microsoft.AspNetCore.Http.RequestDelegateFactory.ExecuteResultWriteResponse(IResult result, HttpContext httpContext)
   at Microsoft.AspNetCore.Authorization.AuthorizationMiddleware.Invoke(HttpContext context)
   at Microsoft.AspNetCore.Authentication.AuthenticationMiddleware.Invoke(HttpContext context)
   at Swashbuckle.AspNetCore.SwaggerUI.SwaggerUIMiddleware.Invoke(HttpContext httpContext)
   at Swashbuckle.AspNetCore.Swagger.SwaggerMiddleware.Invoke(HttpContext httpContext, ISwaggerProvider swaggerProvider)
   at Serilog.AspNetCore.RequestLoggingMiddleware.Invoke(HttpContext httpContext)
2026-07-05 17:13:39.568 +03:00 [ERR] ShelfsService Microsoft.AspNetCore.Diagnostics.DeveloperExceptionPageMiddleware An unhandled exception has occurred while executing the request.
Grpc.Core.RpcException: Status(StatusCode="Unavailable", Detail="Error connecting to subchannel.", DebugException="System.Net.Sockets.SocketException: No such host is known.")
 ---> System.Net.Sockets.SocketException (11001): No such host is known.
   at System.Net.Sockets.Socket.AwaitableSocketAsyncEventArgs.ThrowException(SocketError error, CancellationToken cancellationToken)
   at System.Net.Sockets.Socket.AwaitableSocketAsyncEventArgs.System.Threading.Tasks.Sources.IValueTaskSource.GetResult(Int16 token)
   at System.Net.Sockets.Socket.<ConnectAsync>g__WaitForConnectWithCancellation|285_0(AwaitableSocketAsyncEventArgs saea, ValueTask connectTask, CancellationToken cancellationToken)
   at Grpc.Net.Client.Balancer.Internal.SocketConnectivitySubchannelTransport.TryConnectAsync(ConnectContext context, Int32 attempt)
   --- End of inner exception stack trace ---
   at Grpc.Net.Client.Balancer.Internal.ConnectionManager.PickAsync(PickContext context, Boolean waitForReady, CancellationToken cancellationToken)
   at Grpc.Net.Client.Balancer.Internal.BalancerHttpHandler.SendAsync(HttpRequestMessage request, CancellationToken cancellationToken)
   at System.Net.Http.HttpMessageInvoker.<SendAsync>g__SendAsyncWithTelemetry|6_0(HttpMessageHandler handler, HttpRequestMessage request, CancellationToken cancellationToken)
   at Grpc.Net.Client.Internal.GrpcCall`2.RunCall(HttpRequestMessage request, Nullable`1 timeout)
   at ShelfsService.src.ShelfsService.Host.Features.Items.UpdateItemCommandHandler.HandleAsync(UpdateItemCommand request, CancellationToken ct) in D:\visualStudio\Projects\OnlineShelf\backend\Microservices\ShelfsService\src\ShelfsService.Host\Features\Items\UpdateItem.cs:line 101
   at FastEndpoints.Endpoint`2.ExecAsync(CancellationToken ct)
   at FastEndpoints.Endpoint`2.ExecAsync(CancellationToken ct)
   at Microsoft.AspNetCore.Http.RequestDelegateFactory.ExecuteResultWriteResponse(IResult result, HttpContext httpContext)
   at Microsoft.AspNetCore.Authorization.AuthorizationMiddleware.Invoke(HttpContext context)
   at Microsoft.AspNetCore.Authentication.AuthenticationMiddleware.Invoke(HttpContext context)
   at Swashbuckle.AspNetCore.SwaggerUI.SwaggerUIMiddleware.Invoke(HttpContext httpContext)
   at Swashbuckle.AspNetCore.Swagger.SwaggerMiddleware.Invoke(HttpContext httpContext, ISwaggerProvider swaggerProvider)
   at Serilog.AspNetCore.RequestLoggingMiddleware.Invoke(HttpContext httpContext)
   at Microsoft.AspNetCore.Diagnostics.DeveloperExceptionPageMiddlewareImpl.Invoke(HttpContext context)
2026-07-05 17:17:35.036 +03:00 [ERR] ShelfsService Serilog.AspNetCore.RequestLoggingMiddleware HTTP PUT /shelfs/items responded 500 in 91082.7425 ms
Grpc.Core.RpcException: Status(StatusCode="Unavailable", Detail="Error connecting to subchannel.", DebugException="System.Net.Sockets.SocketException: No such host is known.")
 ---> System.Net.Sockets.SocketException (11001): No such host is known.
   at System.Net.Sockets.Socket.AwaitableSocketAsyncEventArgs.ThrowException(SocketError error, CancellationToken cancellationToken)
   at System.Net.Sockets.Socket.AwaitableSocketAsyncEventArgs.System.Threading.Tasks.Sources.IValueTaskSource.GetResult(Int16 token)
   at System.Net.Sockets.Socket.<ConnectAsync>g__WaitForConnectWithCancellation|285_0(AwaitableSocketAsyncEventArgs saea, ValueTask connectTask, CancellationToken cancellationToken)
   at Grpc.Net.Client.Balancer.Internal.SocketConnectivitySubchannelTransport.TryConnectAsync(ConnectContext context, Int32 attempt)
   --- End of inner exception stack trace ---
   at Grpc.Net.Client.Balancer.Internal.ConnectionManager.PickAsync(PickContext context, Boolean waitForReady, CancellationToken cancellationToken)
   at Grpc.Net.Client.Balancer.Internal.BalancerHttpHandler.SendAsync(HttpRequestMessage request, CancellationToken cancellationToken)
   at Grpc.Net.Client.Internal.GrpcCall`2.RunCall(HttpRequestMessage request, Nullable`1 timeout)
   at Grpc.Net.Client.Internal.GrpcCall`2.GetResponseHeadersCoreAsync()
   at ShelfsService.src.ShelfsService.Host.Features.Items.UpdateItemCommandHandler.HandleAsync(UpdateItemCommand request, CancellationToken ct) in D:\visualStudio\Projects\OnlineShelf\backend\Microservices\ShelfsService\src\ShelfsService.Host\Features\Items\UpdateItem.cs:line 101
   at FastEndpoints.Endpoint`2.ExecAsync(CancellationToken ct)
   at FastEndpoints.Endpoint`2.ExecAsync(CancellationToken ct)
   at Microsoft.AspNetCore.Http.RequestDelegateFactory.ExecuteResultWriteResponse(IResult result, HttpContext httpContext)
   at Microsoft.AspNetCore.Authorization.AuthorizationMiddleware.Invoke(HttpContext context)
   at Microsoft.AspNetCore.Authentication.AuthenticationMiddleware.Invoke(HttpContext context)
   at Swashbuckle.AspNetCore.SwaggerUI.SwaggerUIMiddleware.Invoke(HttpContext httpContext)
   at Swashbuckle.AspNetCore.Swagger.SwaggerMiddleware.Invoke(HttpContext httpContext, ISwaggerProvider swaggerProvider)
   at Serilog.AspNetCore.RequestLoggingMiddleware.Invoke(HttpContext httpContext)
2026-07-05 17:17:35.051 +03:00 [ERR] ShelfsService Microsoft.AspNetCore.Diagnostics.DeveloperExceptionPageMiddleware An unhandled exception has occurred while executing the request.
Grpc.Core.RpcException: Status(StatusCode="Unavailable", Detail="Error connecting to subchannel.", DebugException="System.Net.Sockets.SocketException: No such host is known.")
 ---> System.Net.Sockets.SocketException (11001): No such host is known.
   at System.Net.Sockets.Socket.AwaitableSocketAsyncEventArgs.ThrowException(SocketError error, CancellationToken cancellationToken)
   at System.Net.Sockets.Socket.AwaitableSocketAsyncEventArgs.System.Threading.Tasks.Sources.IValueTaskSource.GetResult(Int16 token)
   at System.Net.Sockets.Socket.<ConnectAsync>g__WaitForConnectWithCancellation|285_0(AwaitableSocketAsyncEventArgs saea, ValueTask connectTask, CancellationToken cancellationToken)
   at Grpc.Net.Client.Balancer.Internal.SocketConnectivitySubchannelTransport.TryConnectAsync(ConnectContext context, Int32 attempt)
   --- End of inner exception stack trace ---
   at Grpc.Net.Client.Balancer.Internal.ConnectionManager.PickAsync(PickContext context, Boolean waitForReady, CancellationToken cancellationToken)
   at Grpc.Net.Client.Balancer.Internal.BalancerHttpHandler.SendAsync(HttpRequestMessage request, CancellationToken cancellationToken)
   at Grpc.Net.Client.Internal.GrpcCall`2.RunCall(HttpRequestMessage request, Nullable`1 timeout)
   at Grpc.Net.Client.Internal.GrpcCall`2.GetResponseHeadersCoreAsync()
   at ShelfsService.src.ShelfsService.Host.Features.Items.UpdateItemCommandHandler.HandleAsync(UpdateItemCommand request, CancellationToken ct) in D:\visualStudio\Projects\OnlineShelf\backend\Microservices\ShelfsService\src\ShelfsService.Host\Features\Items\UpdateItem.cs:line 101
   at FastEndpoints.Endpoint`2.ExecAsync(CancellationToken ct)
   at FastEndpoints.Endpoint`2.ExecAsync(CancellationToken ct)
   at Microsoft.AspNetCore.Http.RequestDelegateFactory.ExecuteResultWriteResponse(IResult result, HttpContext httpContext)
   at Microsoft.AspNetCore.Authorization.AuthorizationMiddleware.Invoke(HttpContext context)
   at Microsoft.AspNetCore.Authentication.AuthenticationMiddleware.Invoke(HttpContext context)
   at Swashbuckle.AspNetCore.SwaggerUI.SwaggerUIMiddleware.Invoke(HttpContext httpContext)
   at Swashbuckle.AspNetCore.Swagger.SwaggerMiddleware.Invoke(HttpContext httpContext, ISwaggerProvider swaggerProvider)
   at Serilog.AspNetCore.RequestLoggingMiddleware.Invoke(HttpContext httpContext)
   at Microsoft.AspNetCore.Diagnostics.DeveloperExceptionPageMiddlewareImpl.Invoke(HttpContext context)
2026-07-05 17:20:15.965 +03:00 [ERR] ShelfsService Serilog.AspNetCore.RequestLoggingMiddleware HTTP PUT /shelfs/items responded 500 in 51064.0878 ms
Grpc.Core.RpcException: Status(StatusCode="Unavailable", Detail="Error connecting to subchannel.", DebugException="System.Net.Sockets.SocketException: No such host is known.")
 ---> System.Net.Sockets.SocketException (11001): No such host is known.
   at System.Net.Sockets.Socket.AwaitableSocketAsyncEventArgs.ThrowException(SocketError error, CancellationToken cancellationToken)
   at System.Net.Sockets.Socket.AwaitableSocketAsyncEventArgs.System.Threading.Tasks.Sources.IValueTaskSource.GetResult(Int16 token)
   at System.Net.Sockets.Socket.<ConnectAsync>g__WaitForConnectWithCancellation|285_0(AwaitableSocketAsyncEventArgs saea, ValueTask connectTask, CancellationToken cancellationToken)
   at Grpc.Net.Client.Balancer.Internal.SocketConnectivitySubchannelTransport.TryConnectAsync(ConnectContext context, Int32 attempt)
   --- End of inner exception stack trace ---
   at Grpc.Net.Client.Balancer.Internal.ConnectionManager.PickAsync(PickContext context, Boolean waitForReady, CancellationToken cancellationToken)
   at Grpc.Net.Client.Balancer.Internal.BalancerHttpHandler.SendAsync(HttpRequestMessage request, CancellationToken cancellationToken)
   at Grpc.Net.Client.Internal.GrpcCall`2.RunCall(HttpRequestMessage request, Nullable`1 timeout)
   at Grpc.Net.Client.Internal.GrpcCall`2.GetResponseHeadersCoreAsync()
   at ShelfsService.src.ShelfsService.Host.Features.Items.UpdateItemCommandHandler.HandleAsync(UpdateItemCommand request, CancellationToken ct) in D:\visualStudio\Projects\OnlineShelf\backend\Microservices\ShelfsService\src\ShelfsService.Host\Features\Items\UpdateItem.cs:line 101
   at FastEndpoints.Endpoint`2.ExecAsync(CancellationToken ct)
   at FastEndpoints.Endpoint`2.ExecAsync(CancellationToken ct)
   at Microsoft.AspNetCore.Http.RequestDelegateFactory.ExecuteResultWriteResponse(IResult result, HttpContext httpContext)
   at Microsoft.AspNetCore.Authorization.AuthorizationMiddleware.Invoke(HttpContext context)
   at Microsoft.AspNetCore.Authentication.AuthenticationMiddleware.Invoke(HttpContext context)
   at Swashbuckle.AspNetCore.SwaggerUI.SwaggerUIMiddleware.Invoke(HttpContext httpContext)
   at Swashbuckle.AspNetCore.Swagger.SwaggerMiddleware.Invoke(HttpContext httpContext, ISwaggerProvider swaggerProvider)
   at Serilog.AspNetCore.RequestLoggingMiddleware.Invoke(HttpContext httpContext)
2026-07-05 17:20:15.978 +03:00 [ERR] ShelfsService Microsoft.AspNetCore.Diagnostics.DeveloperExceptionPageMiddleware An unhandled exception has occurred while executing the request.
Grpc.Core.RpcException: Status(StatusCode="Unavailable", Detail="Error connecting to subchannel.", DebugException="System.Net.Sockets.SocketException: No such host is known.")
 ---> System.Net.Sockets.SocketException (11001): No such host is known.
   at System.Net.Sockets.Socket.AwaitableSocketAsyncEventArgs.ThrowException(SocketError error, CancellationToken cancellationToken)
   at System.Net.Sockets.Socket.AwaitableSocketAsyncEventArgs.System.Threading.Tasks.Sources.IValueTaskSource.GetResult(Int16 token)
   at System.Net.Sockets.Socket.<ConnectAsync>g__WaitForConnectWithCancellation|285_0(AwaitableSocketAsyncEventArgs saea, ValueTask connectTask, CancellationToken cancellationToken)
   at Grpc.Net.Client.Balancer.Internal.SocketConnectivitySubchannelTransport.TryConnectAsync(ConnectContext context, Int32 attempt)
   --- End of inner exception stack trace ---
   at Grpc.Net.Client.Balancer.Internal.ConnectionManager.PickAsync(PickContext context, Boolean waitForReady, CancellationToken cancellationToken)
   at Grpc.Net.Client.Balancer.Internal.BalancerHttpHandler.SendAsync(HttpRequestMessage request, CancellationToken cancellationToken)
   at Grpc.Net.Client.Internal.GrpcCall`2.RunCall(HttpRequestMessage request, Nullable`1 timeout)
   at Grpc.Net.Client.Internal.GrpcCall`2.GetResponseHeadersCoreAsync()
   at ShelfsService.src.ShelfsService.Host.Features.Items.UpdateItemCommandHandler.HandleAsync(UpdateItemCommand request, CancellationToken ct) in D:\visualStudio\Projects\OnlineShelf\backend\Microservices\ShelfsService\src\ShelfsService.Host\Features\Items\UpdateItem.cs:line 101
   at FastEndpoints.Endpoint`2.ExecAsync(CancellationToken ct)
   at FastEndpoints.Endpoint`2.ExecAsync(CancellationToken ct)
   at Microsoft.AspNetCore.Http.RequestDelegateFactory.ExecuteResultWriteResponse(IResult result, HttpContext httpContext)
   at Microsoft.AspNetCore.Authorization.AuthorizationMiddleware.Invoke(HttpContext context)
   at Microsoft.AspNetCore.Authentication.AuthenticationMiddleware.Invoke(HttpContext context)
   at Swashbuckle.AspNetCore.SwaggerUI.SwaggerUIMiddleware.Invoke(HttpContext httpContext)
   at Swashbuckle.AspNetCore.Swagger.SwaggerMiddleware.Invoke(HttpContext httpContext, ISwaggerProvider swaggerProvider)
   at Serilog.AspNetCore.RequestLoggingMiddleware.Invoke(HttpContext httpContext)
   at Microsoft.AspNetCore.Diagnostics.DeveloperExceptionPageMiddlewareImpl.Invoke(HttpContext context)
2026-07-05 17:20:20.376 +03:00 [ERR] ShelfsService Serilog.AspNetCore.RequestLoggingMiddleware HTTP GET /shelfs/image/get-image/4b1f3cdf-fa97-4744-a677-47c0969b6af8_big.webp responded 500 in 92.2794 ms
Grpc.Core.RpcException: Status(StatusCode="Unavailable", Detail="Error connecting to subchannel.", DebugException="System.Net.Sockets.SocketException: No such host is known.")
 ---> System.Net.Sockets.SocketException (11001): No such host is known.
   at System.Net.Sockets.Socket.AwaitableSocketAsyncEventArgs.ThrowException(SocketError error, CancellationToken cancellationToken)
   at System.Net.Sockets.Socket.AwaitableSocketAsyncEventArgs.System.Threading.Tasks.Sources.IValueTaskSource.GetResult(Int16 token)
   at System.Net.Sockets.Socket.<ConnectAsync>g__WaitForConnectWithCancellation|285_0(AwaitableSocketAsyncEventArgs saea, ValueTask connectTask, CancellationToken cancellationToken)
   at Grpc.Net.Client.Balancer.Internal.SocketConnectivitySubchannelTransport.TryConnectAsync(ConnectContext context, Int32 attempt)
   --- End of inner exception stack trace ---
   at Grpc.Core.AsyncStreamReaderExtensions.ReadAllAsyncCore[T](IAsyncStreamReader`1 streamReader, CancellationToken cancellationToken)+MoveNext()
   at Grpc.Core.AsyncStreamReaderExtensions.ReadAllAsyncCore[T](IAsyncStreamReader`1 streamReader, CancellationToken cancellationToken)+System.Threading.Tasks.Sources.IValueTaskSource<System.Boolean>.GetResult()
   at ShelfsService.src.ShelfsService.Host.Features.Items.GetPhotoByName.ExecuteAsync(GetImageByName req, CancellationToken ct) in D:\visualStudio\Projects\OnlineShelf\backend\Microservices\ShelfsService\src\ShelfsService.Host\Features\Images\GetImageByName.cs:line 50
   at ShelfsService.src.ShelfsService.Host.Features.Items.GetPhotoByName.ExecuteAsync(GetImageByName req, CancellationToken ct) in D:\visualStudio\Projects\OnlineShelf\backend\Microservices\ShelfsService\src\ShelfsService.Host\Features\Images\GetImageByName.cs:line 50
   at FastEndpoints.Endpoint`2.ExecAsync(CancellationToken ct)
   at FastEndpoints.Endpoint`2.ExecAsync(CancellationToken ct)
   at Microsoft.AspNetCore.Http.RequestDelegateFactory.ExecuteResultWriteResponse(IResult result, HttpContext httpContext)
   at Microsoft.AspNetCore.Authorization.AuthorizationMiddleware.Invoke(HttpContext context)
   at Microsoft.AspNetCore.Authentication.AuthenticationMiddleware.Invoke(HttpContext context)
   at Swashbuckle.AspNetCore.SwaggerUI.SwaggerUIMiddleware.Invoke(HttpContext httpContext)
   at Swashbuckle.AspNetCore.Swagger.SwaggerMiddleware.Invoke(HttpContext httpContext, ISwaggerProvider swaggerProvider)
   at Serilog.AspNetCore.RequestLoggingMiddleware.Invoke(HttpContext httpContext)
2026-07-05 17:20:20.379 +03:00 [ERR] ShelfsService Microsoft.AspNetCore.Diagnostics.DeveloperExceptionPageMiddleware An unhandled exception has occurred while executing the request.
Grpc.Core.RpcException: Status(StatusCode="Unavailable", Detail="Error connecting to subchannel.", DebugException="System.Net.Sockets.SocketException: No such host is known.")
 ---> System.Net.Sockets.SocketException (11001): No such host is known.
   at System.Net.Sockets.Socket.AwaitableSocketAsyncEventArgs.ThrowException(SocketError error, CancellationToken cancellationToken)
   at System.Net.Sockets.Socket.AwaitableSocketAsyncEventArgs.System.Threading.Tasks.Sources.IValueTaskSource.GetResult(Int16 token)
   at System.Net.Sockets.Socket.<ConnectAsync>g__WaitForConnectWithCancellation|285_0(AwaitableSocketAsyncEventArgs saea, ValueTask connectTask, CancellationToken cancellationToken)
   at Grpc.Net.Client.Balancer.Internal.SocketConnectivitySubchannelTransport.TryConnectAsync(ConnectContext context, Int32 attempt)
   --- End of inner exception stack trace ---
   at Grpc.Core.AsyncStreamReaderExtensions.ReadAllAsyncCore[T](IAsyncStreamReader`1 streamReader, CancellationToken cancellationToken)+MoveNext()
   at Grpc.Core.AsyncStreamReaderExtensions.ReadAllAsyncCore[T](IAsyncStreamReader`1 streamReader, CancellationToken cancellationToken)+System.Threading.Tasks.Sources.IValueTaskSource<System.Boolean>.GetResult()
   at ShelfsService.src.ShelfsService.Host.Features.Items.GetPhotoByName.ExecuteAsync(GetImageByName req, CancellationToken ct) in D:\visualStudio\Projects\OnlineShelf\backend\Microservices\ShelfsService\src\ShelfsService.Host\Features\Images\GetImageByName.cs:line 50
   at ShelfsService.src.ShelfsService.Host.Features.Items.GetPhotoByName.ExecuteAsync(GetImageByName req, CancellationToken ct) in D:\visualStudio\Projects\OnlineShelf\backend\Microservices\ShelfsService\src\ShelfsService.Host\Features\Images\GetImageByName.cs:line 50
   at FastEndpoints.Endpoint`2.ExecAsync(CancellationToken ct)
   at FastEndpoints.Endpoint`2.ExecAsync(CancellationToken ct)
   at Microsoft.AspNetCore.Http.RequestDelegateFactory.ExecuteResultWriteResponse(IResult result, HttpContext httpContext)
   at Microsoft.AspNetCore.Authorization.AuthorizationMiddleware.Invoke(HttpContext context)
   at Microsoft.AspNetCore.Authentication.AuthenticationMiddleware.Invoke(HttpContext context)
   at Swashbuckle.AspNetCore.SwaggerUI.SwaggerUIMiddleware.Invoke(HttpContext httpContext)
   at Swashbuckle.AspNetCore.Swagger.SwaggerMiddleware.Invoke(HttpContext httpContext, ISwaggerProvider swaggerProvider)
   at Serilog.AspNetCore.RequestLoggingMiddleware.Invoke(HttpContext httpContext)
   at Microsoft.AspNetCore.Diagnostics.DeveloperExceptionPageMiddlewareImpl.Invoke(HttpContext context)
2026-07-05 17:20:23.840 +03:00 [ERR] ShelfsService Serilog.AspNetCore.RequestLoggingMiddleware HTTP GET /shelfs/image/get-image/4b1f3cdf-fa97-4744-a677-47c0969b6af8_big.webp responded 500 in 2445.4719 ms
Grpc.Core.RpcException: Status(StatusCode="Unavailable", Detail="Error connecting to subchannel.", DebugException="System.Net.Sockets.SocketException: No such host is known.")
 ---> System.Net.Sockets.SocketException (11001): No such host is known.
   at System.Net.Sockets.Socket.AwaitableSocketAsyncEventArgs.ThrowException(SocketError error, CancellationToken cancellationToken)
   at System.Net.Sockets.Socket.AwaitableSocketAsyncEventArgs.System.Threading.Tasks.Sources.IValueTaskSource.GetResult(Int16 token)
   at System.Net.Sockets.Socket.<ConnectAsync>g__WaitForConnectWithCancellation|285_0(AwaitableSocketAsyncEventArgs saea, ValueTask connectTask, CancellationToken cancellationToken)
   at Grpc.Net.Client.Balancer.Internal.SocketConnectivitySubchannelTransport.TryConnectAsync(ConnectContext context, Int32 attempt)
   --- End of inner exception stack trace ---
   at Grpc.Net.Client.Internal.HttpContentClientStreamReader`2.MoveNextCore(CancellationToken cancellationToken)
   at Grpc.Core.AsyncStreamReaderExtensions.ReadAllAsyncCore[T](IAsyncStreamReader`1 streamReader, CancellationToken cancellationToken)+MoveNext()
   at Grpc.Core.AsyncStreamReaderExtensions.ReadAllAsyncCore[T](IAsyncStreamReader`1 streamReader, CancellationToken cancellationToken)+System.Threading.Tasks.Sources.IValueTaskSource<System.Boolean>.GetResult()
   at ShelfsService.src.ShelfsService.Host.Features.Items.GetPhotoByName.ExecuteAsync(GetImageByName req, CancellationToken ct) in D:\visualStudio\Projects\OnlineShelf\backend\Microservices\ShelfsService\src\ShelfsService.Host\Features\Images\GetImageByName.cs:line 50
   at ShelfsService.src.ShelfsService.Host.Features.Items.GetPhotoByName.ExecuteAsync(GetImageByName req, CancellationToken ct) in D:\visualStudio\Projects\OnlineShelf\backend\Microservices\ShelfsService\src\ShelfsService.Host\Features\Images\GetImageByName.cs:line 50
   at FastEndpoints.Endpoint`2.ExecAsync(CancellationToken ct)
   at FastEndpoints.Endpoint`2.ExecAsync(CancellationToken ct)
   at Microsoft.AspNetCore.Http.RequestDelegateFactory.ExecuteResultWriteResponse(IResult result, HttpContext httpContext)
   at Microsoft.AspNetCore.Authorization.AuthorizationMiddleware.Invoke(HttpContext context)
   at Microsoft.AspNetCore.Authentication.AuthenticationMiddleware.Invoke(HttpContext context)
   at Swashbuckle.AspNetCore.SwaggerUI.SwaggerUIMiddleware.Invoke(HttpContext httpContext)
   at Swashbuckle.AspNetCore.Swagger.SwaggerMiddleware.Invoke(HttpContext httpContext, ISwaggerProvider swaggerProvider)
   at Serilog.AspNetCore.RequestLoggingMiddleware.Invoke(HttpContext httpContext)
2026-07-05 17:20:23.844 +03:00 [ERR] ShelfsService Microsoft.AspNetCore.Diagnostics.DeveloperExceptionPageMiddleware An unhandled exception has occurred while executing the request.
Grpc.Core.RpcException: Status(StatusCode="Unavailable", Detail="Error connecting to subchannel.", DebugException="System.Net.Sockets.SocketException: No such host is known.")
 ---> System.Net.Sockets.SocketException (11001): No such host is known.
   at System.Net.Sockets.Socket.AwaitableSocketAsyncEventArgs.ThrowException(SocketError error, CancellationToken cancellationToken)
   at System.Net.Sockets.Socket.AwaitableSocketAsyncEventArgs.System.Threading.Tasks.Sources.IValueTaskSource.GetResult(Int16 token)
   at System.Net.Sockets.Socket.<ConnectAsync>g__WaitForConnectWithCancellation|285_0(AwaitableSocketAsyncEventArgs saea, ValueTask connectTask, CancellationToken cancellationToken)
   at Grpc.Net.Client.Balancer.Internal.SocketConnectivitySubchannelTransport.TryConnectAsync(ConnectContext context, Int32 attempt)
   --- End of inner exception stack trace ---
   at Grpc.Net.Client.Internal.HttpContentClientStreamReader`2.MoveNextCore(CancellationToken cancellationToken)
   at Grpc.Core.AsyncStreamReaderExtensions.ReadAllAsyncCore[T](IAsyncStreamReader`1 streamReader, CancellationToken cancellationToken)+MoveNext()
   at Grpc.Core.AsyncStreamReaderExtensions.ReadAllAsyncCore[T](IAsyncStreamReader`1 streamReader, CancellationToken cancellationToken)+System.Threading.Tasks.Sources.IValueTaskSource<System.Boolean>.GetResult()
   at ShelfsService.src.ShelfsService.Host.Features.Items.GetPhotoByName.ExecuteAsync(GetImageByName req, CancellationToken ct) in D:\visualStudio\Projects\OnlineShelf\backend\Microservices\ShelfsService\src\ShelfsService.Host\Features\Images\GetImageByName.cs:line 50
   at ShelfsService.src.ShelfsService.Host.Features.Items.GetPhotoByName.ExecuteAsync(GetImageByName req, CancellationToken ct) in D:\visualStudio\Projects\OnlineShelf\backend\Microservices\ShelfsService\src\ShelfsService.Host\Features\Images\GetImageByName.cs:line 50
   at FastEndpoints.Endpoint`2.ExecAsync(CancellationToken ct)
   at FastEndpoints.Endpoint`2.ExecAsync(CancellationToken ct)
   at Microsoft.AspNetCore.Http.RequestDelegateFactory.ExecuteResultWriteResponse(IResult result, HttpContext httpContext)
   at Microsoft.AspNetCore.Authorization.AuthorizationMiddleware.Invoke(HttpContext context)
   at Microsoft.AspNetCore.Authentication.AuthenticationMiddleware.Invoke(HttpContext context)
   at Swashbuckle.AspNetCore.SwaggerUI.SwaggerUIMiddleware.Invoke(HttpContext httpContext)
   at Swashbuckle.AspNetCore.Swagger.SwaggerMiddleware.Invoke(HttpContext httpContext, ISwaggerProvider swaggerProvider)
   at Serilog.AspNetCore.RequestLoggingMiddleware.Invoke(HttpContext httpContext)
   at Microsoft.AspNetCore.Diagnostics.DeveloperExceptionPageMiddlewareImpl.Invoke(HttpContext context)
2026-07-05 17:20:25.922 +03:00 [ERR] ShelfsService Serilog.AspNetCore.RequestLoggingMiddleware HTTP GET /shelfs/image/get-image/4b1f3cdf-fa97-4744-a677-47c0969b6af8_big.webp responded 500 in 51.2259 ms
Grpc.Core.RpcException: Status(StatusCode="Unavailable", Detail="Error connecting to subchannel.", DebugException="System.Net.Sockets.SocketException: No such host is known.")
 ---> System.Net.Sockets.SocketException (11001): No such host is known.
   at System.Net.Sockets.Socket.AwaitableSocketAsyncEventArgs.ThrowException(SocketError error, CancellationToken cancellationToken)
   at System.Net.Sockets.Socket.AwaitableSocketAsyncEventArgs.System.Threading.Tasks.Sources.IValueTaskSource.GetResult(Int16 token)
   at System.Net.Sockets.Socket.<ConnectAsync>g__WaitForConnectWithCancellation|285_0(AwaitableSocketAsyncEventArgs saea, ValueTask connectTask, CancellationToken cancellationToken)
   at Grpc.Net.Client.Balancer.Internal.SocketConnectivitySubchannelTransport.TryConnectAsync(ConnectContext context, Int32 attempt)
   --- End of inner exception stack trace ---
   at Grpc.Core.AsyncStreamReaderExtensions.ReadAllAsyncCore[T](IAsyncStreamReader`1 streamReader, CancellationToken cancellationToken)+MoveNext()
   at Grpc.Core.AsyncStreamReaderExtensions.ReadAllAsyncCore[T](IAsyncStreamReader`1 streamReader, CancellationToken cancellationToken)+System.Threading.Tasks.Sources.IValueTaskSource<System.Boolean>.GetResult()
   at ShelfsService.src.ShelfsService.Host.Features.Items.GetPhotoByName.ExecuteAsync(GetImageByName req, CancellationToken ct) in D:\visualStudio\Projects\OnlineShelf\backend\Microservices\ShelfsService\src\ShelfsService.Host\Features\Images\GetImageByName.cs:line 50
   at ShelfsService.src.ShelfsService.Host.Features.Items.GetPhotoByName.ExecuteAsync(GetImageByName req, CancellationToken ct) in D:\visualStudio\Projects\OnlineShelf\backend\Microservices\ShelfsService\src\ShelfsService.Host\Features\Images\GetImageByName.cs:line 50
   at FastEndpoints.Endpoint`2.ExecAsync(CancellationToken ct)
   at FastEndpoints.Endpoint`2.ExecAsync(CancellationToken ct)
   at Microsoft.AspNetCore.Http.RequestDelegateFactory.ExecuteResultWriteResponse(IResult result, HttpContext httpContext)
   at Microsoft.AspNetCore.Authorization.AuthorizationMiddleware.Invoke(HttpContext context)
   at Microsoft.AspNetCore.Authentication.AuthenticationMiddleware.Invoke(HttpContext context)
   at Swashbuckle.AspNetCore.SwaggerUI.SwaggerUIMiddleware.Invoke(HttpContext httpContext)
   at Swashbuckle.AspNetCore.Swagger.SwaggerMiddleware.Invoke(HttpContext httpContext, ISwaggerProvider swaggerProvider)
   at Serilog.AspNetCore.RequestLoggingMiddleware.Invoke(HttpContext httpContext)
2026-07-05 17:20:25.926 +03:00 [ERR] ShelfsService Microsoft.AspNetCore.Diagnostics.DeveloperExceptionPageMiddleware An unhandled exception has occurred while executing the request.
Grpc.Core.RpcException: Status(StatusCode="Unavailable", Detail="Error connecting to subchannel.", DebugException="System.Net.Sockets.SocketException: No such host is known.")
 ---> System.Net.Sockets.SocketException (11001): No such host is known.
   at System.Net.Sockets.Socket.AwaitableSocketAsyncEventArgs.ThrowException(SocketError error, CancellationToken cancellationToken)
   at System.Net.Sockets.Socket.AwaitableSocketAsyncEventArgs.System.Threading.Tasks.Sources.IValueTaskSource.GetResult(Int16 token)
   at System.Net.Sockets.Socket.<ConnectAsync>g__WaitForConnectWithCancellation|285_0(AwaitableSocketAsyncEventArgs saea, ValueTask connectTask, CancellationToken cancellationToken)
   at Grpc.Net.Client.Balancer.Internal.SocketConnectivitySubchannelTransport.TryConnectAsync(ConnectContext context, Int32 attempt)
   --- End of inner exception stack trace ---
   at Grpc.Core.AsyncStreamReaderExtensions.ReadAllAsyncCore[T](IAsyncStreamReader`1 streamReader, CancellationToken cancellationToken)+MoveNext()
   at Grpc.Core.AsyncStreamReaderExtensions.ReadAllAsyncCore[T](IAsyncStreamReader`1 streamReader, CancellationToken cancellationToken)+System.Threading.Tasks.Sources.IValueTaskSource<System.Boolean>.GetResult()
   at ShelfsService.src.ShelfsService.Host.Features.Items.GetPhotoByName.ExecuteAsync(GetImageByName req, CancellationToken ct) in D:\visualStudio\Projects\OnlineShelf\backend\Microservices\ShelfsService\src\ShelfsService.Host\Features\Images\GetImageByName.cs:line 50
   at ShelfsService.src.ShelfsService.Host.Features.Items.GetPhotoByName.ExecuteAsync(GetImageByName req, CancellationToken ct) in D:\visualStudio\Projects\OnlineShelf\backend\Microservices\ShelfsService\src\ShelfsService.Host\Features\Images\GetImageByName.cs:line 50
   at FastEndpoints.Endpoint`2.ExecAsync(CancellationToken ct)
   at FastEndpoints.Endpoint`2.ExecAsync(CancellationToken ct)
   at Microsoft.AspNetCore.Http.RequestDelegateFactory.ExecuteResultWriteResponse(IResult result, HttpContext httpContext)
   at Microsoft.AspNetCore.Authorization.AuthorizationMiddleware.Invoke(HttpContext context)
   at Microsoft.AspNetCore.Authentication.AuthenticationMiddleware.Invoke(HttpContext context)
   at Swashbuckle.AspNetCore.SwaggerUI.SwaggerUIMiddleware.Invoke(HttpContext httpContext)
   at Swashbuckle.AspNetCore.Swagger.SwaggerMiddleware.Invoke(HttpContext httpContext, ISwaggerProvider swaggerProvider)
   at Serilog.AspNetCore.RequestLoggingMiddleware.Invoke(HttpContext httpContext)
   at Microsoft.AspNetCore.Diagnostics.DeveloperExceptionPageMiddlewareImpl.Invoke(HttpContext context)
